mav_pos_x,mav_pos_y,mav_pos_z,mav_vel_x,mav_vel_y,mav_vel_z,mav_yaw,mav_pitch,mav_roll,delta_x,delta_y,delta_z,init_pos_x,init_pos_y,init_pos_z,control_x,control_y,control_z,index_image,timestamp,encoding_1,encoding_2,encoding_3,encoding_4,encoding_5,encoding_6,encoding_7,encoding_8,encoding_9,encoding_10,encoding_11,encoding_12,encoding_13,encoding_14,encoding_15,encoding_16,encoding_17,encoding_18,encoding_19,encoding_20,encoding_21,encoding_22,encoding_23,encoding_24,encoding_25,encoding_26,encoding_27,encoding_28,encoding_29,encoding_30,encoding_31,encoding_32
0.8167141675949097,0.7391799688339233,1.3436768054962158,-0.2704710226875517,-0.02488249106603118,-0.031179448376258877,0.0032915553435805354,-0.08013170911661316,-0.026593900669000668,0.9312434554100036,0.040970790386199996,-0.054790163040161044,0.8393162488937378,0.7411493062973022,1.346082329750061,-0.22951083,-0.008635081,0.023967594,2.0,1740111838.588406,-0.01714736595749855,0.014621112495660782,0.17658910155296326,0.25770628452301025,-0.15014779567718506,0.06421887874603271,0.1401965171098709,0.3551831543445587,0.1076633557677269,0.0806741714477539,0.11572641134262085,0.35317736864089966,0.198752760887146,0.02354292944073677,0.15142011642456055,0.0927419662475586,0.12588687241077423,0.11050574481487274,-0.13509096205234528,0.2307426929473877,0.06985397636890411,-0.21166165173053741,-0.19188164174556732,0.0610380619764328,-0.0029129497706890106,-0.1368422508239746,0.19608978927135468,0.01651991531252861,0.07472929358482361,0.3856358528137207,-0.17582987248897552,-0.2612328827381134
0.8074851632118225,0.7383862137794495,1.3427727222442627,-0.2704710226875517,-0.02488249106603118,-0.031179448376258877,0.003711880244893828,-0.0754730532794814,-0.026651690671299834,0.9167141675949096,0.039179968833923384,-0.05632319450378409,0.8393162488937378,0.7411493062973022,1.346082329750061,-0.22951083,-0.008635081,0.023967594,3.0,1740111838.6361866,-0.01714736595749855,0.014621112495660782,0.17658910155296326,0.25770628452301025,-0.15014779567718506,0.06421887874603271,0.1401965171098709,0.3551831543445587,0.1076633557677269,0.0806741714477539,0.11572641134262085,0.35317736864089966,0.198752760887146,0.02354292944073677,0.15142011642456055,0.0927419662475586,0.12588687241077423,0.11050574481487274,-0.13509096205234528,0.2307426929473877,0.06985397636890411,-0.21166165173053741,-0.19188164174556732,0.0610380619764328,-0.0029129497706890106,-0.1368422508239746,0.19608978927135468,0.01651991531252861,0.07472929358482361,0.3856358528137207,-0.17582987248897552,-0.2612328827381134
0.8027443885803223,0.7379377484321594,1.3423157930374146,-0.2704710226875517,-0.02488249106603118,-0.031179448376258877,0.003234497299820923,-0.07782738439235411,-0.02997905473259457,0.9027443885803222,0.03793774843215947,-0.05768420696258536,0.8393162488937378,0.7411493062973022,1.346082329750061,-0.23877232,-0.008338027,0.028058164,4.0,1740111838.668921,-0.015169885009527206,0.015714015811681747,0.1733904927968979,0.2492276132106781,-0.1439516842365265,0.060565732419490814,0.13500267267227173,0.34584537148475647,0.10901190340518951,0.0781104564666748,0.11266137659549713,0.3440910577774048,0.19452789425849915,0.022623838856816292,0.14936992526054382,0.09107672423124313,0.12495584785938263,0.10629206895828247,-0.13124299049377441,0.2226327359676361,0.06665264815092087,-0.2074591964483261,-0.18819403648376465,0.05802959203720093,0.0017218217253684998,-0.13214005529880524,0.19356054067611694,0.01705041527748108,0.07272741943597794,0.37598463892936707,-0.17209702730178833,-0.25123074650764465
0.8027443885803223,0.7379377484321594,1.3423157930374146,-0.2704710226875517,-0.02488249106603118,-0.031179448376258877,0.003234497299820923,-0.07782738439235411,-0.02997905473259457,0.9027443885803222,0.03793774843215947,-0.05768420696258536,0.8393162488937378,0.7411493062973022,1.346082329750061,-0.21522678,-0.012054846,0.041446555,5.0,1740111838.7051215,-0.01668001152575016,0.01702544279396534,0.17399141192436218,0.2506738007068634,-0.14118751883506775,0.057851679623126984,0.1348472535610199,0.34505030512809753,0.10954299569129944,0.07971882820129395,0.11757832765579224,0.3450641930103302,0.19703520834445953,0.020493168383836746,0.14955143630504608,0.08961101621389389,0.12471474707126617,0.10732896625995636,-0.13169534504413605,0.22461730241775513,0.06416942179203033,-0.21164613962173462,-0.19055606424808502,0.05949854850769043,-0.0004228539764881134,-0.13140755891799927,0.19740739464759827,0.014599660411477089,0.07108530402183533,0.37601664662361145,-0.16939547657966614,-0.24935276806354523
0.8027443885803223,0.7379377484321594,1.3423157930374146,-0.2704710226875517,-0.02488249106603118,-0.031179448376258877,0.003234497299820923,-0.07782738439235411,-0.02997905473259457,0.9027443885803222,0.03793774843215947,-0.05768420696258536,0.8393162488937378,0.7411493062973022,1.346082329750061,-0.20837945,-0.011207983,0.040678233,6.0,1740111838.737137,-0.01931726187467575,0.016100209206342697,0.17052604258060455,0.25237131118774414,-0.14276863634586334,0.057045936584472656,0.13579705357551575,0.34456557035446167,0.10645011812448502,0.07940220832824707,0.11664487421512604,0.3449534475803375,0.19752711057662964,0.01776225119829178,0.14664559066295624,0.08801385760307312,0.12432283163070679,0.10949148237705231,-0.1338651031255722,0.22552922368049622,0.06191789731383324,-0.21034754812717438,-0.19076520204544067,0.061583012342453,-0.002573251724243164,-0.13202627003192902,0.1970207840204239,0.011294897645711899,0.07100997865200043,0.37286293506622314,-0.1674613207578659,-0.2509767711162567
0.7618059515953064,0.7356119751930237,1.3402045965194702,-0.279482820329277,-0.018583472520480395,-0.018531111641347863,-0.0038414441562060623,-0.2056353786683495,-0.12065720637383902,0.9027443885803222,0.03793774843215947,-0.05768420696258536,0.8393162488937378,0.7411493062973022,1.346082329750061,-0.21366748,-0.00969433,0.03125477,7.0,1740111838.7887042,-0.016237281262874603,0.01749803125858307,0.1676570624113083,0.24136021733283997,-0.13542334735393524,0.053282104432582855,0.12999281287193298,0.3337987959384918,0.10735161602497101,0.07779082655906677,0.11399556696414948,0.33467555046081543,0.19189848005771637,0.018545636907219887,0.14509804546833038,0.08532736450433731,0.1229059249162674,0.1040448546409607,-0.12706580758094788,0.21552768349647522,0.059364043176174164,-0.20686790347099304,-0.1854485422372818,0.058422669768333435,0.0014464855194091797,-0.12664034962654114,0.1933310627937317,0.01276027038693428,0.06748297065496445,0.3623356819152832,-0.16265647113323212,-0.2383788377046585
0.7333033680915833,0.7334357500076294,1.3412327766418457,-0.27629947051247394,-0.02002273775261961,0.007410639042152296,0.12442410244176462,0.5482850057662856,0.42192848175858505,0.8618059515953064,0.035611975193023726,-0.059795403480529696,0.8393162488937378,0.7411493062973022,1.346082329750061,-0.21620016,-0.012175944,0.047578804,8.0,1740111838.9116313,-0.017864558845758438,0.017557930201292038,0.16522452235221863,0.2417605221271515,-0.13489006459712982,0.050056301057338715,0.13057449460029602,0.3302183151245117,0.1052398681640625,0.07815366983413696,0.115224689245224,0.3330252468585968,0.19238634407520294,0.015502138994634151,0.14285075664520264,0.08284516632556915,0.12092048674821854,0.1043848842382431,-0.12671072781085968,0.21616867184638977,0.055672936141490936,-0.20733773708343506,-0.18484273552894592,0.05877014249563217,-0.0010512210428714752,-0.1256190687417984,0.19551384449005127,0.010896818712353706,0.06638124585151672,0.35877493023872375,-0.15765607357025146,-0.23657037317752838
0.7117220759391785,0.731287956237793,1.3398540019989014,-0.27629947051247394,-0.02002273775261961,0.007410639042152296,0.039327648385495496,0.03099373650430078,0.02693186342407015,0.8333033680915832,0.03343575000762944,-0.05876722335815421,0.8393162488937378,0.7411493062973022,1.346082329750061,-0.17398278,-0.012153212,0.039334245,9.0,1740111838.9757593,-0.011180507019162178,0.021185729652643204,0.17757801711559296,0.24850594997406006,-0.13399460911750793,0.046451136469841,0.13137273490428925,0.33947911858558655,0.11935584247112274,0.08408237993717194,0.12615562975406647,0.34760546684265137,0.19988058507442474,0.01389380730688572,0.15672393143177032,0.08552106469869614,0.12914755940437317,0.10480238497257233,-0.1270260214805603,0.2219853401184082,0.05265437439084053,-0.2250080704689026,-0.19253455102443695,0.0608237162232399,0.0034528933465480804,-0.1267547607421875,0.20844854414463043,0.010131420567631721,0.06211744248867035,0.3720778822898865,-0.16381902992725372,-0.23243872821331024
0.6947512030601501,0.7210165858268738,1.3412882089614868,-0.3372245168394184,-0.12263305535760675,-0.001486006277691316,2.0868413870066256,-0.11218447193183033,-3.1051979151656637,0.8117220759391784,0.03128795623779301,-0.060145998001098544,0.8393162488937378,0.7411493062973022,1.346082329750061,-0.19852827,-0.007217981,0.04395494,10.0,1740111839.0089579,-0.012511285953223705,0.021221783012151718,0.18832582235336304,0.26147860288619995,-0.14042866230010986,0.047645121812820435,0.13858625292778015,0.3530879020690918,0.12225176393985748,0.0897546261548996,0.13723766803741455,0.3630562722682953,0.2077157348394394,0.01338544487953186,0.16556832194328308,0.08702340722084045,0.13166628777980804,0.10986316204071045,-0.13108402490615845,0.23349183797836304,0.05371876433491707,-0.23958514630794525,-0.19980943202972412,0.06536564230918884,-0.001070849597454071,-0.13190911710262299,0.21867156028747559,0.007591467350721359,0.06065211072564125,0.38956090807914734,-0.1686742901802063,-0.2404399961233139
0.6805630922317505,0.7204973697662354,1.3411431312561035,-0.3372245168394184,-0.12263305535760675,-0.001486006277691316,2.086209570296737,-0.11161387720238396,-3.1089502884488156,0.7947512030601501,0.021016585826873824,-0.058711791038513095,0.8393162488937378,0.7411493062973022,1.346082329750061,-0.23920639,-0.00088091195,0.03822124,11.0,1740111839.0681646,-0.009951511397957802,0.021528398618102074,0.18796738982200623,0.2584776282310486,-0.13973815739154816,0.0450291782617569,0.13660213351249695,0.3510934114456177,0.12514729797840118,0.08902768790721893,0.13740958273410797,0.3620568811893463,0.20696252584457397,0.011659698560833931,0.1683138906955719,0.08590149879455566,0.13460764288902283,0.10956640541553497,-0.13060800731182098,0.22955399751663208,0.04982379078865051,-0.2409791499376297,-0.19904038310050964,0.06617847084999084,0.001969721168279648,-0.13105817139148712,0.21926374733448029,0.0056774429976940155,0.05731922760605812,0.38630029559135437,-0.16874732077121735,-0.23346661031246185
0.6784347295761108,0.7243854999542236,1.3411109447479248,-0.3372245168394184,-0.12263305535760675,-0.001486006277691316,0.0611166032699667,-0.305906884324333,-0.2155740032248878,0.7805630922317505,0.020497369766235396,-0.058856868743896396,0.8393162488937378,0.7411493062973022,1.346082329750061,-0.25502622,0.0037476942,0.02151981,12.0,1740111839.0994382,-0.006204916164278984,0.021824941039085388,0.19128303229808807,0.26109805703163147,-0.14089471101760864,0.04517016559839249,0.13711711764335632,0.35584592819213867,0.1303568184375763,0.09123679995536804,0.13825730979442596,0.36783209443092346,0.20901185274124146,0.011744349263608456,0.1742415577173233,0.08732930570840836,0.1399737000465393,0.11100728809833527,-0.1326686441898346,0.23120665550231934,0.04838351532816887,-0.2453552633523941,-0.2013024240732193,0.06768011301755905,0.004852373152971268,-0.13296107947826385,0.2227993905544281,0.00508483313024044,0.055825650691986084,0.3903096616268158,-0.17387022078037262,-0.23279403150081635
0.6628453135490417,0.7230005264282227,1.342132806777954,-0.2550145766812764,0.0242478630783571,0.0015429466711619697,0.044973703544844444,0.048099604225186755,0.0019286496685451304,0.7784347295761108,0.024385499954223677,-0.058889055252075106,0.8393162488937378,0.7411493062973022,1.346082329750061,-0.25502622,0.0037476942,0.02151981,13.0,1740111839.1366298,-0.006204916164278984,0.021824941039085388,0.19128303229808807,0.26109805703163147,-0.14089471101760864,0.04517016559839249,0.13711711764335632,0.35584592819213867,0.1303568184375763,0.09123679995536804,0.13825730979442596,0.36783209443092346,0.20901185274124146,0.011744349263608456,0.1742415577173233,0.08732930570840836,0.1399737000465393,0.11100728809833527,-0.1326686441898346,0.23120665550231934,0.04838351532816887,-0.2453552633523941,-0.2013024240732193,0.06768011301755905,0.004852373152971268,-0.13296107947826385,0.2227993905544281,0.00508483313024044,0.055825650691986084,0.3903096616268158,-0.17387022078037262,-0.23279403150081635
0.6531433463096619,0.7228581309318542,1.3424968719482422,-0.2550145766812764,0.0242478630783571,0.0015429466711619697,0.04405004699223834,0.04832847156071308,-0.0008109196906172803,0.7580743789672851,0.022855925559997603,-0.057829999923705966,0.8393162488937378,0.7411493062973022,1.346082329750061,-0.25502622,0.0037476942,0.02151981,14.0,1740111839.1607976,-0.006204916164278984,0.021824941039085388,0.19128303229808807,0.26109805703163147,-0.14089471101760864,0.04517016559839249,0.13711711764335632,0.35584592819213867,0.1303568184375763,0.09123679995536804,0.13825730979442596,0.36783209443092346,0.20901185274124146,0.011744349263608456,0.1742415577173233,0.08732930570840836,0.1399737000465393,0.11100728809833527,-0.1326686441898346,0.23120665550231934,0.04838351532816887,-0.2453552633523941,-0.2013024240732193,0.06768011301755905,0.004852373152971268,-0.13296107947826385,0.2227993905544281,0.00508483313024044,0.055825650691986084,0.3903096616268158,-0.17387022078037262,-0.23279403150081635
0.6438157558441162,0.7226377129554749,1.3427319526672363,-0.2550145766812764,0.0242478630783571,0.0015429466711619697,0.04948986604575541,0.04400215220664079,0.008994592301121672,0.7502628326416015,0.030374693870544478,-0.0611468791961669,0.8393162488937378,0.7411493062973022,1.346082329750061,-0.21919489,-0.004203543,0.05148604,15.0,1740111839.2035308,-0.0066544059664011,0.022644883021712303,0.19020511209964752,0.2603825330734253,-0.1385793536901474,0.04322338104248047,0.1356029212474823,0.35366952419281006,0.1303129494190216,0.09177115559577942,0.1389121115207672,0.3656309247016907,0.20847809314727783,0.011581109836697578,0.17316317558288574,0.08620883524417877,0.13885842263698578,0.10933627188205719,-0.13166405260562897,0.23005542159080505,0.04759696125984192,-0.2458934783935547,-0.20054155588150024,0.06767003238201141,0.0042998455464839935,-0.13144589960575104,0.2232542783021927,0.004287092015147209,0.054781436920166016,0.3873998820781708,-0.17102521657943726,-0.23089706897735596
0.6341554522514343,0.7224106192588806,1.3430050611495972,-0.31661302092835364,-0.015235281086293623,0.015809203610553657,0.049968390502361765,0.04537546738768386,0.009241218131949452,0.7438157558441162,0.022637712955474898,-0.05726804733276358,0.8393162488937378,0.7411493062973022,1.346082329750061,-0.21982603,-0.001647681,0.042108275,16.0,1740111839.2371955,-0.006609635427594185,0.023728184401988983,0.19170750677585602,0.26271960139274597,-0.13695544004440308,0.04096765071153641,0.13515910506248474,0.35462185740470886,0.1318293958902359,0.09448978304862976,0.14244258403778076,0.36793071031570435,0.21004803478717804,0.010375592857599258,0.17464515566825867,0.085649773478508,0.13963624835014343,0.10987251996994019,-0.13214941322803497,0.23247098922729492,0.04652975872159004,-0.2507130205631256,-0.20266613364219666,0.06966537982225418,0.002931267023086548,-0.13110573589801788,0.227214515209198,0.0017188489437103271,0.05324737727642059,0.38822415471076965,-0.17024874687194824,-0.22977985441684723
0.6222193837165833,0.728620707988739,1.341349482536316,-0.31661302092835364,-0.015235281086293623,0.015809203610553657,0.05845953644462555,0.4078406011888631,0.2975485531521897,0.7317960023880005,0.02888123989105229,-0.05984809398651114,0.8393162488937378,0.7411493062973022,1.346082329750061,-0.21649973,-0.002675116,0.04787773,17.0,1740111839.273963,-0.009967701509594917,0.02361389994621277,0.18838059902191162,0.26065707206726074,-0.13375882804393768,0.037344180047512054,0.1350085586309433,0.34836870431900024,0.12862128019332886,0.09432044625282288,0.1436305195093155,0.36286479234695435,0.20841652154922485,0.006986793130636215,0.17077499628067017,0.08214735239744186,0.1360478699207306,0.10954609513282776,-0.130569726228714,0.23048657178878784,0.04221094027161598,-0.250052809715271,-0.20043861865997314,0.07057711482048035,0.001081995666027069,-0.12834839522838593,0.2272605001926422,-0.0023500844836235046,0.05043374374508858,0.38140106201171875,-0.16363364458084106,-0.22514767944812775
0.6222193837165833,0.728620707988739,1.341349482536316,-0.31661302092835364,-0.015235281086293623,0.015809203610553657,0.05845953644462555,0.4078406011888631,0.2975485531521897,0.7222193837165832,0.028620707988739058,-0.05865051746368399,0.8393162488937378,0.7411493062973022,1.346082329750061,-0.21649973,-0.002675116,0.04787773,18.0,1740111839.3070931,-0.009967701509594917,0.02361389994621277,0.18838059902191162,0.26065707206726074,-0.13375882804393768,0.037344180047512054,0.1350085586309433,0.34836870431900024,0.12862128019332886,0.09432044625282288,0.1436305195093155,0.36286479234695435,0.20841652154922485,0.006986793130636215,0.17077499628067017,0.08214735239744186,0.1360478699207306,0.10954609513282776,-0.130569726228714,0.23048657178878784,0.04221094027161598,-0.250052809715271,-0.20043861865997314,0.07057711482048035,0.001081995666027069,-0.12834839522838593,0.2272605001926422,-0.0023500844836235046,0.05043374374508858,0.38140106201171875,-0.16363364458084106,-0.22514767944812775
0.5917828679084778,0.7279183864593506,1.3405746221542358,-0.27511357569170336,0.058153018515340466,-0.028934986556833135,-0.011984597066504723,0.006785812620843934,0.02930308535031187,0.7122505664825439,0.028521287441253707,-0.05910613536834708,0.8393162488937378,0.7411493062973022,1.346082329750061,-0.20907001,-0.0009839758,0.040590435,19.0,1740111839.3827019,-0.007432829588651657,0.02390529401600361,0.18873977661132812,0.25924891233444214,-0.13258765637874603,0.036831922829151154,0.1337624490261078,0.34732019901275635,0.13185743987560272,0.09410686790943146,0.1429470032453537,0.3633633255958557,0.20851434767246246,0.005797427147626877,0.17329001426696777,0.08277802914381027,0.13886402547359467,0.10938644409179688,-0.13139420747756958,0.22883376479148865,0.03896093741059303,-0.2497560977935791,-0.20137426257133484,0.07073484361171722,0.005551178008317947,-0.1277053952217102,0.22769390046596527,-0.003059323877096176,0.04881357401609421,0.37954285740852356,-0.16458262503147125,-0.22143419086933136
0.5821701884269714,0.727761447429657,1.3408805131912231,-0.27511357569170336,0.058153018515340466,-0.028934986556833135,-0.011310902279889776,0.006160238925121697,0.027692884972352973,0.6917828679084778,0.02791838645935063,-0.05942537784576407,0.8393162488937378,0.7411493062973022,1.346082329750061,-0.22812362,0.0016386583,0.040651776,20.0,1740111839.409887,-0.007563704624772072,0.026195257902145386,0.1878649890422821,0.25537145137786865,-0.12437553703784943,0.029535681009292603,0.1288382112979889,0.3399847447872162,0.13154342770576477,0.09705021977424622,0.14645175635814667,0.3575839102268219,0.20603138208389282,0.004443580284714699,0.17217715084552765,0.0767054334282875,0.13723093271255493,0.10545305907726288,-0.12569107115268707,0.22392752766609192,0.03450324758887291,-0.2556728720664978,-0.1979673057794571,0.07091839611530304,0.0032667070627212524,-0.12363992631435394,0.23090173304080963,-0.00586223229765892,0.041430823504924774,0.3722511827945709,-0.15704433619976044,-0.21139362454414368
0.5726979970932007,0.7276922464370728,1.341505527496338,-0.2828476109293005,-0.004460817333007465,0.011623956079329029,-0.010083885750728846,0.006740830008781593,0.0273112753195733,0.6821701884269714,0.027761447429657027,-0.05911948680877677,0.8393162488937378,0.7411493062973022,1.346082329750061,-0.22812362,0.0016386583,0.040651776,21.0,1740111839.4410412,-0.007563704624772072,0.026195257902145386,0.1878649890422821,0.25537145137786865,-0.12437553703784943,0.029535681009292603,0.1288382112979889,0.3399847447872162,0.13154342770576477,0.09705021977424622,0.14645175635814667,0.3575839102268219,0.20603138208389282,0.004443580284714699,0.17217715084552765,0.0767054334282875,0.13723093271255493,0.10545305907726288,-0.12569107115268707,0.22392752766609192,0.03450324758887291,-0.2556728720664978,-0.1979673057794571,0.07091839611530304,0.0032667070627212524,-0.12363992631435394,0.23090173304080963,-0.00586223229765892,0.041430823504924774,0.3722511827945709,-0.15704433619976044,-0.21139362454414368
0.538110613822937,0.7273701429367065,1.3422993421554565,-0.2882576773667948,-0.0026844704082342303,0.006615798833616484,-0.009634297782406837,0.007588506996525426,0.02536896178769814,0.6726979970932007,0.0276922464370728,-0.05849447250366202,0.8393162488937378,0.7411493062973022,1.346082329750061,-0.22812362,0.0016386583,0.040651776,22.0,1740111839.56297,-0.007563704624772072,0.026195257902145386,0.1878649890422821,0.25537145137786865,-0.12437553703784943,0.029535681009292603,0.1288382112979889,0.3399847447872162,0.13154342770576477,0.09705021977424622,0.14645175635814667,0.3575839102268219,0.20603138208389282,0.004443580284714699,0.17217715084552765,0.0767054334282875,0.13723093271255493,0.10545305907726288,-0.12569107115268707,0.22392752766609192,0.03450324758887291,-0.2556728720664978,-0.1979673057794571,0.07091839611530304,0.0032667070627212524,-0.12363992631435394,0.23090173304080963,-0.00586223229765892,0.041430823504924774,0.3722511827945709,-0.15704433619976044,-0.21139362454414368
0.5285718441009521,0.7273074984550476,1.3426662683486938,-0.2882576773667948,-0.0026844704082342303,0.006615798833616484,-0.010186094873769966,0.006509827521360973,0.026152817029846502,0.638110613822937,0.027370142936706587,-0.05770065784454337,0.8393162488937378,0.7411493062973022,1.346082329750061,-0.16695389,0.00012490898,0.04745645,23.0,1740111839.5921495,0.005534494295716286,0.029632965102791786,0.19875741004943848,0.25255218148231506,-0.11895917356014252,0.023298155516386032,0.1214573085308075,0.3426535725593567,0.1508922576904297,0.10007920861244202,0.15533582866191864,0.365042507648468,0.20817479491233826,0.0041700564324855804,0.1901826411485672,0.07722315937280655,0.15200720727443695,0.10230809450149536,-0.1241680234670639,0.21706074476242065,0.025604773312807083,-0.2733127474784851,-0.20232445001602173,0.07371047139167786,0.015693480148911476,-0.12125532329082489,0.24100534617900848,-0.00948193296790123,0.02976812794804573,0.3730178773403168,-0.16454297304153442,-0.19189013540744781
0.5187928080558777,0.7272335290908813,1.3429757356643677,-0.2882576773667948,-0.0026844704082342303,0.006615798833616484,-0.010103561349862827,0.00648354329454629,0.028003655364612336,0.6285718441009521,0.027307498455047652,-0.057333731651306064,0.8393162488937378,0.7411493062973022,1.346082329750061,-0.16695389,0.00012490898,0.04745645,24.0,1740111839.6301749,0.005534494295716286,0.029632965102791786,0.19875741004943848,0.25255218148231506,-0.11895917356014252,0.023298155516386032,0.1214573085308075,0.3426535725593567,0.1508922576904297,0.10007920861244202,0.15533582866191864,0.365042507648468,0.20817479491233826,0.0041700564324855804,0.1901826411485672,0.07722315937280655,0.15200720727443695,0.10230809450149536,-0.1241680234670639,0.21706074476242065,0.025604773312807083,-0.2733127474784851,-0.20232445001602173,0.07371047139167786,0.015693480148911476,-0.12125532329082489,0.24100534617900848,-0.00948193296790123,0.02976812794804573,0.3730178773403168,-0.16454297304153442,-0.19189013540744781
0.509317934513092,0.7271530628204346,1.343429684638977,-0.28785432001067845,-0.0021702547576370086,0.011300579688036307,-0.010471457962430446,0.007424669925820885,0.02930717534744917,0.6187928080558777,0.027233529090881392,-0.057024264335632235,0.8393162488937378,0.7411493062973022,1.346082329750061,-0.1601161,0.0005321428,0.047723096,25.0,1740111839.6643229,0.007833002135157585,0.030253581702709198,0.20066960155963898,0.25170567631721497,-0.11858753859996796,0.022495247423648834,0.12052124738693237,0.34347352385520935,0.1536877155303955,0.10027211904525757,0.15472236275672913,0.36630457639694214,0.20804178714752197,0.004201339557766914,0.1931382268667221,0.07730263471603394,0.15414848923683167,0.10159403085708618,-0.1238657534122467,0.21545127034187317,0.024136288091540337,-0.27477383613586426,-0.20202089846134186,0.07300915569067001,0.01852247305214405,-0.12126339972019196,0.24258333444595337,-0.008686736226081848,0.02806013636291027,0.3740078806877136,-0.1665278971195221,-0.18881185352802277
0.49959489703178406,0.7270843386650085,1.3437076807022095,-0.28785432001067845,-0.0021702547576370086,0.011300579688036307,-0.01021996560062484,0.008811482770823147,0.02868012452476998,0.609317934513092,0.027153062820434615,-0.05657031536102286,0.8393162488937378,0.7411493062973022,1.346082329750061,-0.16566536,0.00051584095,0.05142538,26.0,1740111839.7033925,0.009151404723525047,0.0330619178712368,0.20116998255252838,0.2468755841255188,-0.11369624733924866,0.017936579883098602,0.11712197959423065,0.33892831206321716,0.15618640184402466,0.10052405297756195,0.15416505932807922,0.3622885048389435,0.20522131025791168,0.002836069092154503,0.19381512701511383,0.07528907060623169,0.15296205878257751,0.09782238304615021,-0.11985933780670166,0.21018213033676147,0.02085220441222191,-0.27574822306632996,-0.19934311509132385,0.07095803320407867,0.022056058049201965,-0.11741991341114044,0.24369072914123535,-0.008806992322206497,0.024159107357263565,0.36985817551612854,-0.16337047517299652,-0.18030744791030884
0.4902123510837555,0.7270035147666931,1.3442121744155884,-0.28785432001067845,-0.0021702547576370086,0.011300579688036307,-0.010343837877578421,0.00884787160611967,0.026564700475043144,0.599594897031784,0.02708433866500859,-0.05629231929779044,0.8393162488937378,0.7411493062973022,1.346082329750061,-0.16017418,-0.0017357394,0.06754173,27.0,1740111839.7342675,0.009795250371098518,0.03385616093873978,0.20083944499492645,0.24627149105072021,-0.1126263290643692,0.016573533415794373,0.11535213887691498,0.3384357690811157,0.15749788284301758,0.10013040900230408,0.1539955735206604,0.3615317642688751,0.20487061142921448,0.0018769027665257454,0.19405482709407806,0.07489731907844543,0.1538185030221939,0.09714363515377045,-0.12043972313404083,0.2088630497455597,0.019713379442691803,-0.2760310173034668,-0.19930319488048553,0.07112045586109161,0.0236183051019907,-0.11643590033054352,0.24421167373657227,-0.00949835404753685,0.02312769927084446,0.3679891526699066,-0.16311343014240265,-0.1780293732881546
0.4806300699710846,0.7269181609153748,1.344878911972046,-0.28785432001067845,-0.0021702547576370086,0.011300579688036307,-0.009885855374318716,0.00792201474385863,0.02605737810763629,0.5902123510837555,0.02700351476669316,-0.05578782558441153,0.8393162488937378,0.7411493062973022,1.346082329750061,-0.1556767,-0.0008136034,0.06591961,28.0,1740111839.7649293,0.00982830859720707,0.03441231697797775,0.20145751535892487,0.24441209435462952,-0.11065055429935455,0.01458817720413208,0.11479464173316956,0.336092084646225,0.1585395485162735,0.10017025470733643,0.15486350655555725,0.35989007353782654,0.2037619650363922,0.0004866141825914383,0.19440600275993347,0.0737229660153389,0.15326359868049622,0.09663888812065125,-0.1189211755990982,0.20693552494049072,0.017496084794402122,-0.2769332826137543,-0.19828709959983826,0.07079838961362839,0.024734320119023323,-0.11501626670360565,0.24522562325000763,-0.010747704654932022,0.021496083587408066,0.366109699010849,-0.16174347698688507,-0.17374086380004883
0.4708309769630432,0.7268241047859192,1.3455215692520142,-0.2781893754021911,-0.0020114520190986154,0.015271344927029626,-0.011425732428833052,0.006392321044414502,0.022098683219227058,0.5806300699710846,0.0269181609153748,-0.05512108802795401,0.8393162488937378,0.7411493062973022,1.346082329750061,-0.1556767,-0.0008136034,0.06591961,29.0,1740111839.7896497,0.00982830859720707,0.03441231697797775,0.20145751535892487,0.24441209435462952,-0.11065055429935455,0.01458817720413208,0.11479464173316956,0.336092084646225,0.1585395485162735,0.10017025470733643,0.15486350655555725,0.35989007353782654,0.2037619650363922,0.0004866141825914383,0.19440600275993347,0.0737229660153389,0.15326359868049622,0.09663888812065125,-0.1189211755990982,0.20693552494049072,0.017496084794402122,-0.2769332826137543,-0.19828709959983826,0.07079838961362839,0.024734320119023323,-0.11501626670360565,0.24522562325000763,-0.010747704654932022,0.021496083587408066,0.366109699010849,-0.16174347698688507,-0.17374086380004883
0.4665502905845642,0.7268573045730591,1.3462930917739868,-0.2781893754021911,-0.0020114520190986154,0.015271344927029626,-0.010351607105430212,0.0061719042092206345,0.02268851987601109,0.5708309769630432,0.026824104785919234,-0.05447843074798575,0.8393162488937378,0.7411493062973022,1.346082329750061,-0.16025212,0.001946263,0.055892926,30.0,1740111839.8260825,0.010178914293646812,0.035495951771736145,0.19921228289604187,0.23963522911071777,-0.10616996884346008,0.009849600493907928,0.11064878106117249,0.3293052017688751,0.15852956473827362,0.09898702800273895,0.1553150862455368,0.35368645191192627,0.2011725753545761,-0.0015105940401554108,0.19283999502658844,0.06997542083263397,0.15283454954624176,0.0943170040845871,-0.11669017374515533,0.20158648490905762,0.013060934841632843,-0.2772027850151062,-0.1960441768169403,0.07037245482206345,0.025557518005371094,-0.1112009733915329,0.24553485214710236,-0.012223754078149796,0.01742662861943245,0.3577837347984314,-0.1563452184200287,-0.16474467515945435
0.45257681608200073,0.7268450260162354,1.3483582735061646,-0.2781893754021911,-0.0020114520190986154,0.015271344927029626,-0.010033830736174096,0.0006179656800778428,0.020569578115563897,0.5612853825092315,0.02686696052551274,-0.05343201160430899,0.8393162488937378,0.7411493062973022,1.346082329750061,-0.1527899,0.0010966063,0.05765278,31.0,1740111839.8610919,0.014557057991623878,0.03565501421689987,0.19769859313964844,0.2340174913406372,-0.10288114845752716,0.007301490753889084,0.10704225301742554,0.3240754008293152,0.16235199570655823,0.09802231192588806,0.15367348492145538,0.3504579961299896,0.20013587176799774,-0.0018101446330547333,0.19593627750873566,0.07016493380069733,0.1566516011953354,0.0922345221042633,-0.1147972047328949,0.19607436656951904,0.008346851915121078,-0.2767781615257263,-0.19492948055267334,0.07055236399173737,0.030719511210918427,-0.10943184792995453,0.24477940797805786,-0.013149991631507874,0.013945776969194412,0.35157838463783264,-0.15627805888652802,-0.15570423007011414
0.43461763858795166,0.7269091606140137,1.3522626161575317,-0.2790830876509947,-0.0014435306785534601,0.035891956195661885,-0.009589335486326539,0.002667497417422111,0.017435965081029375,0.5525768160820007,0.026845026016235396,-0.05164172649383536,0.8393162488937378,0.7411493062973022,1.346082329750061,-0.13996485,-0.0003522113,0.060737602,32.0,1740111839.926124,0.019510099664330482,0.0363796092569828,0.20223212242126465,0.2347114086151123,-0.10266916453838348,0.006867643445730209,0.1056227758526802,0.3279169499874115,0.1687927395105362,0.09941723942756653,0.15501545369625092,0.35515132546424866,0.2019253671169281,-0.0008800793439149857,0.20305697619915009,0.07137858122587204,0.16307342052459717,0.09257033467292786,-0.11611329019069672,0.19565242528915405,0.006278430577367544,-0.2819176912307739,-0.19726665318012238,0.07140469551086426,0.035182464867830276,-0.11087018251419067,0.24884210526943207,-0.013119909912347794,0.011598724871873856,0.3549460172653198,-0.16209687292575836,-0.15186487138271332
0.4289880394935608,0.7264172434806824,1.3527814149856567,-0.2790830876509947,-0.0014435306785534601,0.035891956195661885,-0.01428082328891759,0.0014045336958796,0.010925548599538093,0.5346176385879516,0.026909160614013716,-0.04773738384246817,0.8393162488937378,0.7411493062973022,1.346082329750061,-0.1248092,-0.00329379,0.06773004,33.0,1740111839.9529889,0.020511770620942116,0.03776431456208229,0.1987815946340561,0.22601783275604248,-0.09597170352935791,0.0036345571279525757,0.10141195356845856,0.31799623370170593,0.16807080805301666,0.09836804866790771,0.15289583802223206,0.3457869291305542,0.19719643890857697,-2.1336600184440613e-05,0.19963300228118896,0.06900399923324585,0.15977300703525543,0.08748994767665863,-0.10948556661605835,0.18817520141601562,0.005358708091080189,-0.27844950556755066,-0.1923801749944687,0.06855736672878265,0.03657691925764084,-0.10589611530303955,0.24534718692302704,-0.012133289128541946,0.009574856609106064,0.3459669053554535,-0.15621988475322723,-0.14344002306461334
0.4214925765991211,0.7270627617835999,1.355683445930481,-0.2790830876509947,-0.0014435306785534601,0.035891956195661885,-0.010086857003927968,0.0073267043491832134,0.01614283196306128,0.5245296716690063,0.026386249065399214,-0.04612519741058341,0.8393162488937378,0.7411493062973022,1.346082329750061,-0.118781954,0.0014457777,0.052448917,34.0,1740111839.9858468,0.021181361749768257,0.03859781473875046,0.20197100937366486,0.23160797357559204,-0.0977197140455246,0.004453405737876892,0.10279913991689682,0.32447266578674316,0.17124423384666443,0.10137912631034851,0.15654318034648895,0.3527943789958954,0.2008092999458313,-0.0002536904066801071,0.20339953899383545,0.07044404745101929,0.16298110783100128,0.0897321105003357,-0.11273665726184845,0.19260329008102417,0.005939716938883066,-0.2840041220188141,-0.19682268798351288,0.07099110633134842,0.03657146543264389,-0.10801967978477478,0.2495819330215454,-0.013799689710140228,0.009104585275053978,0.3514665961265564,-0.15984047949314117,-0.14701801538467407
0.41396209597587585,0.7272288203239441,1.3583414554595947,-0.268460894136865,0.004954375395208319,0.07755743694231715,-0.01968901750084588,0.01309740422001853,0.01447539058919226,0.5184696972370147,0.027303206920623824,-0.04267539978027335,0.8393162488937378,0.7411493062973022,1.346082329750061,-0.12738179,0.005125873,0.047363702,35.0,1740111840.01742,0.022505292668938637,0.03918984532356262,0.20709145069122314,0.22704976797103882,-0.09382776916027069,-0.0004964396357536316,0.10221175104379654,0.3219586908817291,0.17366522550582886,0.10296088457107544,0.16068637371063232,0.351566344499588,0.199129119515419,0.0013742689043283463,0.2071465253829956,0.06911230087280273,0.1597386747598648,0.085775226354599,-0.1053829938173294,0.1899893581867218,0.005464859772473574,-0.29133424162864685,-0.19264225661754608,0.06975694745779037,0.03582596033811569,-0.10514263808727264,0.2529968023300171,-0.013362448662519455,0.004952333867549896,0.35470396280288696,-0.15670126676559448,-0.13862597942352295
0.40577539801597595,0.727519154548645,1.360761046409607,-0.268460894136865,0.004954375395208319,0.07755743694231715,-0.021453027922391982,0.013900705500449227,0.014055685349101647,0.5139620959758758,0.027228820323944136,-0.041658544540405185,0.8393162488937378,0.7411493062973022,1.346082329750061,-0.12060414,0.0042959675,0.047530282,36.0,1740111840.0495958,0.022546397522091866,0.039798807352781296,0.20885121822357178,0.22638896107673645,-0.09129896759986877,-0.0032861344516277313,0.1004568412899971,0.320019394159317,0.1745326668024063,0.10299992561340332,0.16370025277137756,0.34986528754234314,0.19914525747299194,0.0010994896292686462,0.2081553041934967,0.06761113554239273,0.15939457714557648,0.08371193706989288,-0.10373134911060333,0.18850484490394592,0.0037781130522489548,-0.29513266682624817,-0.1923334300518036,0.07002861052751541,0.0353042334318161,-0.10350529849529266,0.25573498010635376,-0.014786966145038605,0.002954147756099701,0.35351327061653137,-0.15406197309494019,-0.13463754951953888
0.39727744460105896,0.7276217341423035,1.3628965616226196,-0.268460894136865,0.004954375395208319,0.07755743694231715,-0.02075084773388661,0.014575434092838773,0.015595468141355852,0.5014107882976532,0.027550148963928267,-0.03812208175659171,0.8393162488937378,0.7411493062973022,1.346082329750061,-0.12565883,0.0063969865,0.038117204,37.0,1740111840.0829012,0.023869464173913002,0.04021299257874489,0.20437683165073395,0.21963909268379211,-0.08653074502944946,-0.008115807548165321,0.09599608182907104,0.3109546899795532,0.17547698318958282,0.10069125890731812,0.16087393462657928,0.3419851064682007,0.1956508308649063,-0.002376426011323929,0.2060183435678482,0.06446147710084915,0.15984158217906952,0.08110268414020538,-0.1018252819776535,0.18129387497901917,-0.002679668366909027,-0.29202455282211304,-0.1893673539161682,0.06900032609701157,0.03968403488397598,-0.09886109828948975,0.25435516238212585,-0.017322927713394165,-0.0008043311536312103,0.34172675013542175,-0.1494985967874527,-0.12434211373329163
0.3892408609390259,0.7278114557266235,1.3649541139602661,-0.24394901321680576,0.004241934007505841,0.06367726478582884,-0.02044495809293415,0.016164514765162185,0.014535687247495195,0.49308944344520567,0.027641999721527144,-0.03609731197357169,0.8393162488937378,0.7411493062973022,1.346082329750061,-0.12565883,0.0063969865,0.038117204,38.0,1740111840.1128573,0.023869464173913002,0.04021299257874489,0.20437683165073395,0.21963909268379211,-0.08653074502944946,-0.008115807548165321,0.09599608182907104,0.3109546899795532,0.17547698318958282,0.10069125890731812,0.16087393462657928,0.3419851064682007,0.1956508308649063,-0.002376426011323929,0.2060183435678482,0.06446147710084915,0.15984158217906952,0.08110268414020538,-0.1018252819776535,0.18129387497901917,-0.002679668366909027,-0.29202455282211304,-0.1893673539161682,0.06900032609701157,0.03968403488397598,-0.09886109828948975,0.25435516238212585,-0.017322927713394165,-0.0008043311536312103,0.34172675013542175,-0.1494985967874527,-0.12434211373329163
0.38110125064849854,0.7278479337692261,1.3667211532592773,-0.24394901321680576,0.004241934007505841,0.06367726478582884,-0.018538089054875813,0.016516187141747986,0.01601998573271945,0.48924086093902586,0.02781145572662358,-0.0350458860397338,0.8393162488937378,0.7411493062973022,1.346082329750061,-0.12825583,0.0075718462,0.0314797,39.0,1740111840.1475682,0.02537313662469387,0.0405711755156517,0.20484453439712524,0.2150714099407196,-0.08386646211147308,-0.011144902557134628,0.09449120610952377,0.30626022815704346,0.1760164499282837,0.10013081133365631,0.16129973530769348,0.338015615940094,0.1935989260673523,-0.0020796693861484528,0.2070883810520172,0.06307660788297653,0.15857145190238953,0.07823739945888519,-0.09766481816768646,0.17712965607643127,-0.004771863110363483,-0.2929580807685852,-0.186669260263443,0.06764866411685944,0.04069104418158531,-0.09682361781597137,0.2541298270225525,-0.01737126335501671,-0.0033087320625782013,0.33901065587997437,-0.14633427560329437,-0.11719034612178802
0.3713548481464386,0.7273876070976257,1.3677866458892822,-0.24394901321680576,0.004241934007505841,0.06367726478582884,-0.012224158539938378,0.01297562671662968,0.014093350545571738,0.47712860107421873,0.027858364582061812,-0.03241124153137198,0.8393162488937378,0.7411493062973022,1.346082329750061,-0.118464835,0.0025603473,0.04599494,40.0,1740111840.1795418,0.024369975551962852,0.04079591482877731,0.2001437097787857,0.21014147996902466,-0.08072949945926666,-0.014436859637498856,0.09301147609949112,0.2976195216178894,0.17372962832450867,0.09798486530780792,0.1575215756893158,0.3316686451435089,0.1902155876159668,-0.0052165687084198,0.20447003841400146,0.06055675074458122,0.15673846006393433,0.0766351968050003,-0.09487859904766083,0.1719054877758026,-0.01082917582243681,-0.28799936175346375,-0.18213705718517303,0.06621164083480835,0.04248756542801857,-0.09472014009952545,0.25162506103515625,-0.01870805025100708,-0.006471056491136551,0.33093857765197754,-0.14175502955913544,-0.1104826033115387
0.3635846972465515,0.727461040019989,1.3693889379501343,-0.2460264385869851,-0.003360265757640189,0.0425271667684063,-0.011689857456024782,0.013169942335080202,0.012873752267303275,0.4696472644805908,0.028029251098632857,-0.030649566650390536,0.8393162488937378,0.7411493062973022,1.346082329750061,-0.11411176,0.00010507554,0.04681418,41.0,1740111840.2154548,0.027318688109517097,0.04146823287010193,0.19685783982276917,0.20041921734809875,-0.0734184980392456,-0.01601298525929451,0.08838367462158203,0.2889181971549988,0.17512598633766174,0.09723636507987976,0.15367946028709412,0.3235410451889038,0.18613234162330627,-0.003648286685347557,0.20204485952854156,0.05983678996562958,0.15564976632595062,0.0721680223941803,-0.0897349864244461,0.16412952542304993,-0.011608769185841084,-0.28327876329421997,-0.1782929003238678,0.06339514255523682,0.04740307107567787,-0.09033416956663132,0.24708443880081177,-0.01724807545542717,-0.007321979850530624,0.3222077786922455,-0.13951604068279266,-0.10163512825965881
0.3583904504776001,0.7279422283172607,1.3715749979019165,-0.2460264385869851,-0.003360265757640189,0.0425271667684063,-0.022568651305639734,0.019113137566745986,0.011796000909532202,0.4635846972465515,0.027461040019989058,-0.030611062049865634,0.8393162488937378,0.7411493062973022,1.346082329750061,-0.11818794,-0.00061447173,0.05266779,42.0,1740111840.246221,0.022471847012639046,0.041545432060956955,0.19419293105602264,0.2052335888147354,-0.07536052912473679,-0.017024453729391098,0.09077280759811401,0.28874877095222473,0.17134565114974976,0.09730800986289978,0.15418121218681335,0.3239365220069885,0.18784496188163757,-0.007113717496395111,0.19828030467033386,0.058635059744119644,0.15309570729732513,0.07456541061401367,-0.09281544387340546,0.16841471195220947,-0.013357033021748066,-0.28242024779319763,-0.17954637110233307,0.06509467959403992,0.0434112548828125,-0.09110122174024582,0.24878764152526855,-0.020275570452213287,-0.006628107279539108,0.32093918323516846,-0.13591517508029938,-0.10691455006599426
0.35093897581100464,0.7279297113418579,1.3731409311294556,-0.2460264385869851,-0.003360265757640189,0.0425271667684063,-0.022603643078131945,0.015514045622061299,0.0125431118687743,0.45465714335441587,0.027900087833404585,-0.02768673896789542,0.8393162488937378,0.7411493062973022,1.346082329750061,-0.11818794,-0.00061447173,0.05266779,43.0,1740111840.283557,0.022471847012639046,0.041545432060956955,0.19419293105602264,0.2052335888147354,-0.07536052912473679,-0.017024453729391098,0.09077280759811401,0.28874877095222473,0.17134565114974976,0.09730800986289978,0.15418121218681335,0.3239365220069885,0.18784496188163757,-0.007113717496395111,0.19828030467033386,0.058635059744119644,0.15309570729732513,0.07456541061401367,-0.09281544387340546,0.16841471195220947,-0.013357033021748066,-0.28242024779319763,-0.17954637110233307,0.06509467959403992,0.0434112548828125,-0.09110122174024582,0.24878764152526855,-0.020275570452213287,-0.006628107279539108,0.32093918323516846,-0.13591517508029938,-0.10691455006599426
0.3435586392879486,0.7279361486434937,1.3748723268508911,-0.2460264385869851,-0.003360265757640189,0.0425271667684063,-0.020782107387221232,0.013041572143151997,0.01138511840353071,0.44732523560523985,0.02800672054290776,-0.02585449218749991,0.8393162488937378,0.7411493062973022,1.346082329750061,-0.10215255,-0.008220814,0.05954987,44.0,1740111840.312718,0.02890266291797161,0.04277448356151581,0.1845400035381317,0.17912735044956207,-0.058145083487033844,-0.020084939897060394,0.07948071509599686,0.26334503293037415,0.171921968460083,0.0935579389333725,0.14432406425476074,0.3001136779785156,0.17489904165267944,-0.001843152567744255,0.19015340507030487,0.05680374428629875,0.14871928095817566,0.06180967018008232,-0.07604210078716278,0.14759019017219543,-0.012582683004438877,-0.26875588297843933,-0.16770879924297333,0.05700163543224335,0.052321381866931915,-0.07946975529193878,0.23318542540073395,-0.014595065265893936,-0.009139277040958405,0.29813697934150696,-0.12811598181724548,-0.08432035148143768
0.3342586159706116,0.7273843288421631,1.3757481575012207,-0.22289140496106083,-0.0004083410744777045,0.048035946372921995,-0.011355680207379091,0.004009043503073506,0.011469549602333089,0.4435586392879486,0.027936148643493697,-0.025127673149108798,0.8393162488937378,0.7411493062973022,1.346082329750061,-0.0436602,-0.017586794,0.08133262,45.0,1740111840.3476639,0.028370777145028114,0.04352441430091858,0.17694757878780365,0.16869211196899414,-0.05163298547267914,-0.023430701345205307,0.07496268302202225,0.2501729726791382,0.1708184778690338,0.08948436379432678,0.13766589760780334,0.28787484765052795,0.16913828253746033,-0.004380710422992706,0.18380767107009888,0.0552336610853672,0.14524678885936737,0.05775486305356026,-0.07183035463094711,0.13823151588439941,-0.01666683703660965,-0.25920772552490234,-0.16170847415924072,0.053634315729141235,0.05757247656583786,-0.07362239807844162,0.22700758278369904,-0.014502126723527908,-0.010373629629611969,0.284071147441864,-0.12225756049156189,-0.07398847490549088
0.3272467851638794,0.7274046540260315,1.3774222135543823,-0.22289140496106083,-0.0004083410744777045,0.048035946372921995,-0.011644425136676049,0.002503405508879594,0.013228589623105478,0.430731987953186,0.027376401424408003,-0.02343752384185782,0.8393162488937378,0.7411493062973022,1.346082329750061,-0.041349657,-0.017126512,0.08848442,46.0,1740111840.3785691,0.028768016025424004,0.04428363963961601,0.17029088735580444,0.16060319542884827,-0.045642949640750885,-0.0300368070602417,0.06863080710172653,0.23863710463047028,0.17097505927085876,0.08572062849998474,0.1340436488389969,0.27699175477027893,0.1652587354183197,-0.009730450809001923,0.1798834502696991,0.05028326064348221,0.1458202749490738,0.05527576431632042,-0.07094232738018036,0.1290239691734314,-0.025459572672843933,-0.25478237867355347,-0.15816789865493774,0.05228111147880554,0.06254756450653076,-0.06839074939489365,0.22596880793571472,-0.017902102321386337,-0.015029963105916977,0.2680429220199585,-0.11596401035785675,-0.06129654869437218
0.3212060034275055,0.7276420593261719,1.3792551755905151,-0.22289140496106083,-0.0004083410744777045,0.048035946372921995,-0.0064865173936531385,0.0027307787516691923,0.016510031978899865,0.42334056496620176,0.027385461330413863,-0.022291803359985263,0.8393162488937378,0.7411493062973022,1.346082329750061,-0.041349657,-0.017126512,0.08848442,47.0,1740111840.4119065,0.028768016025424004,0.04428363963961601,0.17029088735580444,0.16060319542884827,-0.045642949640750885,-0.0300368070602417,0.06863080710172653,0.23863710463047028,0.17097505927085876,0.08572062849998474,0.1340436488389969,0.27699175477027893,0.1652587354183197,-0.009730450809001923,0.1798834502696991,0.05028326064348221,0.1458202749490738,0.05527576431632042,-0.07094232738018036,0.1290239691734314,-0.025459572672843933,-0.25478237867355347,-0.15816789865493774,0.05228111147880554,0.06254756450653076,-0.06839074939489365,0.22596880793571472,-0.017902102321386337,-0.015029963105916977,0.2680429220199585,-0.11596401035785675,-0.06129654869437218
0.3133573532104492,0.7274094223976135,1.3799958229064941,-0.2131147589801743,-0.0024728534060101297,0.04276273471857594,-0.009974531359236339,0.001040062555193579,0.01246156937536093,0.42120600342750547,0.02764205932617192,-0.020744824409484774,0.8393162488937378,0.7411493062973022,1.346082329750061,-0.041349657,-0.017126512,0.08848442,48.0,1740111840.4453683,0.028768016025424004,0.04428363963961601,0.17029088735580444,0.16060319542884827,-0.045642949640750885,-0.0300368070602417,0.06863080710172653,0.23863710463047028,0.17097505927085876,0.08572062849998474,0.1340436488389969,0.27699175477027893,0.1652587354183197,-0.009730450809001923,0.1798834502696991,0.05028326064348221,0.1458202749490738,0.05527576431632042,-0.07094232738018036,0.1290239691734314,-0.025459572672843933,-0.25478237867355347,-0.15816789865493774,0.05228111147880554,0.06254756450653076,-0.06839074939489365,0.22596880793571472,-0.017902102321386337,-0.015029963105916977,0.2680429220199585,-0.11596401035785675,-0.06129654869437218
0.3069274425506592,0.7277248501777649,1.3811944723129272,-0.2131147589801743,-0.0024728534060101297,0.04276273471857594,-0.011124891086978062,0.0034725813771917797,0.011003111123892276,0.4099653124809265,0.027641820907592818,-0.01948049068450919,0.8393162488937378,0.7411493062973022,1.346082329750061,-0.041349657,-0.017126512,0.08848442,49.0,1740111840.4871867,0.028768016025424004,0.04428363963961601,0.17029088735580444,0.16060319542884827,-0.045642949640750885,-0.0300368070602417,0.06863080710172653,0.23863710463047028,0.17097505927085876,0.08572062849998474,0.1340436488389969,0.27699175477027893,0.1652587354183197,-0.009730450809001923,0.1798834502696991,0.05028326064348221,0.1458202749490738,0.05527576431632042,-0.07094232738018036,0.1290239691734314,-0.025459572672843933,-0.25478237867355347,-0.15816789865493774,0.05228111147880554,0.06254756450653076,-0.06839074939489365,0.22596880793571472,-0.017902102321386337,-0.015029963105916977,0.2680429220199585,-0.11596401035785675,-0.06129654869437218
0.29715079069137573,0.7276780605316162,1.382943868637085,-0.2131147589801743,-0.0024728534060101297,0.04276273471857594,-0.008458770414014901,0.008068161818969985,0.006875653514956562,0.40350726842880247,0.02781246900558476,-0.018232250213622958,0.8393162488937378,0.7411493062973022,1.346082329750061,-0.08302446,0.005315192,0.025218442,50.0,1740111840.5323536,0.04471324384212494,0.04663875326514244,0.212834432721138,0.1943274438381195,-0.06629704684019089,-0.029984503984451294,0.0819123387336731,0.2844967544078827,0.20142342150211334,0.09901387989521027,0.16209334135055542,0.33049923181533813,0.19084185361862183,-0.008250175043940544,0.22907480597496033,0.06272336840629578,0.17297407984733582,0.06736385822296143,-0.0835941731929779,0.15814363956451416,-0.0303344763815403,-0.3060814142227173,-0.18282389640808105,0.06498640030622482,0.0653420239686966,-0.0870610699057579,0.2657168209552765,-0.022838044911623,-0.02326924353837967,0.3249269425868988,-0.14567117393016815,-0.07133550941944122
0.2946499288082123,0.727937638759613,1.3837248086929321,-0.19820642233645103,0.0070110217314043495,0.0408655721505162,-0.010257119090508205,0.008123688865908817,0.009295860079168989,0.3971507906913757,0.027678060531616255,-0.01705613136291495,0.8393162488937378,0.7411493062973022,1.346082329750061,-0.08075387,0.005768232,0.021897495,51.0,1740111840.5514183,0.04477527737617493,0.04680696874856949,0.2111302763223648,0.19247667491436005,-0.06389959901571274,-0.030281085520982742,0.08114943653345108,0.2819472849369049,0.20093300938606262,0.10040539503097534,0.16191181540489197,0.32840466499328613,0.1893545389175415,-0.007436836138367653,0.22705602645874023,0.062019165605306625,0.1720348447561264,0.06643657386302948,-0.0812850221991539,0.15704873204231262,-0.029198747128248215,-0.3055858910083771,-0.18123340606689453,0.06483054906129837,0.06384702026844025,-0.08586756885051727,0.26403796672821045,-0.022420324385166168,-0.02335536852478981,0.32254740595817566,-0.14402970671653748,-0.07032901793718338
0.2847152054309845,0.7280539274215698,1.3853156566619873,-0.19820642233645103,0.0070110217314043495,0.0408655721505162,-0.008908426612463362,0.006035468525338978,0.0008745016394846677,0.39160469770431516,0.028086709976196333,-0.015630626678466708,0.8393162488937378,0.7411493062973022,1.346082329750061,-0.08075387,0.005768232,0.021897495,52.0,1740111840.5904949,0.04477527737617493,0.04680696874856949,0.2111302763223648,0.19247667491436005,-0.06389959901571274,-0.030281085520982742,0.08114943653345108,0.2819472849369049,0.20093300938606262,0.10040539503097534,0.16191181540489197,0.32840466499328613,0.1893545389175415,-0.007436836138367653,0.22705602645874023,0.062019165605306625,0.1720348447561264,0.06643657386302948,-0.0812850221991539,0.15704873204231262,-0.029198747128248215,-0.3055858910083771,-0.18123340606689453,0.06483054906129837,0.06384702026844025,-0.08586756885051727,0.26403796672821045,-0.022420324385166168,-0.02335536852478981,0.32254740595817566,-0.14402970671653748,-0.07032901793718338
0.28221213817596436,0.7282564043998718,1.3861174583435059,-0.19820642233645103,0.0070110217314043495,0.0408655721505162,-0.008602459487427758,0.0038426638614640226,0.0019625079296331613,0.3847152054309845,0.02805392742156987,-0.014684343338012606,0.8393162488937378,0.7411493062973022,1.346082329750061,-0.08086255,0.0058111474,0.02311524,53.0,1740111840.622633,0.04383813589811325,0.047507040202617645,0.21158406138420105,0.19255280494689941,-0.06143616884946823,-0.03106333687901497,0.08085063099861145,0.2810699939727783,0.20034174621105194,0.10204607248306274,0.1642824113368988,0.32796287536621094,0.19003821909427643,-0.006699549034237862,0.22575747966766357,0.06093403324484825,0.1705237478017807,0.06552095711231232,-0.0797424465417862,0.15773561596870422,-0.028183232992887497,-0.3076646029949188,-0.18178047239780426,0.06521295756101608,0.06205661967396736,-0.08501850813627243,0.265036016702652,-0.02303149178624153,-0.023271631449460983,0.32254281640052795,-0.14198234677314758,-0.07070476561784744
0.27632811665534973,0.7287893891334534,1.3874059915542603,-0.18281512055286603,0.008498768897717406,0.03673085844107957,-0.01056883283916784,0.0015433142570698147,0.001978065312752947,0.3791435122489929,0.02857683897018437,-0.01333453655242911,0.8393162488937378,0.7411493062973022,1.346082329750061,-0.08198105,0.007159315,0.016803622,54.0,1740111840.6542096,0.04684702306985855,0.048156216740608215,0.2126295268535614,0.19200322031974792,-0.062034398317337036,-0.03122268244624138,0.0796281173825264,0.2823239862918854,0.2044948786497116,0.1010865867137909,0.1624840945005417,0.3293434679508209,0.19036853313446045,-0.007509186863899231,0.22924649715423584,0.06299934536218643,0.17391903698444366,0.06555292010307312,-0.08125412464141846,0.15666455030441284,-0.02995194122195244,-0.3074428141117096,-0.1826866716146469,0.06490498781204224,0.06649305671453476,-0.08537908643484116,0.2661137580871582,-0.02261164039373398,-0.023886647075414658,0.3229237198829651,-0.1454993039369583,-0.06789490580558777
0.2704436779022217,0.7294766902923584,1.3905411958694458,-0.18281512055286603,0.008498768897717406,0.03673085844107957,-0.0163412441928503,0.013446319914173357,0.0050588216765712225,0.3723615169525146,0.02874677181243901,-0.011958503723144442,0.8393162488937378,0.7411493062973022,1.346082329750061,-0.08198105,0.007159315,0.016803622,55.0,1740111840.690191,0.04684702306985855,0.048156216740608215,0.2126295268535614,0.19200322031974792,-0.062034398317337036,-0.03122268244624138,0.0796281173825264,0.2823239862918854,0.2044948786497116,0.1010865867137909,0.1624840945005417,0.3293434679508209,0.19036853313446045,-0.007509186863899231,0.22924649715423584,0.06299934536218643,0.17391903698444366,0.06555292010307312,-0.08125412464141846,0.15666455030441284,-0.02995194122195244,-0.3074428141117096,-0.1826866716146469,0.06490498781204224,0.06649305671453476,-0.08537908643484116,0.2661137580871582,-0.02261164039373398,-0.023886647075414658,0.3229237198829651,-0.1454993039369583,-0.06789490580558777
0.26866915822029114,0.7299540042877197,1.3908950090408325,-0.18281512055286603,0.008498768897717406,0.03673085844107957,-0.020932599513375862,0.006503564718789849,0.00393639505146961,0.37044367790222166,0.029476690292358443,-0.00945880413055411,0.8393162488937378,0.7411493062973022,1.346082329750061,-0.07251403,0.005716786,0.013901919,56.0,1740111840.7235072,0.05048418045043945,0.04964357241988182,0.21573248505592346,0.18780842423439026,-0.05807120352983475,-0.03425407037138939,0.07784216105937958,0.27994024753570557,0.21058887243270874,0.10172790288925171,0.16390939056873322,0.32917553186416626,0.18955303728580475,-0.007188491523265839,0.2339513897895813,0.06415589898824692,0.175448477268219,0.06318345665931702,-0.07828444242477417,0.1529860496520996,-0.032339297235012054,-0.3104289174079895,-0.18194402754306793,0.06404111534357071,0.07164733111858368,-0.08303644508123398,0.26845356822013855,-0.022749081254005432,-0.026552841067314148,0.32230085134506226,-0.14636684954166412,-0.059546831995248795
0.2608919143676758,0.7304571270942688,1.3919267654418945,-0.12895925911909348,0.013932847459720227,0.03776807535489422,-0.02220855079898245,0.012203106074377749,0.002408409314054774,0.36597553491592405,0.03010712862014775,-0.008703613281249911,0.8393162488937378,0.7411493062973022,1.346082329750061,-0.07580861,0.006097667,0.013188288,57.0,1740111840.7706828,0.0524909645318985,0.049990564584732056,0.2234450876712799,0.19584625959396362,-0.06260515004396439,-0.033157411962747574,0.08268886804580688,0.28910788893699646,0.21664778888225555,0.10513146221637726,0.16863803565502167,0.340964138507843,0.19432416558265686,-0.008960261940956116,0.24294587969779968,0.06724917143583298,0.1806243509054184,0.06709684431552887,-0.08192677050828934,0.1598162055015564,-0.033900678157806396,-0.31871363520622253,-0.1871650665998459,0.06669043004512787,0.0734630823135376,-0.08715900033712387,0.2750106453895569,-0.024115517735481262,-0.02775256335735321,0.33347418904304504,-0.15329419076442719,-0.06284462660551071
0.25576066970825195,0.7306155562400818,1.3919165134429932,-0.12895925911909348,0.013932847459720227,0.03776807535489422,-0.021750445461268007,0.015270886934169534,0.00712208818618109,0.36089191436767576,0.030457127094268843,-0.00807323455810538,0.8393162488937378,0.7411493062973022,1.346082329750061,-0.07580861,0.006097667,0.013188288,58.0,1740111840.8033552,0.0524909645318985,0.049990564584732056,0.2234450876712799,0.19584625959396362,-0.06260515004396439,-0.033157411962747574,0.08268886804580688,0.28910788893699646,0.21664778888225555,0.10513146221637726,0.16863803565502167,0.340964138507843,0.19432416558265686,-0.008960261940956116,0.24294587969779968,0.06724917143583298,0.1806243509054184,0.06709684431552887,-0.08192677050828934,0.1598162055015564,-0.033900678157806396,-0.31871363520622253,-0.1871650665998459,0.06669043004512787,0.0734630823135376,-0.08715900033712387,0.2750106453895569,-0.024115517735481262,-0.02775256335735321,0.33347418904304504,-0.15329419076442719,-0.06284462660551071
0.24887578189373016,0.730690062046051,1.3913969993591309,-0.12895925911909348,0.013932847459720227,0.03776807535489422,-0.010418949379453746,0.010777205581847325,0.007717202023505888,0.35576066970825193,0.03061555624008183,-0.008083486557006747,0.8393162488937378,0.7411493062973022,1.346082329750061,-0.083233476,0.008134045,0.0064236075,59.0,1740111840.8315928,0.05076728016138077,0.04937409237027168,0.2268551141023636,0.20473916828632355,-0.06796275824308395,-0.0328708216547966,0.08648242801427841,0.29707327485084534,0.2174687385559082,0.10717128217220306,0.1726747751235962,0.3495153486728668,0.19900444149971008,-0.011406384408473969,0.24622294306755066,0.06772393733263016,0.18327637016773224,0.07188652455806732,-0.08734592795372009,0.16711264848709106,-0.035153310745954514,-0.32486632466316223,-0.19168876111507416,0.07028418779373169,0.07035274803638458,-0.09102581441402435,0.28109243512153625,-0.02714463323354721,-0.02774261310696602,0.34047961235046387,-0.1558556854724884,-0.06893109530210495
0.24233761429786682,0.7308793663978577,1.3908888101577759,-0.18397768079829976,0.004186771127118504,-0.010291986505878264,0.00956344663817667,0.0012188494981525955,0.01712786497659339,0.3445152699947357,0.030572819709777876,-0.009040498733520419,0.8393162488937378,0.7411493062973022,1.346082329750061,-0.08338648,0.006969489,0.0068430007,60.0,1740111840.8612885,0.05434923619031906,0.0503285750746727,0.22331732511520386,0.1957067996263504,-0.0639362782239914,-0.03742537647485733,0.08129140734672546,0.28851011395454407,0.22226838767528534,0.10290858149528503,0.1677253246307373,0.34190863370895386,0.19583483040332794,-0.014920961111783981,0.2467471957206726,0.06708774715662003,0.18572202324867249,0.06910964846611023,-0.08596694469451904,0.15767773985862732,-0.042067818343639374,-0.31989967823028564,-0.18875806033611298,0.06766121834516525,0.07984466850757599,-0.08671461045742035,0.2787361145019531,-0.026989217847585678,-0.03084658458828926,0.32910826802253723,-0.1544104516506195,-0.05588622763752937
0.23946724832057953,0.7314873337745667,1.3907244205474854,-0.18397768079829976,0.004186771127118504,-0.010291986505878264,-0.009421171430516842,0.00857124599510849,0.006991923828010229,0.3423376142978668,0.03087936639785771,-0.009111189842224032,0.8393162488937378,0.7411493062973022,1.346082329750061,-0.071684,0.0065741614,0.008318238,61.0,1740111840.8989744,0.05643421411514282,0.05038394778966904,0.22677810490131378,0.19867508113384247,-0.06604701280593872,-0.03725523501634598,0.08133620768785477,0.29379144310951233,0.22597521543502808,0.10381820797920227,0.16930030286312103,0.3467724621295929,0.19880512356758118,-0.014834217727184296,0.25146540999412537,0.06897891312837601,0.1897840052843094,0.07046204805374146,-0.08924730122089386,0.15995806455612183,-0.04267393797636032,-0.3238106667995453,-0.1916959434747696,0.06922182440757751,0.08186406642198563,-0.08874533325433731,0.2823522090911865,-0.027496881783008575,-0.03128879517316818,0.3335447609424591,-0.15814109146595,-0.05641588941216469
0.23800431191921234,0.7323448061943054,1.3911744356155396,-0.18397768079829976,0.004186771127118504,-0.010291986505878264,-0.021970412888490255,0.017013529444606764,0.005360766333961517,0.3394672483205795,0.031487333774566695,-0.00927557945251456,0.8393162488937378,0.7411493062973022,1.346082329750061,-0.074913725,0.004669495,0.020143978,62.0,1740111840.9282744,0.05795964598655701,0.05141453817486763,0.22337539494037628,0.1909642517566681,-0.06049393117427826,-0.04009226709604263,0.07746704667806625,0.28545480966567993,0.2263699769973755,0.10310959815979004,0.16715624928474426,0.33930203318595886,0.1939530372619629,-0.014428487047553062,0.24925029277801514,0.06620810925960541,0.18855220079421997,0.06662425398826599,-0.08372271060943604,0.15233969688415527,-0.0448833703994751,-0.32086947560310364,-0.18734022974967957,0.06736024469137192,0.08432458341121674,-0.08447703719139099,0.27839723229408264,-0.027465764433145523,-0.03435324877500534,0.3244602084159851,-0.15394754707813263,-0.047553569078445435
0.2338544875383377,0.732614278793335,1.3903522491455078,-0.18397768079829976,0.004186771127118504,-0.010291986505878264,-0.021912265943978385,0.01703090469537209,0.007712608316152665,0.33590387403964994,0.03252642154693608,-0.009204530715942294,0.8393162488937378,0.7411493062973022,1.346082329750061,-0.074913725,0.004669495,0.020143978,63.0,1740111840.9664226,0.05795964598655701,0.05141453817486763,0.22337539494037628,0.1909642517566681,-0.06049393117427826,-0.04009226709604263,0.07746704667806625,0.28545480966567993,0.2263699769973755,0.10310959815979004,0.16715624928474426,0.33930203318595886,0.1939530372619629,-0.014428487047553062,0.24925029277801514,0.06620810925960541,0.18855220079421997,0.06662425398826599,-0.08372271060943604,0.15233969688415527,-0.0448833703994751,-0.32086947560310364,-0.18734022974967957,0.06736024469137192,0.08432458341121674,-0.08447703719139099,0.27839723229408264,-0.027465764433145523,-0.03435324877500534,0.3244602084159851,-0.15394754707813263,-0.047553569078445435
0.22968749701976776,0.7327831387519836,1.3893282413482666,-0.08770291504544667,0.01569859485515351,-0.008553740489280258,-0.022315931648125533,0.018683387726907502,0.008439121191432279,0.3338544875383377,0.032614278793335005,-0.009647750854492099,0.8393162488937378,0.7411493062973022,1.346082329750061,-0.07359688,0.0064227507,0.009641625,64.0,1740111840.9923878,0.05587179213762283,0.0512753427028656,0.21956723928451538,0.19131308794021606,-0.06049993634223938,-0.042346496134996414,0.07761450111865997,0.28205710649490356,0.2240598201751709,0.1025552749633789,0.16626982390880585,0.3377739191055298,0.19414709508419037,-0.018192607909440994,0.24671974778175354,0.06426002830266953,0.18801815807819366,0.06805640459060669,-0.0849245935678482,0.15231764316558838,-0.04926835745573044,-0.3189747631549835,-0.18703100085258484,0.06856480985879898,0.08385025709867477,-0.084070585668087,0.27875909209251404,-0.030962876975536346,-0.035458747297525406,0.319449245929718,-0.1507495492696762,-0.046068739145994186
0.22555752098560333,0.733060359954834,1.388362169265747,-0.08770291504544667,0.01569859485515351,-0.008553740489280258,-0.02313678257088764,0.020342565348300874,0.007099809199295199,0.32968749701976774,0.03278313875198369,-0.01067175865173331,0.8393162488937378,0.7411493062973022,1.346082329750061,-0.059991613,0.0043348595,0.018213317,65.0,1740111841.031851,0.06245690584182739,0.05311507731676102,0.22008967399597168,0.18370285630226135,-0.0553971529006958,-0.04353657737374306,0.0718507468700409,0.277740478515625,0.23025622963905334,0.10185235738754272,0.16419829428195953,0.3337819278240204,0.19057193398475647,-0.016105052083730698,0.2510480284690857,0.06463023275136948,0.1921507716178894,0.06423169374465942,-0.08133570104837418,0.14438074827194214,-0.05058344081044197,-0.31828346848487854,-0.18475091457366943,0.0664256289601326,0.09122143685817719,-0.0817916989326477,0.27700334787368774,-0.028715111315250397,-0.03888185694813728,0.3151472508907318,-0.153390035033226,-0.03480813652276993
0.22178617119789124,0.7332402467727661,1.387344479560852,-0.08770291504544667,0.01569859485515351,-0.008553740489280258,-0.023355557701483926,0.019024844195900913,0.007030891165185905,0.3240200042724609,0.03300486803054814,-0.012041115760803134,0.8393162488937378,0.7411493062973022,1.346082329750061,-0.06507111,0.003813237,0.020487443,66.0,1740111841.0710924,0.06693736463785172,0.05499831587076187,0.21981048583984375,0.17649132013320923,-0.05016249418258667,-0.04549513757228851,0.06665417551994324,0.27236881852149963,0.2340763509273529,0.10100488364696503,0.1623689979314804,0.32843494415283203,0.18685495853424072,-0.014229238033294678,0.2525178790092468,0.06379184126853943,0.1938934326171875,0.059899214655160904,-0.07695288956165314,0.1367308795452118,-0.051225773990154266,-0.31736329197883606,-0.18201667070388794,0.06405901163816452,0.09622220695018768,-0.0782393366098404,0.27486708760261536,-0.026687927544116974,-0.04172771796584129,0.309634804725647,-0.1530747264623642,-0.02535920962691307
0.21847368776798248,0.7332199811935425,1.3864433765411377,-0.12260661600801592,0.004071415013970487,-0.031563811802303256,-0.022278584387731414,0.014632226630751057,0.008272358923190058,0.3217861711978912,0.03324024677276616,-0.01265552043914786,0.8393162488937378,0.7411493062973022,1.346082329750061,-0.06674875,0.0049928576,0.018292539,67.0,1740111841.0958242,0.06363631784915924,0.05418521910905838,0.22406283020973206,0.1915203183889389,-0.05900657922029495,-0.04294190928339958,0.07394498586654663,0.28582969307899475,0.23426617681980133,0.10490614175796509,0.16817477345466614,0.3433672785758972,0.1948869377374649,-0.01769404113292694,0.2568541169166565,0.0659257248044014,0.1972866803407669,0.068169966340065,-0.08619754016399384,0.14998769760131836,-0.051634903997182846,-0.3247878849506378,-0.19035649299621582,0.06970995664596558,0.09149812161922455,-0.0852079913020134,0.2827477753162384,-0.030866406857967377,-0.040060948580503464,0.3218611776828766,-0.15812323987483978,-0.03847720846533775
0.21488463878631592,0.73335200548172,1.385665774345398,-0.12260661600801592,0.004071415013970487,-0.031563811802303256,-0.02262592488640336,0.011904927529883874,0.0068698686042020915,0.31847368776798246,0.033219981193542525,-0.013556623458862216,0.8393162488937378,0.7411493062973022,1.346082329750061,-0.06674875,0.0049928576,0.018292539,68.0,1740111841.1333554,0.06363631784915924,0.05418521910905838,0.22406283020973206,0.1915203183889389,-0.05900657922029495,-0.04294190928339958,0.07394498586654663,0.28582969307899475,0.23426617681980133,0.10490614175796509,0.16817477345466614,0.3433672785758972,0.1948869377374649,-0.01769404113292694,0.2568541169166565,0.0659257248044014,0.1972866803407669,0.068169966340065,-0.08619754016399384,0.14998769760131836,-0.051634903997182846,-0.3247878849506378,-0.19035649299621582,0.06970995664596558,0.09149812161922455,-0.0852079913020134,0.2827477753162384,-0.030866406857967377,-0.040060948580503464,0.3218611776828766,-0.15812323987483978,-0.03847720846533775
0.21141335368156433,0.7334076166152954,1.3849660158157349,-0.12260661600801592,0.004071415013970487,-0.031563811802303256,-0.022720091729551035,0.009622955402110344,0.007398710068738067,0.3128329575061798,0.03340058326721196,-0.014771366119384677,0.8393162488937378,0.7411493062973022,1.346082329750061,-0.07487102,0.007655315,0.005813025,69.0,1740111841.1696792,0.06464483588933945,0.054841525852680206,0.22455814480781555,0.1920318752527237,-0.05958414077758789,-0.04303576797246933,0.0726722925901413,0.2870451807975769,0.23609445989131927,0.10439427196979523,0.16812123358249664,0.3440087139606476,0.19569915533065796,-0.018141355365514755,0.25836947560310364,0.0666094496846199,0.19932560622692108,0.0685756504535675,-0.08790138363838196,0.15003478527069092,-0.05194220691919327,-0.3252348303794861,-0.19163505733013153,0.06990798562765121,0.09290848672389984,-0.08571025729179382,0.2842468023300171,-0.03045545518398285,-0.040007513016462326,0.32225435972213745,-0.15972678363323212,-0.037811893969774246
0.20779885351657867,0.7335723042488098,1.384366750717163,-0.10672401710501853,0.0035224276922050123,-0.020761526103268927,-0.0224328731129551,0.008852959324375551,0.009146679547717392,0.3114133536815643,0.033407616615295455,-0.015033984184265048,0.8393162488937378,0.7411493062973022,1.346082329750061,-0.05784331,0.0057249516,0.01147826,70.0,1740111841.1924856,0.06767550110816956,0.05582330375909805,0.2245389074087143,0.18900498747825623,-0.058749258518218994,-0.04144132137298584,0.07040783017873764,0.2870279550552368,0.23848716914653778,0.1042032539844513,0.1657615303993225,0.3424312472343445,0.1935703605413437,-0.015495885163545609,0.25946474075317383,0.06831547617912292,0.20029792189598083,0.06675709784030914,-0.08680209517478943,0.14737531542778015,-0.04966104030609131,-0.3227919936180115,-0.19066500663757324,0.0683870017528534,0.09561920166015625,-0.08484416455030441,0.28175753355026245,-0.027800820767879486,-0.039571817964315414,0.3218328654766083,-0.16208073496818542,-0.035502903163433075
0.20645573735237122,0.733515202999115,1.3843821287155151,-0.10672401710501853,0.0035224276922050123,-0.020761526103268927,-0.021297728017094817,0.008740081918698251,0.005892976244029091,0.30779885351657865,0.03357230424880986,-0.015633249282836825,0.8393162488937378,0.7411493062973022,1.346082329750061,-0.060141645,0.0059300736,0.012567155,71.0,1740111841.224715,0.06883938610553741,0.05639028549194336,0.22760872542858124,0.19251792132854462,-0.059799157083034515,-0.0409468449652195,0.07102298736572266,0.2913023829460144,0.24145250022411346,0.10601899027824402,0.16826370358467102,0.34718653559684753,0.19569134712219238,-0.015601571649312973,0.2629318833351135,0.06931810081005096,0.20315447449684143,0.06814032793045044,-0.0886259526014328,0.15007925033569336,-0.049505311995744705,-0.3270128071308136,-0.19358529150485992,0.06986568123102188,0.09599649906158447,-0.08637487143278122,0.2849586308002472,-0.028537914156913757,-0.040079642087221146,0.32585635781288147,-0.16496074199676514,-0.036726731806993484
0.20321477949619293,0.7336598038673401,1.3841354846954346,-0.10672401710501853,0.0035224276922050123,-0.020761526103268927,-0.02181405242648792,0.011549016254933027,0.006650378678789688,0.3032147794961929,0.03365980386734013,-0.01586451530456534,0.8393162488937378,0.7411493062973022,1.346082329750061,-0.05445975,0.0063120276,0.006566897,72.0,1740111841.2557147,0.06641239672899246,0.056521546095609665,0.22348402440547943,0.1886920928955078,-0.05659859627485275,-0.04354539141058922,0.06960970163345337,0.28489747643470764,0.23725897073745728,0.10516588389873505,0.1669117957353592,0.34065598249435425,0.1927194595336914,-0.01717134192585945,0.25761210918426514,0.06597834825515747,0.19927063584327698,0.06670476496219635,-0.08613355457782745,0.1466226577758789,-0.05129684507846832,-0.32352736592292786,-0.19040952622890472,0.0688752830028534,0.0943465530872345,-0.08378175646066666,0.28259098529815674,-0.030148789286613464,-0.041097987443208694,0.31860506534576416,-0.1592731922864914,-0.033290788531303406
0.19835461676120758,0.7338403463363647,1.3841131925582886,-0.10672401710501853,0.0035224276922050123,-0.020761526103268927,-0.022332049181839547,0.016746771441442408,0.006038218299864719,0.3019165903329849,0.033899772167205855,-0.01564183235168448,0.8393162488937378,0.7411493062973022,1.346082329750061,-0.05445975,0.0063120276,0.006566897,73.0,1740111841.290785,0.06641239672899246,0.056521546095609665,0.22348402440547943,0.1886920928955078,-0.05659859627485275,-0.04354539141058922,0.06960970163345337,0.28489747643470764,0.23725897073745728,0.10516588389873505,0.1669117957353592,0.34065598249435425,0.1927194595336914,-0.01717134192585945,0.25761210918426514,0.06597834825515747,0.19927063584327698,0.06670476496219635,-0.08613355457782745,0.1466226577758789,-0.05129684507846832,-0.32352736592292786,-0.19040952622890472,0.0688752830028534,0.0943465530872345,-0.08378175646066666,0.28259098529815674,-0.030148789286613464,-0.041097987443208694,0.31860506534576416,-0.1592731922864914,-0.033290788531303406
0.19711194932460785,0.7341655492782593,1.3844211101531982,-0.08899979747559283,0.00494050349156049,0.0004527016160256372,-0.023390900688419577,0.01645752578504656,0.0026315960942293313,0.29835461676120756,0.03384034633636479,-0.015886807441711337,0.8393162488937378,0.7411493062973022,1.346082329750061,-0.054828152,0.0063551143,0.009627387,74.0,1740111841.325143,0.06468570977449417,0.05618137866258621,0.22153480350971222,0.18875285983085632,-0.05629481375217438,-0.0435471385717392,0.07001111656427383,0.2833975553512573,0.235532745718956,0.10485994815826416,0.16653212904930115,0.3392093777656555,0.1927109658718109,-0.018082667142152786,0.25540342926979065,0.06578847765922546,0.19783447682857513,0.06695742905139923,-0.08668634295463562,0.14679402112960815,-0.05164136365056038,-0.32170331478118896,-0.19024281203746796,0.06920541822910309,0.09357527643442154,-0.08334402740001678,0.28178414702415466,-0.031319670379161835,-0.04037800803780556,0.31646934151649475,-0.15751011669635773,-0.03407318890094757
0.19269704818725586,0.7339954376220703,1.3845325708389282,-0.08899979747559283,0.00494050349156049,0.0004527016160256372,-0.023077494001873488,0.021837762924329006,0.00451625771028827,0.29256231188774107,0.03315334320068364,-0.016243720054626376,0.8393162488937378,0.7411493062973022,1.346082329750061,-0.055187926,0.00618653,0.00857041,75.0,1740111841.35884,0.06483806669712067,0.05663822591304779,0.21861793100833893,0.18531814217567444,-0.05536242574453354,-0.04568801075220108,0.06779101490974426,0.278642863035202,0.23541302978992462,0.10260283946990967,0.16342489421367645,0.3339760899543762,0.1901838332414627,-0.020485233515501022,0.2539083957672119,0.06398623436689377,0.19816100597381592,0.066541388630867,-0.08620452880859375,0.1427048146724701,-0.0547984354197979,-0.31836822628974915,-0.18802103400230408,0.06816665083169937,0.09544864296913147,-0.08189775794744492,0.28090012073516846,-0.03199494630098343,-0.04170180484652519,0.3100431263446808,-0.1555590033531189,-0.029187969863414764
0.1905665397644043,0.7340359687805176,1.3849272727966309,-0.08899979747559283,0.00494050349156049,0.0004527016160256372,-0.022667354926411906,0.020326095488895548,0.0017954591441142053,0.29269704818725584,0.03399543762207036,-0.015467429161071689,0.8393162488937378,0.7411493062973022,1.346082329750061,-0.045489967,0.006153889,0.003495112,76.0,1740111841.390277,0.06897342205047607,0.05844130739569664,0.2126244455575943,0.16660845279693604,-0.04172990471124649,-0.05129905790090561,0.05745794624090195,0.260395884513855,0.23662897944450378,0.09897316992282867,0.15752167999744415,0.3153257369995117,0.1806398183107376,-0.01885787770152092,0.2488517165184021,0.0600186251103878,0.19513580203056335,0.05638683959841728,-0.07560458779335022,0.12511351704597473,-0.05812712386250496,-0.3107370436191559,-0.17899613082408905,0.06246091425418854,0.10307658463716507,-0.0716640055179596,0.27342671155929565,-0.030442290008068085,-0.04612410441040993,0.29126009345054626,-0.14753758907318115,-0.008844311349093914
0.18904976546764374,0.7341520190238953,1.3849937915802002,-0.08899979747559283,0.00494050349156049,0.0004527016160256372,-0.023204669396715467,0.02057829119608618,0.0012489637202480713,0.2905665397644043,0.03403596878051762,-0.015072727203369052,0.8393162488937378,0.7411493062973022,1.346082329750061,-0.045489967,0.006153889,0.003495112,77.0,1740111841.4234338,0.06897342205047607,0.05844130739569664,0.2126244455575943,0.16660845279693604,-0.04172990471124649,-0.05129905790090561,0.05745794624090195,0.260395884513855,0.23662897944450378,0.09897316992282867,0.15752167999744415,0.3153257369995117,0.1806398183107376,-0.01885787770152092,0.2488517165184021,0.0600186251103878,0.19513580203056335,0.05638683959841728,-0.07560458779335022,0.12511351704597473,-0.05812712386250496,-0.3107370436191559,-0.17899613082408905,0.06246091425418854,0.10307658463716507,-0.0716640055179596,0.27342671155929565,-0.030442290008068085,-0.04612410441040993,0.29126009345054626,-0.14753758907318115,-0.008844311349093914
0.1851024329662323,0.7334988117218018,1.3845043182373047,-0.07942027140464435,-0.002721207515943332,0.0025541158263678644,-0.02217376089094263,0.021049721795789875,0.007190532214340612,0.28629556894302366,0.0336819171905518,-0.015424394607543856,0.8393162488937378,0.7411493062973022,1.346082329750061,-0.045489967,0.006153889,0.003495112,78.0,1740111841.4600337,0.06897342205047607,0.05844130739569664,0.2126244455575943,0.16660845279693604,-0.04172990471124649,-0.05129905790090561,0.05745794624090195,0.260395884513855,0.23662897944450378,0.09897316992282867,0.15752167999744415,0.3153257369995117,0.1806398183107376,-0.01885787770152092,0.2488517165184021,0.0600186251103878,0.19513580203056335,0.05638683959841728,-0.07560458779335022,0.12511351704597473,-0.05812712386250496,-0.3107370436191559,-0.17899613082408905,0.06246091425418854,0.10307658463716507,-0.0716640055179596,0.27342671155929565,-0.030442290008068085,-0.04612410441040993,0.29126009345054626,-0.14753758907318115,-0.008844311349093914
0.18308576941490173,0.7331265211105347,1.384503960609436,-0.07942027140464435,-0.002721207515943332,0.0025541158263678644,-0.02163333299762939,0.02250423043582826,0.00536702839650528,0.2851024329662323,0.0334988117218018,-0.015495681762695224,0.8393162488937378,0.7411493062973022,1.346082329750061,-0.048179295,0.006170176,0.012749068,79.0,1740111841.491986,0.07506442815065384,0.060409512370824814,0.21967822313308716,0.16961893439292908,-0.04353009909391403,-0.050132058560848236,0.05736353248357773,0.268442302942276,0.24603624641895294,0.10190486907958984,0.16099688410758972,0.3239405155181885,0.18274666368961334,-0.017246495932340622,0.2585749626159668,0.06340205669403076,0.20214347541332245,0.05730275437235832,-0.0776665136218071,0.12644320726394653,-0.05793711915612221,-0.3179304301738739,-0.1825018972158432,0.06369726359844208,0.10790476948022842,-0.07342302054166794,0.277367502450943,-0.029516994953155518,-0.04805855080485344,0.29866570234298706,-0.15529517829418182,-0.006991577334702015
0.18173295259475708,0.7330719232559204,1.384389042854309,-0.07942027140464435,-0.002721207515943332,0.0025541158263678644,-0.02265653194685271,0.02271363878636736,0.00502384524109492,0.2830857694149017,0.03312652111053471,-0.015496039390563876,0.8393162488937378,0.7411493062973022,1.346082329750061,-0.04807479,0.0066806823,0.00932955,80.0,1740111841.525148,0.07463596761226654,0.06043809652328491,0.21377018094062805,0.161844402551651,-0.03993534296751022,-0.052935294806957245,0.05322240665555,0.25941792130470276,0.2434595823287964,0.09810912609100342,0.1559261828660965,0.31397324800491333,0.17883162200450897,-0.01938013732433319,0.2535223364830017,0.060835111886262894,0.19993509352207184,0.05462736263871193,-0.07545152306556702,0.11890483647584915,-0.061421480029821396,-0.31094852089881897,-0.17842067778110504,0.06129782646894455,0.110506571829319,-0.06968024373054504,0.2732617259025574,-0.02972669154405594,-0.048830751329660416,0.28746497631073,-0.1502062976360321,0.00044259894639253616
0.17851130664348602,0.7323578596115112,1.3842360973358154,-0.06380857056358374,-0.009397035476073555,0.00023957434432912033,-0.02192868399687892,0.020660125416816135,0.003559552928327978,0.27977158725261686,0.032934474945068404,-0.015496993064880282,0.8393162488937378,0.7411493062973022,1.346082329750061,-0.04353386,0.00481911,0.015175238,81.0,1740111841.5585954,0.07367328554391861,0.06009534001350403,0.21804583072662354,0.1712568700313568,-0.04727926850318909,-0.05109962821006775,0.05736180394887924,0.2697208523750305,0.2451620101928711,0.0996563583612442,0.15969060361385345,0.32399648427963257,0.1840360015630722,-0.02107786387205124,0.2583875358104706,0.06303710490465164,0.20309628546237946,0.060014981776475906,-0.0820702314376831,0.12714248895645142,-0.061148982495069504,-0.3161601722240448,-0.18377771973609924,0.06409454345703125,0.10849238932132721,-0.0746239572763443,0.2789303660392761,-0.030491262674331665,-0.047561537474393845,0.2972610890865326,-0.155085951089859,-0.007572776637971401
0.17641200125217438,0.7318497896194458,1.3841922283172607,-0.06380857056358374,-0.009397035476073555,0.00023957434432912033,-0.02254320408927816,0.019224276292299617,0.005411152680287968,0.278511306643486,0.032357859611511275,-0.01576390266418448,0.8393162488937378,0.7411493062973022,1.346082329750061,-0.039543625,0.002400063,0.020366207,82.0,1740111841.5900373,0.07487872242927551,0.060541436076164246,0.21862661838531494,0.1704677939414978,-0.04783853888511658,-0.051117852330207825,0.056609585881233215,0.2701925039291382,0.24668003618717194,0.09915055334568024,0.1590869128704071,0.3237540125846863,0.18372690677642822,-0.02087894082069397,0.2597350776195526,0.06356768310070038,0.20420214533805847,0.06004202738404274,-0.08240391314029694,0.12598377466201782,-0.061418723315000534,-0.31587061285972595,-0.18366739153862,0.0635143518447876,0.10997681319713593,-0.07482844591140747,0.2789945602416992,-0.029525719583034515,-0.04786945506930351,0.2972295582294464,-0.1562548726797104,-0.006075351499021053
0.17549753189086914,0.7315598130226135,1.3842277526855469,-0.06380857056358374,-0.009397035476073555,0.00023957434432912033,-0.022619060235247623,0.01758577833058651,0.005708432630337124,0.27641200125217436,0.031849789619445845,-0.01580777168273917,0.8393162488937378,0.7411493062973022,1.346082329750061,-0.039543625,0.002400063,0.020366207,83.0,1740111841.6233644,0.07487872242927551,0.060541436076164246,0.21862661838531494,0.1704677939414978,-0.04783853888511658,-0.051117852330207825,0.056609585881233215,0.2701925039291382,0.24668003618717194,0.09915055334568024,0.1590869128704071,0.3237540125846863,0.18372690677642822,-0.02087894082069397,0.2597350776195526,0.06356768310070038,0.20420214533805847,0.06004202738404274,-0.08240391314029694,0.12598377466201782,-0.061418723315000534,-0.31587061285972595,-0.18366739153862,0.0635143518447876,0.10997681319713593,-0.07482844591140747,0.2789945602416992,-0.029525719583034515,-0.04786945506930351,0.2972295582294464,-0.1562548726797104,-0.006075351499021053
0.17275547981262207,0.7306235432624817,1.3842113018035889,-0.06604796532070245,-0.01624489572134512,-0.0050262097110614756,-0.022297933648828212,0.012786305418778132,0.008327112519826122,0.2736519336700439,0.03094129562377934,-0.01577296257019034,0.8393162488937378,0.7411493062973022,1.346082329750061,-0.036302716,0.00046254694,0.025233284,84.0,1740111841.6596653,0.07344137132167816,0.060035742819309235,0.2157219499349594,0.1694362908601761,-0.04786820709705353,-0.05170658603310585,0.05654903128743172,0.2679661214351654,0.24405968189239502,0.09858866035938263,0.15735270082950592,0.32117512822151184,0.18277421593666077,-0.021679691970348358,0.2566717267036438,0.06248995289206505,0.2024758905172348,0.06028519198298454,-0.08216634392738342,0.1255507469177246,-0.06214415654540062,-0.3133278489112854,-0.18224383890628815,0.06350645422935486,0.10819894075393677,-0.07435764372348785,0.27767425775527954,-0.030360206961631775,-0.04752558097243309,0.29408881068229675,-0.15361924469470978,-0.005960836075246334
0.17137807607650757,0.7299206852912903,1.384230613708496,-0.06604796532070245,-0.01624489572134512,-0.0050262097110614756,-0.021775968797027898,0.012148196837051836,0.008817087715326863,0.27275547981262205,0.030623543262481734,-0.015788698196411044,0.8393162488937378,0.7411493062973022,1.346082329750061,-0.034261644,-0.00043325126,0.02738586,85.0,1740111841.693634,0.07414943724870682,0.059763140976428986,0.2177061140537262,0.17187872529029846,-0.04905512183904648,-0.051145318895578384,0.05754043161869049,0.27138155698776245,0.24535316228866577,0.10012732446193695,0.15930303931236267,0.3249538838863373,0.1847345232963562,-0.02114129811525345,0.2587117850780487,0.06286676973104477,0.20408868789672852,0.061441075056791306,-0.08342093229293823,0.12788692116737366,-0.061983030289411545,-0.3166542649269104,-0.18422408401966095,0.0652618259191513,0.10773973166942596,-0.07553055137395859,0.2797567546367645,-0.03149641305208206,-0.04779651388525963,0.29685086011886597,-0.15478749573230743,-0.007241188548505306
0.1705283671617508,0.7296029329299927,1.3841227293014526,-0.06604796532070245,-0.01624489572134512,-0.0050262097110614756,-0.022398727669336788,0.013109288774406189,0.009538134787744592,0.27137807607650755,0.029920685291290328,-0.015769386291503817,0.8393162488937378,0.7411493062973022,1.346082329750061,-0.033650786,-8.933246e-05,0.025933228,86.0,1740111841.7252245,0.0735233873128891,0.06023437902331352,0.21413317322731018,0.1671644151210785,-0.04515691101551056,-0.054009635001420975,0.05515798181295395,0.26462113857269287,0.24359694123268127,0.09920251369476318,0.15794795751571655,0.31870436668395996,0.1813928335905075,-0.02203693613409996,0.25527340173721313,0.060006219893693924,0.20188479125499725,0.05881214514374733,-0.08033811300992966,0.12304585427045822,-0.06426490098237991,-0.31401437520980835,-0.18106335401535034,0.06419335305690765,0.10828732699155807,-0.07219597697257996,0.2772013247013092,-0.032698675990104675,-0.049896012991666794,0.2890954315662384,-0.15005643665790558,-0.0017853984609246254
0.16778159141540527,0.728761613368988,1.3835376501083374,-0.061975416580950425,-0.022826145800625818,-0.006456328024339804,-0.014972974436438536,0.012187898018918944,0.01477533179057761,0.26778159141540525,0.02876161336898808,-0.01646234989166251,0.8393162488937378,0.7411493062973022,1.346082329750061,-0.0312218,-0.0014163107,0.028806195,87.0,1740111841.7564344,0.06932462006807327,0.059601303189992905,0.21092838048934937,0.16941174864768982,-0.04652657359838486,-0.05471879243850708,0.057244330644607544,0.26318636536598206,0.2389879673719406,0.09911969304084778,0.1581084281206131,0.31790298223495483,0.18178370594978333,-0.024455036967992783,0.2510279715061188,0.05815597623586655,0.19907815754413605,0.060837846249341965,-0.08138643205165863,0.125294029712677,-0.06515814363956451,-0.31235307455062866,-0.18090365827083588,0.0653228834271431,0.10433357954025269,-0.07273751497268677,0.2767111659049988,-0.034858979284763336,-0.04910484328866005,0.2868034541606903,-0.14671099185943604,-0.005284651182591915
0.16630235314369202,0.7280369400978088,1.3833305835723877,-0.061975416580950425,-0.022826145800625818,-0.006456328024339804,-0.023691112101089738,0.013010307390225278,0.008783819216125784,0.2680794209241867,0.02891926765441899,-0.016160035133361728,0.8393162488937378,0.7411493062973022,1.346082329750061,-0.0312218,-0.0014163107,0.028806195,88.0,1740111841.792328,0.06932462006807327,0.059601303189992905,0.21092838048934937,0.16941174864768982,-0.04652657359838486,-0.05471879243850708,0.057244330644607544,0.26318636536598206,0.2389879673719406,0.09911969304084778,0.1581084281206131,0.31790298223495483,0.18178370594978333,-0.024455036967992783,0.2510279715061188,0.05815597623586655,0.19907815754413605,0.060837846249341965,-0.08138643205165863,0.125294029712677,-0.06515814363956451,-0.31235307455062866,-0.18090365827083588,0.0653228834271431,0.10433357954025269,-0.07273751497268677,0.2767111659049988,-0.034858979284763336,-0.04910484328866005,0.2868034541606903,-0.14671099185943604,-0.005284651182591915
0.1659424901008606,0.7276641130447388,1.3833112716674805,-0.061975416580950425,-0.022826145800625818,-0.006456328024339804,-0.022395175394434967,0.010803748934603128,0.006278116514501755,0.266302353143692,0.028036940097808882,-0.016669416427612216,0.8393162488937378,0.7411493062973022,1.346082329750061,-0.031979837,-0.00062981993,0.026300855,89.0,1740111841.8236656,0.06720095127820969,0.059068553149700165,0.2077493518590927,0.16959650814533234,-0.047162264585494995,-0.0544813834130764,0.057793326675891876,0.2613731026649475,0.23571695387363434,0.09845656156539917,0.15667951107025146,0.31617122888565063,0.18157747387886047,-0.02567625790834427,0.2475508153438568,0.05741187930107117,0.19730140268802643,0.06198756769299507,-0.082094207406044,0.12588921189308167,-0.06547102332115173,-0.30939850211143494,-0.18031664192676544,0.06554440408945084,0.1022733822464943,-0.07282890379428864,0.27553972601890564,-0.03578287363052368,-0.047864075750112534,0.28423425555229187,-0.14462564885616302,-0.007010909728705883
0.16417522728443146,0.727268397808075,1.3827091455459595,-0.061975416580950425,-0.022826145800625818,-0.006456328024339804,-0.02378336178714273,0.008518573392043535,0.009141962055215233,0.26417522728443144,0.027268397808074996,-0.01729085445404044,0.8393162488937378,0.7411493062973022,1.346082329750061,-0.026455447,-0.001722239,0.02720178,90.0,1740111841.8563445,0.0714675560593605,0.06041208654642105,0.2033676952123642,0.15722990036010742,-0.04155510663986206,-0.0572841539978981,0.05043748766183853,0.2507486641407013,0.2381155788898468,0.09325829148292542,0.149347722530365,0.3042425811290741,0.17533697187900543,-0.026113737374544144,0.24640285968780518,0.0567224957048893,0.1978851705789566,0.056249964982271194,-0.07795111835002899,0.11322148889303207,-0.06919515132904053,-0.3012596070766449,-0.17428378760814667,0.060668572783470154,0.11068996787071228,-0.06783872097730637,0.27027297019958496,-0.03299809992313385,-0.05033143237233162,0.27234676480293274,-0.14260226488113403,0.006951876915991306
0.16211989521980286,0.7264266610145569,1.3818353414535522,-0.03652579964990452,-0.015513605983450031,-0.009360081158497771,-0.024002656907564323,0.008782887382326897,0.010476528019086372,0.2634036898612976,0.026902186870574996,-0.01758422851562491,0.8393162488937378,0.7411493062973022,1.346082329750061,-0.02756057,-0.0016844049,0.027711414,91.0,1740111841.890361,0.07242447882890701,0.06094111502170563,0.20427095890045166,0.15664924681186676,-0.0415184423327446,-0.057497113943099976,0.04964712634682655,0.25119268894195557,0.23912310600280762,0.09334616363048553,0.1495637446641922,0.30421650409698486,0.17510566115379333,-0.025677014142274857,0.24773544073104858,0.05665481463074684,0.19871774315834045,0.05594109371304512,-0.07767660915851593,0.11237622052431107,-0.06926315277814865,-0.30199629068374634,-0.17414310574531555,0.06048327684402466,0.11140267550945282,-0.06803867965936661,0.27071958780288696,-0.03253796696662903,-0.050979625433683395,0.2727888524532318,-0.14327386021614075,0.00844330620020628
0.1614372730255127,0.726081371307373,1.3814836740493774,-0.03652579964990452,-0.015513605983450031,-0.009360081158497771,-0.024057332341601293,0.009860855614718615,0.011084638848058213,0.26211989521980283,0.02642666101455693,-0.018164658546447665,0.8393162488937378,0.7411493062973022,1.346082329750061,-0.024751648,-0.0013813004,0.026122592,92.0,1740111841.9230974,0.07188965380191803,0.060906823724508286,0.20277972519397736,0.15563926100730896,-0.04123649001121521,-0.05830220505595207,0.04933835193514824,0.2493663877248764,0.23789095878601074,0.09277850389480591,0.1486174762248993,0.30239206552505493,0.1741165965795517,-0.02615639567375183,0.24625003337860107,0.05570577085018158,0.19773724675178528,0.0556798093020916,-0.07710960507392883,0.11151985079050064,-0.06988072395324707,-0.30065491795539856,-0.17301321029663086,0.06011491268873215,0.11089864373207092,-0.06743845343589783,0.27002808451652527,-0.032928869128227234,-0.05108882114291191,0.2706739008426666,-0.14175735414028168,0.009187673218548298
0.15957078337669373,0.7253154516220093,1.3801994323730469,-0.03652579964990452,-0.015513605983450031,-0.009360081158497771,-0.0238421319015814,0.013194951404291373,0.010358044774174952,0.2602409332990646,0.02556632757186894,-0.019300961494445712,0.8393162488937378,0.7411493062973022,1.346082329750061,-0.024751648,-0.0013813004,0.026122592,93.0,1740111841.9581163,0.07188965380191803,0.060906823724508286,0.20277972519397736,0.15563926100730896,-0.04123649001121521,-0.05830220505595207,0.04933835193514824,0.2493663877248764,0.23789095878601074,0.09277850389480591,0.1486174762248993,0.30239206552505493,0.1741165965795517,-0.02615639567375183,0.24625003337860107,0.05570577085018158,0.19773724675178528,0.0556798093020916,-0.07710960507392883,0.11151985079050064,-0.06988072395324707,-0.30065491795539856,-0.17301321029663086,0.06011491268873215,0.11089864373207092,-0.06743845343589783,0.27002808451652527,-0.032928869128227234,-0.05108882114291191,0.2706739008426666,-0.14175735414028168,0.009187673218548298
0.15842115879058838,0.7248082756996155,1.3793126344680786,-0.03721864480539868,-0.015074498145991726,-0.022032493829908153,-0.024036493701751597,0.014818422415182756,0.008935231928506928,0.2595707833766937,0.025315451622009322,-0.019800567626953036,0.8393162488937378,0.7411493062973022,1.346082329750061,-0.026779145,-0.0007944405,0.0252724,94.0,1740111841.9899335,0.07046330720186234,0.0604860894382,0.20388229191303253,0.16125942766666412,-0.044857122004032135,-0.05690929293632507,0.05213790759444237,0.25436636805534363,0.23717831075191498,0.09432284533977509,0.1508914679288864,0.3075670003890991,0.17674420773983002,-0.02685985341668129,0.24711894989013672,0.05623909458518028,0.19850336015224457,0.05906185880303383,-0.08022850006818771,0.11685971170663834,-0.0689549446105957,-0.30306556820869446,-0.1757887601852417,0.0621313601732254,0.10781984776258469,-0.07016538083553314,0.2722929120063782,-0.03399483859539032,-0.04985003545880318,0.27545836567878723,-0.14342577755451202,0.003310202620923519
0.1579298973083496,0.7245983481407166,1.378943920135498,-0.03721864480539868,-0.015074498145991726,-0.022032493829908153,-0.024274178262126914,0.015444712107126795,0.007561363401362495,0.25842115879058836,0.024808275699615523,-0.020687365531921298,0.8393162488937378,0.7411493062973022,1.346082329750061,-0.024790213,-0.0035247505,0.03260897,95.0,1740111842.0241804,0.07066136598587036,0.06097317487001419,0.19764864444732666,0.1517941802740097,-0.038158923387527466,-0.05920574069023132,0.04752296581864357,0.24313762784004211,0.23433484137058258,0.0919450968503952,0.14629042148590088,0.29616764187812805,0.1710742861032486,-0.026318084448575974,0.24094507098197937,0.053444426506757736,0.194925457239151,0.05431891605257988,-0.07480742782354355,0.10834824293851852,-0.06998960673809052,-0.296095073223114,-0.17023183405399323,0.0592651441693306,0.10969575494527817,-0.06492795795202255,0.2661725580692291,-0.033435896039009094,-0.0511254258453846,0.26345646381378174,-0.1374458372592926,0.011329922825098038
0.1567750871181488,0.7240346074104309,1.3780847787857056,-0.03721864480539868,-0.015074498145991726,-0.022032493829908153,-0.02446517483059793,0.014731708015467663,0.007000371663859933,0.2567750871181488,0.024034607410430953,-0.021915221214294345,0.8393162488937378,0.7411493062973022,1.346082329750061,-0.028775424,-0.00109189,0.026006013,96.0,1740111842.05882,0.07199250161647797,0.06133896857500076,0.1945214420557022,0.1447099894285202,-0.0339660570025444,-0.05994797497987747,0.044030118733644485,0.23665833473205566,0.23346483707427979,0.09025976061820984,0.14268049597740173,0.2888578176498413,0.1671350747346878,-0.02494066208600998,0.23806187510490417,0.052403539419174194,0.19329452514648438,0.05079561844468117,-0.07080043852329254,0.10189656168222427,-0.06978987902402878,-0.2914430797100067,-0.16634956002235413,0.056858599185943604,0.11181717365980148,-0.06178988516330719,0.2617177963256836,-0.03189137578010559,-0.051691684871912,0.2567139267921448,-0.13498638570308685,0.01730237528681755
0.15569239854812622,0.723243236541748,1.377223253250122,-0.02823690415304999,-0.014192946489714895,-0.021646180251558154,-0.023317032305804564,0.00963295968132538,0.00449763211399797,0.2563226729631424,0.023875820636749312,-0.02224996089935294,0.8393162488937378,0.7411493062973022,1.346082329750061,-0.030899025,-0.002769582,0.032557607,97.0,1740111842.0904062,0.07412887364625931,0.06191571056842804,0.19318483769893646,0.13878950476646423,-0.02975919097661972,-0.060840193182229996,0.040533941239118576,0.23191773891448975,0.23399272561073303,0.08967724442481995,0.1407509744167328,0.28368237614631653,0.1638828068971634,-0.023616120219230652,0.23705032467842102,0.05124278739094734,0.19319038093090057,0.0476837195456028,-0.06722858548164368,0.09623663872480392,-0.0698430985212326,-0.2895175516605377,-0.16364353895187378,0.05507483333349228,0.11415564268827438,-0.059120193123817444,0.2588459253311157,-0.030649378895759583,-0.053161974996328354,0.25162768363952637,-0.13379758596420288,0.023453488945961
0.15518425405025482,0.7229838967323303,1.3769795894622803,-0.02823690415304999,-0.014192946489714895,-0.021646180251558154,-0.0236394801612683,0.009830574640167159,0.003997716345545775,0.2556923985481262,0.02324323654174809,-0.02277674674987784,0.8393162488937378,0.7411493062973022,1.346082329750061,-0.030899025,-0.002769582,0.032557607,98.0,1740111842.1244142,0.07412887364625931,0.06191571056842804,0.19318483769893646,0.13878950476646423,-0.02975919097661972,-0.060840193182229996,0.040533941239118576,0.23191773891448975,0.23399272561073303,0.08967724442481995,0.1407509744167328,0.28368237614631653,0.1638828068971634,-0.023616120219230652,0.23705032467842102,0.05124278739094734,0.19319038093090057,0.0476837195456028,-0.06722858548164368,0.09623663872480392,-0.0698430985212326,-0.2895175516605377,-0.16364353895187378,0.05507483333349228,0.11415564268827438,-0.059120193123817444,0.2588459253311157,-0.030649378895759583,-0.053161974996328354,0.25162768363952637,-0.13379758596420288,0.023453488945961
0.15388649702072144,0.7227012515068054,1.3767473697662354,-0.02823690415304999,-0.014192946489714895,-0.021646180251558154,-0.024287142324219656,0.006561226528584596,0.003485907946714435,0.25410274267196653,0.02258222103118901,-0.023362183570861728,0.8393162488937378,0.7411493062973022,1.346082329750061,-0.033933178,-0.0018715486,0.031419933,99.0,1740111842.158284,0.07378626614809036,0.062170229852199554,0.19307440519332886,0.1394389271736145,-0.029541492462158203,-0.061552513390779495,0.040324337780475616,0.23194840550422668,0.23368634283542633,0.09014172852039337,0.14163964986801147,0.2837960124015808,0.16377213597297668,-0.02413254976272583,0.23696911334991455,0.05034278705716133,0.1931971162557602,0.04770288243889809,-0.06743306666612625,0.09618588536977768,-0.07042676955461502,-0.29044052958488464,-0.16382215917110443,0.055489733815193176,0.11353401094675064,-0.05894407629966736,0.25941649079322815,-0.031458303332328796,-0.05410609766840935,0.2511105239391327,-0.13293854892253876,0.023819709196686745
0.1533227562904358,0.7220980525016785,1.37661612033844,-0.024970071922302082,-0.014272341354493186,-0.0077107067178894565,-0.02298547555230691,0.0073671795495676255,0.006801956874682844,0.2538864970207214,0.022701251506805464,-0.02325263023376456,0.8393162488937378,0.7411493062973022,1.346082329750061,-0.037050962,-0.0051476583,0.041425984,100.0,1740111842.1903074,0.07418838143348694,0.06256337463855743,0.19375592470169067,0.1389234960079193,-0.028440088033676147,-0.061440277844667435,0.03934221714735031,0.23219621181488037,0.23359066247940063,0.0910254716873169,0.1428799331188202,0.283575177192688,0.16330815851688385,-0.022740870714187622,0.23708942532539368,0.04942424222826958,0.19334110617637634,0.0468883253633976,-0.06616377085447311,0.09537213295698166,-0.06897900253534317,-0.29208382964134216,-0.1638178825378418,0.05567023158073425,0.1125636175274849,-0.058740854263305664,0.25913143157958984,-0.031016096472740173,-0.05478918179869652,0.25114431977272034,-0.1325949877500534,0.024314049631357193
0.15269845724105835,0.7216557860374451,1.3769593238830566,-0.024970071922302082,-0.014272341354493186,-0.0077107067178894565,-0.023525883709633353,0.009958389331036108,0.004996548396313832,0.25332275629043577,0.02209805250167851,-0.02338387966155997,0.8393162488937378,0.7411493062973022,1.346082329750061,-0.03764557,-0.0047759265,0.041060645,101.0,1740111842.2248557,0.07363750040531158,0.06259620934724808,0.19309858977794647,0.1387128233909607,-0.02806784212589264,-0.06193605810403824,0.03901046887040138,0.23148426413536072,0.2327672690153122,0.09093521535396576,0.1427333503961563,0.28260210156440735,0.16289755702018738,-0.023035764694213867,0.23624122142791748,0.048662517219781876,0.19266127049922943,0.04663589224219322,-0.06601884961128235,0.09504324942827225,-0.0692688375711441,-0.2918086051940918,-0.16336549818515778,0.05567741394042969,0.11186271905899048,-0.05838090926408768,0.2591331899166107,-0.031333327293395996,-0.05507152900099754,0.25008925795555115,-0.13135205209255219,0.024645280092954636
0.15224921703338623,0.7212193012237549,1.377461552619934,-0.024970071922302082,-0.014272341354493186,-0.0077107067178894565,-0.02332422804549932,0.01091664242239702,0.004860236264053437,0.2522492170333862,0.021219301223754927,-0.02253844738006583,0.8393162488937378,0.7411493062973022,1.346082329750061,-0.037956975,-0.005280912,0.042590387,102.0,1740111842.2560835,0.07547105103731155,0.06298389285802841,0.19455991685390472,0.13708306849002838,-0.026880785822868347,-0.061327021569013596,0.03759301081299782,0.23195604979991913,0.23420941829681396,0.09117041528224945,0.14262531697750092,0.28211891651153564,0.16206401586532593,-0.0212298221886158,0.23776474595069885,0.04884946346282959,0.19395685195922852,0.045413900166749954,-0.06485790759325027,0.09321490675210953,-0.06813347339630127,-0.2925789952278137,-0.16321703791618347,0.055244214832782745,0.11334475874900818,-0.05825802683830261,0.258525550365448,-0.030239693820476532,-0.055514898151159286,0.25032758712768555,-0.13295550644397736,0.026363976299762726
0.1518707275390625,0.7209962606430054,1.3787020444869995,-0.024970071922302082,-0.014272341354493186,-0.0077107067178894565,-0.0242685098756713,0.013424602232309936,0.0017695116465403153,0.25231886506080625,0.020959663391113326,-0.022171163558959872,0.8393162488937378,0.7411493062973022,1.346082329750061,-0.037956975,-0.005280912,0.042590387,103.0,1740111842.2892268,0.07547105103731155,0.06298389285802841,0.19455991685390472,0.13708306849002838,-0.026880785822868347,-0.061327021569013596,0.03759301081299782,0.23195604979991913,0.23420941829681396,0.09117041528224945,0.14262531697750092,0.28211891651153564,0.16206401586532593,-0.0212298221886158,0.23776474595069885,0.04884946346282959,0.19395685195922852,0.045413900166749954,-0.06485790759325027,0.09321490675210953,-0.06813347339630127,-0.2925789952278137,-0.16321703791618347,0.055244214832782745,0.11334475874900818,-0.05825802683830261,0.258525550365448,-0.030239693820476532,-0.055514898151159286,0.25032758712768555,-0.13295550644397736,0.026363976299762726
0.15168344974517822,0.7207092642784119,1.3791654109954834,-0.013718849139049064,-0.01162233883357609,0.021334224545581516,-0.023914011666769163,0.013460953036098802,0.0005729175028666782,0.2518707275390625,0.020996260643005416,-0.0212979555130004,0.8393162488937378,0.7411493062973022,1.346082329750061,-0.034471944,-0.008506767,0.04933237,104.0,1740111842.326342,0.07567329704761505,0.06331662088632584,0.1940641701221466,0.13673433661460876,-0.026949763298034668,-0.061904020607471466,0.03693356364965439,0.23144972324371338,0.23457826673984528,0.09065544605255127,0.14193174242973328,0.2813851237297058,0.16163626313209534,-0.02201095223426819,0.2378319501876831,0.0485229417681694,0.1944088637828827,0.04542994126677513,-0.06529673933982849,0.09235913306474686,-0.06916225701570511,-0.2919631600379944,-0.16296322643756866,0.05503375083208084,0.11408057808876038,-0.058055177330970764,0.2586921453475952,-0.0303482785820961,-0.056005965918302536,0.2490217387676239,-0.13284821808338165,0.027609270066022873
0.15118743479251862,0.7199426293373108,1.3797447681427002,-0.013718849139049064,-0.01162233883357609,0.021334224545581516,-0.023560964841158397,0.019382340655964104,0.005581854063407184,0.2511874347925186,0.019942629337310835,-0.020255231857299716,0.8393162488937378,0.7411493062973022,1.346082329750061,-0.036261663,-0.0054529756,0.042829175,105.0,1740111842.3575563,0.0767168179154396,0.06360705196857452,0.19401714205741882,0.13602182269096375,-0.027854785323143005,-0.061937764286994934,0.03627995029091835,0.23144960403442383,0.23606358468532562,0.08931063115596771,0.14007002115249634,0.28099703788757324,0.1616085171699524,-0.022902712225914,0.23893529176712036,0.0493268258869648,0.19568537175655365,0.0457972027361393,-0.0665709525346756,0.09136971086263657,-0.07051652669906616,-0.29025572538375854,-0.16304829716682434,0.054367631673812866,0.11673124879598618,-0.05823790282011032,0.25897902250289917,-0.029889315366744995,-0.05574289336800575,0.24862968921661377,-0.13429468870162964,0.029106013476848602
0.151108518242836,0.7191246747970581,1.3813318014144897,-0.013718849139049064,-0.01162233883357609,0.021334224545581516,-0.024211304223374374,0.021639501633859047,0.006437832675167151,0.2504433900117874,0.019460964202880904,-0.019991183280944735,0.8393162488937378,0.7411493062973022,1.346082329750061,-0.035899423,-0.004393719,0.03974668,106.0,1740111842.3901098,0.07816463708877563,0.06381727755069733,0.19499246776103973,0.1358771026134491,-0.028771430253982544,-0.061279796063899994,0.03618320822715759,0.23278824985027313,0.23794254660606384,0.08919373154640198,0.13942711055278778,0.28213784098625183,0.16175884008407593,-0.022470857948064804,0.24072790145874023,0.050602689385414124,0.19710685312747955,0.04606715217232704,-0.06697618216276169,0.09119863063097,-0.0703519657254219,-0.29017922282218933,-0.16340118646621704,0.054109685122966766,0.1183357834815979,-0.058740898966789246,0.2589709758758545,-0.0289621502161026,-0.05556619539856911,0.2500508427619934,-0.13653214275836945,0.02965095266699791
0.15133042633533478,0.7186976075172424,1.3819141387939453,-0.003530085970132174,-0.020115723522343653,0.027486124620930367,-0.02253759322196435,0.02148804533208323,0.006113523167491595,0.251108518242836,0.01912467479705815,-0.018668198585510165,0.8393162488937378,0.7411493062973022,1.346082329750061,-0.035899423,-0.004393719,0.03974668,107.0,1740111842.4232984,0.07816463708877563,0.06381727755069733,0.19499246776103973,0.1358771026134491,-0.028771430253982544,-0.061279796063899994,0.03618320822715759,0.23278824985027313,0.23794254660606384,0.08919373154640198,0.13942711055278778,0.28213784098625183,0.16175884008407593,-0.022470857948064804,0.24072790145874023,0.050602689385414124,0.19710685312747955,0.04606715217232704,-0.06697618216276169,0.09119863063097,-0.0703519657254219,-0.29017922282218933,-0.16340118646621704,0.054109685122966766,0.1183357834815979,-0.058740898966789246,0.2589709758758545,-0.0289621502161026,-0.05556619539856911,0.2500508427619934,-0.13653214275836945,0.02965095266699791
0.15106110274791718,0.7176932096481323,1.3838011026382446,-0.003530085970132174,-0.020115723522343653,0.027486124620930367,-0.023115528202969433,0.022129298053785194,0.006373419014778913,0.25147620439529417,0.018031406402587935,-0.016667270660400302,0.8393162488937378,0.7411493062973022,1.346082329750061,-0.035899423,-0.004393719,0.03974668,108.0,1740111842.4578373,0.07816463708877563,0.06381727755069733,0.19499246776103973,0.1358771026134491,-0.028771430253982544,-0.061279796063899994,0.03618320822715759,0.23278824985027313,0.23794254660606384,0.08919373154640198,0.13942711055278778,0.28213784098625183,0.16175884008407593,-0.022470857948064804,0.24072790145874023,0.050602689385414124,0.19710685312747955,0.04606715217232704,-0.06697618216276169,0.09119863063097,-0.0703519657254219,-0.29017922282218933,-0.16340118646621704,0.054109685122966766,0.1183357834815979,-0.058740898966789246,0.2589709758758545,-0.0289621502161026,-0.05556619539856911,0.2500508427619934,-0.13653214275836945,0.02965095266699791
0.15133745968341827,0.7168615460395813,1.3854711055755615,-0.003530085970132174,-0.020115723522343653,0.027486124620930367,-0.02419064588247424,0.020554068774726156,0.005054179394985037,0.25106110274791715,0.01769320964813237,-0.016198897361755282,0.8393162488937378,0.7411493062973022,1.346082329750061,-0.030649453,0.00389681,0.0149081275,109.0,1740111842.491786,0.07362743467092514,0.06289666146039963,0.1948259472846985,0.14818191528320312,-0.03777965158224106,-0.06022009253501892,0.04231688007712364,0.24117733538150787,0.23628637194633484,0.09021446108818054,0.14239536225795746,0.29147225618362427,0.1668073832988739,-0.02626878395676613,0.2414919137954712,0.051876407116651535,0.19731637835502625,0.05214576795697212,-0.07481904327869415,0.10188188403844833,-0.07097312808036804,-0.2926408350467682,-0.16808971762657166,0.0578882172703743,0.11260484158992767,-0.06295321136713028,0.26397645473480225,-0.031847961246967316,-0.05415189638733864,0.25753262639045715,-0.13707540929317474,0.018118754029273987
0.15135028958320618,0.7164846062660217,1.386236548423767,0.00019855881750106057,-0.022121805779983125,0.04320806699937557,-0.023832898483634294,0.01958040506824355,0.005351267895981125,0.25133745968341825,0.016861546039581343,-0.014528894424438388,0.8393162488937378,0.7411493062973022,1.346082329750061,-0.027400017,0.0041671917,0.012906641,110.0,1740111842.524144,0.07498781383037567,0.0629585012793541,0.1967034637928009,0.14839383959770203,-0.03843426704406738,-0.05918162688612938,0.0427495576441288,0.24291081726551056,0.2386491745710373,0.0902080088853836,0.14259886741638184,0.29344671964645386,0.16788654029369354,-0.02535255253314972,0.24378210306167603,0.053616322576999664,0.19877994060516357,0.052324820309877396,-0.07512190192937851,0.10249050706624985,-0.07019534707069397,-0.2934218645095825,-0.1691787987947464,0.05783882737159729,0.11444148421287537,-0.06368372589349747,0.26437875628471375,-0.03089269995689392,-0.053415749222040176,0.2600628435611725,-0.13958005607128143,0.01756039634346962
0.1518477350473404,0.7150974869728088,1.3893471956253052,0.00019855881750106057,-0.022121805779983125,0.04320806699937557,-0.023867376423044834,0.01542102755685712,0.0054681248446633085,0.2519859433174133,0.015420603752136275,-0.011670732498168856,0.8393162488937378,0.7411493062973022,1.346082329750061,-0.023696065,0.004518673,0.009329408,111.0,1740111842.5655224,0.07406280189752579,0.06246306002140045,0.19868841767311096,0.1535145342350006,-0.04235893487930298,-0.05795556306838989,0.04579221457242966,0.24791783094406128,0.23959742486476898,0.09105575084686279,0.1442788541316986,0.29901814460754395,0.1710873395204544,-0.026704221963882446,0.2461441457271576,0.05533177778124809,0.20022138953208923,0.05546111986041069,-0.07874974608421326,0.10753539949655533,-0.07036520540714264,-0.295598566532135,-0.17217165231704712,0.05958426743745804,0.11380738765001297,-0.06645318865776062,0.26707884669303894,-0.031771220266819,-0.052186328917741776,0.2653633654117584,-0.14245159924030304,0.012555472552776337
0.15220017731189728,0.7141177654266357,1.3916256427764893,0.00019855881750106057,-0.022121805779983125,0.04320806699937557,-0.0234840767296946,0.012325502099926326,0.004859634111004279,0.25184773504734037,0.015097486972808882,-0.010652804374694735,0.8393162488937378,0.7411493062973022,1.346082329750061,-0.026938021,0.005267516,0.0057981014,112.0,1740111842.5972638,0.07501190900802612,0.06293229758739471,0.19909659028053284,0.1514575034379959,-0.040561139583587646,-0.058756764978170395,0.04463646933436394,0.24633516371250153,0.24030224978923798,0.09119850397109985,0.14431744813919067,0.2975744903087616,0.16981486976146698,-0.026076652109622955,0.24646621942520142,0.05477170646190643,0.20007877051830292,0.054012078791856766,-0.07678428292274475,0.10542107373476028,-0.0706244558095932,-0.2959044277667999,-0.1710076779127121,0.05886160582304001,0.11462409049272537,-0.06537877023220062,0.2664876878261566,-0.0313841849565506,-0.05334309861063957,0.26412466168403625,-0.1418125033378601,0.015341847203671932
0.15243646502494812,0.7135482430458069,1.392791748046875,0.01085126096856868,-0.02933526424603893,0.06548866700330605,-0.022556856551652005,0.011117797092077232,0.006136903693508433,0.25220017731189726,0.014117765426635787,-0.008374357223510653,0.8393162488937378,0.7411493062973022,1.346082329750061,-0.026938021,0.005267516,0.0057981014,113.0,1740111842.6231205,0.07501190900802612,0.06293229758739471,0.19909659028053284,0.1514575034379959,-0.040561139583587646,-0.058756764978170395,0.04463646933436394,0.24633516371250153,0.24030224978923798,0.09119850397109985,0.14431744813919067,0.2975744903087616,0.16981486976146698,-0.026076652109622955,0.24646621942520142,0.05477170646190643,0.20007877051830292,0.054012078791856766,-0.07678428292274475,0.10542107373476028,-0.0706244558095932,-0.2959044277667999,-0.1710076779127121,0.05886160582304001,0.11462409049272537,-0.06537877023220062,0.2664876878261566,-0.0313841849565506,-0.05334309861063957,0.26412466168403625,-0.1418125033378601,0.015341847203671932
0.15323276817798615,0.7121676206588745,1.3966526985168457,0.01085126096856868,-0.02933526424603893,0.06548866700330605,-0.023396814356687837,0.007667161977080484,0.006901437236495647,0.2529601067304611,0.012647020816803023,-0.004645252227783114,0.8393162488937378,0.7411493062973022,1.346082329750061,-0.028807461,0.0052575767,0.007085882,114.0,1740111842.6634388,0.07457783818244934,0.062469374388456345,0.2030540555715561,0.15829330682754517,-0.04521224647760391,-0.05616126209497452,0.04822542518377304,0.2543156147003174,0.24162209033966064,0.09296068549156189,0.14723394811153412,0.3056473731994629,0.17384518682956696,-0.025889046490192413,0.2500784695148468,0.05693620443344116,0.20217615365982056,0.0575539730489254,-0.08066337555646896,0.1118231788277626,-0.06898273527622223,-0.30005818605422974,-0.17512689530849457,0.061012886464595795,0.11307140439748764,-0.06924375891685486,0.2699216604232788,-0.03169981390237808,-0.051693957298994064,0.2727014422416687,-0.1461593508720398,0.00840197317302227
0.1537836492061615,0.7112359404563904,1.399203896522522,0.01085126096856868,-0.02933526424603893,0.06548866700330605,-0.022931086728944526,0.005760993502238554,0.009388480289959837,0.2532327681779861,0.012167620658874556,-0.003347301483154208,0.8393162488937378,0.7411493062973022,1.346082329750061,-0.02669859,0.001803413,0.01908721,115.0,1740111842.6985466,0.07482507079839706,0.062092676758766174,0.20660066604614258,0.16404472291469574,-0.04904427379369736,-0.05491937696933746,0.05144307762384415,0.26069730520248413,0.24420402944087982,0.09437127411365509,0.1498134732246399,0.31295961141586304,0.17768026888370514,-0.027082029730081558,0.25411149859428406,0.05905088409781456,0.20505262911319733,0.06091604754328728,-0.08455030620098114,0.1170591339468956,-0.06926693022251129,-0.30404171347618103,-0.17901037633419037,0.06296601891517639,0.11342554539442062,-0.0724564716219902,0.2736302316188812,-0.03259902447462082,-0.05081406608223915,0.2792513072490692,-0.15060341358184814,0.004147953353822231
0.15444540977478027,0.7103361487388611,1.4018001556396484,0.021064755028682863,-0.02857742003511607,0.07817590734286033,-0.022599198353666715,0.006030385625914636,0.011296890844037257,0.2537836492061615,0.011235940456390425,-0.0007961034774779385,0.8393162488937378,0.7411493062973022,1.346082329750061,-0.027222723,-0.0011103973,0.027965553,116.0,1740111842.7311883,0.07667875289916992,0.0625339150428772,0.20413938164710999,0.1571531742811203,-0.04466341435909271,-0.057310931384563446,0.04781346395611763,0.2538452744483948,0.24560345709323883,0.09219390153884888,0.1472042053937912,0.3062916696071625,0.17473629117012024,-0.026835568249225616,0.2526218295097351,0.05822121351957321,0.20461919903755188,0.05712362006306648,-0.08134537935256958,0.11049991101026535,-0.0711691677570343,-0.3009277582168579,-0.1757945716381073,0.0608271062374115,0.11745861917734146,-0.06884773820638657,0.27105802297592163,-0.03204983472824097,-0.052136775106191635,0.2718818485736847,-0.14829452335834503,0.011685545556247234
0.1551840603351593,0.7094760537147522,1.40438711643219,0.021064755028682863,-0.02857742003511607,0.07817590734286033,-0.022297000804697115,0.00580603655576257,0.01405655652830295,0.25484260022640226,0.009966838359832808,0.003144240379333585,0.8393162488937378,0.7411493062973022,1.346082329750061,-0.025194839,0.0020993575,0.017079614,117.0,1740111842.7643464,0.0754590630531311,0.061551306396722794,0.21085360646247864,0.16904766857624054,-0.05236728489398956,-0.0541144460439682,0.05366348847746849,0.2669977843761444,0.24726997315883636,0.09510429203510284,0.1530347317457199,0.31955623626708984,0.1822882890701294,-0.02745545655488968,0.25847119092941284,0.06130809709429741,0.20821699500083923,0.06348103284835815,-0.08833247423171997,0.12156829982995987,-0.069267638027668,-0.30901050567626953,-0.18303035199642181,0.06486321240663528,0.11425047367811203,-0.07549679279327393,0.27811604738235474,-0.03325958549976349,-0.04964866116642952,0.285810261964798,-0.1550767719745636,0.0006397943943738937
0.15628263354301453,0.7087700366973877,1.406975269317627,0.021064755028682863,-0.02857742003511607,0.07817590734286033,-0.022348571095325582,0.005627561174401595,0.01318062424561928,0.2551840603351593,0.009476053714752242,0.00438711643219003,0.8393162488937378,0.7411493062973022,1.346082329750061,-0.025194839,0.0020993575,0.017079614,118.0,1740111842.798485,0.0754590630531311,0.061551306396722794,0.21085360646247864,0.16904766857624054,-0.05236728489398956,-0.0541144460439682,0.05366348847746849,0.2669977843761444,0.24726997315883636,0.09510429203510284,0.1530347317457199,0.31955623626708984,0.1822882890701294,-0.02745545655488968,0.25847119092941284,0.06130809709429741,0.20821699500083923,0.06348103284835815,-0.08833247423171997,0.12156829982995987,-0.069267638027668,-0.30901050567626953,-0.18303035199642181,0.06486321240663528,0.11425047367811203,-0.07549679279327393,0.27811604738235474,-0.03325958549976349,-0.04964866116642952,0.285810261964798,-0.1550767719745636,0.0006397943943738937
0.15699924528598785,0.7080701589584351,1.4093788862228394,0.02049894382256219,-0.02183616847630402,0.07317029260915833,-0.021789983183504134,0.00610304689817941,0.014512503547233786,0.2562826335430145,0.00877003669738774,0.006975269317627042,0.8393162488937378,0.7411493062973022,1.346082329750061,-0.027993992,0.0043294504,0.010691844,119.0,1740111842.8311837,0.07464461773633957,0.061176400631666183,0.21201930940151215,0.17048047482967377,-0.05278206616640091,-0.053841717541217804,0.05482906848192215,0.2682124078273773,0.24691979587078094,0.09546640515327454,0.1541496068239212,0.32061487436294556,0.18370260298252106,-0.027451645582914352,0.2585933208465576,0.06164788082242012,0.20783518254756927,0.0639740377664566,-0.08874721825122833,0.12329431623220444,-0.06879758089780807,-0.3105309307575226,-0.1837465912103653,0.06527718901634216,0.11353069543838501,-0.07624474912881851,0.2791823148727417,-0.03349214047193527,-0.04885513707995415,0.2876269519329071,-0.15557831525802612,-0.001211916096508503
0.15778857469558716,0.7077879309654236,1.4118473529815674,0.02049894382256219,-0.02183616847630402,0.07317029260915833,-0.022836771963174803,0.00514241179243216,0.01339474326370906,0.2572553366422653,0.008157062530517623,0.01063547134399423,0.8393162488937378,0.7411493062973022,1.346082329750061,-0.037401766,0.007126592,0.00672327,120.0,1740111842.8655958,0.07941419631242752,0.06317100673913956,0.20733588933944702,0.1530352085828781,-0.04043090343475342,-0.058852143585681915,0.04501814395189285,0.2515968084335327,0.24845878779888153,0.0912129282951355,0.14792276918888092,0.30305764079093933,0.17515301704406738,-0.025176241993904114,0.25454238057136536,0.05793123319745064,0.2061503529548645,0.05422860011458397,-0.0787281021475792,0.10611087828874588,-0.07190888375043869,-0.30368199944496155,-0.17525699734687805,0.05945504456758499,0.12142619490623474,-0.06755347549915314,0.2722037434577942,-0.031647831201553345,-0.05282412841916084,0.2698231339454651,-0.14950871467590332,0.017783548682928085
0.15838810801506042,0.7072866559028625,1.4138745069503784,0.02049894382256219,-0.02183616847630402,0.07317029260915833,-0.024179320833266495,0.0075433731595051685,0.01533387747886889,0.25778857469558714,0.007787930965423628,0.011847352981567472,0.8393162488937378,0.7411493062973022,1.346082329750061,-0.03575667,0.0040122643,0.01750192,121.0,1740111842.8924234,0.07788947969675064,0.06217776611447334,0.21156933903694153,0.16298259794712067,-0.04678460955619812,-0.05693305283784866,0.049813784658908844,0.26148295402526855,0.24984778463840485,0.0934772789478302,0.15282075107097626,0.3138837516307831,0.18107208609580994,-0.02601272240281105,0.25874266028404236,0.060304027050733566,0.20857997238636017,0.05878613516688347,-0.08447833359241486,0.11546992510557175,-0.07094401121139526,-0.3102065622806549,-0.18080390989780426,0.06311695277690887,0.1183185875415802,-0.07216720283031464,0.27800676226615906,-0.033424898982048035,-0.051332514733076096,0.28019359707832336,-0.15330328047275543,0.008273517712950706
0.15883082151412964,0.7066709399223328,1.414773941040039,0.02049894382256219,-0.02183616847630402,0.07317029260915833,-0.022757968162598445,0.008231310546904201,0.017036021907548736,0.2583881080150604,0.007286655902862593,0.013874506950378507,0.8393162488937378,0.7411493062973022,1.346082329750061,-0.041959155,0.00056421757,0.031139195,122.0,1740111842.9238296,0.07869022339582443,0.06212834268808365,0.212401881814003,0.16257981956005096,-0.046139150857925415,-0.05712002515792847,0.04943011328577995,0.262038916349411,0.2503887414932251,0.09390957653522491,0.15340155363082886,0.31411755084991455,0.18137164413928986,-0.02515319362282753,0.25943195819854736,0.0604141540825367,0.20893451571464539,0.05836028233170509,-0.08395494520664215,0.11530271917581558,-0.07054255902767181,-0.31167396903038025,-0.1809253692626953,0.06331752985715866,0.11795572936534882,-0.07207153737545013,0.27867743372917175,-0.033623598515987396,-0.05155114457011223,0.28067663311958313,-0.15360711514949799,0.008939293213188648
0.16012905538082123,0.706195056438446,1.4178080558776855,0.022113782922016642,-0.016645695711439656,0.06478357020980488,-0.0230143106049405,0.006186680681940202,0.014749246151619622,0.25978015959262846,0.006384956836700484,0.017007327079773038,0.8393162488937378,0.7411493062973022,1.346082329750061,-0.041959155,0.00056421757,0.031139195,123.0,1740111842.9596004,0.07869022339582443,0.06212834268808365,0.212401881814003,0.16257981956005096,-0.046139150857925415,-0.05712002515792847,0.04943011328577995,0.262038916349411,0.2503887414932251,0.09390957653522491,0.15340155363082886,0.31411755084991455,0.18137164413928986,-0.02515319362282753,0.25943195819854736,0.0604141540825367,0.20893451571464539,0.05836028233170509,-0.08395494520664215,0.11530271917581558,-0.07054255902767181,-0.31167396903038025,-0.1809253692626953,0.06331752985715866,0.11795572936534882,-0.07207153737545013,0.27867743372917175,-0.033623598515987396,-0.05155114457011223,0.28067663311958313,-0.15360711514949799,0.008939293213188648
0.16020143032073975,0.7056034803390503,1.4191248416900635,0.022113782922016642,-0.016645695711439656,0.06478357020980488,-0.0239521572873911,0.0082664723522001,0.02070994556476938,0.2601290553808212,0.006195056438446089,0.017808055877685636,0.8393162488937378,0.7411493062973022,1.346082329750061,-0.057776958,0.002010174,0.04031087,124.0,1740111842.9921434,0.08123704046010971,0.06276966631412506,0.21318763494491577,0.15840856730937958,-0.04264620691537857,-0.05770714208483696,0.04691454395651817,0.25945940613746643,0.2519407868385315,0.09377633035182953,0.15261836349964142,0.31090134382247925,0.17977552115917206,-0.023414358496665955,0.26018908619880676,0.06007489189505577,0.20969347655773163,0.05594721809029579,-0.08121640235185623,0.11108507961034775,-0.07043422013521194,-0.31168729066848755,-0.17966344952583313,0.062064819037914276,0.12056076526641846,-0.07043801993131638,0.27769559621810913,-0.03294285386800766,-0.0525011382997036,0.27814781665802,-0.15400390326976776,0.01408785954117775
0.16075506806373596,0.7057961225509644,1.4199808835983276,0.022113782922016642,-0.016645695711439656,0.06478357020980488,-0.02493221817448433,0.006705489072451405,0.017136129724596258,0.2602014303207397,0.005603480339050337,0.019124841690063565,0.8393162488937378,0.7411493062973022,1.346082329750061,-0.043071624,0.0066660494,-0.006454058,125.0,1740111843.024102,0.08200263977050781,0.062081143260002136,0.21104736626148224,0.15234412252902985,-0.03909581899642944,-0.05809415131807327,0.046005118638277054,0.2533915042877197,0.251785010099411,0.09218813478946686,0.14942707121372223,0.30574309825897217,0.17785854637622833,-0.022777177393436432,0.25762295722961426,0.06072090193629265,0.20760247111320496,0.05329016223549843,-0.07772333920001984,0.10740219801664352,-0.07081032544374466,-0.3072860538959503,-0.1771545112133026,0.05962581932544708,0.12341103702783585,-0.06788035482168198,0.2741900682449341,-0.03183148056268692,-0.051502060145139694,0.27365317940711975,-0.15229420363903046,0.017730485647916794
0.16163791716098785,0.7051632404327393,1.4217115640640259,0.015333336942047656,-0.013754073336292479,0.047630698611005856,-0.023972126036924914,0.00676802047415286,0.018378452405427282,0.2609000563621521,0.0048903107643127885,0.021105027198791593,0.8393162488937378,0.7411493062973022,1.346082329750061,-0.036528252,0.006141871,-0.009220749,126.0,1740111843.0588365,0.08090309798717499,0.06165408715605736,0.21244312822818756,0.15762272477149963,-0.04293134808540344,-0.05738873779773712,0.048465900123119354,0.25814488530158997,0.25256237387657166,0.0927242785692215,0.15076874196529388,0.3109896183013916,0.18061111867427826,-0.02450265735387802,0.2594161629676819,0.061948012560606,0.20895525813102722,0.05625200644135475,-0.08154038339853287,0.11222369223833084,-0.07154827564954758,-0.3091982901096344,-0.1798875331878662,0.06113468110561371,0.12253360450267792,-0.07025360316038132,0.2771110534667969,-0.03263486921787262,-0.050690021365880966,0.2781693935394287,-0.15449108183383942,0.012837948277592659
0.16188202798366547,0.7050778269767761,1.4220963716506958,0.015333336942047656,-0.013754073336292479,0.047630698611005856,-0.024039709688194837,0.00708266571273904,0.018850363700355522,0.26163791716098783,0.005163240432739302,0.021711564064025968,0.8393162488937378,0.7411493062973022,1.346082329750061,-0.033742413,0.00651861,-0.011516966,127.0,1740111843.0898337,0.08276348561048508,0.06193748861551285,0.21278443932533264,0.1548449546098709,-0.040973685681819916,-0.05717233195900917,0.04690612480044365,0.25689074397087097,0.25403037667274475,0.09269842505455017,0.15000420808792114,0.3094536364078522,0.17979782819747925,-0.02297366037964821,0.25995302200317383,0.062363047152757645,0.2096603512763977,0.05472646281123161,-0.07981200516223907,0.10999301820993423,-0.07080738246440887,-0.30877935886383057,-0.17930930852890015,0.060261234641075134,0.12427611649036407,-0.0692264661192894,0.2760184705257416,-0.03154455125331879,-0.05080123618245125,0.2771745026111603,-0.15532730519771576,0.01536236796528101
0.16267749667167664,0.7045883536338806,1.4230647087097168,0.015333336942047656,-0.013754073336292479,0.047630698611005856,-0.023216354327523694,0.007299730854584482,0.014093704041423565,0.2624456793069839,0.004743027687072798,0.022617912292480558,0.8393162488937378,0.7411493062973022,1.346082329750061,-0.033742413,0.00651861,-0.011516966,128.0,1740111843.1242974,0.08276348561048508,0.06193748861551285,0.21278443932533264,0.1548449546098709,-0.040973685681819916,-0.05717233195900917,0.04690612480044365,0.25689074397087097,0.25403037667274475,0.09269842505455017,0.15000420808792114,0.3094536364078522,0.17979782819747925,-0.02297366037964821,0.25995302200317383,0.062363047152757645,0.2096603512763977,0.05472646281123161,-0.07981200516223907,0.10999301820993423,-0.07080738246440887,-0.30877935886383057,-0.17930930852890015,0.060261234641075134,0.12427611649036407,-0.0692264661192894,0.2760184705257416,-0.03154455125331879,-0.05080123618245125,0.2771745026111603,-0.15532730519771576,0.01536236796528101
0.16242776811122894,0.7041980624198914,1.4237291812896729,-0.0010175619946764085,-0.010680265615542979,0.015060731028468416,-0.01723439540511205,-0.06370716830810286,-0.03115888765774277,0.2623834520578384,0.004410731792449996,0.023115134239196866,0.8393162488937378,0.7411493062973022,1.346082329750061,-0.036983,0.007103376,-0.012294181,129.0,1740111843.1580853,0.08364413678646088,0.061860695481300354,0.21323096752166748,0.15306386351585388,-0.03920204937458038,-0.057403530925512314,0.046167563647031784,0.25619131326675415,0.2545963227748871,0.09300622344017029,0.1501927375793457,0.30852118134498596,0.1796249896287918,-0.021736957132816315,0.26003849506378174,0.06266076862812042,0.20951184630393982,0.053479451686143875,-0.07852310687303543,0.10889921337366104,-0.07014495134353638,-0.30913740396499634,-0.17904138565063477,0.059915825724601746,0.12492402642965317,-0.06839977204799652,0.2755328416824341,-0.03129290044307709,-0.05067845806479454,0.2767735719680786,-0.15559031069278717,0.016626065596938133
0.16240975260734558,0.7035074234008789,1.4242302179336548,-0.0010175619946764085,-0.010680265615542979,0.015060731028468416,-0.009148208763229118,-0.13123694040289194,-0.0766836826977113,0.2624277681112289,0.004198062419891402,0.02372918128967294,0.8393162488937378,0.7411493062973022,1.346082329750061,-0.04323827,0.007851273,0.0004851222,130.0,1740111843.1889448,0.08489955216646194,0.0618344210088253,0.21512456238269806,0.152180477976799,-0.03832080960273743,-0.05742289125919342,0.04628031700849533,0.25656792521476746,0.25676000118255615,0.09339016675949097,0.15097907185554504,0.30954381823539734,0.18031269311904907,-0.020812708884477615,0.26186588406562805,0.06409882754087448,0.2100207805633545,0.05274483188986778,-0.07774809002876282,0.10904110223054886,-0.06976418942213058,-0.3102317452430725,-0.17968836426734924,0.05967060476541519,0.12678080797195435,-0.06822306662797928,0.2758149206638336,-0.03076479583978653,-0.05032123997807503,0.2785828113555908,-0.15715816617012024,0.017295166850090027
0.1636035442352295,0.7039365768432617,1.4244264364242554,-0.0010175619946764085,-0.010680265615542979,0.015060731028468416,-0.023871072085902053,0.008367414087770024,0.01607280457183595,0.26240975260734556,0.0035074234008789507,0.024230217933654874,0.8393162488937378,0.7411493062973022,1.346082329750061,-0.045266375,0.0002411604,0.025252387,131.0,1740111843.2244816,0.07711164653301239,0.0624781996011734,0.19877314567565918,0.13988009095191956,-0.02881326526403427,-0.05663908272981644,0.037366583943367004,0.23987090587615967,0.23617097735404968,0.09122902154922485,0.1442243605852127,0.2857152223587036,0.16410644352436066,-0.01583702862262726,0.24026086926460266,0.0519939586520195,0.1954909861087799,0.0450875498354435,-0.06778796017169952,0.09541485458612442,-0.06240275874733925,-0.2931858003139496,-0.16650712490081787,0.05512137711048126,0.11434327065944672,-0.06012973189353943,0.25802531838417053,-0.02745882049202919,-0.05145936831831932,0.2575191855430603,-0.13924215734004974,0.020084848627448082
0.1634322851896286,0.703472912311554,1.4245123863220215,-0.0010175619946764085,-0.010680265615542979,0.015060731028468416,-0.016649426424423967,-0.03439650687779821,-0.01073037702394134,0.2634322851896286,0.0034729123115539995,0.024512386322021573,0.8393162488937378,0.7411493062973022,1.346082329750061,-0.04417539,-0.00044155866,0.026598096,132.0,1740111843.2574103,0.07710815221071243,0.062358077615499496,0.1991257220506668,0.14059512317180634,-0.029330089688301086,-0.056706301867961884,0.03777149319648743,0.2405419796705246,0.23637065291404724,0.09142328798770905,0.1446586549282074,0.2865506410598755,0.1646760106086731,-0.01600443199276924,0.240675151348114,0.052218783646821976,0.19578546285629272,0.04551814869046211,-0.06817509979009628,0.09624681621789932,-0.06250341981649399,-0.2938694357872009,-0.16694116592407227,0.0554303303360939,0.11398252844810486,-0.06051240861415863,0.2586900591850281,-0.02762269228696823,-0.05137473717331886,0.2583250105381012,-0.1396065354347229,0.01964399963617325
0.1597263067960739,0.702255368232727,1.4232054948806763,0.02972009031301868,-0.0014680199174008572,0.017116787214034052,0.009882228245266226,-0.005110792190712627,0.02974358316735932,0.2640583723783493,0.0035549879074097124,0.024643635749816983,0.8393162488937378,0.7411493062973022,1.346082329750061,-0.04417539,-0.00044155866,0.026598096,133.0,1740111843.2916672,0.07710815221071243,0.062358077615499496,0.1991257220506668,0.14059512317180634,-0.029330089688301086,-0.056706301867961884,0.03777149319648743,0.2405419796705246,0.23637065291404724,0.09142328798770905,0.1446586549282074,0.2865506410598755,0.1646760106086731,-0.01600443199276924,0.240675151348114,0.052218783646821976,0.19578546285629272,0.04551814869046211,-0.06817509979009628,0.09624681621789932,-0.06250341981649399,-0.2938694357872009,-0.16694116592407227,0.0554303303360939,0.11398252844810486,-0.06051240861415863,0.2586900591850281,-0.02762269228696823,-0.05137473717331886,0.2583250105381012,-0.1396065354347229,0.01964399963617325
0.15976382791996002,0.7021698951721191,1.4229928255081177,0.02972009031301868,-0.0014680199174008572,0.017116787214034052,0.010259765024206141,-0.0035699870807929693,0.0289515938133837,0.2597263067960739,0.002255368232727095,0.02320549488067636,0.8393162488937378,0.7411493062973022,1.346082329750061,-0.045530703,0.00021741539,0.024271399,134.0,1740111843.3258014,0.07703753560781479,0.061943527311086655,0.19876424968242645,0.14050143957138062,-0.029709503054618835,-0.055467985570430756,0.03869030624628067,0.2406938076019287,0.23631508648395538,0.09154683351516724,0.1441628634929657,0.28707394003868103,0.16491617262363434,-0.015352185815572739,0.24037078022956848,0.05334467068314552,0.19557009637355804,0.04580892249941826,-0.06792204827070236,0.09698028117418289,-0.06141459569334984,-0.29280754923820496,-0.16707128286361694,0.055421046912670135,0.11403732001781464,-0.060862116515636444,0.2573927640914917,-0.027143418788909912,-0.0502331368625164,0.2590942978858948,-0.14052459597587585,0.018175143748521805
0.16462911665439606,0.7026046514511108,1.423467755317688,0.005705421386675692,-0.009499998808329302,-0.011754639769864555,-0.023407152204245586,0.013402670676612981,0.015936217307455647,0.2608665883541107,0.0024737596511841264,0.024308419227600186,0.8393162488937378,0.7411493062973022,1.346082329750061,-0.044156954,0.001724787,0.017926805,135.0,1740111843.3616586,0.07743242383003235,0.06188255548477173,0.19946445524692535,0.1409791111946106,-0.03035622090101242,-0.0549783930182457,0.03924798592925072,0.24166184663772583,0.23714102804660797,0.09156855940818787,0.14421091973781586,0.28824928402900696,0.1654413342475891,-0.01524948701262474,0.24124714732170105,0.05415014922618866,0.19611959159374237,0.046200547367334366,-0.06824013590812683,0.09771328419446945,-0.061147112399339676,-0.2930288314819336,-0.16752155125141144,0.055443279445171356,0.11449965834617615,-0.06135798245668411,0.25763460993766785,-0.026806533336639404,-0.04988371208310127,0.2604428231716156,-0.14171233773231506,0.01753563992679119
0.1649898737668991,0.7025300860404968,1.4229031801223755,0.005705421386675692,-0.009499998808329302,-0.011754639769864555,-0.024355596835876892,0.012369483676222648,0.011157168996465726,0.26462911665439603,0.0026046514511108843,0.023467755317688077,0.8393162488937378,0.7411493062973022,1.346082329750061,-0.045675028,-0.00010916591,0.022052497,136.0,1740111843.3901987,0.07587839663028717,0.06134278327226639,0.19864800572395325,0.14232237637043,-0.03138617426156998,-0.054420605301856995,0.04054504260420799,0.2421237677335739,0.23525093495845795,0.09164737164974213,0.1441858857870102,0.28867068886756897,0.1658921092748642,-0.015338342636823654,0.23962321877479553,0.05418604612350464,0.19480334222316742,0.04690321907401085,-0.06858319789171219,0.09951996058225632,-0.06024213507771492,-0.2924429774284363,-0.16761618852615356,0.05579338222742081,0.11233687400817871,-0.061864085495471954,0.2572515904903412,-0.026932835578918457,-0.048887792974710464,0.2611280679702759,-0.14090502262115479,0.014762802980840206
0.16508235037326813,0.7021826505661011,1.422653317451477,0.005705421386675692,-0.009499998808329302,-0.011754639769864555,-0.02314418573088084,0.01268521234827765,0.007813862164752765,0.2649898737668991,0.0025300860404968706,0.022903180122375577,0.8393162488937378,0.7411493062973022,1.346082329750061,-0.045675028,-0.00010916591,0.022052497,137.0,1740111843.4227943,0.07587839663028717,0.06134278327226639,0.19864800572395325,0.14232237637043,-0.03138617426156998,-0.054420605301856995,0.04054504260420799,0.2421237677335739,0.23525093495845795,0.09164737164974213,0.1441858857870102,0.28867068886756897,0.1658921092748642,-0.015338342636823654,0.23962321877479553,0.05418604612350464,0.19480334222316742,0.04690321907401085,-0.06858319789171219,0.09951996058225632,-0.06024213507771492,-0.2924429774284363,-0.16761618852615356,0.05579338222742081,0.11233687400817871,-0.061864085495471954,0.2572515904903412,-0.026932835578918457,-0.048887792974710464,0.2611280679702759,-0.14090502262115479,0.014762802980840206
0.1650993824005127,0.7015764117240906,1.4210799932479858,0.005705421386675692,-0.009499998808329302,-0.011754639769864555,-0.022845539247986997,0.015920316989905127,0.01570435956912214,0.2650993824005127,0.0015764117240906206,0.02107999324798593,0.8393162488937378,0.7411493062973022,1.346082329750061,-0.045675028,-0.00010916591,0.022052497,138.0,1740111843.4566429,0.07587839663028717,0.06134278327226639,0.19864800572395325,0.14232237637043,-0.03138617426156998,-0.054420605301856995,0.04054504260420799,0.2421237677335739,0.23525093495845795,0.09164737164974213,0.1441858857870102,0.28867068886756897,0.1658921092748642,-0.015338342636823654,0.23962321877479553,0.05418604612350464,0.19480334222316742,0.04690321907401085,-0.06858319789171219,0.09951996058225632,-0.06024213507771492,-0.2924429774284363,-0.16761618852615356,0.05579338222742081,0.11233687400817871,-0.061864085495471954,0.2572515904903412,-0.026932835578918457,-0.048887792974710464,0.2611280679702759,-0.14090502262115479,0.014762802980840206
0.16571557521820068,0.7009444236755371,1.419385552406311,0.00855953581240752,-0.012093954706351925,-0.028625957978682313,-0.023217237802601584,0.01509282225183136,0.012525867662345612,0.2659589260816574,0.0015854120254517046,0.019352293014526456,0.8393162488937378,0.7411493062973022,1.346082329750061,-0.039197013,0.0070172697,0.006566599,139.0,1740111843.4915092,0.08315449208021164,0.05970769748091698,0.2254762053489685,0.17466983199119568,-0.05372052639722824,-0.0509268082678318,0.057598453015089035,0.28092145919799805,0.260812908411026,0.09899602830410004,0.159641295671463,0.3350572884082794,0.19342422485351562,-0.02171710506081581,0.2721955478191376,0.07107558101415634,0.21662774682044983,0.06404753029346466,-0.09076651930809021,0.13091009855270386,-0.06630602478981018,-0.32330554723739624,-0.1923937052488327,0.06697160750627518,0.12020730972290039,-0.07975926995277405,0.28796306252479553,-0.03269902616739273,-0.04578616842627525,0.3041817843914032,-0.16922201216220856,-0.004390417598187923
0.1653614044189453,0.7007204294204712,1.4185584783554077,0.00855953581240752,-0.012093954706351925,-0.028625957978682313,-0.023544078401806078,0.015643283222412332,0.014383930499046097,0.26571557521820066,0.0009444236755371538,0.019385552406311124,0.8393162488937378,0.7411493062973022,1.346082329750061,-0.038340144,0.006993726,0.0041637197,140.0,1740111843.5242178,0.08255641907453537,0.05977952480316162,0.2264566719532013,0.17678171396255493,-0.05486779659986496,-0.050390880554914474,0.05833684280514717,0.28299832344055176,0.26052409410476685,0.09958226978778839,0.160914808511734,0.3368743062019348,0.19441983103752136,-0.021433323621749878,0.27257877588272095,0.07128297537565231,0.2167530208826065,0.06489180028438568,-0.09156334400177002,0.13280799984931946,-0.06519665569067001,-0.3247222304344177,-0.19338282942771912,0.06752067059278488,0.11867181211709976,-0.08085490763187408,0.2889474630355835,-0.03245963156223297,-0.045268941670656204,0.3065241575241089,-0.16992487013339996,-0.006800697185099125
0.16114641726016998,0.699069082736969,1.4154618978500366,0.00855953581240752,-0.012093954706351925,-0.028625957978682313,0.011627182007120172,-0.0023300321119292537,0.0267464414104285,0.2658912748098373,8.486509323124558e-05,0.017425036430358976,0.8393162488937378,0.7411493062973022,1.346082329750061,-0.03984537,0.006760657,0.0070228875,141.0,1740111843.5592134,0.08115021884441376,0.05942700058221817,0.22681081295013428,0.1792922466993332,-0.0562710165977478,-0.04952799528837204,0.0599844865500927,0.28506141901016235,0.25937849283218384,0.10012128949165344,0.16156774759292603,0.33869704604148865,0.19544942677021027,-0.021832715719938278,0.2722145915031433,0.07143063098192215,0.21641892194747925,0.06633348762989044,-0.09276631474494934,0.13513398170471191,-0.06455099582672119,-0.32521525025367737,-0.1942633092403412,0.06831366568803787,0.11708886921405792,-0.08217339217662811,0.28935596346855164,-0.03290027379989624,-0.04446439817547798,0.3085388243198395,-0.17046016454696655,-0.010102923028171062
0.16584476828575134,0.6996892094612122,1.4154843091964722,0.0016929918139858922,-0.013330031350692328,-0.041438430723678484,-0.024211512479783908,0.01040766145633051,0.013428239317254512,0.26114641726016996,-0.0009309172630309615,0.01546189785003671,0.8393162488937378,0.7411493062973022,1.346082329750061,-0.032727145,0.0061737075,0.0015931204,142.0,1740111843.5903265,0.08021487295627594,0.05950196459889412,0.2270985245704651,0.18102571368217468,-0.05708061903715134,-0.04911205917596817,0.060453835874795914,0.2865631878376007,0.2584191858768463,0.10049493610858917,0.16249190270900726,0.33963528275489807,0.19574519991874695,-0.021748136729002,0.27182042598724365,0.07084182649850845,0.2162250429391861,0.06698714196681976,-0.09343716502189636,0.13618770241737366,-0.06369133293628693,-0.3260487914085388,-0.19466836750507355,0.06879816204309464,0.1155804991722107,-0.08282052725553513,0.28971585631370544,-0.0329771414399147,-0.044329870492219925,0.30960726737976074,-0.17031852900981903,-0.012224809266626835
0.16596512496471405,0.6988292932510376,1.4141488075256348,0.0016929918139858922,-0.013330031350692328,-0.041438430723678484,-0.022565840425085477,0.0094561686208087,0.013804720409855963,0.2658447682857513,-0.0003107905387877974,0.015484309196472257,0.8393162488937378,0.7411493062973022,1.346082329750061,-0.032727145,0.0061737075,0.0015931204,143.0,1740111843.6347852,0.08021487295627594,0.05950196459889412,0.2270985245704651,0.18102571368217468,-0.05708061903715134,-0.04911205917596817,0.060453835874795914,0.2865631878376007,0.2584191858768463,0.10049493610858917,0.16249190270900726,0.33963528275489807,0.19574519991874695,-0.021748136729002,0.27182042598724365,0.07084182649850845,0.2162250429391861,0.06698714196681976,-0.09343716502189636,0.13618770241737366,-0.06369133293628693,-0.3260487914085388,-0.19466836750507355,0.06879816204309464,0.1155804991722107,-0.08282052725553513,0.28971585631370544,-0.0329771414399147,-0.044329870492219925,0.30960726737976074,-0.17031852900981903,-0.012224809266626835
0.1659136265516281,0.6985303163528442,1.4133936166763306,0.0016929918139858922,-0.013330031350692328,-0.041438430723678484,-0.022196295541827993,0.00847812035787826,0.01598203291059383,0.2659136265516281,-0.0014696836471557173,0.013393616676330655,0.8393162488937378,0.7411493062973022,1.346082329750061,-0.037921578,0.0062004477,-0.0047364756,144.0,1740111843.6579657,0.07830800861120224,0.05920812487602234,0.2247847318649292,0.18087977170944214,-0.05707666277885437,-0.049724023789167404,0.06054963916540146,0.28483039140701294,0.25541552901268005,0.10012008249759674,0.16185298562049866,0.33751505613327026,0.19482068717479706,-0.02227776125073433,0.26863282918930054,0.06917392462491989,0.21425564587116241,0.06717245280742645,-0.09293653070926666,0.1359851062297821,-0.06366264075040817,-0.3245446979999542,-0.1933448314666748,0.06872852891683578,0.11292201280593872,-0.08250824362039566,0.2887002229690552,-0.033432506024837494,-0.043976034969091415,0.30727431178092957,-0.16777904331684113,-0.013041730038821697
0.16585516929626465,0.6977412104606628,1.4115651845932007,0.00010400301340536262,-0.01947866180008058,-0.03918857385346363,-0.02294121612212178,0.008664732272173306,0.012890752486626177,0.2656379848718643,-0.0016061186790465865,0.012761807441711515,0.8393162488937378,0.7411493062973022,1.346082329750061,-0.053284302,0.005991243,-0.01674749,145.0,1740111843.6914089,0.07685910165309906,0.059367578476667404,0.22236862778663635,0.1799602210521698,-0.05679403990507126,-0.05012545362114906,0.059994347393512726,0.28253373503685,0.25294944643974304,0.09938323497772217,0.16070765256881714,0.33492472767829895,0.19333936274051666,-0.022805161774158478,0.2658003866672516,0.0678401067852974,0.2126082479953766,0.06703117489814758,-0.09235559403896332,0.13481342792510986,-0.06373698264360428,-0.32219719886779785,-0.19175204634666443,0.06812737882137299,0.1113237738609314,-0.0819348618388176,0.2871703505516052,-0.03318050503730774,-0.043910715728998184,0.3044026792049408,-0.16552932560443878,-0.01294849906116724
0.16587643325328827,0.6975228786468506,1.410911202430725,0.00010400301340536262,-0.01947866180008058,-0.03918857385346363,-0.02264581231746087,0.008613394993005235,0.012413088743779712,0.2658551692962646,-0.002258789539337114,0.011565184593200772,0.8393162488937378,0.7411493062973022,1.346082329750061,-0.06361563,0.006015949,-0.014561698,146.0,1740111843.7236388,0.0752563551068306,0.05898621678352356,0.2206672728061676,0.17972257733345032,-0.05684933066368103,-0.049803052097558975,0.06049706041812897,0.28114765882492065,0.25060829520225525,0.09899169206619263,0.15995366871356964,0.3332222104072571,0.19264793395996094,-0.022932004183530807,0.26344242691993713,0.0672687292098999,0.21077102422714233,0.06705883145332336,-0.09199179708957672,0.13483130931854248,-0.0631323754787445,-0.32025930285453796,-0.19083313643932343,0.06794068217277527,0.10992112010717392,-0.08170259743928909,0.2856178879737854,-0.033260367810726166,-0.04321035370230675,0.3030252158641815,-0.16394738852977753,-0.014282054267823696
0.16600529849529266,0.6972315311431885,1.4098126888275146,0.00010400301340536262,-0.01947866180008058,-0.03918857385346363,-0.022618484516569982,0.008919664114488026,0.007524302208579806,0.26600529849529264,-0.002768468856811479,0.009812688827514737,0.8393162488937378,0.7411493062973022,1.346082329750061,-0.07675773,0.007130474,-0.01199688,147.0,1740111843.755465,0.07449767738580704,0.05867276340723038,0.22060881555080414,0.1810891330242157,-0.0576881542801857,-0.0487556979060173,0.06150825694203377,0.2825147211551666,0.2498534768819809,0.09936924278736115,0.160135418176651,0.3343198895454407,0.1931638866662979,-0.022699803113937378,0.26308563351631165,0.06776215881109238,0.21037426590919495,0.06770217418670654,-0.09280988574028015,0.13618823885917664,-0.06215915456414223,-0.3199686110019684,-0.19136247038841248,0.06840429455041885,0.1091998964548111,-0.08229856938123703,0.28515827655792236,-0.03330868482589722,-0.042460519820451736,0.3042563199996948,-0.1644166260957718,-0.01674024760723114
0.16583585739135742,0.6966093182563782,1.4062901735305786,0.00010400301340536262,-0.01947866180008058,-0.03918857385346363,-0.022946641655369106,0.016610691607464433,0.027073905463349954,0.2656806021928787,-0.0031703233718871626,0.008839821815490811,0.8393162488937378,0.7411493062973022,1.346082329750061,-0.07675773,0.007130474,-0.01199688,148.0,1740111843.7904906,0.07449767738580704,0.05867276340723038,0.22060881555080414,0.1810891330242157,-0.0576881542801857,-0.0487556979060173,0.06150825694203377,0.2825147211551666,0.2498534768819809,0.09936924278736115,0.160135418176651,0.3343198895454407,0.1931638866662979,-0.022699803113937378,0.26308563351631165,0.06776215881109238,0.21037426590919495,0.06770217418670654,-0.09280988574028015,0.13618823885917664,-0.06215915456414223,-0.3199686110019684,-0.19136247038841248,0.06840429455041885,0.1091998964548111,-0.08229856938123703,0.28515827655792236,-0.03330868482589722,-0.042460519820451736,0.3042563199996948,-0.1644166260957718,-0.01674024760723114
0.1651512235403061,0.6962779760360718,1.4067986011505127,-0.005861678240878607,-0.012184190777953807,-0.039690811703652525,-0.02385257643832307,0.013228278749750421,0.01110808954722147,0.2658358573913574,-0.0033906817436217818,0.006290173530578702,0.8393162488937378,0.7411493062973022,1.346082329750061,-0.07927761,0.008834802,-0.0010328591,149.0,1740111843.8262477,0.07388687878847122,0.058567408472299576,0.22037099301815033,0.1813303679227829,-0.057772085070610046,-0.048669103533029556,0.062048379331827164,0.28240057826042175,0.2491452693939209,0.0995064377784729,0.16031746566295624,0.3343394100666046,0.19322074949741364,-0.022798873484134674,0.2624104917049408,0.06747744977474213,0.20980626344680786,0.06790971755981445,-0.09264329075813293,0.1365814507007599,-0.06201578304171562,-0.31976956129074097,-0.19136837124824524,0.06856058537960052,0.10859346389770508,-0.0823807418346405,0.2848403751850128,-0.0335996150970459,-0.04220626875758171,0.3042403757572174,-0.16388680040836334,-0.0173872672021389
0.16508878767490387,0.6958320736885071,1.4050718545913696,-0.005861678240878607,-0.012184190777953807,-0.039690811703652525,-0.023062669609759213,0.01042264607124775,0.011705952959418293,0.2650176793336868,-0.004169356822967485,0.005452728271484464,0.8393162488937378,0.7411493062973022,1.346082329750061,-0.08123574,0.0095960945,0.010445759,150.0,1740111843.8674412,0.07348735630512238,0.05890967696905136,0.21974197030067444,0.18145166337490082,-0.05761343240737915,-0.0489005371928215,0.06132204830646515,0.2822684645652771,0.24842549860477448,0.09931525588035583,0.16017213463783264,0.33360764384269714,0.1926490217447281,-0.02294536679983139,0.2617506682872772,0.06673414260149002,0.20965754985809326,0.06781899929046631,-0.09312698245048523,0.13607311248779297,-0.06213143840432167,-0.31929197907447815,-0.19110992550849915,0.06849247217178345,0.10822077840566635,-0.08211831003427505,0.2848251461982727,-0.033544376492500305,-0.0425533689558506,0.30342549085617065,-0.16324400901794434,-0.01722252368927002
0.16454064846038818,0.695137083530426,1.4037472009658813,-0.005861678240878607,-0.012184190777953807,-0.039690811703652525,-0.0235045813407177,0.012242755292536647,0.01459893884941995,0.26508878767490385,-0.0041679263114928755,0.005071854591369718,0.8393162488937378,0.7411493062973022,1.346082329750061,-0.08448468,0.009879552,0.0007534027,151.0,1740111843.900387,0.07362758368253708,0.058945704251527786,0.2198014110326767,0.18085908889770508,-0.05697168409824371,-0.049055252224206924,0.060875434428453445,0.28194236755371094,0.24830518662929535,0.09933668375015259,0.16043338179588318,0.33309808373451233,0.19235171377658844,-0.02252928912639618,0.26160910725593567,0.06653612107038498,0.20937255024909973,0.06718957424163818,-0.09266604483127594,0.13551795482635498,-0.06177074834704399,-0.31952613592147827,-0.19086953997612,0.06838668882846832,0.10818072408437729,-0.08169146627187729,0.2845813035964966,-0.03341677784919739,-0.04280247166752815,0.3030916154384613,-0.16281762719154358,-0.016605660319328308
0.16475695371627808,0.6948350667953491,1.4028820991516113,-0.003288806399070846,-0.012036044492793687,-0.03266954773349668,-0.022527529005677706,0.00980796563819797,0.01153775436634861,0.26454064846038816,-0.00486291646957393,0.0037472009658814365,0.8393162488937378,0.7411493062973022,1.346082329750061,-0.07861072,0.0086833015,0.0015258119,152.0,1740111843.9334705,0.0735207125544548,0.059059932827949524,0.21867148578166962,0.17988179624080658,-0.056734733283519745,-0.04949518293142319,0.06020839512348175,0.28059491515159607,0.24782821536064148,0.0987645834684372,0.15942531824111938,0.33162593841552734,0.19150887429714203,-0.023078329861164093,0.2607126533985138,0.06589043885469437,0.20916876196861267,0.06702829897403717,-0.09254942834377289,0.1343560814857483,-0.062392305582761765,-0.3184038996696472,-0.1899721473455429,0.06800336390733719,0.10836490243673325,-0.08126059174537659,0.28410106897354126,-0.03342317044734955,-0.04312736913561821,0.30128058791160583,-0.16209068894386292,-0.01546053122729063
0.16378670930862427,0.6942269206047058,1.4016213417053223,-0.003288806399070846,-0.012036044492793687,-0.03266954773349668,-0.023078159488746922,0.011307571010402221,0.017304054038559242,0.2642890870571136,-0.00519473552703853,0.0022424221038819248,0.8393162488937378,0.7411493062973022,1.346082329750061,-0.07861072,0.0086833015,0.0015258119,153.0,1740111843.9669585,0.0735207125544548,0.059059932827949524,0.21867148578166962,0.17988179624080658,-0.056734733283519745,-0.04949518293142319,0.06020839512348175,0.28059491515159607,0.24782821536064148,0.0987645834684372,0.15942531824111938,0.33162593841552734,0.19150887429714203,-0.023078329861164093,0.2607126533985138,0.06589043885469437,0.20916876196861267,0.06702829897403717,-0.09254942834377289,0.1343560814857483,-0.062392305582761765,-0.3184038996696472,-0.1899721473455429,0.06800336390733719,0.10836490243673325,-0.08126059174537659,0.28410106897354126,-0.03342317044734955,-0.04312736913561821,0.30128058791160583,-0.16209068894386292,-0.01546053122729063
0.16325899958610535,0.6943287253379822,1.4010887145996094,-0.003288806399070846,-0.012036044492793687,-0.03266954773349668,-0.029919101874921708,0.00896462754975343,0.01066158778203808,0.26378670930862425,-0.005773079395294145,0.0016213417053223544,0.8393162488937378,0.7411493062973022,1.346082329750061,-0.07317256,0.007733673,0.0026186183,154.0,1740111843.9928553,0.0728716179728508,0.05908018723130226,0.21918247640132904,0.18140681087970734,-0.05725438892841339,-0.049086567014455795,0.061165135353803635,0.2818244397640228,0.24741129577159882,0.09940506517887115,0.16039694845676422,0.33296146988868713,0.19210781157016754,-0.023039545863866806,0.2607475221157074,0.06579815596342087,0.20893451571464539,0.06758587062358856,-0.09299600124359131,0.13574740290641785,-0.06193379685282707,-0.3193036615848541,-0.19062063097953796,0.06856163591146469,0.10738764703273773,-0.08176537603139877,0.28452759981155396,-0.033856578171253204,-0.04306768253445625,0.3025966286659241,-0.16211149096488953,-0.017082862555980682
0.16281001269817352,0.6933735609054565,1.3996713161468506,-0.0194626539649551,-0.014609987225198772,-0.0320966880851145,-0.022813574594768356,0.010766822870631208,0.01765119469084817,0.2632589995861053,-0.005671274662017778,0.0010887145996094638,0.8393162488937378,0.7411493062973022,1.346082329750061,-0.06697612,0.0055759326,0.00978487,155.0,1740111844.0335174,0.07129164785146713,0.05903273820877075,0.21713481843471527,0.18071585893630981,-0.056749068200588226,-0.04932403564453125,0.06107055023312569,0.2797625958919525,0.24486738443374634,0.09891751408576965,0.1596328169107437,0.3307536542415619,0.1908591389656067,-0.02351335808634758,0.2582011818885803,0.0645059198141098,0.20716221630573273,0.06742364168167114,-0.09240137040615082,0.13502922654151917,-0.06184334680438042,-0.31731122732162476,-0.18947403132915497,0.06825615465641022,0.10603775084018707,-0.08112774044275284,0.2830338478088379,-0.034102633595466614,-0.042977262288331985,0.30032843351364136,-0.15993823111057281,-0.01751743257045746
0.1624283343553543,0.6933507919311523,1.3990342617034912,-0.0194626539649551,-0.014609987225198772,-0.0320966880851145,-0.02458201220476836,0.010149062103345683,0.012158358799583434,0.2628100126981735,-0.006626439094543413,-0.00032868385314932524,0.8393162488937378,0.7411493062973022,1.346082329750061,-0.06818724,0.0053833574,0.009709351,156.0,1740111844.06607,0.07030150294303894,0.058907102793455124,0.21490204334259033,0.17858806252479553,-0.05536806583404541,-0.04979955032467842,0.06020145118236542,0.27662238478660583,0.2425238937139511,0.09828022122383118,0.15849173069000244,0.3273712396621704,0.18918141722679138,-0.023255597800016403,0.25536665320396423,0.06328928470611572,0.20505772531032562,0.06629908084869385,-0.09072357416152954,0.13330450654029846,-0.06147674098610878,-0.3151739239692688,-0.18765123188495636,0.06759566813707352,0.10485346615314484,-0.07978759706020355,0.2810608148574829,-0.03396964073181152,-0.04291919991374016,0.297118216753006,-0.15718357264995575,-0.01663651317358017
0.16210825741291046,0.6927773952484131,1.3983280658721924,-0.0194626539649551,-0.014609987225198772,-0.0320966880851145,-0.022476692311214158,0.010297141886519581,0.010452713823622544,0.2624283343553543,-0.006649208068847612,-0.0009657382965087002,0.8393162488937378,0.7411493062973022,1.346082329750061,-0.06481121,0.0054099187,0.006418146,157.0,1740111844.0976691,0.06959428638219833,0.0587783083319664,0.21362313628196716,0.1780070811510086,-0.05503968149423599,-0.049697503447532654,0.06015895679593086,0.2753554880619049,0.24128757417201996,0.09811946749687195,0.15802335739135742,0.3261822760105133,0.18858681619167328,-0.023281630128622055,0.25391530990600586,0.06292895972728729,0.20396465063095093,0.06608892977237701,-0.09028999507427216,0.13302937150001526,-0.06117984279990196,-0.31385859847068787,-0.18711045384407043,0.06743980199098587,0.10420231521129608,-0.07927199453115463,0.27996107935905457,-0.03395184129476547,-0.042644087225198746,0.2958877980709076,-0.15591438114643097,-0.01684943586587906
0.1606217622756958,0.6921032071113586,1.3971434831619263,-0.0194626539649551,-0.014609987225198772,-0.0320966880851145,-0.02233419578402256,0.012675738916852806,0.017017783087127668,0.26210825741291044,-0.00722260475158687,-0.0016719341278075284,0.8393162488937378,0.7411493062973022,1.346082329750061,-0.06481121,0.0054099187,0.006418146,158.0,1740111844.1319468,0.06959428638219833,0.0587783083319664,0.21362313628196716,0.1780070811510086,-0.05503968149423599,-0.049697503447532654,0.06015895679593086,0.2753554880619049,0.24128757417201996,0.09811946749687195,0.15802335739135742,0.3261822760105133,0.18858681619167328,-0.023281630128622055,0.25391530990600586,0.06292895972728729,0.20396465063095093,0.06608892977237701,-0.09028999507427216,0.13302937150001526,-0.06117984279990196,-0.31385859847068787,-0.18711045384407043,0.06743980199098587,0.10420231521129608,-0.07927199453115463,0.27996107935905457,-0.03395184129476547,-0.042644087225198746,0.2958877980709076,-0.15591438114643097,-0.01684943586587906
0.16013488173484802,0.6920422315597534,1.3963344097137451,-0.01947442363827717,-0.010398836354971306,-0.02478107190373121,-0.024035078165429213,0.013216237256510463,0.0160387884679058,0.2606217622756958,-0.007896792888641313,-0.0028565168380736417,0.8393162488937378,0.7411493062973022,1.346082329750061,-0.063899696,0.005002208,0.004146695,159.0,1740111844.1590738,0.06885562092065811,0.0585697665810585,0.21279872953891754,0.1777585744857788,-0.05499855428934097,-0.04915136843919754,0.060254890471696854,0.2749209403991699,0.2400437295436859,0.0980185866355896,0.15770679712295532,0.32529184222221375,0.18810559809207916,-0.022777583450078964,0.2526354491710663,0.06288432329893112,0.20281489193439484,0.06584236025810242,-0.09002527594566345,0.1329517960548401,-0.060150664299726486,-0.3126428425312042,-0.18664944171905518,0.06723614782094955,0.10337647050619125,-0.07905001938343048,0.2787044048309326,-0.03343525528907776,-0.04201560094952583,0.2954442501068115,-0.1552635133266449,-0.017819222062826157
0.15931841731071472,0.6917394995689392,1.3955949544906616,-0.01947442363827717,-0.010398836354971306,-0.02478107190373121,-0.023756216306594,0.012400360121007788,0.016247295759073695,0.260134881734848,-0.007957768440246538,-0.003665590286254794,0.8393162488937378,0.7411493062973022,1.346082329750061,-0.06062408,0.0053287596,-0.0028296337,160.0,1740111844.191623,0.06781073659658432,0.05823356658220291,0.2118491232395172,0.1783175766468048,-0.055522166192531586,-0.04823184013366699,0.06092848256230354,0.2751333713531494,0.23862333595752716,0.09809131920337677,0.15721797943115234,0.3254116177558899,0.1876835972070694,-0.022677678614854813,0.2513226866722107,0.06303754448890686,0.201800137758255,0.0661516934633255,-0.09040509164333344,0.13353902101516724,-0.05932268872857094,-0.3109319508075714,-0.18663348257541656,0.06721891462802887,0.10263941437005997,-0.07912378013134003,0.27724045515060425,-0.03308195620775223,-0.04126056656241417,0.2955608069896698,-0.1548866629600525,-0.019713696092367172
0.1588209867477417,0.6916080713272095,1.3951752185821533,-0.01947442363827717,-0.010398836354971306,-0.02478107190373121,-0.0237991135614884,0.012711865725354885,0.01696066151396791,0.2593184173107147,-0.008260500431060747,-0.00440504550933829,0.8393162488937378,0.7411493062973022,1.346082329750061,-0.056964807,0.0052655414,-0.0020184666,161.0,1740111844.2245924,0.06773118674755096,0.05820072069764137,0.21138441562652588,0.17744483053684235,-0.055467523634433746,-0.0480901375412941,0.06075059622526169,0.2743908762931824,0.2382197380065918,0.09751364588737488,0.15636606514453888,0.32442572712898254,0.1872372329235077,-0.022613532841205597,0.2508242130279541,0.0631011351943016,0.201405331492424,0.06594109535217285,-0.09021738171577454,0.13276514410972595,-0.05920303240418434,-0.309654176235199,-0.18613086640834808,0.06670717895030975,0.10312396287918091,-0.07894450426101685,0.2764574885368347,-0.03255125880241394,-0.04084635153412819,0.29487282037734985,-0.1547141969203949,-0.01947115734219551
0.15818428993225098,0.6912453770637512,1.3946014642715454,-0.01947442363827717,-0.010398836354971306,-0.02478107190373121,-0.023131254281987444,0.011906239415726732,0.014767117047990679,0.25818428993225095,-0.008754622936248735,-0.005398535728454501,0.8393162488937378,0.7411493062973022,1.346082329750061,-0.05544352,0.005232744,-0.0019239113,162.0,1740111844.2559223,0.06742603331804276,0.05811765789985657,0.21017403900623322,0.17635361850261688,-0.05512438714504242,-0.048111844807863235,0.06045418605208397,0.27300190925598145,0.23731647431850433,0.0971277505159378,0.1553817093372345,0.322936087846756,0.1864818036556244,-0.022614192217588425,0.2496311366558075,0.06284483522176743,0.20065677165985107,0.06570233404636383,-0.0897567868232727,0.13196614384651184,-0.05918870493769646,-0.30803215503692627,-0.1853667050600052,0.06634595990180969,0.1029791608452797,-0.07851941138505936,0.2753808796405792,-0.032424233853816986,-0.04053916409611702,0.2933872938156128,-0.1538805514574051,-0.01908125728368759
0.1563713699579239,0.690896213054657,1.3934969902038574,-0.025390985083950227,-0.009056560394059608,-0.02220706348810425,-0.024015306626646162,0.013191871456815314,0.014537239314712555,0.25768077969551084,-0.008870494365692094,-0.005745077133178622,0.8393162488937378,0.7411493062973022,1.346082329750061,-0.05544352,0.005232744,-0.0019239113,163.0,1740111844.2904139,0.06742603331804276,0.05811765789985657,0.21017403900623322,0.17635361850261688,-0.05512438714504242,-0.048111844807863235,0.06045418605208397,0.27300190925598145,0.23731647431850433,0.0971277505159378,0.1553817093372345,0.322936087846756,0.1864818036556244,-0.022614192217588425,0.2496311366558075,0.06284483522176743,0.20065677165985107,0.06570233404636383,-0.0897567868232727,0.13196614384651184,-0.05918870493769646,-0.30803215503692627,-0.1853667050600052,0.06634595990180969,0.1029791608452797,-0.07851941138505936,0.2753808796405792,-0.032424233853816986,-0.04053916409611702,0.2933872938156128,-0.1538805514574051,-0.01908125728368759
0.15567417442798615,0.6905795931816101,1.393287181854248,-0.025390985083950227,-0.009056560394059608,-0.02220706348810425,-0.023628673192590544,0.013554054816673764,0.014055768744600962,0.25637136995792387,-0.009103786945342973,-0.006503009796142489,0.8393162488937378,0.7411493062973022,1.346082329750061,-0.05558084,0.0051475316,-0.001577802,164.0,1740111844.3241575,0.06734126061201096,0.058156322687864304,0.20994509756565094,0.17612528800964355,-0.05527747422456741,-0.047852642834186554,0.0603969469666481,0.27274414896965027,0.2369951754808426,0.09692873060703278,0.15501689910888672,0.32256266474723816,0.1861809641122818,-0.022577442228794098,0.249414324760437,0.06288820505142212,0.20041334629058838,0.06579120457172394,-0.08977663516998291,0.13178610801696777,-0.05899230018258095,-0.30732041597366333,-0.18519113957881927,0.0661069005727768,0.10298554599285126,-0.0785045251250267,0.275026798248291,-0.032093584537506104,-0.04034681245684624,0.29330703616142273,-0.1537461131811142,-0.019172247499227524
0.15419065952301025,0.6904674172401428,1.3924263715744019,-0.03489200102016251,-0.0066191385347320044,-0.018280692471057656,-0.024834965486675076,0.012002463952227432,0.013848765131169574,0.2547639667987823,-0.009471130371093706,-0.007324600219726474,0.8393162488937378,0.7411493062973022,1.346082329750061,-0.05531793,0.0048794746,0.000112876296,165.0,1740111844.3642142,0.06871591508388519,0.058609120547771454,0.21003945171833038,0.1750195175409317,-0.055626846849918365,-0.04748263955116272,0.05937797576189041,0.272653192281723,0.23845523595809937,0.09632931649684906,0.15386947989463806,0.3220314681529999,0.18544480204582214,-0.022267624735832214,0.25073331594467163,0.06354647874832153,0.20154201984405518,0.06552407145500183,-0.08990499377250671,0.13051122426986694,-0.05910465493798256,-0.3062468469142914,-0.18495744466781616,0.06559771299362183,0.10470022261142731,-0.07844512909650803,0.27454203367233276,-0.031122617423534393,-0.04059741273522377,0.29303762316703796,-0.1549823135137558,-0.017623543739318848
0.1531447470188141,0.6903278827667236,1.3920462131500244,-0.03489200102016251,-0.0066191385347320044,-0.018280692471057656,-0.02424686965036338,0.009929430672327093,0.013551624883780101,0.25419065952301023,-0.009532582759857133,-0.007573628425598056,0.8393162488937378,0.7411493062973022,1.346082329750061,-0.04847961,0.00435476,0.007301487,166.0,1740111844.397918,0.06994781643152237,0.05930502340197563,0.20921820402145386,0.17358528077602386,-0.05559718608856201,-0.048212289810180664,0.05786248296499252,0.2713291347026825,0.23992477357387543,0.09540925920009613,0.15229512751102448,0.3205749988555908,0.18422934412956238,-0.023374900221824646,0.2516052722930908,0.0635155662894249,0.2029399275779724,0.0654633492231369,-0.0902489572763443,0.12830930948257446,-0.0608561672270298,-0.30475831031799316,-0.1843041330575943,0.06497245281934738,0.1068122461438179,-0.07803711295127869,0.2742098569869995,-0.0307295024394989,-0.0417909137904644,0.29068565368652344,-0.15554232895374298,-0.014387899078428745
0.15198200941085815,0.6901636719703674,1.3916691541671753,-0.03489200102016251,-0.0066191385347320044,-0.018280692471057656,-0.02469264961378432,0.010484685418885727,0.013869042033244641,0.25314474701881406,-0.009672117233276323,-0.007953786849975497,0.8393162488937378,0.7411493062973022,1.346082329750061,-0.04847961,0.00435476,0.007301487,167.0,1740111844.4311252,0.06994781643152237,0.05930502340197563,0.20921820402145386,0.17358528077602386,-0.05559718608856201,-0.048212289810180664,0.05786248296499252,0.2713291347026825,0.23992477357387543,0.09540925920009613,0.15229512751102448,0.3205749988555908,0.18422934412956238,-0.023374900221824646,0.2516052722930908,0.0635155662894249,0.2029399275779724,0.0654633492231369,-0.0902489572763443,0.12830930948257446,-0.0608561672270298,-0.30475831031799316,-0.1843041330575943,0.06497245281934738,0.1068122461438179,-0.07803711295127869,0.2742098569869995,-0.0307295024394989,-0.0417909137904644,0.29068565368652344,-0.15554232895374298,-0.014387899078428745
0.15073125064373016,0.6899332404136658,1.3913625478744507,-0.03452062461487951,-0.005330424459284883,-0.010615645586846306,-0.024302361264148534,0.011321810407326344,0.013239729083035901,0.25133506059646604,-0.009993028640747026,-0.008495235443115146,0.8393162488937378,0.7411493062973022,1.346082329750061,-0.04847961,0.00435476,0.007301487,168.0,1740111844.4682338,0.06994781643152237,0.05930502340197563,0.20921820402145386,0.17358528077602386,-0.05559718608856201,-0.048212289810180664,0.05786248296499252,0.2713291347026825,0.23992477357387543,0.09540925920009613,0.15229512751102448,0.3205749988555908,0.18422934412956238,-0.023374900221824646,0.2516052722930908,0.0635155662894249,0.2029399275779724,0.0654633492231369,-0.0902489572763443,0.12830930948257446,-0.0608561672270298,-0.30475831031799316,-0.1843041330575943,0.06497245281934738,0.1068122461438179,-0.07803711295127869,0.2742098569869995,-0.0307295024394989,-0.0417909137904644,0.29068565368652344,-0.15554232895374298,-0.014387899078428745
0.14965341985225677,0.6897823810577393,1.3911932706832886,-0.03452062461487951,-0.005330424459284883,-0.010615645586846306,-0.02437289943635184,0.011130710069211649,0.012988005816198824,0.25073125064373014,-0.010066759586334184,-0.008637452125549228,0.8393162488937378,0.7411493062973022,1.346082329750061,-0.05029636,0.0035598502,-0.0037143677,169.0,1740111844.4977477,0.07111000269651413,0.05993194505572319,0.21074487268924713,0.17648054659366608,-0.0579008013010025,-0.04773227125406265,0.05717580392956734,0.2749658226966858,0.24195556342601776,0.0959424376487732,0.15375304222106934,0.3230235278606415,0.18430188298225403,-0.02336154505610466,0.2542191445827484,0.06360464543104172,0.20534588396549225,0.06638331711292267,-0.0927080512046814,0.1292133629322052,-0.060457345098257065,-0.3063291311264038,-0.18594364821910858,0.0653960257768631,0.10717117786407471,-0.07886430621147156,0.2755161225795746,-0.029978223145008087,-0.042765844613313675,0.2929115295410156,-0.15802787244319916,-0.014784335158765316
0.14906026422977448,0.6897082328796387,1.3911596536636353,-0.03452062461487951,-0.005330424459284883,-0.010615645586846306,-0.024409317483554165,0.011903920898287425,0.012708065838869248,0.24965341985225678,-0.010217618942260698,-0.008806729316711337,0.8393162488937378,0.7411493062973022,1.346082329750061,-0.05326076,0.0034399033,0.008242272,170.0,1740111844.5252552,0.07160850614309311,0.060196563601493835,0.21026669442653656,0.1767445206642151,-0.058544136583805084,-0.048125363886356354,0.056633397936820984,0.2751750946044922,0.24293451011180878,0.09583835303783417,0.15313249826431274,0.32338374853134155,0.1845887154340744,-0.024366945028305054,0.25517281889915466,0.06363802403211594,0.20682759582996368,0.067037433385849,-0.09382875263690948,0.12907594442367554,-0.06199735775589943,-0.3063336908817291,-0.18643443286418915,0.06596212834119797,0.1080314964056015,-0.07911550253629684,0.2764890789985657,-0.030673369765281677,-0.04353586956858635,0.2921787202358246,-0.15853649377822876,-0.013640902005136013
0.14831334352493286,0.6896301507949829,1.3912163972854614,-0.03452062461487951,-0.005330424459284883,-0.010615645586846306,-0.02502711143604726,0.012449435205537695,0.009961598982260164,0.24831334352493287,-0.010369849205017045,-0.008783602714538485,0.8393162488937378,0.7411493062973022,1.346082329750061,-0.05637832,0.0032544434,0.010127448,171.0,1740111844.5563774,0.0718541219830513,0.06009531766176224,0.21089211106300354,0.17736579477787018,-0.05943430960178375,-0.04766199737787247,0.05720418319106102,0.27602145075798035,0.24344879388809204,0.09578266739845276,0.15320873260498047,0.324379026889801,0.18507464230060577,-0.02454698458313942,0.256063312292099,0.06408926844596863,0.20734399557113647,0.06763298809528351,-0.0943542867898941,0.12956762313842773,-0.06205778941512108,-0.30656731128692627,-0.18687687814235687,0.06604938209056854,0.10858713835477829,-0.07966125756502151,0.2768446207046509,-0.03044213354587555,-0.04336152598261833,0.2932122051715851,-0.15946419537067413,-0.014046468771994114
0.14652061462402344,0.6893322467803955,1.391134262084961,-0.028846622320327725,-0.0023038221373742193,0.0002694586962574076,-0.023658073138722265,0.01399989375844736,0.00930646445505325,0.24785990118980408,-0.010314118862152055,-0.008603596687316806,0.8393162488937378,0.7411493062973022,1.346082329750061,-0.058084957,0.003809765,0.009581186,172.0,1740111844.5890741,0.07063151895999908,0.059622589498758316,0.20951338112354279,0.1761169284582138,-0.05861348658800125,-0.04740418121218681,0.05800548195838928,0.2736874520778656,0.2410803586244583,0.09566128253936768,0.1525767743587494,0.32254675030708313,0.18436263501644135,-0.02443329244852066,0.2537620961666107,0.06355568766593933,0.20510168373584747,0.06734161078929901,-0.09263454377651215,0.12932106852531433,-0.06151312217116356,-0.30498600006103516,-0.1855783462524414,0.06570162624120712,0.10723168402910233,-0.07919476181268692,0.27513599395751953,-0.030600085854530334,-0.04270460829138756,0.29188212752342224,-0.15747319161891937,-0.014444821514189243
0.1459013968706131,0.689716637134552,1.3913267850875854,-0.028846622320327725,-0.0023038221373742193,0.0002694586962574076,-0.025177324591071408,0.013091828619775592,0.006506240014556305,0.24652061462402344,-0.010667753219604448,-0.008865737915038974,0.8393162488937378,0.7411493062973022,1.346082329750061,-0.055581696,0.0028389394,0.013215348,173.0,1740111844.6222649,0.06933088600635529,0.059376880526542664,0.20802295207977295,0.176034078001976,-0.05857350677251816,-0.04715586453676224,0.058381643146276474,0.27263110876083374,0.2390938699245453,0.09543891251087189,0.15192151069641113,0.3212730586528778,0.1838395595550537,-0.024678479880094528,0.25168225169181824,0.06277942657470703,0.20376862585544586,0.0676293671131134,-0.09237635135650635,0.12941181659698486,-0.06122293695807457,-0.3034994900226593,-0.18492504954338074,0.06559842824935913,0.10573522001504898,-0.07907739281654358,0.27417871356010437,-0.030834399163722992,-0.04214463010430336,0.29066309332847595,-0.1560671180486679,-0.015510049648582935
0.14460569620132446,0.6892572045326233,1.391317367553711,-0.028846622320327725,-0.0023038221373742193,0.0002694586962574076,-0.024272745085641003,0.015028085812644247,0.008951355240892933,0.24460569620132447,-0.010742795467376665,-0.008682632446288974,0.8393162488937378,0.7411493062973022,1.346082329750061,-0.055581696,0.0028389394,0.013215348,174.0,1740111844.655918,0.06933088600635529,0.059376880526542664,0.20802295207977295,0.176034078001976,-0.05857350677251816,-0.04715586453676224,0.058381643146276474,0.27263110876083374,0.2390938699245453,0.09543891251087189,0.15192151069641113,0.3212730586528778,0.1838395595550537,-0.024678479880094528,0.25168225169181824,0.06277942657470703,0.20376862585544586,0.0676293671131134,-0.09237635135650635,0.12941181659698486,-0.06122293695807457,-0.3034994900226593,-0.18492504954338074,0.06559842824935913,0.10573522001504898,-0.07907739281654358,0.27417871356010437,-0.030834399163722992,-0.04214463010430336,0.29066309332847595,-0.1560671180486679,-0.015510049648582935
0.14298568665981293,0.6888827085494995,1.391492247581482,-0.03902230148068898,-0.007048083871709791,0.0008865036599471787,-0.02523112630443467,0.01675066753694579,0.007006856258891457,0.244259512424469,-0.01058883666992183,-0.008360290527343661,0.8393162488937378,0.7411493062973022,1.346082329750061,-0.05340403,0.003704898,0.009978585,175.0,1740111844.691368,0.06889839470386505,0.05904832482337952,0.20714369416236877,0.1756301075220108,-0.05855433642864227,-0.04652782529592514,0.05851101130247116,0.272250235080719,0.23797795176506042,0.09523284435272217,0.15121763944625854,0.3204881250858307,0.1835375726222992,-0.024167142808437347,0.25038182735443115,0.06285511702299118,0.20296834409236908,0.06765086948871613,-0.09224392473697662,0.129471093416214,-0.0603250153362751,-0.3022911846637726,-0.18451283872127533,0.0654299184679985,0.10493779182434082,-0.07898333668708801,0.2732349932193756,-0.030562609434127808,-0.0412333719432354,0.2902991771697998,-0.15564626455307007,-0.0164717435836792
0.14280343055725098,0.6886990666389465,1.3916884660720825,-0.03902230148068898,-0.007048083871709791,0.0008865036599471787,-0.02438840992461351,0.01658487238161211,0.006064609753895625,0.24298568665981293,-0.011117291450500444,-0.008507752418517978,0.8393162488937378,0.7411493062973022,1.346082329750061,-0.04256518,0.0013513267,0.017731376,176.0,1740111844.7229621,0.0679454356431961,0.058764658868312836,0.204502135515213,0.1736677587032318,-0.05724886804819107,-0.047295235097408295,0.058235276490449905,0.2689122259616852,0.2359006404876709,0.0945960134267807,0.14976908266544342,0.317538857460022,0.18203487992286682,-0.024898074567317963,0.2474929690361023,0.061649296432733536,0.20123346149921417,0.06712278723716736,-0.0910390168428421,0.12793734669685364,-0.061139028519392014,-0.2998969256877899,-0.18268749117851257,0.06481626629829407,0.10425614565610886,-0.07786905765533447,0.2714674770832062,-0.031252577900886536,-0.04108625277876854,0.28674209117889404,-0.15327484905719757,-0.015143155120313168
0.14183270931243896,0.6884374022483826,1.3919156789779663,-0.03902230148068898,-0.007048083871709791,0.0008865036599471787,-0.0249347728643159,0.016502240899041995,0.006337887217877026,0.24183270931243897,-0.011562597751617387,-0.008084321022033603,0.8393162488937378,0.7411493062973022,1.346082329750061,-0.036906384,0.0011654198,0.017875813,177.0,1740111844.756313,0.06811463087797165,0.05894559994339943,0.20429040491580963,0.17396393418312073,-0.057728901505470276,-0.047343336045742035,0.05819796398282051,0.2692500054836273,0.23617003858089447,0.09460139274597168,0.14950351417064667,0.317868173122406,0.1818256676197052,-0.025399424135684967,0.247682124376297,0.061572086066007614,0.2017224282026291,0.06761093437671661,-0.09154626727104187,0.1279037892818451,-0.06159359589219093,-0.2995718717575073,-0.1827692985534668,0.06477805227041245,0.10455623269081116,-0.07801220566034317,0.2714187204837799,-0.03124682605266571,-0.04133254662156105,0.28658393025398254,-0.15380142629146576,-0.014962512068450451
0.14050708711147308,0.6881680488586426,1.3921196460723877,-0.03902230148068898,-0.007048083871709791,0.0008865036599471787,-0.02657842043946002,0.016573147888952686,0.008060039114643676,0.24135468006134034,-0.011746895313262895,-0.007891917228698642,0.8393162488937378,0.7411493062973022,1.346082329750061,-0.03956958,0.00025431067,0.020692132,178.0,1740111844.7897925,0.06829702854156494,0.05900725722312927,0.204345241189003,0.17398592829704285,-0.057739369571208954,-0.047344498336315155,0.05839284136891365,0.26955804228782654,0.23649956285953522,0.09493653476238251,0.14965830743312836,0.31844088435173035,0.18187379837036133,-0.025506071746349335,0.24804535508155823,0.061765532940626144,0.20194408297538757,0.0677158385515213,-0.09148690104484558,0.12783744931221008,-0.06177208945155144,-0.2998269498348236,-0.18283282220363617,0.06494726240634918,0.10482354462146759,-0.078055240213871,0.2713039517402649,-0.031463220715522766,-0.04158872738480568,0.28675979375839233,-0.15413564443588257,-0.014762462116777897
0.13894601166248322,0.6875091791152954,1.3926551342010498,-0.02655425127865331,-0.007609665363111555,0.007368767512461727,-0.026157395226570544,0.014375086051734516,0.009990608927506837,0.24006192982196808,-0.01195515394210811,-0.00769641399383536,0.8393162488937378,0.7411493062973022,1.346082329750061,-0.03956958,0.00025431067,0.020692132,179.0,1740111844.8283124,0.06829702854156494,0.05900725722312927,0.204345241189003,0.17398592829704285,-0.057739369571208954,-0.047344498336315155,0.05839284136891365,0.26955804228782654,0.23649956285953522,0.09493653476238251,0.14965830743312836,0.31844088435173035,0.18187379837036133,-0.025506071746349335,0.24804535508155823,0.061765532940626144,0.20194408297538757,0.0677158385515213,-0.09148690104484558,0.12783744931221008,-0.06177208945155144,-0.2998269498348236,-0.18283282220363617,0.06494726240634918,0.10482354462146759,-0.078055240213871,0.2713039517402649,-0.031463220715522766,-0.04158872738480568,0.28675979375839233,-0.15413564443588257,-0.014762462116777897
0.1381879448890686,0.6871993541717529,1.3929959535598755,-0.02655425127865331,-0.007609665363111555,0.007368767512461727,-0.026608933520491814,0.013653720859753833,0.011236565862102107,0.23890449702739716,-0.01221997737884517,-0.007065916061401278,0.8393162488937378,0.7411493062973022,1.346082329750061,-0.035325736,-0.0016108677,0.026304409,180.0,1740111844.8586695,0.06890251487493515,0.05928239971399307,0.2048562914133072,0.17374590039253235,-0.05736701935529709,-0.04769384115934372,0.0581495463848114,0.2696453332901001,0.23730628192424774,0.0953148752450943,0.15018032491207123,0.3187582790851593,0.18187904357910156,-0.025371219962835312,0.24889326095581055,0.061627913266420364,0.20246340334415436,0.06733827292919159,-0.09104856848716736,0.12738069891929626,-0.062017153948545456,-0.30082833766937256,-0.18290221691131592,0.06510461121797562,0.10529815405607224,-0.07789525389671326,0.2716463506221771,-0.031625159084796906,-0.042298074811697006,0.2868218719959259,-0.15427087247371674,-0.013782140798866749
0.13746146857738495,0.6871351003646851,1.393558144569397,-0.02655425127865331,-0.007609665363111555,0.007368767512461727,-0.027870209832505315,0.01090929640267071,0.008696277937252061,0.2381879448890686,-0.012800645828247026,-0.007004046440124423,0.8393162488937378,0.7411493062973022,1.346082329750061,-0.044969797,-0.00039940327,0.021675311,181.0,1740111844.8922887,0.06931370496749878,0.05928703397512436,0.204561248421669,0.17296983301639557,-0.057280994951725006,-0.047801535576581955,0.05777515470981598,0.26934975385665894,0.2374885231256485,0.09503485262393951,0.14989060163497925,0.3184063732624054,0.18162477016448975,-0.024930879473686218,0.24890899658203125,0.061594050377607346,0.20255006849765778,0.06688758730888367,-0.09064792096614838,0.12655025720596313,-0.06180397793650627,-0.300691694021225,-0.18251213431358337,0.06496085971593857,0.10558879375457764,-0.07768262177705765,0.2712932229042053,-0.03134956955909729,-0.042292047291994095,0.28640174865722656,-0.15412454307079315,-0.013050525449216366
0.13701404631137848,0.686904788017273,1.3937721252441406,-0.02770877902553532,-0.010364443461844413,0.013350716683898292,-0.027347261514573184,0.010843577850755102,0.008384303055674017,0.23746146857738495,-0.012864899635314897,-0.0064418554306029385,0.8393162488937378,0.7411493062973022,1.346082329750061,-0.045518547,-0.0018216074,0.027149081,182.0,1740111844.9249296,0.06920022517442703,0.05917784571647644,0.20506520569324493,0.17357264459133148,-0.05762676149606705,-0.04723186790943146,0.058221738785505295,0.2703072726726532,0.23728270828723907,0.09536340832710266,0.1503729224205017,0.3192053735256195,0.18191510438919067,-0.024189654737710953,0.24906858801841736,0.06190591678023338,0.2023671269416809,0.06694641709327698,-0.09055213630199432,0.1272273063659668,-0.06086806580424309,-0.3012082874774933,-0.18274067342281342,0.06516508758068085,0.10486495494842529,-0.07808388024568558,0.2712321877479553,-0.031146414577960968,-0.04192311689257622,0.28758716583251953,-0.1544319987297058,-0.014181508682668209
0.13628564774990082,0.6860965490341187,1.394010066986084,-0.02770877902553532,-0.010364443461844413,0.013350716683898292,-0.02616870175440255,0.011861839551135482,0.01199775989543149,0.23628564774990082,-0.013903450965881303,-0.005989933013915927,0.8393162488937378,0.7411493062973022,1.346082329750061,-0.05352371,-0.00059072673,0.023133963,183.0,1740111844.9563842,0.06877707690000534,0.05898240581154823,0.205913245677948,0.1755356341600418,-0.059259116649627686,-0.04628891497850418,0.05932440236210823,0.2724688649177551,0.2371247559785843,0.09569551050662994,0.1509333848953247,0.3211200535297394,0.18295826017856598,-0.024009976536035538,0.24973168969154358,0.06258730590343475,0.2025969922542572,0.06797845661640167,-0.09168125689029694,0.1291249692440033,-0.05997147783637047,-0.30190643668174744,-0.18375249207019806,0.06568211317062378,0.10399741679430008,-0.07924530655145645,0.2719389796257019,-0.030911996960639954,-0.04115508869290352,0.29002007842063904,-0.15544889867305756,-0.016561511904001236
0.13489270210266113,0.6858932375907898,1.3947815895080566,-0.02770877902553532,-0.010364443461844413,0.013350716683898292,-0.028296427184506107,0.011618997219983315,0.008108071465987248,0.23556995987892151,-0.01397473812103267,-0.005838418006896884,0.8393162488937378,0.7411493062973022,1.346082329750061,-0.05352371,-0.00059072673,0.023133963,184.0,1740111844.9930499,0.06877707690000534,0.05898240581154823,0.205913245677948,0.1755356341600418,-0.059259116649627686,-0.04628891497850418,0.05932440236210823,0.2724688649177551,0.2371247559785843,0.09569551050662994,0.1509333848953247,0.3211200535297394,0.18295826017856598,-0.024009976536035538,0.24973168969154358,0.06258730590343475,0.2025969922542572,0.06797845661640167,-0.09168125689029694,0.1291249692440033,-0.05997147783637047,-0.30190643668174744,-0.18375249207019806,0.06568211317062378,0.10399741679430008,-0.07924530655145645,0.2719389796257019,-0.030911996960639954,-0.04115508869290352,0.29002007842063904,-0.15544889867305756,-0.016561511904001236
0.13456571102142334,0.6856297850608826,1.3950275182724,-0.02448180027988566,-0.012749221016695395,0.012553134171083091,-0.027229022158876223,0.010769175897564025,0.007360808354757435,0.23489270210266114,-0.01410676240921016,-0.0052184104919432706,0.8393162488937378,0.7411493062973022,1.346082329750061,-0.055478945,0.00045315176,0.019468144,185.0,1740111845.0248146,0.06885266304016113,0.05916254222393036,0.20538142323493958,0.17500919103622437,-0.05917965620756149,-0.04671638458967209,0.05871059373021126,0.2715395987033844,0.23719394207000732,0.0950579047203064,0.15034140646457672,0.3199593722820282,0.18261295557022095,-0.02438276633620262,0.24957168102264404,0.06228850409388542,0.20274977385997772,0.06787548959255219,-0.09185943007469177,0.1283743977546692,-0.060560744255781174,-0.30126726627349854,-0.18349038064479828,0.06545646488666534,0.10441525280475616,-0.07895446568727493,0.2721022963523865,-0.030912920832633972,-0.04122432693839073,0.2887433171272278,-0.15503504872322083,-0.015707366168498993
0.13325905799865723,0.6847606301307678,1.395585060119629,-0.02448180027988566,-0.012749221016695395,0.012553134171083091,-0.02766690553116916,0.012395152714920287,0.010578684699452482,0.233649080991745,-0.014960122108459428,-0.004685068130493075,0.8393162488937378,0.7411493062973022,1.346082329750061,-0.058207832,-0.0016537905,0.02694168,186.0,1740111845.0586867,0.06857088953256607,0.05896893888711929,0.20474126935005188,0.17500090599060059,-0.059504687786102295,-0.046667784452438354,0.05880239978432655,0.2712768316268921,0.23672924935817719,0.094599649310112,0.14986884593963623,0.319637268781662,0.18279851973056793,-0.024540461599826813,0.24912551045417786,0.06262939423322678,0.20252765715122223,0.06807118654251099,-0.09229090809822083,0.128545880317688,-0.06059817597270012,-0.3004594147205353,-0.1835210919380188,0.06546240299940109,0.10427756607532501,-0.07913234084844589,0.27186980843544006,-0.030955001711845398,-0.04065302386879921,0.2884250581264496,-0.15495742857456207,-0.01594698056578636
0.13272759318351746,0.6847473978996277,1.3961899280548096,-0.02448180027988566,-0.012749221016695395,0.012553134171083091,-0.02837418904170885,0.010465183652654551,0.008011420837265543,0.23325905799865723,-0.015239369869232133,-0.004414939880371005,0.8393162488937378,0.7411493062973022,1.346082329750061,-0.058670327,-0.0018415302,0.0270551,187.0,1740111845.093235,0.06938447803258896,0.059243395924568176,0.2048533856868744,0.17419292032718658,-0.059140510857105255,-0.046957023441791534,0.05818527564406395,0.27063897252082825,0.23792579770088196,0.09418891370296478,0.14939892292022705,0.3191952407360077,0.18253645300865173,-0.024991076439619064,0.2499527633190155,0.06286228448152542,0.20337697863578796,0.06783214211463928,-0.09231013059616089,0.12749114632606506,-0.06145690754055977,-0.3000173568725586,-0.18355141580104828,0.06514544039964676,0.10604420304298401,-0.07885660231113434,0.2717829942703247,-0.03084271401166916,-0.04113657400012016,0.2876245081424713,-0.15556764602661133,-0.014352737925946712
0.13235241174697876,0.6845682859420776,1.3963698148727417,-0.02448180027988566,-0.012749221016695395,0.012553134171083091,-0.028069011111834852,0.010742552689222796,0.00859093339402086,0.23272759318351746,-0.01525260210037227,-0.003810071945190341,0.8393162488937378,0.7411493062973022,1.346082329750061,-0.06273708,-0.0016327277,0.026184201,188.0,1740111845.1226256,0.07001842558383942,0.059527453035116196,0.20521250367164612,0.17400522530078888,-0.058865346014499664,-0.047622207552194595,0.05772417411208153,0.2704355716705322,0.23897747695446014,0.09415407478809357,0.1496574729681015,0.31931912899017334,0.18254901468753815,-0.025542687624692917,0.25089195370674133,0.06276044249534607,0.20419010519981384,0.06777049601078033,-0.09239177405834198,0.12698543071746826,-0.062410350888967514,-0.3006521165370941,-0.1837252825498581,0.06519121676683426,0.10699323564767838,-0.07868687063455582,0.27241307497024536,-0.03111131489276886,-0.0419280119240284,0.28719308972358704,-0.15589456260204315,-0.012953287921845913
0.13138341903686523,0.6834158897399902,1.3967756032943726,-0.02098920380550944,-0.011044228608921276,0.013036951615949737,-0.026869127967167512,0.012388834763470651,0.014087920972317305,0.23151831924915314,-0.016123843193054155,-0.0033382415771483487,0.8393162488937378,0.7411493062973022,1.346082329750061,-0.06273708,-0.0016327277,0.026184201,189.0,1740111845.1583557,0.07001842558383942,0.059527453035116196,0.20521250367164612,0.17400522530078888,-0.058865346014499664,-0.047622207552194595,0.05772417411208153,0.2704355716705322,0.23897747695446014,0.09415407478809357,0.1496574729681015,0.31931912899017334,0.18254901468753815,-0.025542687624692917,0.25089195370674133,0.06276044249534607,0.20419010519981384,0.06777049601078033,-0.09239177405834198,0.12698543071746826,-0.062410350888967514,-0.3006521165370941,-0.1837252825498581,0.06519121676683426,0.10699323564767838,-0.07868687063455582,0.27241307497024536,-0.03111131489276886,-0.0419280119240284,0.28719308972358704,-0.15589456260204315,-0.012953287921845913
0.13045364618301392,0.6833587884902954,1.3973654508590698,-0.02098920380550944,-0.011044228608921276,0.013036951615949737,-0.0282796441334004,0.012366221454855114,0.012759024861546562,0.23138341903686524,-0.01658411026000972,-0.0032243967056273526,0.8393162488937378,0.7411493062973022,1.346082329750061,-0.061856788,-0.0019093752,0.026724622,190.0,1740111845.1904392,0.0705321803689003,0.059733472764492035,0.20576025545597076,0.17428278923034668,-0.059071578085422516,-0.047544676810503006,0.057653795927762985,0.27109163999557495,0.23987950384616852,0.09420038759708405,0.14968061447143555,0.31993040442466736,0.18262748420238495,-0.02573610469698906,0.2517233192920685,0.06285718828439713,0.20502859354019165,0.06811907887458801,-0.09276051819324493,0.12686261534690857,-0.06273646652698517,-0.300987184047699,-0.1840626746416092,0.06523825973272324,0.10775380581617355,-0.0789278894662857,0.27277839183807373,-0.03110765665769577,-0.04219505563378334,0.28758037090301514,-0.15680836141109467,-0.01250846590846777
0.13016289472579956,0.683118999004364,1.3976433277130127,-0.02098920380550944,-0.011044228608921276,0.013036951615949737,-0.028098492291454266,0.01214541317496314,0.014004238190211408,0.23045364618301392,-0.016641211509704545,-0.002634549140930087,0.8393162488937378,0.7411493062973022,1.346082329750061,-0.06532991,-0.0009377822,0.023035802,191.0,1740111845.2234342,0.07053814828395844,0.05984960123896599,0.20526689291000366,0.17376384139060974,-0.05887646973133087,-0.04803157225251198,0.05727483332157135,0.2703073024749756,0.24023452401161194,0.09366922080516815,0.14903976023197174,0.31908610463142395,0.182546928524971,-0.026393655687570572,0.2514646649360657,0.0624966062605381,0.2053547352552414,0.0682280957698822,-0.09296675026416779,0.12612825632095337,-0.06372874230146408,-0.3003149926662445,-0.18396788835525513,0.06502129137516022,0.10857560485601425,-0.07868701219558716,0.27301567792892456,-0.03134078532457352,-0.04235329106450081,0.28626230359077454,-0.15660983324050903,-0.01154880877584219
0.13032831251621246,0.6828580498695374,1.3971248865127563,-0.015644748851517905,-0.013161203743650558,0.00485625275061191,-0.026661512940997813,0.0172946929209269,0.030122437324418595,0.23032831251621247,-0.017141950130462602,-0.0028751134872435635,0.8393162488937378,0.7411493062973022,1.346082329750061,-0.063741215,-0.0011883453,0.023313984,192.0,1740111845.2575085,0.06981541961431503,0.05952849239110947,0.20381280779838562,0.17238196730613708,-0.058167651295661926,-0.048222098499536514,0.057210467755794525,0.2684190571308136,0.2386559098958969,0.09314855933189392,0.14795532822608948,0.3170047700405121,0.18161453306674957,-0.026312902569770813,0.24945959448814392,0.06190895661711693,0.2038695067167282,0.06767924129962921,-0.09194706380367279,0.12523391842842102,-0.06345177441835403,-0.29869818687438965,-0.18268334865570068,0.06445013731718063,0.10787668079137802,-0.07802397757768631,0.2716512382030487,-0.03121582418680191,-0.04191962257027626,0.2844472825527191,-0.1551041454076767,-0.011348224245011806
0.12872523069381714,0.6821603178977966,1.3993233442306519,-0.015644748851517905,-0.013161203743650558,0.00485625275061191,-0.028188662958653264,0.014797132761875307,0.0149223206110723,0.2295090913772583,-0.017807197570800737,-0.001511359214782626,0.8393162488937378,0.7411493062973022,1.346082329750061,-0.062028155,0.00022878498,0.017607257,193.0,1740111845.2892914,0.06908724457025528,0.0594613142311573,0.2021908462047577,0.17072604596614838,-0.05690719932317734,-0.04884912446141243,0.05688486620783806,0.2658686935901642,0.23716393113136292,0.09276223182678223,0.1471211463212967,0.3145693838596344,0.1805180311203003,-0.026483941823244095,0.247341126203537,0.06099856272339821,0.20232079923152924,0.06692813336849213,-0.09061166644096375,0.12405190616846085,-0.06361813098192215,-0.29722627997398376,-0.1813162863254547,0.06390902400016785,0.10723382979631424,-0.07703288644552231,0.2703457474708557,-0.03136533498764038,-0.04185955598950386,0.28190338611602783,-0.1531342715024948,-0.010464864782989025
0.12866316735744476,0.6817689538002014,1.3997619152069092,-0.015644748851517905,-0.013161203743650558,0.00485625275061191,-0.027730174731970605,0.015804047198203903,0.013557862202242508,0.22872523069381714,-0.017839682102203325,-0.0006766557693480557,0.8393162488937378,0.7411493062973022,1.346082329750061,-0.062028155,0.00022878498,0.017607257,194.0,1740111845.3245413,0.06908724457025528,0.0594613142311573,0.2021908462047577,0.17072604596614838,-0.05690719932317734,-0.04884912446141243,0.05688486620783806,0.2658686935901642,0.23716393113136292,0.09276223182678223,0.1471211463212967,0.3145693838596344,0.1805180311203003,-0.026483941823244095,0.247341126203537,0.06099856272339821,0.20232079923152924,0.06692813336849213,-0.09061166644096375,0.12405190616846085,-0.06361813098192215,-0.29722627997398376,-0.1813162863254547,0.06390902400016785,0.10723382979631424,-0.07703288644552231,0.2703457474708557,-0.03136533498764038,-0.04185955598950386,0.28190338611602783,-0.1531342715024948,-0.010464864782989025
0.12761186063289642,0.6813935041427612,1.4011831283569336,-0.02039136479962637,-0.013729966211225117,0.039082270186291006,-0.02838722512895816,0.013532423101704804,0.013201511658969725,0.22828803062438965,-0.018515717983245805,0.0010353088378907138,0.8393162488937378,0.7411493062973022,1.346082329750061,-0.057732403,0.0005168542,0.015650667,195.0,1740111845.3591723,0.06991390138864517,0.05982033908367157,0.20163597166538239,0.16868966817855835,-0.05560830235481262,-0.04958326742053032,0.05572601780295372,0.2640632688999176,0.2378285974264145,0.09239691495895386,0.14638464152812958,0.3128271996974945,0.17949575185775757,-0.026421543210744858,0.24714452028274536,0.06052246317267418,0.20245645940303802,0.06599192321300507,-0.08944565057754517,0.1220342293381691,-0.06425521522760391,-0.296615868806839,-0.18032565712928772,0.06322655826807022,0.10833415389060974,-0.07603713870048523,0.2697714567184448,-0.03109225630760193,-0.04245566949248314,0.27989763021469116,-0.15255925059318542,-0.007892436347901821
0.1274716854095459,0.6806897521018982,1.4007679224014282,-0.02039136479962637,-0.013729966211225117,0.039082270186291006,-0.02505805986386371,0.01644867240664762,0.03353748756934287,0.22761186063289643,-0.018606495857238725,0.0011831283569336826,0.8393162488937378,0.7411493062973022,1.346082329750061,-0.056380633,0.0019959286,0.010792658,196.0,1740111845.390202,0.06889817118644714,0.059473223984241486,0.2016894817352295,0.17000669240951538,-0.05671057105064392,-0.04857942461967468,0.05723736062645912,0.26549622416496277,0.2369394600391388,0.09268853068351746,0.1464337706565857,0.31401526927948,0.1805403083562851,-0.026033394038677216,0.24626639485359192,0.06104264035820961,0.20177868008613586,0.06683166325092316,-0.08984526991844177,0.12375334650278091,-0.06311461329460144,-0.2965746819972992,-0.1808484047651291,0.0636540874838829,0.1071414202451706,-0.07677821069955826,0.26942673325538635,-0.03115352988243103,-0.04102592542767525,0.28139734268188477,-0.15285974740982056,-0.010668455623090267
0.12635205686092377,0.6803167462348938,1.4024702310562134,-0.02039136479962637,-0.013729966211225117,0.039082270186291006,-0.027304341633159823,0.012306001383328553,0.016158431721765426,0.2274716854095459,-0.019310247898101762,0.0007679224014283115,0.8393162488937378,0.7411493062973022,1.346082329750061,-0.056380633,0.0019959286,0.010792658,197.0,1740111845.423211,0.06889817118644714,0.059473223984241486,0.2016894817352295,0.17000669240951538,-0.05671057105064392,-0.04857942461967468,0.05723736062645912,0.26549622416496277,0.2369394600391388,0.09268853068351746,0.1464337706565857,0.31401526927948,0.1805403083562851,-0.026033394038677216,0.24626639485359192,0.06104264035820961,0.20177868008613586,0.06683166325092316,-0.08984526991844177,0.12375334650278091,-0.06311461329460144,-0.2965746819972992,-0.1808484047651291,0.0636540874838829,0.1071414202451706,-0.07677821069955826,0.26942673325538635,-0.03115352988243103,-0.04102592542767525,0.28139734268188477,-0.15285974740982056,-0.010668455623090267
0.125855952501297,0.6797583699226379,1.4033761024475098,-0.02039136479962637,-0.013729966211225117,0.039082270186291006,-0.027285997279156777,0.010386760373677844,0.016386187835457963,0.225855952501297,-0.020241630077362016,0.0033761024475098544,0.8393162488937378,0.7411493062973022,1.346082329750061,-0.02837883,0.0014039353,0.015311651,198.0,1740111845.4561703,0.07282982021570206,0.06117081642150879,0.19872842729091644,0.1579536646604538,-0.049472033977508545,-0.052293941378593445,0.05012638121843338,0.25477004051208496,0.23981571197509766,0.08973230421543121,0.1419559270143509,0.3030072748661041,0.17475910484790802,-0.025131840258836746,0.24518835544586182,0.05907890945672989,0.2016882449388504,0.06038125231862068,-0.08335775136947632,0.11185619980096817,-0.06603235751390457,-0.2920530438423157,-0.17529675364494324,0.05980643630027771,0.113615982234478,-0.07101581990718842,0.2655861973762512,-0.029455125331878662,-0.044378239661455154,0.2701578736305237,-0.14922277629375458,0.0031549157574772835
0.12442655861377716,0.6789801716804504,1.4044839143753052,-0.019625151845909454,-0.016486340329677104,0.013794865371577626,-0.027419509426663283,0.010198911434161628,0.018195566231723647,0.22593460083007813,-0.020492744445800737,0.0026895761489869052,0.8393162488937378,0.7411493062973022,1.346082329750061,-0.02837883,0.0014039353,0.015311651,199.0,1740111845.491686,0.07282982021570206,0.06117081642150879,0.19872842729091644,0.1579536646604538,-0.049472033977508545,-0.052293941378593445,0.05012638121843338,0.25477004051208496,0.23981571197509766,0.08973230421543121,0.1419559270143509,0.3030072748661041,0.17475910484790802,-0.025131840258836746,0.24518835544586182,0.05907890945672989,0.2016882449388504,0.06038125231862068,-0.08335775136947632,0.11185619980096817,-0.06603235751390457,-0.2920530438423157,-0.17529675364494324,0.05980643630027771,0.113615982234478,-0.07101581990718842,0.2655861973762512,-0.029455125331878662,-0.044378239661455154,0.2701578736305237,-0.14922277629375458,0.0031549157574772835
0.12408799678087234,0.6788632869720459,1.404921054840088,-0.019625151845909454,-0.016486340329677104,0.013794865371577626,-0.02836618828428992,0.009925915175255456,0.01634795438253623,0.22442655861377717,-0.021019828319549516,0.004483914375305265,0.8393162488937378,0.7411493062973022,1.346082329750061,-0.033395678,0.0008152425,0.016791746,200.0,1740111845.5265095,0.07214631140232086,0.060827091336250305,0.19900460541248322,0.15964925289154053,-0.050004564225673676,-0.05188864469528198,0.051040295511484146,0.256221741437912,0.239105686545372,0.09043388068675995,0.14320588111877441,0.3045302629470825,0.17577330768108368,-0.024732690304517746,0.24490630626678467,0.05920400097966194,0.20138758420944214,0.060933541506528854,-0.08394575119018555,0.11368439346551895,-0.0651981309056282,-0.2932947874069214,-0.17608264088630676,0.06070287525653839,0.11200346052646637,-0.07158820331096649,0.26599299907684326,-0.029983259737491608,-0.04377905651926994,0.2715289890766144,-0.14920327067375183,0.000960848294198513
0.11841930449008942,0.6771374940872192,1.40477454662323,-0.019625151845909454,-0.016486340329677104,0.013794865371577626,0.004523750821156253,-0.005685785839040352,0.026232177202167608,0.22321144342422486,-0.021733653545379594,0.005611038208007901,0.8393162488937378,0.7411493062973022,1.346082329750061,-0.039716467,0.00020226836,0.01780226,201.0,1740111845.5586433,0.0732487365603447,0.061063818633556366,0.20011675357818604,0.160579651594162,-0.05011594295501709,-0.05273157358169556,0.051020365208387375,0.2574359178543091,0.24072475731372833,0.09083510935306549,0.14382269978523254,0.3061685562133789,0.1767495721578598,-0.02550138533115387,0.2469615638256073,0.05936367064714432,0.20319628715515137,0.06142446771264076,-0.08527176082134247,0.11412409693002701,-0.06709732860326767,-0.2951093018054962,-0.1772598773241043,0.06153032183647156,0.1134103536605835,-0.07202111184597015,0.2680486738681793,-0.031483158469200134,-0.04475817456841469,0.27198082208633423,-0.15023045241832733,0.0022340472787618637
0.12201331555843353,0.6775264143943787,1.4064998626708984,-0.03600204000845027,-0.016582657608298634,0.030722043542556362,-0.028061930649205098,0.008782927464869729,0.014102528849486415,0.21841930449008942,-0.022862505912780717,0.004774546623230069,0.8393162488937378,0.7411493062973022,1.346082329750061,-0.040760294,0.0011622757,0.015313305,202.0,1740111845.590856,0.07379379868507385,0.061023466289043427,0.20218755304813385,0.16390776634216309,-0.052195630967617035,-0.05204426124691963,0.052233755588531494,0.26147717237472534,0.24223268032073975,0.09184111654758453,0.1453074961900711,0.31027650833129883,0.17855648696422577,-0.02575603500008583,0.24951902031898499,0.0602947361767292,0.20516934990882874,0.06307327747344971,-0.08763474225997925,0.11673850566148758,-0.0671912208199501,-0.2976299822330475,-0.17937959730625153,0.06273697316646576,0.11347107589244843,-0.07369431853294373,0.27021700143814087,-0.03204520791769028,-0.044852856546640396,0.2756364345550537,-0.15271295607089996,0.00019239727407693863
0.117072194814682,0.6763695478439331,1.405678153038025,-0.03600204000845027,-0.016582657608298634,0.030722043542556362,0.005099754746711519,-0.0059681469831566955,0.024606782615777815,0.22201331555843354,-0.022473585605621293,0.006499862670898526,0.8393162488937378,0.7411493062973022,1.346082329750061,-0.040048163,0.0009910539,0.015889823,203.0,1740111845.6239872,0.07478460669517517,0.06114501506090164,0.20250286161899567,0.1622900664806366,-0.05093454569578171,-0.05204612761735916,0.05144171789288521,0.26084402203559875,0.2429151087999344,0.0920296311378479,0.1450783759355545,0.3095071315765381,0.1781894862651825,-0.02492416277527809,0.2498229444026947,0.060379188507795334,0.20544281601905823,0.06216265633702278,-0.08657051622867584,0.11545153707265854,-0.06687212735414505,-0.297786146402359,-0.17907367646694183,0.06242549419403076,0.11438465863466263,-0.07309791445732117,0.26981720328330994,-0.03176300227642059,-0.04497108235955238,0.27517595887184143,-0.15285435318946838,0.0016614282503724098
0.1204482913017273,0.6765989065170288,1.4073636531829834,-0.03600204000845027,-0.016582657608298634,0.030722043542556362,-0.028729895513855228,0.009320036947965401,0.011939129070206474,0.22071685492992402,-0.023193430900573686,0.007142996788024991,0.8393162488937378,0.7411493062973022,1.346082329750061,-0.040048163,0.0009910539,0.015889823,204.0,1740111845.6599398,0.07478460669517517,0.06114501506090164,0.20250286161899567,0.1622900664806366,-0.05093454569578171,-0.05204612761735916,0.05144171789288521,0.26084402203559875,0.2429151087999344,0.0920296311378479,0.1450783759355545,0.3095071315765381,0.1781894862651825,-0.02492416277527809,0.2498229444026947,0.060379188507795334,0.20544281601905823,0.06216265633702278,-0.08657051622867584,0.11545153707265854,-0.06687212735414505,-0.297786146402359,-0.17907367646694183,0.06242549419403076,0.11438465863466263,-0.07309791445732117,0.26981720328330994,-0.03176300227642059,-0.04497108235955238,0.27517595887184143,-0.15285435318946838,0.0016614282503724098
0.1199771910905838,0.676375150680542,1.4081095457077026,-0.01525447183322762,-0.010920209668025626,0.010947915463134787,-0.027776812814332558,0.005855755892373062,0.0056103780776356835,0.2204482913017273,-0.023401093482971147,0.007363653182983487,0.8393162488937378,0.7411493062973022,1.346082329750061,-0.041065503,0.0019348487,0.012092784,205.0,1740111845.6916697,0.07526878267526627,0.06123945489525795,0.20284244418144226,0.16216044127941132,-0.05110497772693634,-0.05202905833721161,0.05104360729455948,0.26130151748657227,0.24360191822052002,0.09176020324230194,0.1449282169342041,0.30967962741851807,0.17832063138484955,-0.024879254400730133,0.2503555417060852,0.060541633516550064,0.20619484782218933,0.0622558556497097,-0.08694823086261749,0.11500465124845505,-0.06699605286121368,-0.29787057638168335,-0.17935319244861603,0.062303610146045685,0.11513017117977142,-0.07322949171066284,0.27004557847976685,-0.03154631704092026,-0.044997360557317734,0.2751784920692444,-0.15358461439609528,0.0020127473399043083
0.11967303603887558,0.6763278841972351,1.407990574836731,-0.01525447183322762,-0.010920209668025626,0.010947915463134787,-0.02953218905962516,0.006270947295885162,0.009137227266644723,0.2199771910905838,-0.023624849319457963,0.008109545707702726,0.8393162488937378,0.7411493062973022,1.346082329750061,-0.036631793,0.0021902397,0.007860653,206.0,1740111845.7242992,0.07580726593732834,0.061266541481018066,0.2029314637184143,0.1610897183418274,-0.0511639341711998,-0.05151475965976715,0.05043100565671921,0.2612931430339813,0.24404467642307281,0.09105385839939117,0.1442420929670334,0.3089589476585388,0.17805857956409454,-0.024284642189741135,0.2503916621208191,0.06093450263142586,0.206375852227211,0.061766523867845535,-0.0865844339132309,0.11398483067750931,-0.06616421788930893,-0.29696083068847656,-0.17904242873191833,0.0615604892373085,0.11590198427438736,-0.07310190796852112,0.26927345991134644,-0.030383452773094177,-0.04451161250472069,0.2751557230949402,-0.15422315895557404,0.0022488003596663475
0.11842438578605652,0.6755107045173645,1.408105731010437,-0.01525447183322762,-0.010920209668025626,0.010947915463134787,-0.029378376092875743,0.008505597664532932,0.011428375522394604,0.21849188804626465,-0.02461607456207271,0.008060669898986905,0.8393162488937378,0.7411493062973022,1.346082329750061,-0.03848517,0.0022761747,0.006535433,207.0,1740111845.7590408,0.07538117468357086,0.06112571060657501,0.20305559039115906,0.162178173661232,-0.0519489049911499,-0.05141830071806908,0.05105927959084511,0.2622360289096832,0.2437315732240677,0.09109978377819061,0.14451466500759125,0.3098089396953583,0.17861336469650269,-0.02439384162425995,0.25033408403396606,0.060992587357759476,0.20633213222026825,0.06229125335812569,-0.08719789981842041,0.11496288329362869,-0.06610789895057678,-0.29736894369125366,-0.1794583946466446,0.061958663165569305,0.11522575467824936,-0.07355497777462006,0.2697288393974304,-0.030760377645492554,-0.04424063488841057,0.27583470940589905,-0.1543252319097519,0.001097717322409153
0.11790142953395844,0.6751059889793396,1.4081283807754517,-0.019823920910508292,-0.011974568926544952,0.005752424133497699,-0.029620183929447968,0.010438106915225464,0.014100192346091478,0.21842438578605652,-0.024489295482635454,0.0081057310104371,0.8393162488937378,0.7411493062973022,1.346082329750061,-0.038671896,0.0022957996,0.0065693855,208.0,1740111845.7905996,0.07505842298269272,0.06093510985374451,0.20328271389007568,0.16302472352981567,-0.05312450975179672,-0.051268935203552246,0.0514039620757103,0.26326870918273926,0.24360209703445435,0.09066064655780792,0.14448201656341553,0.3103712201118469,0.17932428419589996,-0.024586156010627747,0.25037485361099243,0.06116976961493492,0.20653729140758514,0.06293115019798279,-0.08804775774478912,0.11567258089780807,-0.06592805683612823,-0.2974407970905304,-0.17987434566020966,0.062006689608097076,0.11482951045036316,-0.07422038167715073,0.27036264538764954,-0.030598387122154236,-0.0435708723962307,0.27665552496910095,-0.15472546219825745,-7.75512307882309e-06
0.11788665503263474,0.6753183007240295,1.408285140991211,-0.019823920910508292,-0.011974568926544952,0.005752424133497699,-0.030690793649578166,0.010851497440479255,0.011356714083724543,0.21790142953395844,-0.024894011020660356,0.008128380775451749,0.8393162488937378,0.7411493062973022,1.346082329750061,-0.038671896,0.0022957996,0.0065693855,209.0,1740111845.8240526,0.07505842298269272,0.06093510985374451,0.20328271389007568,0.16302472352981567,-0.05312450975179672,-0.051268935203552246,0.0514039620757103,0.26326870918273926,0.24360209703445435,0.09066064655780792,0.14448201656341553,0.3103712201118469,0.17932428419589996,-0.024586156010627747,0.25037485361099243,0.06116976961493492,0.20653729140758514,0.06293115019798279,-0.08804775774478912,0.11567258089780807,-0.06592805683612823,-0.2974407970905304,-0.17987434566020966,0.062006689608097076,0.11482951045036316,-0.07422038167715073,0.27036264538764954,-0.030598387122154236,-0.0435708723962307,0.27665552496910095,-0.15472546219825745,-7.75512307882309e-06
0.11287563294172287,0.6738707423210144,1.4069430828094482,-0.019823920910508292,-0.011974568926544952,0.005752424133497699,0.0044384438451430305,-0.0013945388760564735,0.024467429044146016,0.21765405535697938,-0.024878990650176958,0.008281326293945401,0.8393162488937378,0.7411493062973022,1.346082329750061,-0.041217726,0.0026032627,0.0033027083,210.0,1740111845.8575313,0.07455715537071228,0.06097044423222542,0.2034517079591751,0.16362811625003815,-0.05322716385126114,-0.051743313670158386,0.051385827362537384,0.26352018117904663,0.24331501126289368,0.09064631164073944,0.1451183408498764,0.3104657530784607,0.1797603815793991,-0.024868514388799667,0.2502182424068451,0.06081109866499901,0.20631378889083862,0.0630422830581665,-0.08833745121955872,0.11610118299722672,-0.06607329845428467,-0.2982082962989807,-0.18014629185199738,0.06225050240755081,0.11411351710557938,-0.07432767003774643,0.27119874954223633,-0.030957140028476715,-0.043624792248010635,0.27678680419921875,-0.1542702168226242,-0.00019857380539178848
0.11669167131185532,0.6740506887435913,1.4080193042755127,-0.019823920910508292,-0.011974568926544952,0.005752424133497699,-0.030334005230377825,0.015523870337385922,0.015098613822461027,0.21600205302238465,-0.02586419582366939,0.00819561481475839,0.8393162488937378,0.7411493062973022,1.346082329750061,-0.04463856,0.0026405305,0.006871015,211.0,1740111845.88984,0.0748957097530365,0.061064787209033966,0.20445303618907928,0.16453568637371063,-0.053896769881248474,-0.051287613809108734,0.05170785263180733,0.2651839554309845,0.24418173730373383,0.09089973568916321,0.14564362168312073,0.311836838722229,0.18041794002056122,-0.024617381393909454,0.2512924075126648,0.0613291896879673,0.20702047646045685,0.06340198218822479,-0.08896853029727936,0.11680666357278824,-0.06566450744867325,-0.2990436255931854,-0.1808670163154602,0.06254158169031143,0.11441544443368912,-0.07479142397642136,0.27180975675582886,-0.030776791274547577,-0.04351967200636864,0.2783721685409546,-0.15542125701904297,-0.0008239289745688438
0.11210272461175919,0.6730732917785645,1.4068793058395386,-0.04830665495489412,-0.016933574586579063,-0.010405535848352077,0.0037285247617419833,0.00020426097794503455,0.02480354399214804,0.21669167131185532,-0.025949311256408647,0.008019304275512784,0.8393162488937378,0.7411493062973022,1.346082329750061,-0.045560982,0.0027257353,0.008503415,212.0,1740111845.9242797,0.07516197860240936,0.06139126420021057,0.20407654345035553,0.16363392770290375,-0.05341378599405289,-0.05194319039583206,0.050897832959890366,0.26398152112960815,0.24459140002727509,0.0902080237865448,0.14508676528930664,0.31055134534835815,0.17975279688835144,-0.025392185896635056,0.25135812163352966,0.06095334514975548,0.20733541250228882,0.06308063864707947,-0.08888448774814606,0.11543215066194534,-0.06674589216709137,-0.29825955629348755,-0.18035884201526642,0.06202562153339386,0.11549478769302368,-0.07433052361011505,0.2716643214225769,-0.0307883620262146,-0.04419713094830513,0.27676063776016235,-0.15523642301559448,0.000874795950949192
0.11168141663074493,0.6720340847969055,1.4066790342330933,-0.04830665495489412,-0.016933574586579063,-0.010405535848352077,0.0039014896182120212,-0.05356021129887093,-0.0212026881592972,0.21168141663074494,-0.027965915203094438,0.0066790342330933505,0.8393162488937378,0.7411493062973022,1.346082329750061,-0.047543008,0.0028891638,0.0067341477,213.0,1740111845.9560602,0.07631757855415344,0.06163330376148224,0.2057744711637497,0.16505326330661774,-0.05473073571920395,-0.0511326864361763,0.05111958459019661,0.26668545603752136,0.24672260880470276,0.09024778008460999,0.14550375938415527,0.3130071461200714,0.1808832436800003,-0.02534019947052002,0.25380033254623413,0.062081728130578995,0.2094007134437561,0.06391538679599762,-0.0904809832572937,0.11618293076753616,-0.06681237369775772,-0.2992798984050751,-0.18180237710475922,0.06231535226106644,0.11710332334041595,-0.07530716061592102,0.27280986309051514,-0.030398152768611908,-0.04415632411837578,0.2790852189064026,-0.15782728791236877,0.00027366820722818375
0.11132977902889252,0.671967089176178,1.4066187143325806,-0.04830665495489412,-0.016933574586579063,-0.010405535848352077,0.0044678106951774816,0.0016717752914086786,0.026141875630308,0.20953086614608765,-0.029869925975799516,0.0067857265472413,0.8393162488937378,0.7411493062973022,1.346082329750061,-0.047543008,0.0028891638,0.0067341477,214.0,1740111845.9905438,0.07631757855415344,0.06163330376148224,0.2057744711637497,0.16505326330661774,-0.05473073571920395,-0.0511326864361763,0.05111958459019661,0.26668545603752136,0.24672260880470276,0.09024778008460999,0.14550375938415527,0.3130071461200714,0.1808832436800003,-0.02534019947052002,0.25380033254623413,0.062081728130578995,0.2094007134437561,0.06391538679599762,-0.0904809832572937,0.11618293076753616,-0.06681237369775772,-0.2992798984050751,-0.18180237710475922,0.06231535226106644,0.11710332334041595,-0.07530716061592102,0.27280986309051514,-0.030398152768611908,-0.04415632411837578,0.2790852189064026,-0.15782728791236877,0.00027366820722818375
0.11126278340816498,0.6716294288635254,1.406490683555603,-0.008383988534085987,-0.014412116077505581,-0.0038790867249560925,0.0034874817593966703,0.0008018120810757414,0.026648867494710026,0.21132977902889252,-0.028032910823821977,0.006618714332580655,0.8393162488937378,0.7411493062973022,1.346082329750061,-0.04741185,0.0030252635,0.0067550167,215.0,1740111846.0234528,0.07685519754886627,0.061954427510499954,0.20524170994758606,0.16323763132095337,-0.05374845862388611,-0.05168881267309189,0.05005274713039398,0.2649673819541931,0.2471773624420166,0.08966284990310669,0.14469879865646362,0.311208575963974,0.1799238920211792,-0.025469228625297546,0.25361281633377075,0.06181683763861656,0.20942974090576172,0.06314007937908173,-0.089688241481781,0.11435247212648392,-0.06737025827169418,-0.2983422577381134,-0.18091820180416107,0.061601243913173676,0.11826247721910477,-0.07449443638324738,0.2721775770187378,-0.029879964888095856,-0.04463677480816841,0.27725842595100403,-0.1575089544057846,0.002499210648238659
0.11566825211048126,0.6717995405197144,1.4074944257736206,-0.008383988534085987,-0.014412116077505581,-0.0038790867249560925,-0.02767122129854785,0.012338322067580898,0.01709769796507763,0.2112089976668358,-0.028476607799529985,0.006476736068725675,0.8393162488937378,0.7411493062973022,1.346082329750061,-0.043917857,0.0021193102,0.012902938,216.0,1740111846.0556118,0.07805350422859192,0.0623997300863266,0.20666465163230896,0.16330496966838837,-0.05384984612464905,-0.0515965037047863,0.0494377538561821,0.26605892181396484,0.24896487593650818,0.08987972140312195,0.14522719383239746,0.31201013922691345,0.18003639578819275,-0.02518901228904724,0.25552111864089966,0.062152277678251266,0.21082957088947296,0.06304018199443817,-0.08989065885543823,0.113873191177845,-0.06737825274467468,-0.2994643747806549,-0.1813887655735016,0.061495617032051086,0.1194746270775795,-0.07466086745262146,0.2729395627975464,-0.029344022274017334,-0.045261334627866745,0.2783571779727936,-0.15890584886074066,0.003535310737788677
0.11505109071731567,0.671142578125,1.4070426225662231,-0.008383988534085987,-0.014412116077505581,-0.0038790867249560925,-0.029894941408303122,0.008862384456373626,0.01816411773983103,0.21512003093957902,-0.02849657535552974,0.007346725463867276,0.8393162488937378,0.7411493062973022,1.346082329750061,-0.041750163,0.0019640326,0.01393307,217.0,1740111846.088607,0.07874539494514465,0.06258782744407654,0.20747976005077362,0.1634833663702011,-0.05402239412069321,-0.051518574357032776,0.049309439957141876,0.266834020614624,0.250110000371933,0.08993740379810333,0.14535215497016907,0.3127746880054474,0.18046799302101135,-0.025184951722621918,0.25667962431907654,0.06256139278411865,0.21180212497711182,0.06319388747215271,-0.09030967950820923,0.1138799712061882,-0.06766229122877121,-0.30007246136665344,-0.18194371461868286,0.06157425791025162,0.12042655795812607,-0.07490260899066925,0.27360838651657104,-0.02922561764717102,-0.04542073979973793,0.2790378928184509,-0.15985341370105743,0.003968528471887112
0.11477727442979813,0.6706659197807312,1.407016396522522,-0.008383988534085987,-0.014412116077505581,-0.0038790867249560925,-0.02928637817593019,0.008912017704288252,0.017477802696113345,0.21505109071731568,-0.028857421874999956,0.007042622566223233,0.8393162488937378,0.7411493062973022,1.346082329750061,-0.0412925,0.0028769374,0.009219319,218.0,1740111846.1234548,0.0786825641989708,0.06261756271123886,0.207193061709404,0.16356933116912842,-0.054399505257606506,-0.051340505480766296,0.04935356229543686,0.266918420791626,0.25016289949417114,0.08967176079750061,0.14498022198677063,0.31277936697006226,0.1805161088705063,-0.02547076717019081,0.25667446851730347,0.06277304142713547,0.21189801394939423,0.0634617805480957,-0.09067285060882568,0.11389445513486862,-0.06777755916118622,-0.2994697093963623,-0.18193070590496063,0.06148114800453186,0.12062054127454758,-0.07503259927034378,0.27351200580596924,-0.029007837176322937,-0.045245710760354996,0.27907347679138184,-0.16009818017482758,0.0037905601784586906
0.114042729139328,0.6701548099517822,1.4068647623062134,0.02585101332319446,-0.0068148746807549215,0.00350945642242469,-0.03223874464029979,0.010657074098038202,0.01720887668983763,0.21435899138450623,-0.029186797142028764,0.006911015510559171,0.8393162488937378,0.7411493062973022,1.346082329750061,-0.0412925,0.0028769374,0.009219319,219.0,1740111846.16563,0.0786825641989708,0.06261756271123886,0.207193061709404,0.16356933116912842,-0.054399505257606506,-0.051340505480766296,0.04935356229543686,0.266918420791626,0.25016289949417114,0.08967176079750061,0.14498022198677063,0.31277936697006226,0.1805161088705063,-0.02547076717019081,0.25667446851730347,0.06277304142713547,0.21189801394939423,0.0634617805480957,-0.09067285060882568,0.11389445513486862,-0.06777755916118622,-0.2994697093963623,-0.18193070590496063,0.06148114800453186,0.12062054127454758,-0.07503259927034378,0.27351200580596924,-0.029007837176322937,-0.045245710760354996,0.27907347679138184,-0.16009818017482758,0.0037905601784586906
0.11470189690589905,0.6696154475212097,1.4068087339401245,0.02585101332319446,-0.0068148746807549215,0.00350945642242469,-0.028712200993273866,0.009842467618121315,0.01880518358780186,0.214042729139328,-0.02984519004821773,0.006864762306213468,0.8393162488937378,0.7411493062973022,1.346082329750061,-0.04227988,0.0027981773,0.011144996,220.0,1740111846.190562,0.07916774600744247,0.06270948052406311,0.2081260085105896,0.1644788533449173,-0.05516774207353592,-0.050744738429784775,0.04963608458638191,0.26851290464401245,0.25118228793144226,0.08984707295894623,0.1452305018901825,0.31422853469848633,0.18109814822673798,-0.02526678517460823,0.25790610909461975,0.06349405646324158,0.21279454231262207,0.06386519968509674,-0.09146259725093842,0.11456430703401566,-0.06755124032497406,-0.29998886585235596,-0.18268907070159912,0.06165368854999542,0.12123234570026398,-0.07558605074882507,0.2740098237991333,-0.02869676798582077,-0.045175936073064804,0.28064215183258057,-0.16143815219402313,0.0031561357900500298
0.11436975002288818,0.6691069006919861,1.4068055152893066,0.02585101332319446,-0.0068148746807549215,0.00350945642242469,-0.02899269783015375,0.010108554830107742,0.020766212825771055,0.2144968867301941,-0.030654442310333208,0.006817436218261808,0.8393162488937378,0.7411493062973022,1.346082329750061,-0.038654305,0.0017272681,0.014982864,221.0,1740111846.2253225,0.07855734974145889,0.06246480345726013,0.20816779136657715,0.16514310240745544,-0.05578196793794632,-0.05022652819752693,0.05005548149347305,0.2691890299320221,0.25042179226875305,0.08986972272396088,0.1453866809606552,0.3144989609718323,0.18140485882759094,-0.02505139634013176,0.2575134038925171,0.06367133557796478,0.21230609714984894,0.06420165300369263,-0.09180738031864166,0.11541599780321121,-0.06673948466777802,-0.29985442757606506,-0.1828729808330536,0.06167122721672058,0.1202734187245369,-0.07603984326124191,0.27405500411987305,-0.028305478394031525,-0.04453485086560249,0.28158625960350037,-0.16148090362548828,0.0017050141468644142
0.11397238075733185,0.6684256792068481,1.4069056510925293,-0.00495900158255182,-0.017516783587527823,0.001072243391307283,-0.029111228086470705,0.009253769862014006,0.02143625808423399,0.2138942763209343,-0.031086874008178667,0.006993985176086515,0.8393162488937378,0.7411493062973022,1.346082329750061,-0.036975488,0.002138935,0.013103902,222.0,1740111846.2632756,0.07862341403961182,0.0623369924724102,0.20910422503948212,0.16607791185379028,-0.05634879320859909,-0.04977329820394516,0.05059216171503067,0.27053534984588623,0.25062236189842224,0.0902324914932251,0.1459849774837494,0.3157727122306824,0.18218618631362915,-0.024764761328697205,0.25823304057121277,0.06407630443572998,0.2126462161540985,0.06463387608528137,-0.0921783298254013,0.11642219871282578,-0.06625661253929138,-0.3008008599281311,-0.18355309963226318,0.06204848736524582,0.11991891264915466,-0.07667762786149979,0.27473607659339905,-0.02834177017211914,-0.044237952679395676,0.2832416594028473,-0.16218873858451843,0.0006495164707303047
0.11392731964588165,0.6681803464889526,1.4069876670837402,-0.00495900158255182,-0.017516783587527823,0.001072243391307283,-0.028825212657859558,0.009392584579864638,0.02049453502055979,0.21397238075733185,-0.03157432079315181,0.006905651092529386,0.8393162488937378,0.7411493062973022,1.346082329750061,-0.035661124,0.0021797344,0.012487613,223.0,1740111846.290633,0.07892259955406189,0.06235521659255028,0.2095213383436203,0.16638131439685822,-0.056845635175704956,-0.04934738576412201,0.050614625215530396,0.2713805139064789,0.25103360414505005,0.0901409387588501,0.14590440690517426,0.3162757456302643,0.1824638545513153,-0.02458881586790085,0.25880759954452515,0.06451001763343811,0.21310091018676758,0.06485934555530548,-0.09271225333213806,0.11662598699331284,-0.06592753529548645,-0.3008023202419281,-0.1839517503976822,0.061988092958927155,0.12033011019229889,-0.07703730463981628,0.274907648563385,-0.027946826070547104,-0.04397052153944969,0.2840353548526764,-0.16303415596485138,0.0002562394365668297
0.10786744952201843,0.6659131050109863,1.4064218997955322,-0.00495900158255182,-0.017516783587527823,0.001072243391307283,-0.014503096253867686,-0.0022564462469943786,0.02879597948787871,0.2091858297586441,-0.032622349262237504,0.006180262565612882,0.8393162488937378,0.7411493062973022,1.346082329750061,-0.035661124,0.0021797344,0.012487613,224.0,1740111846.329862,0.07892259955406189,0.06235521659255028,0.2095213383436203,0.16638131439685822,-0.056845635175704956,-0.04934738576412201,0.050614625215530396,0.2713805139064789,0.25103360414505005,0.0901409387588501,0.14590440690517426,0.3162757456302643,0.1824638545513153,-0.02458881586790085,0.25880759954452515,0.06451001763343811,0.21310091018676758,0.06485934555530548,-0.09271225333213806,0.11662598699331284,-0.06592753529548645,-0.3008023202419281,-0.1839517503976822,0.061988092958927155,0.12033011019229889,-0.07703730463981628,0.274907648563385,-0.027946826070547104,-0.04397052153944969,0.2840353548526764,-0.16303415596485138,0.0002562394365668297
0.11221283674240112,0.6670452952384949,1.4081872701644897,-0.07059942912930597,-0.04132286081435795,-0.004175736147832742,-0.021247688643409066,0.015553009900609165,0.01378314260096449,0.20786744952201844,-0.03408689498901363,0.006421899795532315,0.8393162488937378,0.7411493062973022,1.346082329750061,-0.03536544,0.0027696043,0.009951383,225.0,1740111846.3658934,0.07916197925806046,0.06262499839067459,0.2095043957233429,0.16595856845378876,-0.056490443646907806,-0.04969312250614166,0.05029736086726189,0.27093467116355896,0.2514055073261261,0.09016704559326172,0.14577892422676086,0.31592339277267456,0.18209104239940643,-0.0248294398188591,0.258960485458374,0.0642423927783966,0.21328040957450867,0.06472276151180267,-0.09240366518497467,0.11608123034238815,-0.06641050428152084,-0.30080610513687134,-0.18368636071681976,0.06183483451604843,0.120726577937603,-0.07677164673805237,0.27495163679122925,-0.02795756235718727,-0.044468287378549576,0.2835138738155365,-0.16291046142578125,0.001191447488963604
0.11298695206642151,0.6665750741958618,1.4083880186080933,-0.07059942912930597,-0.04132286081435795,-0.004175736147832742,-0.028612602643703834,0.010443632518783665,0.016215642006189048,0.21221283674240113,-0.03295470476150508,0.008187270164489835,0.8393162488937378,0.7411493062973022,1.346082329750061,-0.03221853,0.0020146817,0.013212681,226.0,1740111846.3982458,0.07892246544361115,0.0626300498843193,0.20774297416210175,0.16432179510593414,-0.05559235066175461,-0.05026395991444588,0.04944660887122154,0.2688411772251129,0.2505429983139038,0.08942991495132446,0.14456883072853088,0.313634991645813,0.1809539943933487,-0.025003083050251007,0.25726810097694397,0.06351654976606369,0.21256829798221588,0.0640682578086853,-0.0917353481054306,0.11449190229177475,-0.06689110398292542,-0.29897695779800415,-0.18249239027500153,0.06128673255443573,0.12074599415063858,-0.07588279247283936,0.2736864984035492,-0.027951348572969437,-0.04455700144171715,0.2807576656341553,-0.1615331470966339,0.0025244727730751038
0.11251896619796753,0.6664458513259888,1.4089256525039673,-0.07059942912930597,-0.04132286081435795,-0.004175736147832742,-0.029070017867580775,0.008780773736503246,0.016288899781609897,0.21298695206642151,-0.03342492580413814,0.00838801860809335,0.8393162488937378,0.7411493062973022,1.346082329750061,-0.03221853,0.0020146817,0.013212681,227.0,1740111846.4241467,0.07892246544361115,0.0626300498843193,0.20774297416210175,0.16432179510593414,-0.05559235066175461,-0.05026395991444588,0.04944660887122154,0.2688411772251129,0.2505429983139038,0.08942991495132446,0.14456883072853088,0.313634991645813,0.1809539943933487,-0.025003083050251007,0.25726810097694397,0.06351654976606369,0.21256829798221588,0.0640682578086853,-0.0917353481054306,0.11449190229177475,-0.06689110398292542,-0.29897695779800415,-0.18249239027500153,0.06128673255443573,0.12074599415063858,-0.07588279247283936,0.2736864984035492,-0.027951348572969437,-0.04455700144171715,0.2807576656341553,-0.1615331470966339,0.0025244727730751038
0.11223330348730087,0.6660903096199036,1.4095872640609741,-0.07059942912930597,-0.04132286081435795,-0.004175736147832742,-0.028347882849483454,0.008260071107595642,0.01624325425056265,0.21181285232305527,-0.03367216587066646,0.009319400787353604,0.8393162488937378,0.7411493062973022,1.346082329750061,-0.021725893,0.0012527555,0.015707001,228.0,1740111846.4556646,0.08123821020126343,0.06275711953639984,0.20707936584949493,0.15668131411075592,-0.05085402727127075,-0.05058315396308899,0.04622960090637207,0.26317793130874634,0.25077980756759644,0.08891820907592773,0.1429208368062973,0.30750471353530884,0.17737041413784027,-0.022035378962755203,0.2561810314655304,0.06306980550289154,0.21076631546020508,0.05969700589776039,-0.0858980119228363,0.10874355584383011,-0.06493623554706573,-0.29673153162002563,-0.17869451642036438,0.058844782412052155,0.1225406751036644,-0.07274965196847916,0.2697126567363739,-0.025347035378217697,-0.04513551667332649,0.2771252393722534,-0.15977177023887634,0.00828871876001358
0.10675971955060959,0.6640470623970032,1.4089730978012085,0.011755561615246372,0.0010005646963844401,0.0172532996090068,-0.016211969373850693,-0.00562044547053567,0.030786429227338992,0.20800867527723313,-0.03531141281127925,0.008537983894348233,0.8393162488937378,0.7411493062973022,1.346082329750061,-0.021725893,0.0012527555,0.015707001,229.0,1740111846.4912076,0.08123821020126343,0.06275711953639984,0.20707936584949493,0.15668131411075592,-0.05085402727127075,-0.05058315396308899,0.04622960090637207,0.26317793130874634,0.25077980756759644,0.08891820907592773,0.1429208368062973,0.30750471353530884,0.17737041413784027,-0.022035378962755203,0.2561810314655304,0.06306980550289154,0.21076631546020508,0.05969700589776039,-0.0858980119228363,0.10874355584383011,-0.06493623554706573,-0.29673153162002563,-0.17869451642036438,0.058844782412052155,0.1225406751036644,-0.07274965196847916,0.2697126567363739,-0.025347035378217697,-0.04513551667332649,0.2771252393722534,-0.15977177023887634,0.00828871876001358
0.10766094923019409,0.6647875905036926,1.40973699092865,0.011755561615246372,0.0010005646963844401,0.0172532996090068,0.0037546390819933623,-0.009004198804547345,0.02852843453697428,0.21092674732208253,-0.034693014621734575,0.010856246948242276,0.8393162488937378,0.7411493062973022,1.346082329750061,-0.027927145,0.0014480948,0.014028542,230.0,1740111846.523582,0.08028672635555267,0.06262411922216415,0.20660215616226196,0.15735813975334167,-0.05109874904155731,-0.05037776380777359,0.04678213596343994,0.26312530040740967,0.24990259110927582,0.0886329859495163,0.1426672637462616,0.30751028656959534,0.17759299278259277,-0.022463489323854446,0.2551777958869934,0.06290921568870544,0.21029284596443176,0.060082968324422836,-0.08638325333595276,0.10936842113733292,-0.06513963639736176,-0.2959252893924713,-0.17897003889083862,0.05894463509321213,0.12219058722257614,-0.07299225777387619,0.2694244980812073,-0.02578742429614067,-0.04462587460875511,0.2767849564552307,-0.15938317775726318,0.006923240143805742
0.10625717043876648,0.6632993221282959,1.41020929813385,0.011755561615246372,0.0010005646963844401,0.0172532996090068,-0.015456811562919401,-0.004347908595029331,0.02911353799947099,0.20633626580238343,-0.03651828765869136,0.009956216812133878,0.8393162488937378,0.7411493062973022,1.346082329750061,-0.034342997,0.0014379397,0.013603874,231.0,1740111846.556353,0.0798250064253807,0.06257899105548859,0.20612545311450958,0.15777352452278137,-0.051336608827114105,-0.050531648099422455,0.04731353744864464,0.2630884349346161,0.2495575100183487,0.08867217600345612,0.14243651926517487,0.3078025281429291,0.17794932425022125,-0.023048263043165207,0.2547154128551483,0.0628870502114296,0.21014298498630524,0.060616280883550644,-0.08673679828643799,0.10992725938558578,-0.06569615751504898,-0.2957044541835785,-0.17914068698883057,0.059252917766571045,0.1218949630856514,-0.07319355010986328,0.2695603370666504,-0.02642921358346939,-0.044483136385679245,0.2765005826950073,-0.15912047028541565,0.006500839721411467
0.10614433884620667,0.6629682779312134,1.4106978178024292,-0.015583833722617263,-0.014379922515225917,0.018053872644367207,-0.015909456076772303,-0.0036173390326867325,0.02683499358447815,0.20620927065610886,-0.03693635463714595,0.010516262054443448,0.8393162488937378,0.7411493062973022,1.346082329750061,-0.033741236,0.0018700734,0.01110056,232.0,1740111846.5912943,0.07891025394201279,0.06233975291252136,0.20613592863082886,0.15913568437099457,-0.05214836448431015,-0.05035923793911934,0.04821402207016945,0.2639886140823364,0.24882188439369202,0.08879856765270233,0.14268384873867035,0.3086481988430023,0.17864196002483368,-0.02345164492726326,0.2543092370033264,0.06289977580308914,0.20989426970481873,0.06143558397889137,-0.08754146099090576,0.11125157028436661,-0.06573490053415298,-0.29591676592826843,-0.1796771138906479,0.059732332825660706,0.12099375575780869,-0.07384935766458511,0.27006492018699646,-0.02696923539042473,-0.044071149080991745,0.27721354365348816,-0.15900765359401703,0.004887980408966541
0.10722337663173676,0.6637648940086365,1.4111169576644897,-0.015583833722617263,-0.014379922515225917,0.018053872644367207,0.002477932303534238,-0.0058076940601854725,0.022614807413341417,0.2073012948036194,-0.03609718084335323,0.010889625549316495,0.8393162488937378,0.7411493062973022,1.346082329750061,-0.0398366,0.0015276894,0.012474924,233.0,1740111846.6230006,0.07850740849971771,0.06208551675081253,0.20730796456336975,0.1610274761915207,-0.05302908271551132,-0.04974359646439552,0.049445122480392456,0.26601850986480713,0.2488444298505783,0.08958226442337036,0.14394696056842804,0.3108280599117279,0.17990528047084808,-0.023108534514904022,0.25495612621307373,0.06335923075675964,0.21000857651233673,0.06213363632559776,-0.08823826909065247,0.11326751857995987,-0.06495193392038345,-0.2974853515625,-0.1808691918849945,0.06039609760046005,0.12016094475984573,-0.07473878562450409,0.27099451422691345,-0.027237582951784134,-0.043498504906892776,0.2796769142150879,-0.15980057418346405,0.0027261320501565933
0.11115157604217529,0.6638549566268921,1.413273811340332,-0.015583833722617263,-0.014379922515225917,0.018053872644367207,-0.02949714608794218,0.00964017474615329,0.01582979544981537,0.21069376766681672,-0.03585751056671138,0.012820935249328702,0.8393162488937378,0.7411493062973022,1.346082329750061,-0.0398366,0.0015276894,0.012474924,234.0,1740111846.657963,0.07850740849971771,0.06208551675081253,0.20730796456336975,0.1610274761915207,-0.05302908271551132,-0.04974359646439552,0.049445122480392456,0.26601850986480713,0.2488444298505783,0.08958226442337036,0.14394696056842804,0.3108280599117279,0.17990528047084808,-0.023108534514904022,0.25495612621307373,0.06335923075675964,0.21000857651233673,0.06213363632559776,-0.08823826909065247,0.11326751857995987,-0.06495193392038345,-0.2974853515625,-0.1808691918849945,0.06039609760046005,0.12016094475984573,-0.07473878562450409,0.27099451422691345,-0.027237582951784134,-0.043498504906892776,0.2796769142150879,-0.15980057418346405,0.0027261320501565933
0.10686144232749939,0.6632159352302551,1.4124048948287964,0.007058673056298066,0.0024377679784655026,0.016803291192118413,0.003248847128216951,-0.006335580548470598,0.028665077566819155,0.2111515760421753,-0.036145043373107866,0.01327381134033212,0.8393162488937378,0.7411493062973022,1.346082329750061,-0.04324518,0.0021688715,0.009573266,235.0,1740111846.692258,0.07731865346431732,0.06193018704652786,0.20653533935546875,0.16204898059368134,-0.05320551246404648,-0.050266847014427185,0.04984411597251892,0.2659989595413208,0.247455433011055,0.08993126451969147,0.1445300132036209,0.31093305349349976,0.18018263578414917,-0.02366560697555542,0.2538090944290161,0.06254791468381882,0.20925870537757874,0.06262616813182831,-0.08861984312534332,0.11423543840646744,-0.06526702642440796,-0.2979339063167572,-0.1810409426689148,0.06108948588371277,0.11840957403182983,-0.07486233115196228,0.2714444696903229,-0.02834928035736084,-0.04354936257004738,0.2791527509689331,-0.15855838358402252,0.0017396965995430946
0.10561618953943253,0.6618009209632874,1.4129638671875,0.007058673056298066,0.0024377679784655026,0.016803291192118413,-0.01649124326989362,-0.0014034475000590252,0.034438896254188334,0.20561686754226685,-0.03809983730316158,0.012700772285461515,0.8393162488937378,0.7411493062973022,1.346082329750061,-0.039849333,0.0018296316,0.011113271,236.0,1740111846.7256663,0.07730266451835632,0.06194343417882919,0.20612788200378418,0.16158057749271393,-0.05277886986732483,-0.050708770751953125,0.049484461545944214,0.26529958844184875,0.24713797867298126,0.08981509506702423,0.1443825364112854,0.31023845076560974,0.17977307736873627,-0.023572243750095367,0.2534240484237671,0.062171999365091324,0.20899735391139984,0.06223886087536812,-0.0881822258234024,0.11373879760503769,-0.06545097380876541,-0.2978755533695221,-0.18065844476222992,0.06104619801044464,0.11812175810337067,-0.07449930906295776,0.27126410603523254,-0.02862495183944702,-0.04388168081641197,0.2782894968986511,-0.15788467228412628,0.0023630866780877113
0.11010926961898804,0.6631537675857544,1.4148857593536377,0.007058673056298066,0.0024377679784655026,0.016803291192118413,-0.019129355307155607,-0.11396102503382649,-0.06155720809522555,0.20550805926322938,-0.03824902772903438,0.01317319869995126,0.8393162488937378,0.7411493062973022,1.346082329750061,-0.036908098,0.0019587874,0.009747833,237.0,1740111846.7579312,0.07691800594329834,0.06181488186120987,0.20639637112617493,0.1628342568874359,-0.053460314869880676,-0.05061738193035126,0.05027702823281288,0.26629638671875,0.2471456080675125,0.09014537930488586,0.1448066681623459,0.3114791512489319,0.18050561845302582,-0.023898955434560776,0.25365445017814636,0.062383223325014114,0.2091272473335266,0.06290669739246368,-0.08894245326519012,0.11500496417284012,-0.06570903956890106,-0.2984622120857239,-0.1812598705291748,0.06156708300113678,0.11767978221178055,-0.07502420246601105,0.2720046043395996,-0.02916949987411499,-0.043750178068876266,0.2792530953884125,-0.15812741219997406,0.001408921554684639
0.11087273061275482,0.6633162498474121,1.4154200553894043,0.007058673056298066,0.0024377679784655026,0.016803291192118413,-0.031084403046390537,0.005900701561042742,0.016310736293535112,0.21010926961898804,-0.03684623241424556,0.014885759353637784,0.8393162488937378,0.7411493062973022,1.346082329750061,-0.040023245,0.002407819,0.0075105354,238.0,1740111846.7896383,0.07780478149652481,0.06209925189614296,0.20713108777999878,0.16266463696956635,-0.05353928357362747,-0.05052963271737099,0.04989935830235481,0.26683810353279114,0.2484307885169983,0.0900362879037857,0.14477014541625977,0.31186333298683167,0.18052631616592407,-0.02379375323653221,0.25484806299209595,0.06282439827919006,0.2100580632686615,0.06284615397453308,-0.08919572830200195,0.11455660313367844,-0.06584548950195312,-0.29876846075057983,-0.18151885271072388,0.061333976686000824,0.11888774484395981,-0.07507671415805817,0.27228018641471863,-0.028694093227386475,-0.04402369633316994,0.2796921730041504,-0.1592143177986145,0.002183678559958935
0.110561303794384,0.663029670715332,1.4155726432800293,0.03294717476312075,-0.0005877683433336641,0.02687432793929735,-0.029994521840945608,0.0041533833620229395,0.016809217737560205,0.21074048280715943,-0.03685326576232906,0.015568947792053311,0.8393162488937378,0.7411493062973022,1.346082329750061,-0.040023245,0.002407819,0.0075105354,239.0,1740111846.8264327,0.07780478149652481,0.06209925189614296,0.20713108777999878,0.16266463696956635,-0.05353928357362747,-0.05052963271737099,0.04989935830235481,0.26683810353279114,0.2484307885169983,0.0900362879037857,0.14477014541625977,0.31186333298683167,0.18052631616592407,-0.02379375323653221,0.25484806299209595,0.06282439827919006,0.2100580632686615,0.06284615397453308,-0.08919572830200195,0.11455660313367844,-0.06584548950195312,-0.29876846075057983,-0.18151885271072388,0.061333976686000824,0.11888774484395981,-0.07507671415805817,0.27228018641471863,-0.028694093227386475,-0.04402369633316994,0.2796921730041504,-0.1592143177986145,0.002183678559958935
0.10534989833831787,0.6618708968162537,1.413923740386963,0.03294717476312075,-0.0005877683433336641,0.02687432793929735,0.003062320173423932,-0.010536681471504166,0.03493882543900542,0.210011525452137,-0.037392926216125444,0.015189862251281827,0.8393162488937378,0.7411493062973022,1.346082329750061,-0.03729388,0.0025186539,0.009069055,240.0,1740111846.860335,0.078311488032341,0.0621587336063385,0.20792032778263092,0.16334357857704163,-0.054309993982315063,-0.049963124096393585,0.0502186045050621,0.26810938119888306,0.2493916153907776,0.09011375904083252,0.14488069713115692,0.31312617659568787,0.1810680478811264,-0.023658882826566696,0.2559393644332886,0.06359778344631195,0.21083588898181915,0.06323288381099701,-0.08976535499095917,0.11518316715955734,-0.0655820295214653,-0.2991369068622589,-0.18216077983379364,0.0613788440823555,0.11946379393339157,-0.07559224218130112,0.27260851860046387,-0.028251364827156067,-0.043813157826662064,0.2810935080051422,-0.1604924499988556,0.0015358766540884972
0.10515739768743515,0.6618494987487793,1.4137452840805054,0.03294717476312075,-0.0005877683433336641,0.02687432793929735,0.0037076427700379173,-0.011615806892293936,0.03363464378821017,0.20534989833831788,-0.038129103183746293,0.01392374038696298,0.8393162488937378,0.7411493062973022,1.346082329750061,-0.0391306,0.003092371,0.003765732,241.0,1740111846.8926783,0.0788201168179512,0.06213124096393585,0.20776516199111938,0.16260580718517303,-0.054387450218200684,-0.04963408038020134,0.049879420548677444,0.26803427934646606,0.24991755187511444,0.089596226811409,0.1440073549747467,0.3127317726612091,0.18100374937057495,-0.023440860211849213,0.2561226785182953,0.06413046270608902,0.21117456257343292,0.06307566165924072,-0.08995877206325531,0.11463504284620285,-0.06548088788986206,-0.298216313123703,-0.18209096789360046,0.060999542474746704,0.12048017233610153,-0.07556889206171036,0.2721784710884094,-0.02764882892370224,-0.04339942708611488,0.2809132933616638,-0.16112950444221497,0.001890706829726696
0.10465945303440094,0.6617695093154907,1.4132745265960693,-0.0553227907269312,-0.01252944468303856,-0.020873731655365983,0.0035812401547219838,-0.012768190569636247,0.029595903253785232,0.20495537519454957,-0.038222563266754106,0.013501381874084561,0.8393162488937378,0.7411493062973022,1.346082329750061,-0.036213696,0.002895482,0.008283913,242.0,1740111846.9244473,0.07791934907436371,0.06192491948604584,0.2064986675977707,0.16210642457008362,-0.05401530861854553,-0.04964764788746834,0.0498383492231369,0.2669353783130646,0.24844034016132355,0.08934792876243591,0.14342448115348816,0.3114321529865265,0.18042993545532227,-0.023460231721401215,0.25438714027404785,0.06354875862598419,0.2100696563720703,0.06297250092029572,-0.08952270448207855,0.11437451094388962,-0.06528127193450928,-0.29701200127601624,-0.1813768744468689,0.06089770793914795,0.1194746196269989,-0.07525520026683807,0.27120745182037354,-0.027817457914352417,-0.04303794726729393,0.2795734703540802,-0.159939244389534,0.001477275975048542
0.10265020281076431,0.6604095697402954,1.4123953580856323,-0.0553227907269312,-0.01252944468303856,-0.020873731655365983,-0.0171051499384561,-0.007141908688691831,0.027767857083447766,0.20436476767063141,-0.03831828832626338,0.01298389434814462,0.8393162488937378,0.7411493062973022,1.346082329750061,-0.036213696,0.002895482,0.008283913,243.0,1740111846.9583883,0.07791934907436371,0.06192491948604584,0.2064986675977707,0.16210642457008362,-0.05401530861854553,-0.04964764788746834,0.0498383492231369,0.2669353783130646,0.24844034016132355,0.08934792876243591,0.14342448115348816,0.3114321529865265,0.18042993545532227,-0.023460231721401215,0.25438714027404785,0.06354875862598419,0.2100696563720703,0.06297250092029572,-0.08952270448207855,0.11437451094388962,-0.06528127193450928,-0.29701200127601624,-0.1813768744468689,0.06089770793914795,0.1194746196269989,-0.07525520026683807,0.27120745182037354,-0.027817457914352417,-0.04303794726729393,0.2795734703540802,-0.159939244389534,0.001477275975048542
0.10654205083847046,0.662512481212616,1.4134047031402588,-0.0553227907269312,-0.01252944468303856,-0.020873731655365983,-0.024576331959016155,-0.09947023408138965,-0.05649289395509873,0.20265020281076432,-0.039590430259704545,0.012395358085632413,0.8393162488937378,0.7411493062973022,1.346082329750061,-0.036249936,0.0029451847,0.003213644,244.0,1740111846.9904037,0.0783163458108902,0.06203532591462135,0.20656144618988037,0.16172873973846436,-0.05386068671941757,-0.04988398402929306,0.04956137388944626,0.2667776644229889,0.24898360669612885,0.08917365968227386,0.14329968392848969,0.31126609444618225,0.18040423095226288,-0.023578878492116928,0.254768431186676,0.06363796442747116,0.21045741438865662,0.0628395527601242,-0.08956554532051086,0.11389168351888657,-0.0656711608171463,-0.2970012128353119,-0.18136973679065704,0.060855746269226074,0.12017660588026047,-0.07508567720651627,0.27130427956581116,-0.02786886692047119,-0.0432688407599926,0.279201865196228,-0.16014699637889862,0.002274559810757637
0.10807275027036667,0.6626541018486023,1.4114457368850708,-0.0553227907269312,-0.01252944468303856,-0.020873731655365983,-0.029149950842746856,0.010953605314693936,0.031760845454378885,0.20709677636623383,-0.036966812610626176,0.013302540779113858,0.8393162488937378,0.7411493062973022,1.346082329750061,-0.037618548,0.0030939952,0.004734993,245.0,1740111847.0233107,0.07790089398622513,0.061826810240745544,0.20577538013458252,0.16128911077976227,-0.05359675735235214,-0.05009043216705322,0.04959987476468086,0.2659534513950348,0.24813038110733032,0.08899815380573273,0.14292654395103455,0.3105338513851166,0.18007218837738037,-0.023556072264909744,0.2538197934627533,0.06334638595581055,0.20974424481391907,0.06260298192501068,-0.08923567831516266,0.11366908997297287,-0.06569699198007584,-0.2964087426662445,-0.18090002238750458,0.0608186274766922,0.1197003573179245,-0.07476966083049774,0.2707691788673401,-0.02814210206270218,-0.043144095689058304,0.27831050753593445,-0.15929099917411804,0.0022869575768709183
0.10692562162876129,0.6627733707427979,1.4122259616851807,0.02180199065162504,0.009345891860000835,-0.007287401942380161,-0.029934089387690165,0.004793185318503627,0.010594231846845291,0.20727614164352418,-0.03710879087448116,0.012399888038635343,0.8393162488937378,0.7411493062973022,1.346082329750061,-0.034648955,0.0022723079,0.012978815,246.0,1740111847.056622,0.0771886333823204,0.06173546984791756,0.20425191521644592,0.15997827053070068,-0.05214943736791611,-0.05135888606309891,0.049122098833322525,0.26336419582366943,0.24666158854961395,0.08892302215099335,0.14277754724025726,0.3083648979663849,0.17899459600448608,-0.023968245834112167,0.25201746821403503,0.062136080116033554,0.2083001732826233,0.0617300383746624,-0.08799406886100769,0.11260571330785751,-0.06633897125720978,-0.29593679308891296,-0.17965804040431976,0.060773447155952454,0.11875675618648529,-0.07365656644105911,0.2701106071472168,-0.029164284467697144,-0.04382966086268425,0.2756069600582123,-0.1568842977285385,0.003740075044333935
0.1064554825425148,0.6629638671875,1.4090216159820557,0.02180199065162504,0.009345891860000835,-0.007287401942380161,-0.02819917132403173,0.012633917599573958,0.03462849169514489,0.20697880387306214,-0.037194681167602495,0.011724209785461515,0.8393162488937378,0.7411493062973022,1.346082329750061,-0.0367062,0.002200313,0.011376336,247.0,1740111847.0978377,0.07559682428836823,0.06137285381555557,0.20270909368991852,0.16048209369182587,-0.051789961755275726,-0.051968544721603394,0.04942278936505318,0.2624950706958771,0.24431289732456207,0.08929821848869324,0.14311227202415466,0.30748283863067627,0.17873932421207428,-0.024344276636838913,0.24969959259033203,0.060830529779195786,0.20679190754890442,0.06187580153346062,-0.08787873387336731,0.11323799937963486,-0.06641197949647903,-0.29574424028396606,-0.17917194962501526,0.06140671670436859,0.11632399260997772,-0.0733647421002388,0.2699441909790039,-0.03044036775827408,-0.04378201439976692,0.27424049377441406,-0.15460816025733948,0.0028480375185608864
0.10532718896865845,0.6632634401321411,1.4092376232147217,-0.019488012053506507,0.003722020774180321,-0.03162019057699964,-0.029811500977623587,0.004916274720414417,0.013460923930888805,0.2064554825425148,-0.037036132812499956,0.009021615982055753,0.8393162488937378,0.7411493062973022,1.346082329750061,-0.039682202,0.0010392442,0.017165393,248.0,1740111847.1286647,0.07582523673772812,0.061466559767723083,0.20266738533973694,0.15995661914348602,-0.0511137992143631,-0.05210637301206589,0.04940423369407654,0.2619447410106659,0.24451449513435364,0.08960436284542084,0.1431248039007187,0.3073160946369171,0.1783788949251175,-0.024281859397888184,0.24968114495277405,0.060739438980817795,0.2066955715417862,0.061644960194826126,-0.08727459609508514,0.11281197518110275,-0.06656388938426971,-0.2958334684371948,-0.17892995476722717,0.061364784836769104,0.11660581082105637,-0.07302641123533249,0.26959601044654846,-0.030644573271274567,-0.04415302351117134,0.2737481892108917,-0.15450163185596466,0.0035871388390660286
0.10428668558597565,0.663938045501709,1.40817129611969,-0.019488012053506507,0.003722020774180321,-0.03162019057699964,-0.03831535117530114,0.006091920195939885,0.015562868581794202,0.20532718896865845,-0.03673655986785884,0.009237623214721769,0.8393162488937378,0.7411493062973022,1.346082329750061,-0.039682202,0.0010392442,0.017165393,249.0,1740111847.1574717,0.07582523673772812,0.061466559767723083,0.20266738533973694,0.15995661914348602,-0.0511137992143631,-0.05210637301206589,0.04940423369407654,0.2619447410106659,0.24451449513435364,0.08960436284542084,0.1431248039007187,0.3073160946369171,0.1783788949251175,-0.024281859397888184,0.24968114495277405,0.060739438980817795,0.2066955715417862,0.061644960194826126,-0.08727459609508514,0.11281197518110275,-0.06656388938426971,-0.2958334684371948,-0.17892995476722717,0.061364784836769104,0.11660581082105637,-0.07302641123533249,0.26959601044654846,-0.030644573271274567,-0.04415302351117134,0.2737481892108917,-0.15450163185596466,0.0035871388390660286
0.10427647829055786,0.6635298728942871,1.4065696001052856,-0.019488012053506507,0.003722020774180321,-0.03162019057699964,-0.028837750445292406,0.004286469322506503,0.012672560410953746,0.20370756685733796,-0.03651250600814815,0.007236218452453702,0.8393162488937378,0.7411493062973022,1.346082329750061,-0.040043734,0.002275668,0.011789583,250.0,1740111847.1919768,0.0757170021533966,0.061545565724372864,0.20270276069641113,0.16050484776496887,-0.05123212933540344,-0.05220771208405495,0.04961903393268585,0.2623482942581177,0.2445700615644455,0.08990591764450073,0.14344139397144318,0.30784404277801514,0.17849482595920563,-0.024512358009815216,0.2497798502445221,0.06055687740445137,0.20690128207206726,0.06194552406668663,-0.08761531114578247,0.11310292035341263,-0.06682445853948593,-0.29615429043769836,-0.17923645675182343,0.06169867515563965,0.11652681976556778,-0.0731295496225357,0.2698183059692383,-0.03111979365348816,-0.04438274726271629,0.27377527952194214,-0.1545851081609726,0.003470952622592449
0.10281574726104736,0.6637172698974609,1.4046688079833984,-0.019488012053506507,0.003722020774180321,-0.03162019057699964,-0.028190649840622046,0.006120507406573354,0.012457369484620206,0.2029348522424698,-0.03609688282012935,0.005538201332092374,0.8393162488937378,0.7411493062973022,1.346082329750061,-0.035296217,0.0022486523,0.0075598583,251.0,1740111847.2253072,0.07586841285228729,0.06172056496143341,0.20237389206886292,0.1596689075231552,-0.05007544904947281,-0.05265938490629196,0.04906575009226799,0.2615305483341217,0.2445797622203827,0.09024041891098022,0.14360709488391876,0.3070974349975586,0.17812632024288177,-0.024366319179534912,0.24937236309051514,0.06009158864617348,0.20670753717422485,0.06127863749861717,-0.08707527816295624,0.11223738640546799,-0.06705271452665329,-0.29628118872642517,-0.17901161313056946,0.061766669154167175,0.1167476549744606,-0.07243432849645615,0.2696222960948944,-0.03154158592224121,-0.04479299113154411,0.272624135017395,-0.1537732034921646,0.004732836969196796
0.10198937356472015,0.6645524501800537,1.4019464254379272,-0.024505393457555296,0.009061701748480228,-0.05278014296746599,-0.030162518050393654,0.008002023597063857,0.008548638144092194,0.20221394151449204,-0.03565407991409297,0.0037206172943116123,0.8393162488937378,0.7411493062973022,1.346082329750061,-0.035703346,0.0020755306,0.0031748638,252.0,1740111847.259372,0.07597939670085907,0.061803415417671204,0.20266929268836975,0.1613071709871292,-0.051127299666404724,-0.05274609103798866,0.049239631742239,0.26324254274368286,0.2449178248643875,0.09052224457263947,0.14423029124736786,0.3086189925670624,0.17885929346084595,-0.024872567504644394,0.2501707375049591,0.06005168333649635,0.20764726400375366,0.062053192406892776,-0.08861750364303589,0.11313620954751968,-0.06750994175672531,-0.29731565713882446,-0.17991229891777039,0.0624677911400795,0.11650048196315765,-0.0729927271604538,0.27092814445495605,-0.0321255624294281,-0.045019615441560745,0.2735302448272705,-0.15432633459568024,0.0041664969176054
0.10064177215099335,0.6644970178604126,1.4011887311935425,-0.024505393457555296,0.009061701748480228,-0.05278014296746599,-0.023002841732642474,0.01280602315052871,0.004935697144374791,0.20198937356472016,-0.035447549819946245,0.001946425437927335,0.8393162488937378,0.7411493062973022,1.346082329750061,-0.037082285,0.0017264113,0.0017201751,253.0,1740111847.289423,0.07587046176195145,0.06190645322203636,0.20233117043972015,0.16113708913326263,-0.05119583010673523,-0.05223305523395538,0.04908616468310356,0.26340821385383606,0.24461212754249573,0.09045828878879547,0.14396932721138,0.3082714378833771,0.17846454679965973,-0.024426240473985672,0.24968594312667847,0.060088273137807846,0.20725677907466888,0.061828624457120895,-0.08847823739051819,0.11287663131952286,-0.0666641891002655,-0.29671144485473633,-0.1795729100704193,0.062222905457019806,0.11621654778718948,-0.07282044738531113,0.2701200544834137,-0.031426556408405304,-0.04476523771882057,0.273543119430542,-0.15428458154201508,0.0036539090797305107
0.10082260519266129,0.6651827692985535,1.3991233110427856,-0.024505393457555296,0.009061701748480228,-0.05278014296746599,-0.02883354858142901,0.010775173110503987,0.00796873077144375,0.20001671314239503,-0.03541101217269893,0.0003397226333619052,0.8393162488937378,0.7411493062973022,1.346082329750061,-0.037082285,0.0017264113,0.0017201751,254.0,1740111847.323199,0.07587046176195145,0.06190645322203636,0.20233117043972015,0.16113708913326263,-0.05119583010673523,-0.05223305523395538,0.04908616468310356,0.26340821385383606,0.24461212754249573,0.09045828878879547,0.14396932721138,0.3082714378833771,0.17846454679965973,-0.024426240473985672,0.24968594312667847,0.060088273137807846,0.20725677907466888,0.061828624457120895,-0.08847823739051819,0.11287663131952286,-0.0666641891002655,-0.29671144485473633,-0.1795729100704193,0.062222905457019806,0.11621654778718948,-0.07282044738531113,0.2701200544834137,-0.031426556408405304,-0.04476523771882057,0.273543119430542,-0.15428458154201508,0.0036539090797305107
0.10017843544483185,0.6662158966064453,1.396474838256836,-0.0200677533834521,0.016992895730037743,-0.05849813469382425,-0.0306676154133745,0.011083089672947102,0.005496536021977807,0.2005740612745285,-0.03457124233245845,-0.0017879247665404385,0.8393162488937378,0.7411493062973022,1.346082329750061,-0.0294744,0.00065182894,0.0146938935,255.0,1740111847.3592775,0.07390591502189636,0.061731379479169846,0.19939172267913818,0.15923619270324707,-0.05020490288734436,-0.05185874551534653,0.04883189871907234,0.2602536380290985,0.241572767496109,0.08955438435077667,0.14220215380191803,0.30468225479125977,0.17682801187038422,-0.024419832974672318,0.2459278404712677,0.059321947395801544,0.20442058145999908,0.0609600655734539,-0.08710333704948425,0.11165627092123032,-0.065788134932518,-0.2928255498409271,-0.1777130663394928,0.06137678027153015,0.1150045320391655,-0.07175373286008835,0.26695412397384644,-0.03084021806716919,-0.04386209324002266,0.27041974663734436,-0.15163758397102356,0.002759031020104885
0.09936578571796417,0.6663537621498108,1.394356369972229,-0.0200677533834521,0.016992895730037743,-0.05849813469382425,-0.029759791379422817,0.011202009407511213,0.007834935735266928,0.20017843544483185,-0.03378410339355464,-0.0035251617431639737,0.8393162488937378,0.7411493062973022,1.346082329750061,-0.030321628,-0.00039931387,0.021540165,256.0,1740111847.3978631,0.07246406376361847,0.06154375523328781,0.19779638946056366,0.1587931513786316,-0.049402765929698944,-0.0525905080139637,0.04877682402729988,0.25816142559051514,0.2398657351732254,0.08935996890068054,0.14174078404903412,0.3031311631202698,0.1765015721321106,-0.025416936725378036,0.24355024099349976,0.05809012055397034,0.2031453251838684,0.061112936586141586,-0.0862872451543808,0.11184496432542801,-0.06653472036123276,-0.2918934226036072,-0.17698934674263,0.06148573011159897,0.11344629526138306,-0.07133930176496506,0.266654372215271,-0.03171875327825546,-0.04381156340241432,0.2683326303958893,-0.14933325350284576,0.002503730356693268
0.0986376702785492,0.6664835214614868,1.3924469947814941,-0.0200677533834521,0.016992895730037743,-0.05849813469382425,-0.027995079352931936,0.011831410628735817,0.005712759372975227,0.19936578571796418,-0.033646237850189165,-0.005643630027770907,0.8393162488937378,0.7411493062973022,1.346082329750061,-0.030321628,-0.00039931387,0.021540165,257.0,1740111847.432257,0.07246406376361847,0.06154375523328781,0.19779638946056366,0.1587931513786316,-0.049402765929698944,-0.0525905080139637,0.04877682402729988,0.25816142559051514,0.2398657351732254,0.08935996890068054,0.14174078404903412,0.3031311631202698,0.1765015721321106,-0.025416936725378036,0.24355024099349976,0.05809012055397034,0.2031453251838684,0.061112936586141586,-0.0862872451543808,0.11184496432542801,-0.06653472036123276,-0.2918934226036072,-0.17698934674263,0.06148573011159897,0.11344629526138306,-0.07133930176496506,0.266654372215271,-0.03171875327825546,-0.04381156340241432,0.2683326303958893,-0.14933325350284576,0.002503730356693268
0.09805034101009369,0.6673123836517334,1.3904739618301392,-0.0200677533834521,0.016992895730037743,-0.05849813469382425,-0.03313085343282317,0.01420009779485296,0.0017045111690031647,0.1986376702785492,-0.03351647853851314,-0.0075530052185057706,0.8393162488937378,0.7411493062973022,1.346082329750061,-0.029800944,-5.5894256e-05,0.019206017,258.0,1740111847.4643724,0.07439691573381424,0.06225784868001938,0.1954377293586731,0.15305346250534058,-0.04761592298746109,-0.05285179987549782,0.045728422701358795,0.25330448150634766,0.2409704029560089,0.08660456538200378,0.13709121942520142,0.2978426218032837,0.17249265313148499,-0.026067566126585007,0.2430342137813568,0.058391883969306946,0.20300327241420746,0.05921543017029762,-0.08504942059516907,0.10610052198171616,-0.06812237948179245,-0.28569769859313965,-0.17392633855342865,0.058138713240623474,0.11811422556638718,-0.06899665296077728,0.26346054673194885,-0.028878778219223022,-0.04474639520049095,0.26343581080436707,-0.14916270971298218,0.008454132825136185
0.09828318655490875,0.6672980189323425,1.3895920515060425,-0.015796109617459628,0.009019038591847644,-0.0573651590391085,-0.02893313778450605,0.013649807228109554,0.002667714816994287,0.1980503410100937,-0.03268761634826656,-0.009526038169860751,0.8393162488937378,0.7411493062973022,1.346082329750061,-0.029800944,-5.5894256e-05,0.019206017,259.0,1740111847.489437,0.07439691573381424,0.06225784868001938,0.1954377293586731,0.15305346250534058,-0.04761592298746109,-0.05285179987549782,0.045728422701358795,0.25330448150634766,0.2409704029560089,0.08660456538200378,0.13709121942520142,0.2978426218032837,0.17249265313148499,-0.026067566126585007,0.2430342137813568,0.058391883969306946,0.20300327241420746,0.05921543017029762,-0.08504942059516907,0.10610052198171616,-0.06812237948179245,-0.28569769859313965,-0.17392633855342865,0.058138713240623474,0.11811422556638718,-0.06899665296077728,0.26346054673194885,-0.028878778219223022,-0.04474639520049095,0.26343581080436707,-0.14916270971298218,0.008454132825136185
0.09795832633972168,0.667680561542511,1.387874722480774,-0.015796109617459628,0.009019038591847644,-0.0573651590391085,-0.029319491546991282,0.014157210302948274,0.004252309365895695,0.19814204275608063,-0.032491755485534624,-0.011295104026794345,0.8393162488937378,0.7411493062973022,1.346082329750061,-0.025314316,0.0012327507,0.01277712,260.0,1740111847.5219631,0.07319149374961853,0.062005095183849335,0.19267144799232483,0.1519661396741867,-0.04696788638830185,-0.05395716056227684,0.04543377459049225,0.2506577968597412,0.23892931640148163,0.08604234457015991,0.13605323433876038,0.2953833043575287,0.17150555551052094,-0.026994213461875916,0.24030590057373047,0.057104066014289856,0.20159968733787537,0.05913932994008064,-0.08455722033977509,0.10516602545976639,-0.06910324841737747,-0.2838019132614136,-0.17264199256896973,0.05819229036569595,0.11692199110984802,-0.06811068207025528,0.2624044418334961,-0.02992711216211319,-0.044828686863183975,0.25991955399513245,-0.14662857353687286,0.009174041450023651
0.09770627319812775,0.6680575609207153,1.3863757848739624,-0.015796109617459628,0.009019038591847644,-0.0573651590391085,-0.02928760845964746,0.013620655642445594,0.007824353642569667,0.197805917263031,-0.03211046457290645,-0.012890124320983798,0.8393162488937378,0.7411493062973022,1.346082329750061,-0.0023233294,0.0014932156,0.00833267,261.0,1740111847.5564578,0.0730791836977005,0.06205243617296219,0.1922215223312378,0.15088200569152832,-0.04695001244544983,-0.05312090367078781,0.0447765477001667,0.25037693977355957,0.237918883562088,0.08559279143810272,0.1351197212934494,0.2940391004085541,0.1704433709383011,-0.025777719914913177,0.23946183919906616,0.057061392813920975,0.20066148042678833,0.05857833847403526,-0.08364595472812653,0.10446441918611526,-0.06753112375736237,-0.2821909487247467,-0.1717228889465332,0.05744429677724838,0.11619462072849274,-0.06784120202064514,0.261055588722229,-0.028422057628631592,-0.044167350977659225,0.26003149151802063,-0.14633159339427948,0.008559534326195717
0.09757422655820847,0.6687245965003967,1.3850109577178955,-0.007083526882488864,0.014253555349103122,-0.04577169537149527,-0.030054261046811352,0.01209698491123507,0.009193996321453148,0.19754493087530137,-0.03180439472198482,-0.014366292953491122,0.8393162488937378,0.7411493062973022,1.346082329750061,-0.009256676,0.0016352162,0.008881681,262.0,1740111847.5921288,0.07187508046627045,0.06185503304004669,0.19046586751937866,0.14938075840473175,-0.04556030035018921,-0.053566835820674896,0.044393569231033325,0.2477184683084488,0.23567788302898407,0.08546075224876404,0.13446518778800964,0.2913316786289215,0.16905343532562256,-0.025774851441383362,0.23689734935760498,0.05601555481553078,0.198468878865242,0.05765100196003914,-0.08228129148483276,0.10355594009160995,-0.06735396385192871,-0.2805885672569275,-0.17020662128925323,0.057007335126399994,0.11477720737457275,-0.0667528510093689,0.2596431374549866,-0.02875036746263504,-0.044207874685525894,0.2576715052127838,-0.14363783597946167,0.00895932037383318
0.09726366400718689,0.6685754656791687,1.382771611213684,-0.007083526882488864,0.014253555349103122,-0.04577169537149527,-0.028805444405530033,0.011049928417510574,0.016591260196853155,0.1975327417254448,-0.0312100768089294,-0.015615129470825106,0.8393162488937378,0.7411493062973022,1.346082329750061,-0.03419532,-0.000571765,0.020405605,263.0,1740111847.63223,0.0711490660905838,0.06202421337366104,0.18843257427215576,0.14778774976730347,-0.04454551637172699,-0.05361407250165939,0.043676383793354034,0.2453756034374237,0.23388440907001495,0.08512416481971741,0.13313935697078705,0.2886517345905304,0.16722580790519714,-0.02588910609483719,0.23467451333999634,0.05500371754169464,0.19705048203468323,0.05719497427344322,-0.08113815635442734,0.10200323909521103,-0.06727936863899231,-0.2781442403793335,-0.16864868998527527,0.05636802315711975,0.1139671802520752,-0.06584180146455765,0.25762856006622314,-0.028468720614910126,-0.04444136098027229,0.25492551922798157,-0.14193251729011536,0.00980635266751051
0.0925443023443222,0.6684538722038269,1.3804222345352173,-0.007083526882488864,0.014253555349103122,-0.04577169537149527,0.004384877482280064,-0.004685392746174696,0.025104097675851898,0.1972636640071869,-0.031424534320831254,-0.01722838878631583,0.8393162488937378,0.7411493062973022,1.346082329750061,-0.03419532,-0.000571765,0.020405605,264.0,1740111847.667626,0.0711490660905838,0.06202421337366104,0.18843257427215576,0.14778774976730347,-0.04454551637172699,-0.05361407250165939,0.043676383793354034,0.2453756034374237,0.23388440907001495,0.08512416481971741,0.13313935697078705,0.2886517345905304,0.16722580790519714,-0.02588910609483719,0.23467451333999634,0.05500371754169464,0.19705048203468323,0.05719497427344322,-0.08113815635442734,0.10200323909521103,-0.06727936863899231,-0.2781442403793335,-0.16864868998527527,0.05636802315711975,0.1139671802520752,-0.06584180146455765,0.25762856006622314,-0.028468720614910126,-0.04444136098027229,0.25492551922798157,-0.14193251729011536,0.00980635266751051
0.09248121082782745,0.6685379147529602,1.379839301109314,-0.05065460847687522,-0.0018567173805820085,-0.05143676252987821,0.003631753281329566,-0.004802523744923223,0.025712070206957763,0.1925443023443222,-0.03154612779617305,-0.019577765464782626,0.8393162488937378,0.7411493062973022,1.346082329750061,-0.05053215,-0.001156874,0.024479792,265.0,1740111847.6924305,0.0708460658788681,0.062583327293396,0.18762725591659546,0.1469602882862091,-0.04405029118061066,-0.053841907531023026,0.04285280779004097,0.2442854344844818,0.23325085639953613,0.08507238328456879,0.1326696276664734,0.2870244085788727,0.16581745445728302,-0.02605414018034935,0.23382645845413208,0.05394971743226051,0.19648903608322144,0.05689376965165138,-0.08043437451124191,0.10068235546350479,-0.06737430393695831,-0.27713119983673096,-0.16756653785705566,0.05588848888874054,0.1135173812508583,-0.06523770838975906,0.2568192481994629,-0.028056498616933823,-0.045203063637018204,0.25334760546684265,-0.14087583124637604,0.010919859632849693
0.09616638720035553,0.6705154776573181,1.3795149326324463,-0.05065460847687522,-0.0018567173805820085,-0.05143676252987821,-0.038317622117192855,0.009947755438025091,0.009217357190254339,0.19528864920139313,-0.030782711505889848,-0.019419097900390536,0.8393162488937378,0.7411493062973022,1.346082329750061,-0.041022252,-0.0010572597,0.019017607,266.0,1740111847.7290182,0.06924360990524292,0.06272794306278229,0.1861380785703659,0.14577436447143555,-0.041818372905254364,-0.05509190261363983,0.04222903028130531,0.24170947074890137,0.2306380718946457,0.08599825203418732,0.1337621957063675,0.28440606594085693,0.16425275802612305,-0.025553982704877853,0.23091566562652588,0.05160842090845108,0.1937691867351532,0.0554848276078701,-0.07806599140167236,0.09972447901964188,-0.06678398698568344,-0.2774062752723694,-0.16592063009738922,0.05590398609638214,0.11058222502470016,-0.06369592994451523,0.2558257281780243,-0.02868206799030304,-0.04601718857884407,0.25070130825042725,-0.13686084747314453,0.01172414980828762
0.09674587845802307,0.670335590839386,1.3789362907409668,-0.05065460847687522,-0.0018567173805820085,-0.05143676252987821,-0.030768659971550302,0.008396104012688336,0.011955994767721795,0.19616638720035554,-0.02948452234268184,-0.020485067367553622,0.8393162488937378,0.7411493062973022,1.346082329750061,-0.03791447,-0.001245901,0.019108221,267.0,1740111847.757532,0.0691792368888855,0.06268380582332611,0.18638038635253906,0.14653094112873077,-0.04206165671348572,-0.05536115542054176,0.04243389517068863,0.24220624566078186,0.23061196506023407,0.08642591536045074,0.1343717873096466,0.28512540459632874,0.1645975261926651,-0.025783319026231766,0.231151282787323,0.05129752308130264,0.19405564665794373,0.05586666986346245,-0.07826313376426697,0.10036655515432358,-0.06701920181512833,-0.27844366431236267,-0.16622644662857056,0.05640766769647598,0.10987482964992523,-0.06395814567804337,0.25659674406051636,-0.029226772487163544,-0.046303827315568924,0.2511063516139984,-0.13675165176391602,0.01148633286356926
0.0949380174279213,0.6701632142066956,1.3778961896896362,-0.05065460847687522,-0.0018567173805820085,-0.05143676252987821,-0.021810663974855298,0.013111201188982286,0.014210499701623224,0.19200971573591233,-0.03051073551177974,-0.022835516929626376,0.8393162488937378,0.7411493062973022,1.346082329750061,-0.035307392,-0.0020624772,0.021183193,268.0,1740111847.7895942,0.06884121149778366,0.06267470121383667,0.18524719774723053,0.14556089043617249,-0.04176151752471924,-0.055550701916217804,0.041903167963027954,0.24107803404331207,0.22984860837459564,0.08565035462379456,0.13347208499908447,0.2835637927055359,0.16381214559078217,-0.025816839188337326,0.23006951808929443,0.05094826593995094,0.19330480694770813,0.0554875023663044,-0.07811024785041809,0.0992695614695549,-0.06705053150653839,-0.2769356966018677,-0.1654091626405716,0.055830277502536774,0.10991433262825012,-0.06342436373233795,0.2556614875793457,-0.028736911714076996,-0.04617942497134209,0.24953868985176086,-0.1360298991203308,0.012052042409777641
0.09684355556964874,0.6708498597145081,1.3756088018417358,0.029029417754475356,0.017017434222348228,-0.021393459970370607,-0.02622099285034213,0.012623061323353014,0.033341247948124146,0.19594769775867463,-0.029429984092712358,-0.02271535396575919,0.8393162488937378,0.7411493062973022,1.346082329750061,-0.035307392,-0.0020624772,0.021183193,269.0,1740111847.8242307,0.06884121149778366,0.06267470121383667,0.18524719774723053,0.14556089043617249,-0.04176151752471924,-0.055550701916217804,0.041903167963027954,0.24107803404331207,0.22984860837459564,0.08565035462379456,0.13347208499908447,0.2835637927055359,0.16381214559078217,-0.025816839188337326,0.23006951808929443,0.05094826593995094,0.19330480694770813,0.0554875023663044,-0.07811024785041809,0.0992695614695549,-0.06705053150653839,-0.2769356966018677,-0.1654091626405716,0.055830277502536774,0.10991433262825012,-0.06342436373233795,0.2556614875793457,-0.028736911714076996,-0.04617942497134209,0.24953868985176086,-0.1360298991203308,0.012052042409777641
0.09599174559116364,0.6710290908813477,1.3756176233291626,0.029029417754475356,0.017017434222348228,-0.021393459970370607,-0.028654211476976322,0.008517073078889048,0.020178977501786138,0.19527163952589036,-0.02823318243026729,-0.023649120330810458,0.8393162488937378,0.7411493062973022,1.346082329750061,-0.030182056,-0.0029031113,0.026711054,270.0,1740111847.8568075,0.0684129148721695,0.06273925304412842,0.1847546547651291,0.14568226039409637,-0.04203788936138153,-0.055480532348155975,0.041770774871110916,0.2411395013332367,0.22902211546897888,0.08563046157360077,0.13354097306728363,0.28315818309783936,0.16337651014328003,-0.025623120367527008,0.22940540313720703,0.05038880929350853,0.1927964985370636,0.055404309183359146,-0.07793300598859787,0.09909176081418991,-0.06639160215854645,-0.27678608894348145,-0.16499368846416473,0.05578451603651047,0.10887767374515533,-0.06339732557535172,0.2551754415035248,-0.028356097638607025,-0.046238306909799576,0.24923303723335266,-0.1354338526725769,0.01163975615054369
0.09551785886287689,0.6718815565109253,1.3748103380203247,0.029029417754475356,0.017017434222348228,-0.021393459970370607,-0.030600651770355508,0.007299831185960258,0.01842281201876981,0.19514806419610978,-0.02830780744552608,-0.024750256538391024,0.8393162488937378,0.7411493062973022,1.346082329750061,-0.01918047,-0.004231356,0.033911508,271.0,1740111847.8919053,0.06690958142280579,0.06239303946495056,0.18374349176883698,0.14600136876106262,-0.04193941503763199,-0.05595403537154198,0.04140622913837433,0.24083077907562256,0.226533904671669,0.0854804515838623,0.1338532418012619,0.2817835211753845,0.16277821362018585,-0.025545183569192886,0.2272958755493164,0.04878179728984833,0.19129382073879242,0.05510368570685387,-0.07805587351322174,0.0989147499203682,-0.06573616713285446,-0.27689865231513977,-0.16425971686840057,0.05587593466043472,0.10659179836511612,-0.06323262304067612,0.25502729415893555,-0.028672955930233,-0.04619085416197777,0.24807527661323547,-0.13334247469902039,0.010709336958825588
0.0911855697631836,0.6713560223579407,1.372580885887146,-0.03969082535992131,0.006551114290540205,-0.03920434786928572,0.0012601987088752692,-0.008592514004299712,0.022584625454007398,0.19556499868631363,-0.028108191490173295,-0.025733375549316317,0.8393162488937378,0.7411493062973022,1.346082329750061,-0.01821664,-0.0063970834,0.040042177,272.0,1740111847.9246447,0.06639253348112106,0.062222920358181,0.1832270622253418,0.14632828533649445,-0.04212561249732971,-0.05611686781048775,0.04147173836827278,0.2407948523759842,0.22551679611206055,0.0855756551027298,0.13397951424121857,0.281538724899292,0.16254714131355286,-0.02554430067539215,0.2264542281627655,0.048195693641901016,0.1907310038805008,0.05510600283741951,-0.07806774973869324,0.09910333901643753,-0.06543433666229248,-0.27705955505371094,-0.16395899653434753,0.05596776306629181,0.10542374104261398,-0.06322196125984192,0.25490802526474,-0.028814062476158142,-0.046225372701883316,0.24774983525276184,-0.1325724720954895,0.010206695646047592
0.09348471462726593,0.6727488040924072,1.3734904527664185,-0.03969082535992131,0.006551114290540205,-0.03920434786928572,-0.022547300205627813,0.012906537007303764,0.015536841934760527,0.19106701612472535,-0.028317701816558793,-0.02778604030609122,0.8393162488937378,0.7411493062973022,1.346082329750061,-0.020093068,-0.008701332,0.045525916,273.0,1740111847.9553182,0.06560607999563217,0.06223874166607857,0.1823291778564453,0.14660145342350006,-0.042181774973869324,-0.05651538819074631,0.041136305779218674,0.24028943479061127,0.22446824610233307,0.08527180552482605,0.13365714251995087,0.280721515417099,0.16210046410560608,-0.026317887008190155,0.22540998458862305,0.047302909195423126,0.1903696209192276,0.05533287301659584,-0.07855558395385742,0.09887542575597763,-0.06600876152515411,-0.27654629945755005,-0.16363614797592163,0.05599714070558548,0.10468188673257828,-0.06315969675779343,0.2549651265144348,-0.029200173914432526,-0.046565230935811996,0.24652042984962463,-0.13155163824558258,0.010178489610552788
0.09524764865636826,0.6739263534545898,1.3713845014572144,-0.03969082535992131,0.006551114290540205,-0.03920434786928572,-0.0290560235990583,0.011570561857957745,0.03168151058288476,0.1942889377474785,-0.02638996839523311,-0.027133846282958896,0.8393162488937378,0.7411493062973022,1.346082329750061,-0.020093068,-0.008701332,0.045525916,274.0,1740111847.991453,0.06560607999563217,0.06223874166607857,0.1823291778564453,0.14660145342350006,-0.042181774973869324,-0.05651538819074631,0.041136305779218674,0.24028943479061127,0.22446824610233307,0.08527180552482605,0.13365714251995087,0.280721515417099,0.16210046410560608,-0.026317887008190155,0.22540998458862305,0.047302909195423126,0.1903696209192276,0.05533287301659584,-0.07855558395385742,0.09887542575597763,-0.06600876152515411,-0.27654629945755005,-0.16363614797592163,0.05599714070558548,0.10468188673257828,-0.06315969675779343,0.2549651265144348,-0.029200173914432526,-0.046565230935811996,0.24652042984962463,-0.13155163824558258,0.010178489610552788
0.08974611759185791,0.6740275025367737,1.3704652786254883,-0.013093206279534262,0.024299689666613895,-0.01924348917953578,0.0017476976629253503,-0.007684153580742452,0.024437896691350755,0.19516797959804535,-0.02577830553054805,-0.028885626792907626,0.8393162488937378,0.7411493062973022,1.346082329750061,-0.02700442,-0.010045048,0.047604073,275.0,1740111848.0297875,0.06486597657203674,0.06243734434247017,0.1807439625263214,0.14546874165534973,-0.041207149624824524,-0.05728878453373909,0.040423184633255005,0.2378895878791809,0.22297756373882294,0.08492162823677063,0.13311749696731567,0.2784368395805359,0.16081936657428741,-0.026855386793613434,0.22359716892242432,0.04594593867659569,0.1892964094877243,0.054852332919836044,-0.0775408148765564,0.09762019664049149,-0.06652085483074188,-0.2754508852958679,-0.16249056160449982,0.0555887296795845,0.1038273349404335,-0.06238090991973877,0.25403186678886414,-0.029469862580299377,-0.04710670933127403,0.24388396739959717,-0.129558265209198,0.011343827471137047
0.09223541617393494,0.6753661036491394,1.3712857961654663,-0.013093206279534262,0.024299689666613895,-0.01924348917953578,-0.021686421952865156,0.014422503714275434,0.011778621670826961,0.18974611759185792,-0.025972497463226274,-0.02953472137451163,0.8393162488937378,0.7411493062973022,1.346082329750061,-0.0312972,-0.012209479,0.053051386,276.0,1740111848.0656579,0.06385110318660736,0.06256232410669327,0.17928223311901093,0.14496412873268127,-0.040952153503894806,-0.057702407240867615,0.04003079608082771,0.23640653491020203,0.22180521488189697,0.08432593941688538,0.1323934942483902,0.2767632305622101,0.1599450260400772,-0.02752620354294777,0.2220858633518219,0.045156337320804596,0.188429057598114,0.05470428243279457,-0.07743427902460098,0.09677452594041824,-0.06691040843725204,-0.27395161986351013,-0.1616901308298111,0.05532919615507126,0.10339344292879105,-0.06191743165254593,0.25309351086616516,-0.029583819210529327,-0.047322336584329605,0.24184483289718628,-0.12818211317062378,0.011581558734178543
0.09291884303092957,0.6771937608718872,1.3708075284957886,-0.013093206279534262,0.024299689666613895,-0.01924348917953578,-0.03957359492311055,0.009987760586933165,0.00809508819534138,0.19223541617393494,-0.02463389635086055,-0.028714203834533603,0.8393162488937378,0.7411493062973022,1.346082329750061,-0.03314805,-0.011918232,0.052847918,277.0,1740111848.0986984,0.06253755837678909,0.06247663497924805,0.17700985074043274,0.14372345805168152,-0.04007749259471893,-0.05878719687461853,0.03926718607544899,0.23357120156288147,0.21989469230175018,0.08329689502716064,0.131273090839386,0.2737728953361511,0.15873533487319946,-0.02863258123397827,0.21957457065582275,0.043735723942518234,0.18707948923110962,0.054337527602910995,-0.0771002247929573,0.09524834901094437,-0.06805623322725296,-0.2719055116176605,-0.16037265956401825,0.054914914071559906,0.10275518149137497,-0.060999102890491486,0.25212448835372925,-0.0301753431558609,-0.04759122058749199,0.23819631338119507,-0.1257934272289276,0.012713366188108921
0.09347499907016754,0.6772279739379883,1.370538592338562,-0.013093206279534262,0.024299689666613895,-0.01924348917953578,-0.030040508779183465,0.010873106833797715,0.009031554379082622,0.19291884303092957,-0.02280623912811275,-0.029192471504211337,0.8393162488937378,0.7411493062973022,1.346082329750061,-0.024862006,-0.014081821,0.058116637,278.0,1740111848.1240258,0.061239637434482574,0.06242106109857559,0.1761506050825119,0.1436920464038849,-0.03952176868915558,-0.05896809697151184,0.03932787477970123,0.23255693912506104,0.21826353669166565,0.08335709571838379,0.13148657977581024,0.2726376950740814,0.15825065970420837,-0.02858142927289009,0.21777257323265076,0.04279102012515068,0.18563394248485565,0.054023999720811844,-0.07640011608600616,0.09523055702447891,-0.06762761622667313,-0.2714509963989258,-0.15979735553264618,0.05495318025350571,0.10128826647996902,-0.06053660809993744,0.25139695405960083,-0.030509211122989655,-0.04748649522662163,0.2371259331703186,-0.12402336299419403,0.011960167437791824
0.09285272657871246,0.6777409315109253,1.369870901107788,0.03553150919216606,0.035772985179150764,-0.002156907582881943,-0.030391065672121638,0.011426467419304118,0.013350279561724802,0.19330251812934876,-0.02239192724227901,-0.029750609397888095,0.8393162488937378,0.7411493062973022,1.346082329750061,-0.024862006,-0.014081821,0.058116637,279.0,1740111848.1575167,0.061239637434482574,0.06242106109857559,0.1761506050825119,0.1436920464038849,-0.03952176868915558,-0.05896809697151184,0.03932787477970123,0.23255693912506104,0.21826353669166565,0.08335709571838379,0.13148657977581024,0.2726376950740814,0.15825065970420837,-0.02858142927289009,0.21777257323265076,0.04279102012515068,0.18563394248485565,0.054023999720811844,-0.07640011608600616,0.09523055702447891,-0.06762761622667313,-0.2714509963989258,-0.15979735553264618,0.05495318025350571,0.10128826647996902,-0.06053660809993744,0.25139695405960083,-0.030509211122989655,-0.04748649522662163,0.2371259331703186,-0.12402336299419403,0.011960167437791824
0.09258951991796494,0.6786091923713684,1.3694884777069092,0.03553150919216606,0.035772985179150764,-0.002156907582881943,-0.030984240287577743,0.011890143694138091,0.011382307766328969,0.19269068390130997,-0.02185047864913936,-0.030316257476806552,0.8393162488937378,0.7411493062973022,1.346082329750061,-0.027285792,-0.013778709,0.05753649,280.0,1740111848.1910443,0.06112760305404663,0.06249260902404785,0.1767953336238861,0.14447574317455292,-0.03997240960597992,-0.058624230325222015,0.03951750695705414,0.23357731103897095,0.21831659972667694,0.08362026512622833,0.13203531503677368,0.27343830466270447,0.15860556066036224,-0.028374966233968735,0.2182244062423706,0.04290182515978813,0.18583853542804718,0.05432220920920372,-0.07680535316467285,0.09579891711473465,-0.06720024347305298,-0.27205416560173035,-0.1602882593870163,0.05515290051698685,0.10101152956485748,-0.060947149991989136,0.2517947554588318,-0.03037724643945694,-0.04734339937567711,0.23817852139472961,-0.12446433305740356,0.01116681843996048
0.09187803417444229,0.6794618368148804,1.3690634965896606,0.03553150919216606,0.035772985179150764,-0.002156907582881943,-0.034040029003900296,0.013263706212574774,0.00798437503516456,0.19202882647514344,-0.020312619209289506,-0.030548238754272372,0.8393162488937378,0.7411493062973022,1.346082329750061,-0.028207108,-0.013424113,0.056399025,281.0,1740111848.2231607,0.06093563884496689,0.06236235797405243,0.17709191143512726,0.14473538100719452,-0.04005426913499832,-0.058568768203258514,0.03990250825881958,0.2339308261871338,0.21831682324409485,0.08383485674858093,0.1323869675397873,0.2738167941570282,0.15884795784950256,-0.02837536856532097,0.218355193734169,0.04296175763010979,0.18576334416866302,0.05441251024603844,-0.07689519226551056,0.0961259976029396,-0.0671335831284523,-0.2724089026451111,-0.16046598553657532,0.055319175124168396,0.10095421969890594,-0.0610942542552948,0.2518903613090515,-0.030498996376991272,-0.047261688858270645,0.23861795663833618,-0.12460215389728546,0.010814336128532887
0.09206720441579819,0.6805627942085266,1.3685942888259888,-0.009308167069780014,0.021308034906899698,-0.012415361102775023,-0.030620400256743716,0.013927821509231985,0.007867777222163244,0.19183413535356522,-0.020141673088073686,-0.031114602088928134,0.8393162488937378,0.7411493062973022,1.346082329750061,-0.025936529,-0.013534315,0.057268094,282.0,1740111848.258148,0.06073150038719177,0.0626268982887268,0.177620992064476,0.14577727019786835,-0.04049895703792572,-0.05875875800848007,0.03966829925775528,0.23507902026176453,0.21872490644454956,0.08385655283927917,0.13300395011901855,0.27446070313453674,0.15915575623512268,-0.02871587499976158,0.2188643217086792,0.04264846444129944,0.18636298179626465,0.0548289455473423,-0.07795724272727966,0.09636542946100235,-0.06745840609073639,-0.2731601595878601,-0.16103412210941315,0.05559742450714111,0.10096727311611176,-0.061438605189323425,0.25278863310813904,-0.030629582703113556,-0.04755842313170433,0.2389914095401764,-0.12496212124824524,0.010582856833934784
0.09194213151931763,0.6809742450714111,1.3685024976730347,-0.009308167069780014,0.021308034906899698,-0.012415361102775023,-0.030453138722169586,0.014064549599595291,0.008005897767971377,0.1920672044157982,-0.019437205791473344,-0.03140571117401114,0.8393162488937378,0.7411493062973022,1.346082329750061,-0.02945435,-0.012699682,0.053482488,283.0,1740111848.2904124,0.06048697233200073,0.06267916411161423,0.17787279188632965,0.14634044468402863,-0.0407567024230957,-0.058572567999362946,0.03997555375099182,0.23571977019309998,0.21861816942691803,0.08412174880504608,0.13331063091754913,0.2749093770980835,0.15927757322788239,-0.028667882084846497,0.2189638316631317,0.04257237911224365,0.18632981181144714,0.05505504086613655,-0.07812041789293289,0.09674491733312607,-0.0672338604927063,-0.27347704768180847,-0.16116847097873688,0.0557994619011879,0.10059437155723572,-0.061656832695007324,0.2528837025165558,-0.030727915465831757,-0.047568026930093765,0.2394794523715973,-0.12509669363498688,0.009895693510770798
0.09212273359298706,0.6819549202919006,1.3685287237167358,-0.009308167069780014,0.021308034906899698,-0.012415361102775023,-0.030944607313691305,0.012433712170404003,0.009427973050813882,0.19217073023319245,-0.018445384502410844,-0.031390929222106845,0.8393162488937378,0.7411493062973022,1.346082329750061,-0.02945435,-0.012699682,0.053482488,284.0,1740111848.3272152,0.06048697233200073,0.06267916411161423,0.17787279188632965,0.14634044468402863,-0.0407567024230957,-0.058572567999362946,0.03997555375099182,0.23571977019309998,0.21861816942691803,0.08412174880504608,0.13331063091754913,0.2749093770980835,0.15927757322788239,-0.028667882084846497,0.2189638316631317,0.04257237911224365,0.18632981181144714,0.05505504086613655,-0.07812041789293289,0.09674491733312607,-0.0672338604927063,-0.27347704768180847,-0.16116847097873688,0.0557994619011879,0.10059437155723572,-0.061656832695007324,0.2528837025165558,-0.030727915465831757,-0.047568026930093765,0.2394794523715973,-0.12509669363498688,0.009895693510770798
0.0917748212814331,0.6824695467948914,1.3680849075317383,-0.008529917676668426,0.022807611534263507,-0.00479213181203668,-0.029938807630798796,0.0112090208417634,0.017181985663837034,0.1915072336792946,-0.017341685295104936,-0.03152480125427237,0.8393162488937378,0.7411493062973022,1.346082329750061,-0.026340961,-0.012629401,0.053795327,285.0,1740111848.3604093,0.060135431587696075,0.0626077800989151,0.17770640552043915,0.14627975225448608,-0.04057049751281738,-0.058600760996341705,0.04006337374448776,0.2353828400373459,0.2182433009147644,0.08417458832263947,0.13344398140907288,0.2746196985244751,0.15927650034427643,-0.028652645647525787,0.21852630376815796,0.04243749752640724,0.18592999875545502,0.05496804788708687,-0.07794619351625443,0.09681988507509232,-0.06708936393260956,-0.273385614156723,-0.16110973060131073,0.055819690227508545,0.10028796643018723,-0.06151758134365082,0.25276046991348267,-0.030792534351348877,-0.0474192313849926,0.23926669359207153,-0.12461163103580475,0.00964202731847763
0.09156690537929535,0.6830980777740479,1.3682184219360352,-0.008529917676668426,0.022807611534263507,-0.00479213181203668,-0.030921452363414453,0.010014235325655572,0.017943386147703445,0.1917748212814331,-0.017530453205108598,-0.03191509246826163,0.8393162488937378,0.7411493062973022,1.346082329750061,-0.013779946,-0.0132689625,0.056101505,286.0,1740111848.3893797,0.06039287894964218,0.06300213932991028,0.17650604248046875,0.1442936211824417,-0.03930354863405228,-0.05986233055591583,0.03847697749733925,0.23302686214447021,0.21868348121643066,0.08340436220169067,0.13280698657035828,0.2721403241157532,0.15807074308395386,-0.029262181371450424,0.21791256964206696,0.041538070887327194,0.18595997989177704,0.05405588820576668,-0.07739042490720749,0.09439083188772202,-0.06841176748275757,-0.27226412296295166,-0.16003704071044922,0.05528608709573746,0.10141172260046005,-0.06018833816051483,0.2521534562110901,-0.03088219463825226,-0.04842576012015343,0.236049622297287,-0.12333342432975769,0.012550240382552147
0.08702091872692108,0.6829960346221924,1.366919755935669,-0.008529917676668426,0.022807611534263507,-0.00479213181203668,0.001765385145018517,-0.005551656117996206,0.02980227723036305,0.19169700741767884,-0.016841483116149858,-0.032007241249084384,0.8393162488937378,0.7411493062973022,1.346082329750061,-0.013779946,-0.0132689625,0.056101505,287.0,1740111848.4266145,0.06039287894964218,0.06300213932991028,0.17650604248046875,0.1442936211824417,-0.03930354863405228,-0.05986233055591583,0.03847697749733925,0.23302686214447021,0.21868348121643066,0.08340436220169067,0.13280698657035828,0.2721403241157532,0.15807074308395386,-0.029262181371450424,0.21791256964206696,0.041538070887327194,0.18595997989177704,0.05405588820576668,-0.07739042490720749,0.09439083188772202,-0.06841176748275757,-0.27226412296295166,-0.16003704071044922,0.05528608709573746,0.10141172260046005,-0.06018833816051483,0.2521534562110901,-0.03088219463825226,-0.04842576012015343,0.236049622297287,-0.12333342432975769,0.012550240382552147
0.09140746295452118,0.6848310828208923,1.3681014776229858,-0.008529917676668426,0.022807611534263507,-0.00479213181203668,-0.03158503537297334,0.008663708102910783,0.017464134396033816,0.19089165925979615,-0.015804541110992387,-0.031978392601013095,0.8393162488937378,0.7411493062973022,1.346082329750061,-0.008295238,-0.011317857,0.05159457,288.0,1740111848.4560683,0.0630502700805664,0.06318062543869019,0.17811298370361328,0.14239126443862915,-0.03862648457288742,-0.06018657237291336,0.036714646965265274,0.23350822925567627,0.22116665542125702,0.08334967494010925,0.1327633261680603,0.272308886051178,0.1580851823091507,-0.02777467668056488,0.22011590003967285,0.041995711624622345,0.1876843124628067,0.052907105535268784,-0.07638514041900635,0.0927276685833931,-0.06796406954526901,-0.27405962347984314,-0.15975339710712433,0.054969653487205505,0.10296211391687393,-0.059604160487651825,0.25326576828956604,-0.02981238067150116,-0.04888284578919411,0.2369605302810669,-0.1245066374540329,0.015644606202840805
0.09085720777511597,0.6852453351020813,1.367592692375183,-0.0031469145991074783,0.021573462757735334,-0.005014977250299108,-0.030459220257990617,0.008453122919537728,0.022228146669580725,0.19098327159881592,-0.01518316268920894,-0.03227021694183341,0.8393162488937378,0.7411493062973022,1.346082329750061,-0.008295238,-0.011317857,0.05159457,289.0,1740111848.4969618,0.0630502700805664,0.06318062543869019,0.17811298370361328,0.14239126443862915,-0.03862648457288742,-0.06018657237291336,0.036714646965265274,0.23350822925567627,0.22116665542125702,0.08334967494010925,0.1327633261680603,0.272308886051178,0.1580851823091507,-0.02777467668056488,0.22011590003967285,0.041995711624622345,0.1876843124628067,0.052907105535268784,-0.07638514041900635,0.0927276685833931,-0.06796406954526901,-0.27405962347984314,-0.15975339710712433,0.054969653487205505,0.10296211391687393,-0.059604160487651825,0.25326576828956604,-0.02981238067150116,-0.04888284578919411,0.2369605302810669,-0.1245066374540329,0.015644606202840805
0.08699750155210495,0.6849850416183472,1.3658177852630615,-0.0031469145991074783,0.021573462757735334,-0.005014977250299108,-0.021316691034878068,0.002718510000776469,0.01059212526661323,0.19070208668708802,-0.014359486103057817,-0.032596611976623446,0.8393162488937378,0.7411493062973022,1.346082329750061,-0.006650746,-0.011770077,0.053079225,290.0,1740111848.531859,0.062371060252189636,0.06303966045379639,0.17821595072746277,0.14313894510269165,-0.03905055671930313,-0.05998288094997406,0.037439413368701935,0.2338334321975708,0.22025932371616364,0.08366268873214722,0.1334235817193985,0.2727314233779907,0.15827636420726776,-0.027462255209684372,0.2197704017162323,0.04192142188549042,0.18693290650844574,0.0530206598341465,-0.07613634318113327,0.09362440556287766,-0.0672236904501915,-0.27450117468833923,-0.1598442941904068,0.055201686918735504,0.10168002545833588,-0.05985778570175171,0.2531498074531555,-0.02997252345085144,-0.04853830114006996,0.237722247838974,-0.12401004135608673,0.014232266694307327
0.0859680250287056,0.685100257396698,1.364898681640625,-0.0031469145991074783,0.021573462757735334,-0.005014977250299108,-0.012197156876512596,-0.008844573438446234,0.013746518708452928,0.18699750155210496,-0.015014958381652788,-0.03418221473693839,0.8393162488937378,0.7411493062973022,1.346082329750061,-0.00808534,-0.012342636,0.054369226,291.0,1740111848.5632486,0.061681486666202545,0.06274057179689407,0.1786157190799713,0.14514504373073578,-0.0401684045791626,-0.05946220085024834,0.03852193057537079,0.23553094267845154,0.21960444748401642,0.08425360918045044,0.13422642648220062,0.2744689881801605,0.15926362574100494,-0.02765285223722458,0.21982795000076294,0.042152274399995804,0.1868719458580017,0.053996261209249496,-0.07730033993721008,0.09560728818178177,-0.06677581369876862,-0.27538228034973145,-0.16082225739955902,0.05590670555830002,0.10043658316135406,-0.06080217659473419,0.2539553642272949,-0.030424177646636963,-0.048037197440862656,0.23943829536437988,-0.12437738478183746,0.0120170209556818
0.08986369520425797,0.6884440183639526,1.366392731666565,-0.02132728595070682,0.020009379481247536,-0.008854186974434956,-0.03211605682837322,0.006737059380206663,0.011551109978833969,0.1886358842253685,-0.012980830669403032,-0.033244752883911044,0.8393162488937378,0.7411493062973022,1.346082329750061,-0.01212202,-0.01080193,0.0507472,292.0,1740111848.6000755,0.06137145310640335,0.06287574768066406,0.1780823916196823,0.14542552828788757,-0.040366023778915405,-0.05980498716235161,0.03836814686655998,0.2352972775697708,0.21939373016357422,0.0840047150850296,0.13398173451423645,0.2742402255535126,0.15922734141349792,-0.02838314324617386,0.21961939334869385,0.041808199137449265,0.18708083033561707,0.054393965750932693,-0.07784358412027359,0.09550904482603073,-0.06755509227514267,-0.2750202417373657,-0.16086728870868683,0.056044600903987885,0.10043903440237045,-0.06091286242008209,0.25418737530708313,-0.03081277757883072,-0.04833314195275307,0.2386595904827118,-0.12412765622138977,0.012193500995635986
0.08458438515663147,0.6874166131019592,1.3645362854003906,-0.02132728595070682,0.020009379481247536,-0.008854186974434956,-0.002155333566846413,-0.06819871539807906,-0.03192635563015687,0.18986369520425797,-0.011555981636047319,-0.03360726833343497,0.8393162488937378,0.7411493062973022,1.346082329750061,-0.011012614,-0.011538938,0.0523257,293.0,1740111848.6309917,0.0608290433883667,0.06282950937747955,0.17682859301567078,0.14471153914928436,-0.04003489762544632,-0.060136210173368454,0.03829682245850563,0.23371776938438416,0.2185768336057663,0.08359789848327637,0.13316963613033295,0.27292129397392273,0.15857921540737152,-0.029094628989696503,0.21846500039100647,0.04141778498888016,0.1864589899778366,0.05444016680121422,-0.07763003557920456,0.09490218013525009,-0.06822092086076736,-0.2735690772533417,-0.16019481420516968,0.05577775090932846,0.10047653317451477,-0.06052323430776596,0.25338879227638245,-0.03108111023902893,-0.04835709556937218,0.23693540692329407,-0.12325628101825714,0.012654116377234459
0.0886411964893341,0.6898347735404968,1.3657740354537964,-0.02132728595070682,0.020009379481247536,-0.008854186974434956,-0.022841370657289823,-0.03707704153370029,-0.02378969248378795,0.18458438515663148,-0.012583386898040727,-0.035463714599609286,0.8393162488937378,0.7411493062973022,1.346082329750061,-0.011012614,-0.011538938,0.0523257,294.0,1740111848.6586344,0.0608290433883667,0.06282950937747955,0.17682859301567078,0.14471153914928436,-0.04003489762544632,-0.060136210173368454,0.03829682245850563,0.23371776938438416,0.2185768336057663,0.08359789848327637,0.13316963613033295,0.27292129397392273,0.15857921540737152,-0.029094628989696503,0.21846500039100647,0.04141778498888016,0.1864589899778366,0.05444016680121422,-0.07763003557920456,0.09490218013525009,-0.06822092086076736,-0.2735690772533417,-0.16019481420516968,0.05577775090932846,0.10047653317451477,-0.06052323430776596,0.25338879227638245,-0.03108111023902893,-0.04835709556937218,0.23693540692329407,-0.12325628101825714,0.012654116377234459
0.08879850804805756,0.6902255415916443,1.3657054901123047,0.0014767897660844036,0.02911712234452537,-0.009532861633858438,-0.03205607364401103,0.01173825342770328,0.006251194765060443,0.1886411964893341,-0.01016522645950313,-0.034225964546203524,0.8393162488937378,0.7411493062973022,1.346082329750061,-0.013891213,-0.009698555,0.048371427,295.0,1740111848.6917987,0.06069592386484146,0.06277934461832047,0.1772199422121048,0.14576709270477295,-0.04097510129213333,-0.05979347601532936,0.03877940773963928,0.23493216931819916,0.21868161857128143,0.08366954326629639,0.13348296284675598,0.2739754319190979,0.15920430421829224,-0.029158346354961395,0.21884581446647644,0.041651543229818344,0.18678823113441467,0.05512303486466408,-0.0783899575471878,0.09582788497209549,-0.06799419969320297,-0.27396437525749207,-0.16071532666683197,0.056100137531757355,0.1001286506652832,-0.06113113462924957,0.2539297342300415,-0.031089961528778076,-0.04803071543574333,0.23807895183563232,-0.12389519810676575,0.011587699875235558
0.08808289468288422,0.6916913986206055,1.36590576171875,0.0014767897660844036,0.02911712234452537,-0.009532861633858438,-0.04087014067543955,0.012397417548057737,-0.0009583113801442642,0.18893571048974991,-0.009067308902740434,-0.0341688632965087,0.8393162488937378,0.7411493062973022,1.346082329750061,-0.018512763,-0.009384103,0.047214217,296.0,1740111848.7252378,0.0592702180147171,0.06274239718914032,0.17453891038894653,0.14418771862983704,-0.040154218673706055,-0.0612562820315361,0.03803243860602379,0.23170529305934906,0.2166234254837036,0.08254170417785645,0.13241559267044067,0.2706179916858673,0.15774951875209808,-0.030356381088495255,0.21600115299224854,0.039932988584041595,0.1851305365562439,0.05471593514084816,-0.07778026908636093,0.09399821609258652,-0.06924314796924591,-0.2717694044113159,-0.1590244472026825,0.05559009313583374,0.09927510470151901,-0.05996117740869522,0.25268369913101196,-0.03162405639886856,-0.04852370545268059,0.2338794767856598,-0.12107567489147186,0.013043258339166641
0.08794423192739487,0.692345142364502,1.3664222955703735,0.0014767897660844036,0.02911712234452537,-0.009532861633858438,-0.039798538036902587,0.012005371246541401,-0.007444563182510191,0.18806994557380677,-0.008391869068145708,-0.034143710136413485,0.8393162488937378,0.7411493062973022,1.346082329750061,-0.017204702,-0.010531481,0.050188538,297.0,1740111848.7576716,0.058957576751708984,0.06295978277921677,0.17406079173088074,0.1439162939786911,-0.03984815627336502,-0.06211312860250473,0.037663813680410385,0.23080110549926758,0.2164141833782196,0.08239711821079254,0.13259203732013702,0.2697901129722595,0.1572479009628296,-0.03098943829536438,0.2156379669904709,0.03918156400322914,0.18487098813056946,0.05453832074999809,-0.07748408615589142,0.09330705553293228,-0.07000534236431122,-0.2718017101287842,-0.15855596959590912,0.055521488189697266,0.09902700781822205,-0.05950676649808884,0.252668559551239,-0.03191346675157547,-0.04930371418595314,0.23259565234184265,-0.12012344598770142,0.014014597050845623
0.08857090026140213,0.6925258636474609,1.3662883043289185,0.0014767897660844036,0.02911712234452537,-0.009532861633858438,-0.03258270439253671,0.01375236171971219,0.0011048991207636004,0.1885358452796936,-0.007799339294433549,-0.033852362632751376,0.8393162488937378,0.7411493062973022,1.346082329750061,-0.014799409,-0.011113957,0.051371194,298.0,1740111848.7889042,0.05879180133342743,0.06301286071538925,0.17340227961540222,0.14358022809028625,-0.03974444419145584,-0.06258462369441986,0.037388067692518234,0.23011185228824615,0.21620915830135345,0.08205546438694,0.13217172026634216,0.2690548598766327,0.15689717233181,-0.03145190328359604,0.21519888937473297,0.038823213428258896,0.1847168356180191,0.05443151667714119,-0.07750828564167023,0.09280004352331161,-0.07062720507383347,-0.2712547779083252,-0.15816302597522736,0.055422618985176086,0.09913209080696106,-0.05917841196060181,0.2524826228618622,-0.03209545463323593,-0.049647096544504166,0.2314765453338623,-0.1195915937423706,0.014649510383605957
0.08843589574098587,0.6934598088264465,1.3667579889297485,-0.0007776026584570376,0.02271146320473657,0.006639186404027435,-0.03442707935871144,0.015232862588049803,-0.00031662872373771896,0.18870522677898408,-0.007049989700317338,-0.033498072624206454,0.8393162488937378,0.7411493062973022,1.346082329750061,-0.014799409,-0.011113957,0.051371194,299.0,1740111848.8231816,0.05879180133342743,0.06301286071538925,0.17340227961540222,0.14358022809028625,-0.03974444419145584,-0.06258462369441986,0.037388067692518234,0.23011185228824615,0.21620915830135345,0.08205546438694,0.13217172026634216,0.2690548598766327,0.15689717233181,-0.03145190328359604,0.21519888937473297,0.038823213428258896,0.1847168356180191,0.05443151667714119,-0.07750828564167023,0.09280004352331161,-0.07062720507383347,-0.2712547779083252,-0.15816302597522736,0.055422618985176086,0.09913209080696106,-0.05917841196060181,0.2524826228618622,-0.03209545463323593,-0.049647096544504166,0.2314765453338623,-0.1195915937423706,0.014649510383605957
0.08914338797330856,0.6939017176628113,1.3672298192977905,-0.0007776026584570376,0.02271146320473657,0.006639186404027435,-0.03240260720638705,0.013791388177576488,0.004536207131444162,0.18925145864486695,-0.006056559085845903,-0.03284718990325919,0.8393162488937378,0.7411493062973022,1.346082329750061,-0.014516644,-0.011807278,0.052797474,300.0,1740111848.8555052,0.058511704206466675,0.06295027583837509,0.17270618677139282,0.1434212177991867,-0.039844490587711334,-0.06308090686798096,0.037260424345731735,0.22931544482707977,0.2158728539943695,0.08161213994026184,0.13165810704231262,0.2684636414051056,0.15675875544548035,-0.03228262439370155,0.21479356288909912,0.03846848011016846,0.18472258746623993,0.05467337742447853,-0.0778617337346077,0.0925244614481926,-0.07159444689750671,-0.2706395983695984,-0.15800543129444122,0.05541487783193588,0.09936223924160004,-0.059090062975883484,0.25258368253707886,-0.03252670168876648,-0.04983741417527199,0.23036077618598938,-0.11907720565795898,0.015120396390557289
0.08967365324497223,0.6945513486862183,1.3677911758422852,-0.0007776026584570376,0.02271146320473657,0.006639186404027435,-0.03245578912164654,0.013998688008988005,0.005020735878397486,0.18969367295503617,-0.005494904518127397,-0.03237738609313956,0.8393162488937378,0.7411493062973022,1.346082329750061,-0.013873771,-0.0136071,0.056714013,301.0,1740111848.8896224,0.058268576860427856,0.06278064846992493,0.17374971508979797,0.14525187015533447,-0.04080301523208618,-0.06300695240497589,0.03806432709097862,0.23100201785564423,0.21601484715938568,0.08213585615158081,0.13275523483753204,0.27030375599861145,0.1578541398048401,-0.032693732529878616,0.215681791305542,0.03862381726503372,0.18522964417934418,0.05562330409884453,-0.07896639406681061,0.09417805820703506,-0.07170715928077698,-0.27217450737953186,-0.15917102992534637,0.056075796484947205,0.09882185608148575,-0.059937722980976105,0.25402897596359253,-0.03300116956233978,-0.049754392355680466,0.23218002915382385,-0.11974543333053589,0.013820897787809372
0.09075567871332169,0.6953638195991516,1.3688627481460571,0.015374605755056185,0.01964351814771441,0.01808493827374291,-0.03222509151954955,0.013195684125243582,0.0069333094369945815,0.1900443196296692,-0.00514210462570186,-0.03184821605682364,0.8393162488937378,0.7411493062973022,1.346082329750061,-0.0144762695,-0.0135943815,0.05671084,302.0,1740111848.9289498,0.05817443132400513,0.06293154507875443,0.1733056753873825,0.14461837708950043,-0.04026445746421814,-0.06340143829584122,0.03775564208626747,0.23005065321922302,0.21580970287322998,0.08209072053432465,0.13261176645755768,0.2694832980632782,0.1573629230260849,-0.03292657434940338,0.21523968875408173,0.03818727284669876,0.18497270345687866,0.05540236458182335,-0.07845468819141388,0.09353277832269669,-0.07206584513187408,-0.27185410261154175,-0.15870340168476105,0.05592930316925049,0.09881509095430374,-0.05955362319946289,0.2536872625350952,-0.03312404453754425,-0.05011304095387459,0.2311379313468933,-0.1191549152135849,0.014641941525042057
0.09111134707927704,0.6956076622009277,1.3692630529403687,0.015374605755056185,0.01964351814771441,0.01808493827374291,-0.03221812516882182,0.01286302256510035,0.007428662852611431,0.1907556787133217,-0.004636180400848344,-0.031137251853942782,0.8393162488937378,0.7411493062973022,1.346082329750061,-0.013769716,-0.014259096,0.058206562,303.0,1740111848.9575336,0.057928912341594696,0.06265803426504135,0.17391514778137207,0.1456693857908249,-0.04094813019037247,-0.06303539127111435,0.03865944966673851,0.2312489151954651,0.2158849984407425,0.0823926031589508,0.13304659724235535,0.27079668641090393,0.15814954042434692,-0.03306644782423973,0.21572734415531158,0.038653414696455,0.18513669073581696,0.05602531507611275,-0.07919134944677353,0.09468808025121689,-0.07198082655668259,-0.2724170982837677,-0.1594012826681137,0.056309774518013,0.09870894253253937,-0.060224346816539764,0.2542104721069336,-0.03333241492509842,-0.04974374547600746,0.2325214445590973,-0.1198311448097229,0.013473833911120892
0.0918823853135109,0.697027325630188,1.3707211017608643,0.015374605755056185,0.01964351814771441,0.01808493827374291,-0.041789713206023836,0.011741486809341197,0.007567646966315717,0.19150730073451996,-0.004061472415924028,-0.030289077758788974,0.8393162488937378,0.7411493062973022,1.346082329750061,-0.013769716,-0.014259096,0.058206562,304.0,1740111849.0005732,0.057928912341594696,0.06265803426504135,0.17391514778137207,0.1456693857908249,-0.04094813019037247,-0.06303539127111435,0.03865944966673851,0.2312489151954651,0.2158849984407425,0.0823926031589508,0.13304659724235535,0.27079668641090393,0.15814954042434692,-0.03306644782423973,0.21572734415531158,0.038653414696455,0.18513669073581696,0.05602531507611275,-0.07919134944677353,0.09468808025121689,-0.07198082655668259,-0.2724170982837677,-0.1594012826681137,0.056309774518013,0.09870894253253937,-0.060224346816539764,0.2542104721069336,-0.03333241492509842,-0.04974374547600746,0.2325214445590973,-0.1198311448097229,0.013473833911120892
0.09365852177143097,0.6972395777702332,1.3716070652008057,0.027158168889595106,0.01771175752038374,0.025936261706374822,-0.03451039835958856,0.011639228777325294,0.011950186768683745,0.1918823853135109,-0.0029726743698119673,-0.029278898239135653,0.8393162488937378,0.7411493062973022,1.346082329750061,-0.014851049,-0.013595358,0.056873277,305.0,1740111849.033349,0.058014437556266785,0.06269915401935577,0.17362678050994873,0.14500151574611664,-0.040408194065093994,-0.06320107728242874,0.03830503299832344,0.23053310811519623,0.21575388312339783,0.08237658441066742,0.1329217404127121,0.27013230323791504,0.15775012969970703,-0.032770995050668716,0.21541212499141693,0.03854665160179138,0.18483705818653107,0.05544900521636009,-0.0786559209227562,0.09415308386087418,-0.07186908274888992,-0.2722221612930298,-0.15901580452919006,0.05612613260746002,0.09871675074100494,-0.05979571491479874,0.25381800532341003,-0.0332813486456871,-0.049884434789419174,0.23189449310302734,-0.11931595206260681,0.01397751271724701
0.09409448504447937,0.6968832612037659,1.3717933893203735,0.027158168889595106,0.01771175752038374,0.025936261706374822,-0.032310562269314204,0.011706816420085175,0.016572872998300906,0.19365852177143097,-0.0027604222297668013,-0.028392934799194247,0.8393162488937378,0.7411493062973022,1.346082329750061,-0.021970943,-0.013453294,0.056768823,306.0,1740111849.0600967,0.05774664878845215,0.06229822337627411,0.17306429147720337,0.144869863986969,-0.04023253917694092,-0.0625506043434143,0.039231713861227036,0.2300330400466919,0.21514180302619934,0.08294983208179474,0.13254372775554657,0.2704010009765625,0.15777955949306488,-0.03256108611822128,0.21458356082439423,0.03891705721616745,0.18417726457118988,0.055658359080553055,-0.07802195847034454,0.09487608820199966,-0.07136210054159164,-0.27152639627456665,-0.15885594487190247,0.05615916848182678,0.09821666777133942,-0.0598020926117897,0.2529100775718689,-0.033444978296756744,-0.049207914620637894,0.23211008310317993,-0.11906391382217407,0.013010060414671898
0.09441672265529633,0.6981887817382812,1.3729804754257202,0.027158168889595106,0.01771175752038374,0.025936261706374822,-0.04177529213687801,0.010900932008575493,0.014207454384657862,0.195178060233593,-0.002620768547058061,-0.02876105308532706,0.8393162488937378,0.7411493062973022,1.346082329750061,-0.025917396,-0.012255818,0.054219395,307.0,1740111849.0921068,0.05804106593132019,0.06221514940261841,0.17349287867546082,0.14504273235797882,-0.040018774569034576,-0.06189374998211861,0.039597492665052414,0.23050323128700256,0.21537581086158752,0.08357183635234833,0.1328112930059433,0.27126753330230713,0.1580677330493927,-0.03193832188844681,0.21490982174873352,0.03958798944950104,0.184187650680542,0.05555387958884239,-0.07780969142913818,0.09552287310361862,-0.070643350481987,-0.27186721563339233,-0.15924596786499023,0.056253716349601746,0.09825237095355988,-0.05993625521659851,0.25274163484573364,-0.03327539563179016,-0.04892696067690849,0.23315542936325073,-0.11962448060512543,0.012405019253492355
0.0915214866399765,0.6972495317459106,1.3726845979690552,0.027158168889595106,0.01771175752038374,0.025936261706374822,-0.000526831575965063,-0.0035690311171202175,0.030975954509657518,0.19492489695549012,-0.0021181821823119673,-0.02665677070617667,0.8393162488937378,0.7411493062973022,1.346082329750061,-0.03569725,-0.010898914,0.050374664,308.0,1740111849.122676,0.057910457253456116,0.062024641782045364,0.17396840453147888,0.14593875408172607,-0.0406360998749733,-0.061153050512075424,0.04044477269053459,0.23169198632240295,0.2152736335992813,0.08404408395290375,0.13311263918876648,0.2724367678165436,0.15850158035755157,-0.03150961175560951,0.21512886881828308,0.04009619727730751,0.18408416211605072,0.055891845375299454,-0.07796397805213928,0.09660712629556656,-0.06977381557226181,-0.2722293436527252,-0.159653902053833,0.05644942820072174,0.09772685170173645,-0.06044855713844299,0.2526327967643738,-0.03306547552347183,-0.04841406270861626,0.23469820618629456,-0.12027791142463684,0.010888570919632912
0.09625469148159027,0.6990706324577332,1.374980092048645,0.02167619845766133,0.015288023983087623,0.02816241136728283,-0.04190924823870316,0.011641943543496545,0.018893304734243825,0.19482358396053315,-0.001995754241943315,-0.025518083572387606,0.8393162488937378,0.7411493062973022,1.346082329750061,-0.03569725,-0.010898914,0.050374664,309.0,1740111849.155472,0.057910457253456116,0.062024641782045364,0.17396840453147888,0.14593875408172607,-0.0406360998749733,-0.061153050512075424,0.04044477269053459,0.23169198632240295,0.2152736335992813,0.08404408395290375,0.13311263918876648,0.2724367678165436,0.15850158035755157,-0.03150961175560951,0.21512886881828308,0.04009619727730751,0.18408416211605072,0.055891845375299454,-0.07796397805213928,0.09660712629556656,-0.06977381557226181,-0.2722293436527252,-0.159653902053833,0.05644942820072174,0.09772685170173645,-0.06044855713844299,0.2526327967643738,-0.03306547552347183,-0.04841406270861626,0.23469820618629456,-0.12027791142463684,0.010888570919632912
0.09332181513309479,0.6980669498443604,1.3747432231903076,0.02167619845766133,0.015288023983087623,0.02816241136728283,-0.0004645216762657682,-0.0037263725770600906,0.03486055565651272,0.1967342108488083,-0.0012503385543822798,-0.024701380729675204,0.8393162488937378,0.7411493062973022,1.346082329750061,-0.04562914,-0.008007042,0.041894063,310.0,1740111849.1915135,0.058555684983730316,0.06190156564116478,0.17490039765834808,0.14653800427913666,-0.04109789431095123,-0.060337577015161514,0.04136914014816284,0.23289045691490173,0.21621355414390564,0.08471007645130157,0.13344146311283112,0.27418336272239685,0.15930303931236267,-0.03105904534459114,0.21631529927253723,0.04126718267798424,0.18465954065322876,0.056292954832315445,-0.07790151238441467,0.0977821871638298,-0.06927549093961716,-0.27291303873062134,-0.16044002771377563,0.05673114210367203,0.09809400141239166,-0.06096435338258743,0.2527989447116852,-0.033012181520462036,-0.04798753187060356,0.23672249913215637,-0.12175886332988739,0.00998054351657629
0.09818135201931,0.6993030309677124,1.3769035339355469,0.02167619845766133,0.015288023983087623,0.02816241136728283,-0.0256095616774496,-0.027484691265388786,-0.0019166680156574255,0.1925726443529129,-0.0028817772865294966,-0.02491261959075919,0.8393162488937378,0.7411493062973022,1.346082329750061,-0.052378964,-0.0032532886,0.029565983,311.0,1740111849.2222724,0.06012256443500519,0.06170538812875748,0.17804400622844696,0.14864389598369598,-0.042899347841739655,-0.05900447443127632,0.042773760855197906,0.2369479238986969,0.218949094414711,0.0852828174829483,0.13447238504886627,0.2783173620700836,0.16154801845550537,-0.030294381082057953,0.21995809674263,0.04363164305686951,0.18682824075222015,0.05728699639439583,-0.07917274534702301,0.10022998601198196,-0.06841930001974106,-0.27528345584869385,-0.1625164896249771,0.05727183073759079,0.09948118031024933,-0.06268829852342606,0.25463905930519104,-0.03237847238779068,-0.04702525958418846,0.24199533462524414,-0.12581053376197815,0.008094118908047676
0.09982244670391083,0.6998524069786072,1.3789231777191162,0.031805605627923304,0.008220828629166153,0.03150882802197281,-0.03232241036875779,0.009462585063343167,0.01712441722011793,0.1990467518568039,-0.0008825182914733443,-0.022705459594726474,0.8393162488937378,0.7411493062973022,1.346082329750061,-0.052378964,-0.0032532886,0.029565983,312.0,1740111849.2583106,0.06012256443500519,0.06170538812875748,0.17804400622844696,0.14864389598369598,-0.042899347841739655,-0.05900447443127632,0.042773760855197906,0.2369479238986969,0.218949094414711,0.0852828174829483,0.13447238504886627,0.2783173620700836,0.16154801845550537,-0.030294381082057953,0.21995809674263,0.04363164305686951,0.18682824075222015,0.05728699639439583,-0.07917274534702301,0.10022998601198196,-0.06841930001974106,-0.27528345584869385,-0.1625164896249771,0.05727183073759079,0.09948118031024933,-0.06268829852342606,0.25463905930519104,-0.03237847238779068,-0.04702525958418846,0.24199533462524414,-0.12581053376197815,0.008094118908047676
0.09545159339904785,0.6986269354820251,1.3776578903198242,0.031805605627923304,0.008220828629166153,0.03150882802197281,0.0008002877770811134,-0.05122933203827283,-0.006895876848458156,0.19982244670391083,-0.00014759302139277786,-0.0210768222808837,0.8393162488937378,0.7411493062973022,1.346082329750061,-0.050238952,-0.00033801794,0.026554845,313.0,1740111849.2898853,0.06309716403484344,0.06183505058288574,0.18237444758415222,0.15115275979042053,-0.04492942988872528,-0.0583278089761734,0.043180935084819794,0.2420431673526764,0.22385065257549286,0.08568999171257019,0.1357334703207016,0.28359124064445496,0.1644718199968338,-0.030294913798570633,0.22576230764389038,0.04622409865260124,0.1912086009979248,0.05862488970160484,-0.081833615899086,0.10234817117452621,-0.06904579699039459,-0.27910274267196655,-0.16556324064731598,0.058130741119384766,0.10264250636100769,-0.06469909846782684,0.25861334800720215,-0.03229062259197235,-0.046967361122369766,0.24756795167922974,-0.13096868991851807,0.007899263873696327
0.10165588557720184,0.7007330060005188,1.3794701099395752,0.031805605627923304,0.008220828629166153,0.03150882802197281,-0.031997934829527355,0.016268703666071672,0.03949959074749475,0.19997352957725525,0.00029157400131230027,-0.02043273448944083,0.8393162488937378,0.7411493062973022,1.346082329750061,-0.050238952,-0.00033801794,0.026554845,314.0,1740111849.3339746,0.06309716403484344,0.06183505058288574,0.18237444758415222,0.15115275979042053,-0.04492942988872528,-0.0583278089761734,0.043180935084819794,0.2420431673526764,0.22385065257549286,0.08568999171257019,0.1357334703207016,0.28359124064445496,0.1644718199968338,-0.030294913798570633,0.22576230764389038,0.04622409865260124,0.1912086009979248,0.05862488970160484,-0.081833615899086,0.10234817117452621,-0.06904579699039459,-0.27910274267196655,-0.16556324064731598,0.058130741119384766,0.10264250636100769,-0.06469909846782684,0.25861334800720215,-0.03229062259197235,-0.046967361122369766,0.24756795167922974,-0.13096868991851807,0.007899263873696327
0.0971394032239914,0.7002168297767639,1.3804888725280762,-0.027386575487009145,-0.0056868993711584595,0.01687911952720958,0.002342658868682108,-0.0032124292147437056,0.03300690088652848,0.20165588557720185,0.0007330060005188432,-0.020529890060424716,0.8393162488937378,0.7411493062973022,1.346082329750061,-0.043777697,-0.0011773035,0.027429745,315.0,1740111849.366075,0.06307792663574219,0.061495788395404816,0.1825668066740036,0.15055382251739502,-0.044291481375694275,-0.0581841766834259,0.04325330629944801,0.24136105179786682,0.22367283701896667,0.0855509340763092,0.13573157787322998,0.28312015533447266,0.16465124487876892,-0.0299641452729702,0.22548454999923706,0.04658758267760277,0.19066087901592255,0.0582442544400692,-0.08136150985956192,0.10250409692525864,-0.06869757175445557,-0.2788466513156891,-0.1654728353023529,0.057952240109443665,0.10279405117034912,-0.06449394673109055,0.2585488557815552,-0.032298214733600616,-0.04641431197524071,0.24788081645965576,-0.13083292543888092,0.007892603985965252
0.1012505516409874,0.7010504007339478,1.3828158378601074,-0.027386575487009145,-0.0056868993711584595,0.01687911952720958,-0.02413389505501154,0.015916045044072707,0.023046797522610355,0.1971394032239914,0.00021682977676396042,-0.01951112747192374,0.8393162488937378,0.7411493062973022,1.346082329750061,-0.03888028,-0.005649492,0.041481055,316.0,1740111849.3992088,0.0641729012131691,0.06109663471579552,0.1841319054365158,0.15039856731891632,-0.04437677562236786,-0.05677160993218422,0.04449743404984474,0.24195268750190735,0.22499212622642517,0.08595257997512817,0.1355566382408142,0.2847810387611389,0.1657709926366806,-0.029213372617959976,0.22713544964790344,0.04881398752331734,0.19111818075180054,0.058393556624650955,-0.08102545142173767,0.10381307452917099,-0.06792059540748596,-0.2788718342781067,-0.16636653244495392,0.05781622976064682,0.10429201275110245,-0.0651029422879219,0.25864267349243164,-0.03176341950893402,-0.04523560777306557,0.2507576644420624,-0.13286779820919037,0.0070927818305790424
0.09815239906311035,0.7009467482566833,1.382310390472412,-0.027386575487009145,-0.0056868993711584595,0.01687911952720958,0.0016829536616636,-0.003523614893831749,0.031672693051998685,0.2012505516409874,0.0010504007339477983,-0.01718416213989249,0.8393162488937378,0.7411493062973022,1.346082329750061,-0.03746657,-0.007514134,0.046859015,317.0,1740111849.4314942,0.06455259770154953,0.061225853860378265,0.18515942990779877,0.1508703976869583,-0.04454725235700607,-0.05666501075029373,0.04486279562115669,0.24262243509292603,0.2257041186094284,0.08638675510883331,0.13608446717262268,0.28575876355171204,0.16615812480449677,-0.02901216596364975,0.22821855545043945,0.049264904111623764,0.19146990776062012,0.05851048603653908,-0.08083199709653854,0.10435067862272263,-0.06785734742879868,-0.2798428237438202,-0.16675430536270142,0.05794572830200195,0.1044282466173172,-0.06532572209835052,0.25928911566734314,-0.03176224231719971,-0.045417945832014084,0.2520780861377716,-0.13345716893672943,0.006978117395192385
0.10169702768325806,0.7023321986198425,1.3839892148971558,-0.027386575487009145,-0.0056868993711584595,0.01687911952720958,-0.032745145411501385,0.01810709543640639,0.02369637520988178,0.19815239906311036,0.000946748256683394,-0.017689609527587802,0.8393162488937378,0.7411493062973022,1.346082329750061,-0.03268721,-0.004054308,0.036862258,318.0,1740111849.4565036,0.06691254675388336,0.06206884980201721,0.18516375124454498,0.1445951610803604,-0.03911951184272766,-0.05848437175154686,0.04085967689752579,0.23720502853393555,0.2271229326725006,0.08585916459560394,0.13511082530021667,0.28030362725257874,0.1627969592809677,-0.02723516896367073,0.2279168665409088,0.048202455043792725,0.19050367176532745,0.05373528227210045,-0.07623562961816788,0.09864265471696854,-0.06832827627658844,-0.2793741524219513,-0.16377179324626923,0.05570535361766815,0.10740407556295395,-0.061667732894420624,0.2575797140598297,-0.030840501189231873,-0.04780447855591774,0.24765649437904358,-0.13125738501548767,0.014262327924370766
0.10338380187749863,0.7020522356033325,1.3845853805541992,0.06452269944170368,0.02635996945171088,0.03163898593725311,-0.03099073274191808,0.010627312242556048,0.02243734456750132,0.20370169579982758,0.0021876573562622514,-0.01671435832977286,0.8393162488937378,0.7411493062973022,1.346082329750061,-0.03268721,-0.004054308,0.036862258,319.0,1740111849.491234,0.06691254675388336,0.06206884980201721,0.18516375124454498,0.1445951610803604,-0.03911951184272766,-0.05848437175154686,0.04085967689752579,0.23720502853393555,0.2271229326725006,0.08585916459560394,0.13511082530021667,0.28030362725257874,0.1627969592809677,-0.02723516896367073,0.2279168665409088,0.048202455043792725,0.19050367176532745,0.05373528227210045,-0.07623562961816788,0.09864265471696854,-0.06832827627658844,-0.2793741524219513,-0.16377179324626923,0.05570535361766815,0.10740407556295395,-0.061667732894420624,0.2575797140598297,-0.030840501189231873,-0.04780447855591774,0.24765649437904358,-0.13125738501548767,0.014262327924370766
0.09703226387500763,0.6995940804481506,1.3843812942504883,0.06452269944170368,0.02635996945171088,0.03163898593725311,-0.030197404140247953,0.010039587584236372,0.04356342989393093,0.19895755350589753,0.001180219650268599,-0.01616802215576163,0.8393162488937378,0.7411493062973022,1.346082329750061,-0.036061846,-0.0027240887,0.033489678,320.0,1740111849.5240605,0.06835649907588959,0.06236772611737251,0.18834981322288513,0.1466439962387085,-0.040813617408275604,-0.05717833712697029,0.04182664304971695,0.24115245044231415,0.22980603575706482,0.08688497543334961,0.13679179549217224,0.2842489778995514,0.16458772122859955,-0.025964483618736267,0.2315542995929718,0.050120748579502106,0.19245702028274536,0.054422859102487564,-0.07708858698606491,0.10055571049451828,-0.06689240783452988,-0.2820517122745514,-0.16574425995349884,0.056198976933956146,0.10830947011709213,-0.06311221420764923,0.25917714834213257,-0.029729090631008148,-0.04734385386109352,0.2525953948497772,-0.13442181050777435,0.01256299763917923
0.09855648130178452,0.7013355493545532,1.3850089311599731,0.06452269944170368,0.02635996945171088,0.03163898593725311,-0.01679685529429074,-0.00236368005033592,0.03372915792219943,0.19831251949071885,0.0011122107505798784,-0.015292549133300692,0.8393162488937378,0.7411493062973022,1.346082329750061,-0.027832642,0.0018677413,0.014520414,321.0,1740111849.5648184,0.0703420415520668,0.06270776689052582,0.19078105688095093,0.1481173187494278,-0.043083563446998596,-0.055865366011857986,0.0424858033657074,0.2446253001689911,0.2336026281118393,0.0864732563495636,0.13660474121570587,0.2877998352050781,0.16637440025806427,-0.026125717908143997,0.23567256331443787,0.052622370421886444,0.19567129015922546,0.055787164717912674,-0.07923495769500732,0.10145806521177292,-0.06716766208410263,-0.2827647030353546,-0.16779500246047974,0.056303851306438446,0.11174450814723969,-0.0646897628903389,0.26048704981803894,-0.02868734300136566,-0.04690170660614967,0.25617164373397827,-0.13901692628860474,0.011994642205536366
0.0990045815706253,0.7018929719924927,1.3857429027557373,-0.03333253405209038,0.005784628656643951,0.019240189703306803,-0.016619975024360297,-0.0033828635999381936,0.03575813617842967,0.20003528743982316,0.0028239369392395464,-0.014598035812377841,0.8393162488937378,0.7411493062973022,1.346082329750061,-0.024537608,0.0028749034,0.013394095,322.0,1740111849.594235,0.07047446072101593,0.06251507997512817,0.19129805266857147,0.1491510570049286,-0.04413861781358719,-0.05531879886984825,0.04352188482880592,0.24577662348747253,0.23431691527366638,0.08655332028865814,0.1366054117679596,0.2894105017185211,0.16733530163764954,-0.026571031659841537,0.23663249611854553,0.05357172340154648,0.19640009105205536,0.05672262981534004,-0.0801403746008873,0.10254327207803726,-0.06738851964473724,-0.2829945981502533,-0.1686042696237564,0.05667823553085327,0.11237263679504395,-0.06543494015932083,0.2609907388687134,-0.028853267431259155,-0.046557728201150894,0.25754955410957336,-0.14030194282531738,0.011064311489462852
0.10049118846654892,0.7034590840339661,1.386173129081726,-0.03333253405209038,0.005784628656643951,0.019240189703306803,0.0015842067682379883,-0.008520289546092293,0.031149740231058275,0.2004188358783722,0.0032423615455627885,-0.014058732986450106,0.8393162488937378,0.7411493062973022,1.346082329750061,-0.018842675,0.002163291,0.015542425,323.0,1740111849.6230612,0.06999149918556213,0.06232629716396332,0.19029086828231812,0.1489136964082718,-0.04425039887428284,-0.05536552518606186,0.04361090809106827,0.24489985406398773,0.23367656767368317,0.08603863418102264,0.13587109744548798,0.2886359989643097,0.16706214845180511,-0.026962336152791977,0.23579564690589905,0.05346253514289856,0.1960611492395401,0.05680819973349571,-0.08021978288888931,0.10221371799707413,-0.06772462278604507,-0.28187280893325806,-0.16820989549160004,0.05654248595237732,0.1123887374997139,-0.06533049792051315,0.2603936195373535,-0.02900296449661255,-0.04632582888007164,0.25642693042755127,-0.1398368924856186,0.010866645723581314
0.10037747025489807,0.7039419412612915,1.3869938850402832,-0.03333253405209038,0.005784628656643951,0.019240189703306803,-0.006139485625622247,-0.0005460888215592962,0.038512726966439675,0.20475321859121323,0.004181194305419966,-0.011983418464660556,0.8393162488937378,0.7411493062973022,1.346082329750061,-0.018842675,0.002163291,0.015542425,324.0,1740111849.658731,0.06999149918556213,0.06232629716396332,0.19029086828231812,0.1489136964082718,-0.04425039887428284,-0.05536552518606186,0.04361090809106827,0.24489985406398773,0.23367656767368317,0.08603863418102264,0.13587109744548798,0.2886359989643097,0.16706214845180511,-0.026962336152791977,0.23579564690589905,0.05346253514289856,0.1960611492395401,0.05680819973349571,-0.08021978288888931,0.10221371799707413,-0.06772462278604507,-0.28187280893325806,-0.16820989549160004,0.05654248595237732,0.1123887374997139,-0.06533049792051315,0.2603936195373535,-0.02900296449661255,-0.04632582888007164,0.25642693042755127,-0.1398368924856186,0.010866645723581314
0.10416200011968613,0.705241858959198,1.3884459733963013,0.03749675046847413,0.021970082646418476,0.027658929171044507,-0.023358140197289094,0.010522509531456913,0.020072267164785013,0.20037747025489808,0.003941941261291548,-0.013006114959716708,0.8393162488937378,0.7411493062973022,1.346082329750061,-0.018120155,0.0026312843,0.013895914,325.0,1740111849.693379,0.06971482932567596,0.062331754714250565,0.19141829013824463,0.15168465673923492,-0.04596906900405884,-0.054898977279663086,0.04520322009921074,0.2471507340669632,0.234296515583992,0.08662457764148712,0.13696882128715515,0.29159197211265564,0.1683574616909027,-0.027863014489412308,0.23710155487060547,0.05411975830793381,0.1970180720090866,0.05843872204422951,-0.08183784782886505,0.10451624542474747,-0.06813602149486542,-0.28314194083213806,-0.1697252243757248,0.057253994047641754,0.11220802366733551,-0.06663935631513596,0.26162004470825195,-0.029501043260097504,-0.04619375988841057,0.2587950527667999,-0.1413988620042801,0.008873391896486282
0.1062016487121582,0.7059831023216248,1.3883955478668213,0.03749675046847413,0.021970082646418476,0.027658929171044507,-0.030675038624662615,0.006320114199679686,0.021327983364642134,0.20530874133110047,0.00603573322296147,-0.011601948738098056,0.8393162488937378,0.7411493062973022,1.346082329750061,-0.019564629,0.0014012903,0.018075272,326.0,1740111849.7248158,0.06934903562068939,0.06218993291258812,0.19246450066566467,0.15327630937099457,-0.046467915177345276,-0.05450513958930969,0.04631444066762924,0.24856141209602356,0.23457561433315277,0.08728113770484924,0.13799625635147095,0.2934724986553192,0.1695183962583542,-0.027931425720453262,0.23782023787498474,0.054744962602853775,0.1970933973789215,0.05892554298043251,-0.08250431716442108,0.10623488575220108,-0.06799215823411942,-0.28429555892944336,-0.1709064394235611,0.05782509595155716,0.11208285391330719,-0.06723959743976593,0.26239222288131714,-0.030003473162651062,-0.04581597074866295,0.2606297731399536,-0.14202457666397095,0.007159539498388767
0.10621655732393265,0.70770263671875,1.388769268989563,0.03749675046847413,0.021970082646418476,0.027658929171044507,-0.038044287720840786,0.009026819764369604,0.018154599528414167,0.20593245923519135,0.006822812557220503,-0.011350655555725009,0.8393162488937378,0.7411493062973022,1.346082329750061,-0.020905763,0.00083775073,0.020254016,327.0,1740111849.7580383,0.06943092495203018,0.06225030496716499,0.19264905154705048,0.15465769171714783,-0.04702604562044144,-0.05502656102180481,0.04679492488503456,0.2493358999490738,0.23503538966178894,0.08779552578926086,0.13894805312156677,0.29487723112106323,0.17011861503124237,-0.028654925525188446,0.2384375035762787,0.054588139057159424,0.197819322347641,0.0597025565803051,-0.08340245485305786,0.10713940113782883,-0.06876494735479355,-0.28560271859169006,-0.17170441150665283,0.05845232307910919,0.11179543286561966,-0.06760091334581375,0.26346057653427124,-0.03080117702484131,-0.046216677874326706,0.26089322566986084,-0.1423039734363556,0.00703432597219944
0.10636040568351746,0.7081342935562134,1.3887970447540283,0.021977264872723806,0.02891541138335399,0.0035096291352845837,-0.03768051486790094,0.009607437880725933,0.017113014489047246,0.20621655732393265,0.007702636718750044,-0.011230731010436923,0.8393162488937378,0.7411493062973022,1.346082329750061,-0.017814025,-0.0011492819,0.025943898,328.0,1740111849.7886395,0.06927905976772308,0.062018830329179764,0.19181981682777405,0.15346527099609375,-0.046663761138916016,-0.05501548573374748,0.04627121239900589,0.2483762800693512,0.23451544344425201,0.08706341683864594,0.13814333081245422,0.2935342490673065,0.16994450986385345,-0.028472352772951126,0.23751884698867798,0.05465084686875343,0.19732652604579926,0.05922257527709007,-0.08315502107143402,0.1062772199511528,-0.06857115030288696,-0.28430262207984924,-0.17120897769927979,0.05809399485588074,0.11205410212278366,-0.06725294142961502,0.2626138925552368,-0.03050907701253891,-0.045547645539045334,0.2598375082015991,-0.14186352491378784,0.007292075082659721
0.10672078281641006,0.7095504999160767,1.3890148401260376,0.021977264872723806,0.02891541138335399,0.0035096291352845837,-0.041230916399306865,0.008371599420710458,0.011958539964615492,0.2064896583557129,0.009081709384918257,-0.011009478569030673,0.8393162488937378,0.7411493062973022,1.346082329750061,-0.017814025,-0.0011492819,0.025943898,329.0,1740111849.824752,0.06927905976772308,0.062018830329179764,0.19181981682777405,0.15346527099609375,-0.046663761138916016,-0.05501548573374748,0.04627121239900589,0.2483762800693512,0.23451544344425201,0.08706341683864594,0.13814333081245422,0.2935342490673065,0.16994450986385345,-0.028472352772951126,0.23751884698867798,0.05465084686875343,0.19732652604579926,0.05922257527709007,-0.08315502107143402,0.1062772199511528,-0.06857115030288696,-0.28430262207984924,-0.17120897769927979,0.05809399485588074,0.11205410212278366,-0.06725294142961502,0.2626138925552368,-0.03050907701253891,-0.045547645539045334,0.2598375082015991,-0.14186352491378784,0.007292075082659721
0.1084170714020729,0.7101216912269592,1.3889343738555908,0.021977264872723806,0.02891541138335399,0.0035096291352845837,-0.029650020173589094,0.010922287996625478,0.014371341364326242,0.20672078281641007,0.009550499916076705,-0.010985159873962314,0.8393162488937378,0.7411493062973022,1.346082329750061,-0.021226749,-0.0005882755,0.024697378,330.0,1740111849.8581202,0.06859498471021652,0.06170186027884483,0.19340892136096954,0.15694674849510193,-0.04852449148893356,-0.054159436374902725,0.0480634905397892,0.25164973735809326,0.23418571054935455,0.08838605880737305,0.14004303514957428,0.2971165180206299,0.17167334258556366,-0.028228048235177994,0.23845288157463074,0.05499355494976044,0.1976277381181717,0.060616981238126755,-0.08431440591812134,0.10969021171331406,-0.06745969504117966,-0.2868862450122833,-0.17288866639137268,0.05928733944892883,0.10988196730613708,-0.06882303208112717,0.264237642288208,-0.03104143589735031,-0.04503737762570381,0.2636462450027466,-0.14280448853969574,0.003657110035419464
0.10859598964452744,0.7105296850204468,1.3888746500015259,0.022335571840661633,0.023932198060555823,0.0007753489070081536,-0.03017055685397104,0.012914693030800622,0.014107507338959298,0.2084170714020729,0.010121691226959273,-0.011065626144409091,0.8393162488937378,0.7411493062973022,1.346082329750061,-0.01698818,6.831437e-05,0.022281103,331.0,1740111849.890995,0.06786973774433136,0.06147957220673561,0.19329383969306946,0.15814752876758575,-0.049130767583847046,-0.05400073528289795,0.048676978796720505,0.25239619612693787,0.23350156843662262,0.08845137059688568,0.14033667743206024,0.2978487014770508,0.17247159779071808,-0.028512582182884216,0.23797589540481567,0.05498906970024109,0.19743947684764862,0.061304423958063126,-0.08513009548187256,0.11088503152132034,-0.06748642772436142,-0.2870410084724426,-0.17353294789791107,0.05972123146057129,0.10900333523750305,-0.06942272186279297,0.26473763585090637,-0.03149647265672684,-0.04445214197039604,0.26410627365112305,-0.14266513288021088,0.0021361196413636208
0.10865218937397003,0.7115598320960999,1.3886594772338867,0.022335571840661633,0.023932198060555823,0.0007753489070081536,-0.03102682111661676,0.014874033996720059,0.017078542046960753,0.20891234874725342,0.011237192153930708,-0.010991835594177157,0.8393162488937378,0.7411493062973022,1.346082329750061,-0.015933618,0.00015851855,0.021772198,332.0,1740111849.9264586,0.0672413632273674,0.06139266490936279,0.1928541362285614,0.15841270983219147,-0.04922080039978027,-0.054393257945775986,0.04892478883266449,0.25192341208457947,0.23283982276916504,0.08848896622657776,0.1406111866235733,0.2975710332393646,0.17246922850608826,-0.028964918106794357,0.23743027448654175,0.05463676154613495,0.19692404568195343,0.061447229236364365,-0.08512537181377411,0.11112429946660995,-0.06773585081100464,-0.28705793619155884,-0.17341920733451843,0.05989661067724228,0.10833755135536194,-0.06938853114843369,0.26484251022338867,-0.03192368894815445,-0.044500719755887985,0.26367443799972534,-0.14189094305038452,0.0019194409251213074
0.10861703753471375,0.7131652235984802,1.3886927366256714,0.022335571840661633,0.023932198060555823,0.0007753489070081536,-0.04075232683483552,0.015864445930679594,0.013048859016273685,0.20952191054821015,0.012083578109741255,-0.011042976379394442,0.8393162488937378,0.7411493062973022,1.346082329750061,-0.014774688,0.000102855265,0.02178061,333.0,1740111849.9570756,0.0666271522641182,0.06135719642043114,0.1927674263715744,0.15899209678173065,-0.04911389946937561,-0.05435086414217949,0.049433980137109756,0.25198718905448914,0.23202793300151825,0.08922070264816284,0.14128786325454712,0.2979162931442261,0.172506183385849,-0.028850730508565903,0.2368636429309845,0.054192397743463516,0.19631274044513702,0.06155302748084068,-0.08471542596817017,0.11179278045892715,-0.06733229756355286,-0.28773605823516846,-0.17344129085540771,0.060312338173389435,0.10703202337026596,-0.06938575208187103,0.2648509740829468,-0.032433271408081055,-0.04462960734963417,0.26391178369522095,-0.14114989340305328,0.0011595729738473892
0.1091647744178772,0.7140571475028992,1.3883479833602905,0.022335571840661633,0.023932198060555823,0.0007753489070081536,-0.040909370242686906,0.016332711480020967,0.015574328414865219,0.20883280634880066,0.013560342788696333,-0.011500024795532138,0.8393162488937378,0.7411493062973022,1.346082329750061,-0.014774688,0.000102855265,0.02178061,334.0,1740111849.989421,0.0666271522641182,0.06135719642043114,0.1927674263715744,0.15899209678173065,-0.04911389946937561,-0.05435086414217949,0.049433980137109756,0.25198718905448914,0.23202793300151825,0.08922070264816284,0.14128786325454712,0.2979162931442261,0.172506183385849,-0.028850730508565903,0.2368636429309845,0.054192397743463516,0.19631274044513702,0.06155302748084068,-0.08471542596817017,0.11179278045892715,-0.06733229756355286,-0.28773605823516846,-0.17344129085540771,0.060312338173389435,0.10703202337026596,-0.06938575208187103,0.2648509740829468,-0.032433271408081055,-0.04462960734963417,0.26391178369522095,-0.14114989340305328,0.0011595729738473892
0.1096404641866684,0.7148860692977905,1.3881847858428955,0.006867271056149733,0.029119815539852306,-0.006026984657499363,-0.040378319203419756,0.01556626123445589,0.01547435999998604,0.20941898077726365,0.014019477367401167,-0.011847639083862216,0.8393162488937378,0.7411493062973022,1.346082329750061,-0.011999413,-0.0003618449,0.022794358,335.0,1740111850.023338,0.06592875719070435,0.06108672171831131,0.19213683903217316,0.15935836732387543,-0.049319274723529816,-0.05433296412229538,0.04994721710681915,0.25169458985328674,0.23110362887382507,0.08929303288459778,0.14126139879226685,0.2978770434856415,0.1725929230451584,-0.02892744168639183,0.2359892725944519,0.05409713089466095,0.1955442875623703,0.06172331050038338,-0.08475343883037567,0.112416572868824,-0.06714612245559692,-0.2874721884727478,-0.1733274608850479,0.06046673655509949,0.10610590130090714,-0.06942632794380188,0.26462113857269287,-0.03265722841024399,-0.04427269473671913,0.26378312706947327,-0.1404547542333603,0.000265682116150856
0.1049649566411972,0.714533269405365,1.3879265785217285,0.006867271056149733,0.029119815539852306,-0.006026984657499363,-0.008623902629856163,0.011195854623853734,0.05510520307084181,0.20590466111898423,0.013865339756012007,-0.013302230834960849,0.8393162488937378,0.7411493062973022,1.346082329750061,-0.008410096,-0.00073722005,0.023588486,336.0,1740111850.0565014,0.06507257372140884,0.06100904569029808,0.192294180393219,0.16050246357917786,-0.049473464488983154,-0.05422753468155861,0.051046762615442276,0.2518567144870758,0.23026908934116364,0.09021048247814178,0.14217036962509155,0.29864415526390076,0.17278066277503967,-0.028997384011745453,0.23570874333381653,0.053931381553411484,0.19469264149665833,0.0620376355946064,-0.08447122573852539,0.11370030790567398,-0.06682707369327545,-0.2883351743221283,-0.1734696477651596,0.06095951795578003,0.10475203394889832,-0.0696382150053978,0.2647855281829834,-0.03318843990564346,-0.044402386993169785,0.2646409869194031,-0.13981065154075623,-0.0009992392733693123
0.11006377637386322,0.7162877321243286,1.3876866102218628,0.006867271056149733,0.029119815539852306,-0.006026984657499363,-0.03197420854802702,-0.013585952520350553,-0.005341001245851533,0.2051691323518753,0.01497118473052983,-0.012168073654174716,0.8393162488937378,0.7411493062973022,1.346082329750061,-0.0069255605,-0.00052146614,0.022705272,337.0,1740111850.0915294,0.0650993138551712,0.06091175600886345,0.19303855299949646,0.16163060069084167,-0.050217725336551666,-0.05377893149852753,0.05175216868519783,0.2532176673412323,0.2305787354707718,0.09062759578227997,0.14267566800117493,0.3000786602497101,0.17344756424427032,-0.028811708092689514,0.2363801896572113,0.054400961846113205,0.1950286626815796,0.06257607042789459,-0.08496960997581482,0.11484546214342117,-0.0664466992020607,-0.2891867160797119,-0.17408496141433716,0.06132165342569351,0.10440877079963684,-0.07026432454586029,0.2653687000274658,-0.03319156914949417,-0.0441749133169651,0.26622557640075684,-0.14057540893554688,-0.002122160978615284
0.11178132891654968,0.716823399066925,1.3875365257263184,0.02113546571477591,0.0251134262348209,-0.0051470728406123115,-0.030494805194149124,0.013008560098125297,0.013440172786018074,0.21153366416692734,0.016532170772552535,-0.012362623214721591,0.8393162488937378,0.7411493062973022,1.346082329750061,-0.007479973,0.00019887835,0.020703964,338.0,1740111850.122236,0.06570394337177277,0.06114187836647034,0.19366616010665894,0.16214951872825623,-0.05079425126314163,-0.053444430232048035,0.051915545016527176,0.25410592555999756,0.23158960044384003,0.0907580554485321,0.142769917845726,0.30109095573425293,0.17363697290420532,-0.028787024319171906,0.23755964636802673,0.054908812046051025,0.19586840271949768,0.06290452182292938,-0.08538578450679779,0.11504209786653519,-0.06649971008300781,-0.2895032465457916,-0.17449107766151428,0.061340101063251495,0.10516416281461716,-0.07060321420431137,0.26557672023773193,-0.03288385272026062,-0.044359106570482254,0.2671659588813782,-0.14177969098091125,-0.0021009957417845726
0.11232005059719086,0.7180145382881165,1.387362003326416,0.02113546571477591,0.0251134262348209,-0.0051470728406123115,-0.030025615702038405,0.011336738783442732,0.01408460339048036,0.21178481578826905,0.016990172863006636,-0.01273932456970206,0.8393162488937378,0.7411493062973022,1.346082329750061,-0.007479973,0.00019887835,0.020703964,339.0,1740111850.1593554,0.06570394337177277,0.06114187836647034,0.19366616010665894,0.16214951872825623,-0.05079425126314163,-0.053444430232048035,0.051915545016527176,0.25410592555999756,0.23158960044384003,0.0907580554485321,0.142769917845726,0.30109095573425293,0.17363697290420532,-0.028787024319171906,0.23755964636802673,0.054908812046051025,0.19586840271949768,0.06290452182292938,-0.08538578450679779,0.11504209786653519,-0.06649971008300781,-0.2895032465457916,-0.17449107766151428,0.061340101063251495,0.10516416281461716,-0.07060321420431137,0.26557672023773193,-0.03288385272026062,-0.044359106570482254,0.2671659588813782,-0.14177969098091125,-0.0021009957417845726
0.112590491771698,0.7183789014816284,1.3873003721237183,0.02113546571477591,0.0251134262348209,-0.0051470728406123115,-0.030202402066455167,0.011831150909834212,0.015079652577447682,0.21232005059719086,0.0180145382881165,-0.012637996673583896,0.8393162488937378,0.7411493062973022,1.346082329750061,-0.005745843,-0.0005080253,0.022610784,340.0,1740111850.1910286,0.06596346944570541,0.06127259135246277,0.19385750591754913,0.16218078136444092,-0.05061345547437668,-0.053643301129341125,0.051995452493429184,0.2540655732154846,0.23208339512348175,0.09115898609161377,0.14314579963684082,0.3014470636844635,0.17357397079467773,-0.028820954263210297,0.23803240060806274,0.05491865798830986,0.1961091160774231,0.06293509900569916,-0.08512741327285767,0.11508924514055252,-0.0667305588722229,-0.29002419114112854,-0.17444686591625214,0.061557210981845856,0.10527146607637405,-0.07048647105693817,0.26568615436553955,-0.03306847810745239,-0.04480040445923805,0.2672969698905945,-0.14188720285892487,-0.001543682999908924
0.11296052485704422,0.7190507650375366,1.3872673511505127,0.012974594698891303,0.022901843204079245,-0.0033646821112513063,-0.029343920905467197,0.011752758307499273,0.014504132237952086,0.212749844789505,0.018716919422149703,-0.012743377685546786,0.8393162488937378,0.7411493062973022,1.346082329750061,-0.006824583,-0.00035080314,0.02238001,341.0,1740111850.2252378,0.0662461444735527,0.061237093061208725,0.19435682892799377,0.16254505515098572,-0.05102694034576416,-0.053373999893665314,0.05239683762192726,0.25468993186950684,0.23255915939807892,0.09130918979644775,0.1432344615459442,0.302228718996048,0.1738121062517166,-0.028585728257894516,0.23866650462150574,0.055342648178339005,0.19634418189525604,0.06310674548149109,-0.08521077036857605,0.11557327955961227,-0.06657968461513519,-0.2903299629688263,-0.17462587356567383,0.0616205632686615,0.10547997802495956,-0.07079316675662994,0.26582252979278564,-0.032909415662288666,-0.044717852026224136,0.2682131230831146,-0.14256711304187775,-0.0018837694078683853
0.11370686441659927,0.720019519329071,1.3874670267105103,0.012974594698891303,0.022901843204079245,-0.0033646821112513063,-0.03042485209655746,0.014366261970306604,0.009824307266646097,0.213238662481308,0.019384491443634078,-0.0126309633255004,0.8393162488937378,0.7411493062973022,1.346082329750061,-0.0062305927,-0.00049645454,0.022466764,342.0,1740111850.2582183,0.06606286019086838,0.06112329289317131,0.1945226639509201,0.16258180141448975,-0.0508236438035965,-0.053453199565410614,0.05250106379389763,0.2545562982559204,0.23219172656536102,0.09132468700408936,0.1435256153345108,0.30216658115386963,0.17382454872131348,-0.028407640755176544,0.23845425248146057,0.055230509489774704,0.19594743847846985,0.06298349797725677,-0.08492624759674072,0.11579064279794693,-0.0663079097867012,-0.29059019684791565,-0.17458327114582062,0.061570413410663605,0.10507093369960785,-0.07078864425420761,0.26584911346435547,-0.03290773183107376,-0.04453514888882637,0.2684377133846283,-0.14234018325805664,-0.0020842934027314186
0.11374642699956894,0.7199310064315796,1.3874318599700928,0.012974594698891303,0.022901843204079245,-0.0033646821112513063,-0.029304663884106193,0.016370374339519912,0.010307876260918959,0.21370686441659928,0.02001951932907109,-0.012532973289489657,0.8393162488937378,0.7411493062973022,1.346082329750061,-0.008065775,-0.00023173541,0.022062182,343.0,1740111850.2897465,0.06612737476825714,0.061048999428749084,0.19419942796230316,0.16237065196037292,-0.05104377865791321,-0.05348718911409378,0.05237889662384987,0.25432339310646057,0.23226729035377502,0.09085239470005035,0.14305348694324493,0.3018888831138611,0.173810675740242,-0.028560951352119446,0.23831897974014282,0.05532520264387131,0.1960403472185135,0.06298668682575226,-0.08521659672260284,0.11551988869905472,-0.06651807576417923,-0.29002130031585693,-0.17447654902935028,0.06139760464429855,0.10549592971801758,-0.07072459161281586,0.26570624113082886,-0.03277086466550827,-0.044373441487550735,0.2679861783981323,-0.1424267590045929,-0.0020083924755454063
0.11454526335000992,0.7208282351493835,1.3878594636917114,0.012974594698891303,0.022901843204079245,-0.0033646821112513063,-0.030075878275354018,0.015305249070989707,0.00550499246221708,0.21404666304588318,0.020187842845916792,-0.012493395805358798,0.8393162488937378,0.7411493062973022,1.346082329750061,-0.008065775,-0.00023173541,0.022062182,344.0,1740111850.3231084,0.06612737476825714,0.061048999428749084,0.19419942796230316,0.16237065196037292,-0.05104377865791321,-0.05348718911409378,0.05237889662384987,0.25432339310646057,0.23226729035377502,0.09085239470005035,0.14305348694324493,0.3018888831138611,0.173810675740242,-0.028560951352119446,0.23831897974014282,0.05532520264387131,0.1960403472185135,0.06298668682575226,-0.08521659672260284,0.11551988869905472,-0.06651807576417923,-0.29002130031585693,-0.17447654902935028,0.06139760464429855,0.10549592971801758,-0.07072459161281586,0.26570624113082886,-0.03277086466550827,-0.044373441487550735,0.2679861783981323,-0.1424267590045929,-0.0020083924755454063
0.11471138894557953,0.7218701243400574,1.388519525527954,0.015881341980072888,0.01649332119848818,0.006940111359725297,-0.03910170955663954,0.01587510529451146,0.0028552347364481077,0.2148659735918045,0.021029639244079634,-0.011899971961975009,0.8393162488937378,0.7411493062973022,1.346082329750061,-0.011872739,0.0003528744,0.020693332,345.0,1740111850.36079,0.06609834730625153,0.060807958245277405,0.19493262469768524,0.16342411935329437,-0.05189526081085205,-0.05284325033426285,0.05302527919411659,0.25567826628685,0.23238232731819153,0.09097951650619507,0.14335386455059052,0.3031565546989441,0.17464664578437805,-0.02840590849518776,0.2389291524887085,0.05596444755792618,0.19637933373451233,0.06344360113143921,-0.08589418232440948,0.11664093285799026,-0.06599113345146179,-0.2905498147010803,-0.17525054514408112,0.0616462305188179,0.10534854978322983,-0.07147710770368576,0.26620742678642273,-0.03267485648393631,-0.043785978108644485,0.2696160078048706,-0.14332059025764465,-0.0034761661663651466
0.11507590115070343,0.7220625877380371,1.3887995481491089,0.015881341980072888,0.01649332119848818,0.006940111359725297,-0.03836689613031913,0.015684404816527046,0.002173890012878467,0.21471138894557953,0.021870124340057417,-0.01148047447204581,0.8393162488937378,0.7411493062973022,1.346082329750061,-0.017117389,-4.49121e-05,0.0224818,346.0,1740111850.3900216,0.06647982448339462,0.06074950471520424,0.19526036083698273,0.1633654236793518,-0.051852308213710785,-0.05278193578124046,0.05319814011454582,0.2557419538497925,0.23292456567287445,0.0910501480102539,0.1433480978012085,0.3036375343799591,0.17509660124778748,-0.028566565364599228,0.23948761820793152,0.056351929903030396,0.19693714380264282,0.06368260085582733,-0.08604501187801361,0.11686033755540848,-0.06629619747400284,-0.29079288244247437,-0.17575305700302124,0.06174119561910629,0.10599520057439804,-0.071790911257267,0.2665064036846161,-0.032844722270965576,-0.04369514808058739,0.2698938846588135,-0.14400702714920044,-0.0032703792676329613
0.11651487648487091,0.7217248678207397,1.389434814453125,0.015881341980072888,0.01649332119848818,0.006940111359725297,-0.02871493126994181,0.017341512893969055,0.005246887351093111,0.2160307452082634,0.021493482589721724,-0.011024141311645419,0.8393162488937378,0.7411493062973022,1.346082329750061,-0.017117389,-4.49121e-05,0.0224818,347.0,1740111850.423259,0.06647982448339462,0.06074950471520424,0.19526036083698273,0.1633654236793518,-0.051852308213710785,-0.05278193578124046,0.05319814011454582,0.2557419538497925,0.23292456567287445,0.0910501480102539,0.1433480978012085,0.3036375343799591,0.17509660124778748,-0.028566565364599228,0.23948761820793152,0.056351929903030396,0.19693714380264282,0.06368260085582733,-0.08604501187801361,0.11686033755540848,-0.06629619747400284,-0.29079288244247437,-0.17575305700302124,0.06174119561910629,0.10599520057439804,-0.071790911257267,0.2665064036846161,-0.032844722270965576,-0.04369514808058739,0.2698938846588135,-0.14400702714920044,-0.0032703792676329613
0.11767599731683731,0.7222265601158142,1.3905543088912964,0.022626881266918298,0.011079101376339167,0.01964547828739182,-0.030075647158438062,0.019340854069327812,0.003780529731005033,0.21712992191314698,0.02213816642761235,-0.009934329986572177,0.8393162488937378,0.7411493062973022,1.346082329750061,-0.017117389,-4.49121e-05,0.0224818,348.0,1740111850.4575658,0.06647982448339462,0.06074950471520424,0.19526036083698273,0.1633654236793518,-0.051852308213710785,-0.05278193578124046,0.05319814011454582,0.2557419538497925,0.23292456567287445,0.0910501480102539,0.1433480978012085,0.3036375343799591,0.17509660124778748,-0.028566565364599228,0.23948761820793152,0.056351929903030396,0.19693714380264282,0.06368260085582733,-0.08604501187801361,0.11686033755540848,-0.06629619747400284,-0.29079288244247437,-0.17575305700302124,0.06174119561910629,0.10599520057439804,-0.071790911257267,0.2665064036846161,-0.032844722270965576,-0.04369514808058739,0.2698938846588135,-0.14400702714920044,-0.0032703792676329613
0.11786788702011108,0.7221085429191589,1.391506552696228,0.022626881266918298,0.011079101376339167,0.01964547828739182,-0.033201439904959086,0.023980715113822892,0.005921594855744422,0.21734071373939515,0.02267609834671025,-0.0089003086090087,0.8393162488937378,0.7411493062973022,1.346082329750061,-0.028641835,0.0015430227,0.01990863,349.0,1740111850.4902318,0.06778382509946823,0.06125450134277344,0.19462840259075165,0.1571398377418518,-0.04642552137374878,-0.05550188198685646,0.0497276671230793,0.24938152730464935,0.2331623136997223,0.090786412358284,0.14338646829128265,0.2976286709308624,0.17182597517967224,-0.027122877538204193,0.2384304404258728,0.0545477531850338,0.1951954960823059,0.05949285253882408,-0.0810035765171051,0.11144637316465378,-0.06650784611701965,-0.2909078598022461,-0.1726710945367813,0.06008126586675644,0.10720743238925934,-0.06835592538118362,0.2649880647659302,-0.032296933233737946,-0.045836638659238815,0.26482999324798584,-0.14063593745231628,0.0038363756611943245
0.11891365051269531,0.7223064303398132,1.3926708698272705,0.022626881266918298,0.011079101376339167,0.01964547828739182,-0.03476452477966463,0.023261798670666085,0.008903233755082922,0.21892902106046677,0.022097754478454634,-0.007868313789367587,0.8393162488937378,0.7411493062973022,1.346082329750061,-0.03305412,0.0015861169,0.020647451,350.0,1740111850.5259254,0.06706883758306503,0.06105560064315796,0.19320198893547058,0.15699701011180878,-0.046368323266506195,-0.05611981078982353,0.050061143934726715,0.24799907207489014,0.2321424037218094,0.09039382636547089,0.1425471007823944,0.29692021012306213,0.17176567018032074,-0.028202131390571594,0.23726868629455566,0.0541064478456974,0.1946871429681778,0.059924956411123276,-0.0811973437666893,0.11149769276380539,-0.06772971153259277,-0.2898971140384674,-0.17234046757221222,0.0602593719959259,0.10688799619674683,-0.06831210851669312,0.2648395299911499,-0.033347539603710175,-0.04585893079638481,0.26320841908454895,-0.13958753645420074,0.004045009613037109
0.12067015469074249,0.7222803235054016,1.3939599990844727,0.02944300191940102,0.0011822756799200515,0.032387909359855964,-0.029549905274118493,0.01854489721571884,0.01389578997780643,0.2201329752802849,0.022394943237304732,-0.006575608253478915,0.8393162488937378,0.7411493062973022,1.346082329750061,-0.03735087,0.000668332,0.024952173,351.0,1740111850.5595708,0.06667115539312363,0.061013221740722656,0.1929204910993576,0.15797369182109833,-0.04614318907260895,-0.05731738358736038,0.05037853121757507,0.24772372841835022,0.23164494335651398,0.09105734527111053,0.14366668462753296,0.2974652647972107,0.17218726873397827,-0.029193133115768433,0.2372722327709198,0.05339847505092621,0.19476434588432312,0.060312073677778244,-0.08155270665884018,0.11231987923383713,-0.06884432584047318,-0.29142332077026367,-0.17267493903636932,0.061160773038864136,0.1058180034160614,-0.06852798163890839,0.2659493684768677,-0.03481545299291611,-0.04686586186289787,0.26261457800865173,-0.13872018456459045,0.004506784491240978
0.12227629125118256,0.7219365835189819,1.3960200548171997,0.02944300191940102,0.0011822756799200515,0.032387909359855964,-0.02898368794374129,0.01479171531927554,0.016927175346543016,0.22062771618366242,0.021596658229827925,-0.005406880378723056,0.8393162488937378,0.7411493062973022,1.346082329750061,-0.040048834,0.0012521595,0.022567414,352.0,1740111850.5992913,0.06788250058889389,0.06146948039531708,0.1941375732421875,0.1580527126789093,-0.04652165621519089,-0.05773298442363739,0.04963083937764168,0.24857808649539948,0.23330439627170563,0.09079572558403015,0.14406584203243256,0.2981615960597992,0.17252551019191742,-0.029304806143045425,0.23926156759262085,0.053573090583086014,0.19634570181369781,0.06017794832587242,-0.08197366446256638,0.11177373677492142,-0.06936004757881165,-0.29267334938049316,-0.17326830327510834,0.06104619801044464,0.10719989985227585,-0.06882835179567337,0.2670701742172241,-0.03437481075525284,-0.04762101545929909,0.26331406831741333,-0.13992232084274292,0.005786835681647062
0.12358121573925018,0.7214753031730652,1.397618055343628,0.02944300191940102,0.0011822756799200515,0.032387909359855964,-0.028291485006730562,0.013783497148411898,0.014589649430112065,0.22227629125118256,0.021936583518981978,-0.003979945182800204,0.8393162488937378,0.7411493062973022,1.346082329750061,-0.038881063,0.00030480325,0.025472537,353.0,1740111850.6319852,0.06867877393960953,0.06175646930932999,0.19587594270706177,0.15874430537223816,-0.04702737182378769,-0.05724599212408066,0.04979492723941803,0.25023165345191956,0.23476187884807587,0.09115208685398102,0.1445932388305664,0.29962486028671265,0.17292283475399017,-0.028980180621147156,0.24119701981544495,0.05425413325428963,0.19734710454940796,0.06027862802147865,-0.08226087689399719,0.11214471608400345,-0.06905856728553772,-0.2939140796661377,-0.17381295561790466,0.06103425472974777,0.1081022173166275,-0.06944762170314789,0.2678476572036743,-0.033792123198509216,-0.04801458492875099,0.2653672695159912,-0.14144812524318695,0.005728733725845814
0.12419366091489792,0.7213221788406372,1.398667335510254,0.032082389009371604,-0.008724142347611078,0.04286145356422597,-0.029720726428615313,0.015902255597618157,0.01781662782172137,0.2235812157392502,0.02147530317306523,-0.0023819446563719815,0.8393162488937378,0.7411493062973022,1.346082329750061,-0.038881063,0.00030480325,0.025472537,354.0,1740111850.6661637,0.06867877393960953,0.06175646930932999,0.19587594270706177,0.15874430537223816,-0.04702737182378769,-0.05724599212408066,0.04979492723941803,0.25023165345191956,0.23476187884807587,0.09115208685398102,0.1445932388305664,0.29962486028671265,0.17292283475399017,-0.028980180621147156,0.24119701981544495,0.05425413325428963,0.19734710454940796,0.06027862802147865,-0.08226087689399719,0.11214471608400345,-0.06905856728553772,-0.2939140796661377,-0.17381295561790466,0.06103425472974777,0.1081022173166275,-0.06944762170314789,0.2678476572036743,-0.033792123198509216,-0.04801458492875099,0.2653672695159912,-0.14144812524318695,0.005728733725845814
0.12545867264270782,0.7206616997718811,1.4000555276870728,0.032082389009371604,-0.008724142347611078,0.04286145356422597,-0.028195731087389077,0.015360383222748195,0.016859272002861955,0.22419366091489792,0.02132217884063725,-0.001332664489746005,0.8393162488937378,0.7411493062973022,1.346082329750061,-0.039824948,0.00024407357,0.024731562,355.0,1740111850.6998484,0.06973574310541153,0.061592698097229004,0.1986231654882431,0.16206157207489014,-0.04971855878829956,-0.055721644312143326,0.05161302164196968,0.2548011839389801,0.236974835395813,0.09183263778686523,0.1455729603767395,0.3045591711997986,0.17502287030220032,-0.02891291305422783,0.24451276659965515,0.056285254657268524,0.19955460727214813,0.06189597025513649,-0.08462174236774445,0.1151026263833046,-0.06859039515256882,-0.29603639245033264,-0.17601317167282104,0.061801277101039886,0.10910415649414062,-0.07147572934627533,0.2695463299751282,-0.033358536660671234,-0.047461386770009995,0.27037328481674194,-0.1451735645532608,0.0029748594388365746
0.12590262293815613,0.7204084992408752,1.4012147188186646,0.032082389009371604,-0.008724142347611078,0.04286145356422597,-0.02952455477417736,0.014459761810673379,0.017733859916715482,0.22545867264270783,0.020661699771881148,5.5527687072842724e-05,0.8393162488937378,0.7411493062973022,1.346082329750061,-0.04471942,0.000308007,0.030028403,356.0,1740111850.7327209,0.07140737771987915,0.061477337032556534,0.20353509485721588,0.1654941588640213,-0.051186881959438324,-0.054123055189847946,0.05392710492014885,0.2604193687438965,0.24050743877887726,0.0939880758523941,0.14858630299568176,0.31122979521751404,0.17835015058517456,-0.027361709624528885,0.24898964166641235,0.058776821941137314,0.20196561515331268,0.06292608380317688,-0.08545540273189545,0.11896797269582748,-0.06686166673898697,-0.30142396688461304,-0.1789647489786148,0.06304724514484406,0.10985902696847916,-0.07352222502231598,0.27213340997695923,-0.032915279269218445,-0.04689399525523186,0.2777927815914154,-0.14946584403514862,-2.7448870241641998e-05
0.1269931197166443,0.7197599411010742,1.4011057615280151,0.032082389009371604,-0.008724142347611078,0.04286145356422597,-0.026702251260192093,0.015595689774005616,0.03505034850445052,0.22590262293815613,0.02040849924087529,0.0012147188186646396,0.8393162488937378,0.7411493062973022,1.346082329750061,-0.048089378,0.0004594773,0.027396426,357.0,1740111850.7616432,0.07102429866790771,0.061268649995326996,0.20325399935245514,0.1657806932926178,-0.05136343091726303,-0.054365530610084534,0.054170798510313034,0.2603435218334198,0.24036705493927002,0.09357437491416931,0.14847028255462646,0.3112715482711792,0.17885448038578033,-0.02779502421617508,0.24857372045516968,0.0587586909532547,0.20196238160133362,0.0632435530424118,-0.08601051568984985,0.1192018911242485,-0.0674259290099144,-0.30122241377830505,-0.17915348708629608,0.06320272386074066,0.1099822074174881,-0.07364355772733688,0.27234721183776855,-0.03343166410923004,-0.04662756249308586,0.2773014008998871,-0.1494138240814209,-0.00039621349424123764
0.1272611767053604,0.7195128202438354,1.4032976627349854,0.025509337923896837,-0.015046553310281381,0.03850561494781588,-0.027559794612769594,0.00850402369503603,0.013154549949838371,0.2269931197166443,0.019759941101074263,0.0011057615280152255,0.8393162488937378,0.7411493062973022,1.346082329750061,-0.050032705,0.0013943762,0.023052141,358.0,1740111850.7936883,0.07086767256259918,0.06135076284408569,0.20242922008037567,0.16491656005382538,-0.05065600574016571,-0.05487874522805214,0.053632769733667374,0.2590290606021881,0.24008913338184357,0.09312635660171509,0.14799469709396362,0.3100791573524475,0.17845867574214935,-0.02805972471833229,0.2477671205997467,0.05828187242150307,0.20169566571712494,0.06286673247814178,-0.08564016222953796,0.11827006191015244,-0.06810486316680908,-0.30050989985466003,-0.17869234085083008,0.06290937215089798,0.11027364432811737,-0.07311300188302994,0.271967351436615,-0.03376416862010956,-0.04677886888384819,0.27564558386802673,-0.1485747992992401,0.0005064466968178749
0.1228366419672966,0.7176830172538757,1.4029380083084106,0.025509337923896837,-0.015046553310281381,0.03850561494781588,0.006761770025398899,-0.05747382938807872,-0.013897755959444142,0.22728394567966462,0.01927195787429814,0.003989791870117276,0.8393162488937378,0.7411493062973022,1.346082329750061,-0.050032705,0.0013943762,0.023052141,359.0,1740111850.8249533,0.07086767256259918,0.06135076284408569,0.20242922008037567,0.16491656005382538,-0.05065600574016571,-0.05487874522805214,0.053632769733667374,0.2590290606021881,0.24008913338184357,0.09312635660171509,0.14799469709396362,0.3100791573524475,0.17845867574214935,-0.02805972471833229,0.2477671205997467,0.05828187242150307,0.20169566571712494,0.06286673247814178,-0.08564016222953796,0.11827006191015244,-0.06810486316680908,-0.30050989985466003,-0.17869234085083008,0.06290937215089798,0.11027364432811737,-0.07311300188302994,0.271967351436615,-0.03376416862010956,-0.04677886888384819,0.27564558386802673,-0.1485747992992401,0.0005064466968178749
0.12796635925769806,0.7186176776885986,1.40578293800354,0.025509337923896837,-0.015046553310281381,0.03850561494781588,-0.028477984682192817,0.005765461496663569,0.015526212374795388,0.22624049186706544,0.01850681304931645,0.005121207237243741,0.8393162488937378,0.7411493062973022,1.346082329750061,-0.04985164,0.002789691,0.018279232,360.0,1740111850.8574123,0.07124810665845871,0.06144537031650543,0.2022666037082672,0.1652500033378601,-0.05108146369457245,-0.05536914989352226,0.05319109931588173,0.2594165503978729,0.24081206321716309,0.09277758002281189,0.14759232103824615,0.31046062707901,0.17868751287460327,-0.028832893818616867,0.2483314573764801,0.05823124200105667,0.20282745361328125,0.06327007710933685,-0.0867704302072525,0.1180645152926445,-0.06939338147640228,-0.30062487721443176,-0.17904120683670044,0.06310734152793884,0.11106602102518082,-0.07327144593000412,0.27283281087875366,-0.03434603661298752,-0.04732111468911171,0.2750820219516754,-0.14897194504737854,0.001176963560283184
0.12197275459766388,0.7146854996681213,1.407248854637146,-0.04423792600038292,-0.04038078770183164,0.03305192577701194,-0.027773698985089624,0.0072970284349573354,0.043446473358529296,0.22364403903484345,0.017031538486480757,0.005207514762878507,0.8393162488937378,0.7411493062973022,1.346082329750061,-0.059235428,0.004732527,0.012997143,361.0,1740111850.898647,0.07107307761907578,0.0613379143178463,0.20070672035217285,0.1633276492357254,-0.0493159219622612,-0.0568852461874485,0.05177249759435654,0.2571053206920624,0.23990872502326965,0.09251706302165985,0.1472150683403015,0.30802831053733826,0.17800280451774597,-0.028938088566064835,0.2465648353099823,0.05694796144962311,0.2022116780281067,0.0622246228158474,-0.08578233420848846,0.11620543152093887,-0.07038246095180511,-0.3003799319267273,-0.17799699306488037,0.06304185837507248,0.11061014980077744,-0.07207249104976654,0.27257412672042847,-0.03539609909057617,-0.04797724261879921,0.2718549966812134,-0.1467801034450531,0.0034366650506854057
0.12949061393737793,0.7180079817771912,1.4102131128311157,-0.04423792600038292,-0.04038078770183164,0.03305192577701194,-0.029756788624244263,0.008476760426793666,0.015340618961608633,0.22197275459766388,0.014685499668121382,0.007248854637146085,0.8393162488937378,0.7411493062973022,1.346082329750061,-0.062941074,0.004224308,0.016501904,362.0,1740111850.931247,0.07201078534126282,0.06148279458284378,0.20244109630584717,0.163778617978096,-0.04958727955818176,-0.056983962655067444,0.051442183554172516,0.25863391160964966,0.24130673706531525,0.09271539747714996,0.14814667403697968,0.3091801404953003,0.17852725088596344,-0.028288982808589935,0.24831867218017578,0.057312555611133575,0.20323069393634796,0.062048379331827164,-0.08605405688285828,0.1163448914885521,-0.0701093003153801,-0.3022427558898926,-0.1785004734992981,0.06318239867687225,0.11113329231739044,-0.07242055982351303,0.27376455068588257,-0.03516507148742676,-0.04826159402728081,0.2735728621482849,-0.1480216383934021,0.003806818276643753
0.12979090213775635,0.7175878286361694,1.4114890098571777,-0.04423792600038292,-0.04038078770183164,0.03305192577701194,-0.028415392956621956,0.0075521242942697036,0.01188106369236985,0.22949061393737794,0.018007981777191207,0.010213112831115811,0.8393162488937378,0.7411493062973022,1.346082329750061,-0.06545994,0.005092658,0.022918925,363.0,1740111850.957211,0.07355647534132004,0.06180626153945923,0.20446918904781342,0.16376478970050812,-0.04947575926780701,-0.05679897964000702,0.05121196433901787,0.2599376440048218,0.24336329102516174,0.09340916574001312,0.14918072521686554,0.3105168640613556,0.17882801592350006,-0.02744261547923088,0.250716894865036,0.05796949192881584,0.20452620089054108,0.06179236248135567,-0.08561438322067261,0.11630619317293167,-0.06977339833974838,-0.3041309416294098,-0.17893052101135254,0.0631842389702797,0.11210882663726807,-0.07262622565031052,0.27450162172317505,-0.03453698754310608,-0.04885393753647804,0.27541783452033997,-0.14976318180561066,0.0047026993706822395
0.1302585005760193,0.717461347579956,1.4131617546081543,-0.04423792600038292,-0.04038078770183164,0.03305192577701194,-0.029477825063241425,0.011496131481374582,0.014241219833856766,0.22995831668376923,0.017690944671630904,0.012158727645874112,0.8393162488937378,0.7411493062973022,1.346082329750061,-0.06545994,0.005092658,0.022918925,364.0,1740111850.992898,0.07355647534132004,0.06180626153945923,0.20446918904781342,0.16376478970050812,-0.04947575926780701,-0.05679897964000702,0.05121196433901787,0.2599376440048218,0.24336329102516174,0.09340916574001312,0.14918072521686554,0.3105168640613556,0.17882801592350006,-0.02744261547923088,0.250716894865036,0.05796949192881584,0.20452620089054108,0.06179236248135567,-0.08561438322067261,0.11630619317293167,-0.06977339833974838,-0.3041309416294098,-0.17893052101135254,0.0631842389702797,0.11210882663726807,-0.07262622565031052,0.27450162172317505,-0.03453698754310608,-0.04885393753647804,0.27541783452033997,-0.14976318180561066,0.0047026993706822395
0.13069258630275726,0.7166585922241211,1.4157224893569946,0.08562723561639266,0.025612627404814275,0.06860020923343826,-0.029103492651250097,0.0156657200784926,0.018501726931252172,0.23053949177265168,0.0172479629516602,0.014112091064453214,0.8393162488937378,0.7411493062973022,1.346082329750061,-0.0480245,0.00049153715,0.03815874,365.0,1740111851.032028,0.07414355129003525,0.06185063719749451,0.2064407765865326,0.16551724076271057,-0.05034540593624115,-0.05608896166086197,0.05189961940050125,0.2624605894088745,0.24452248215675354,0.09401001036167145,0.15042540431022644,0.3131011128425598,0.1803208887577057,-0.027031973004341125,0.2527144253253937,0.05886925756931305,0.20571401715278625,0.06241447851061821,-0.08648847043514252,0.11794165521860123,-0.06933492422103882,-0.30620208382606506,-0.18041875958442688,0.06379233300685883,0.11231058090925217,-0.07365366071462631,0.2760508060455322,-0.03446090966463089,-0.04870105907320976,0.27832481265068054,-0.15140049159526825,0.0032911384478211403
0.13071005046367645,0.7169530391693115,1.4178857803344727,0.08562723561639266,0.025612627404814275,0.06860020923343826,-0.03673478670527659,0.01538271805673793,0.01477794763331899,0.23069258630275727,0.016658592224121138,0.015722489356994718,0.8393162488937378,0.7411493062973022,1.346082329750061,-0.053005703,0.005977772,0.014955133,366.0,1740111851.0593965,0.07557862251996994,0.0619376003742218,0.20901437103748322,0.1674068123102188,-0.051546745002269745,-0.05587953329086304,0.05217299237847328,0.2658052444458008,0.24701736867427826,0.09438976645469666,0.15149037539958954,0.31646886467933655,0.18190403282642365,-0.02706417441368103,0.2559419274330139,0.05997752025723457,0.20812423527240753,0.0632995069026947,-0.0881599634885788,0.11930812150239944,-0.06980185955762863,-0.3088453710079193,-0.18220366537570953,0.06443129479885101,0.11377129703760147,-0.07489456981420517,0.27842360734939575,-0.03454522788524628,-0.04898974671959877,0.2815365195274353,-0.15432633459568024,0.0030124401673674583
0.13125276565551758,0.7160965204238892,1.4185677766799927,0.08562723561639266,0.025612627404814275,0.06860020923343826,-0.028578810305002277,0.016553402483747526,0.019029644185982113,0.23071005046367646,0.016953039169311568,0.017885780334472745,0.8393162488937378,0.7411493062973022,1.346082329750061,-0.047361344,0.0072261617,-0.0040745884,367.0,1740111851.089268,0.0763523206114769,0.06189282238483429,0.20915281772613525,0.1661553829908371,-0.05084002763032913,-0.05589549243450165,0.05176638439297676,0.2650858461856842,0.24746781587600708,0.09416915476322174,0.15093865990638733,0.31580838561058044,0.1814875602722168,-0.026697125285863876,0.25620362162590027,0.060178179293870926,0.20820468664169312,0.06259465217590332,-0.0874127745628357,0.11841819435358047,-0.06985820829868317,-0.30852824449539185,-0.18164785206317902,0.06399453431367874,0.11460892111063004,-0.0745382010936737,0.27801546454429626,-0.03430110216140747,-0.04909474775195122,0.28110283613204956,-0.15446098148822784,0.004253140650689602
0.13120710849761963,0.7158964276313782,1.4205528497695923,0.014436094388508397,-0.012184347643859365,0.05797477638810832,-0.03317215848944196,0.014847552910535869,0.0174199182096068,0.23198480010032654,0.016028094291687056,0.019916391372680753,0.8393162488937378,0.7411493062973022,1.346082329750061,-0.035328597,0.0062480196,-0.007830538,368.0,1740111851.1225133,0.07833981513977051,0.06199777126312256,0.20880821347236633,0.16216731071472168,-0.049275681376457214,-0.055750180035829544,0.05041275545954704,0.2622244656085968,0.24891361594200134,0.09315143525600433,0.14893339574337006,0.3131321966648102,0.17967914044857025,-0.02565109357237816,0.2566588819026947,0.060986075550317764,0.2082751840353012,0.0609104298055172,-0.0852680653333664,0.1152905598282814,-0.06974200904369354,-0.30608418583869934,-0.18002694845199585,0.062242455780506134,0.11757440865039825,-0.0732274204492569,0.27565693855285645,-0.032377056777477264,-0.049044687300920486,0.2791459560394287,-0.15511946380138397,0.007801493164151907
0.13220630586147308,0.7154179215431213,1.423085331916809,0.014436094388508397,-0.012184347643859365,0.05797477638810832,-0.02836882885400102,0.009940240004817314,0.012165938379596002,0.23201536238193513,0.01583008766174321,0.021721696853637784,0.8393162488937378,0.7411493062973022,1.346082329750061,-0.035328597,0.0062480196,-0.007830538,369.0,1740111851.1568756,0.07833981513977051,0.06199777126312256,0.20880821347236633,0.16216731071472168,-0.049275681376457214,-0.055750180035829544,0.05041275545954704,0.2622244656085968,0.24891361594200134,0.09315143525600433,0.14893339574337006,0.3131321966648102,0.17967914044857025,-0.02565109357237816,0.2566588819026947,0.060986075550317764,0.2082751840353012,0.0609104298055172,-0.0852680653333664,0.1152905598282814,-0.06974200904369354,-0.30608418583869934,-0.18002694845199585,0.062242455780506134,0.11757440865039825,-0.0732274204492569,0.27565693855285645,-0.032377056777477264,-0.049044687300920486,0.2791459560394287,-0.15511946380138397,0.007801493164151907
0.1275666356086731,0.7134686708450317,1.4234436750411987,0.014436094388508397,-0.012184347643859365,0.05797477638810832,0.005112014221196195,-0.06656188890800992,-0.019898144698965312,0.23187779486179352,0.015076744556427046,0.02376422882080087,0.8393162488937378,0.7411493062973022,1.346082329750061,-0.038051493,0.005799778,-0.00867904,370.0,1740111851.1889822,0.07919876277446747,0.062090590596199036,0.20981621742248535,0.16140083968639374,-0.04909166693687439,-0.05568637698888779,0.05032983049750328,0.2619791626930237,0.250271201133728,0.09282305836677551,0.1486959457397461,0.31322696805000305,0.17973919212818146,-0.025540057569742203,0.2578924894332886,0.06180853024125099,0.2086675763130188,0.06038806959986687,-0.08484946191310883,0.11482656747102737,-0.06998125463724136,-0.3059849143028259,-0.18013326823711395,0.06160476803779602,0.11936872452497482,-0.07312607765197754,0.2755400538444519,-0.03162028640508652,-0.048952747136354446,0.27975165843963623,-0.1560308039188385,0.008806334808468819
0.13102418184280396,0.7134948968887329,1.4263540506362915,-0.008745981510062234,-0.023063581681980885,0.05861188713280065,-0.013188318933032574,-0.0017522451752411932,0.020995042673011787,0.23263066112995148,0.014732527732849166,0.026123619079589933,0.8393162488937378,0.7411493062973022,1.346082329750061,-0.035343662,0.0059385747,0.0064870566,371.0,1740111851.2233264,0.0796901062130928,0.061924487352371216,0.21013744175434113,0.1619785726070404,-0.04971609264612198,-0.05550609529018402,0.050317104905843735,0.26251474022865295,0.2515546977519989,0.09210877120494843,0.14818312227725983,0.3140721023082733,0.18051889538764954,-0.026421915739774704,0.2590276002883911,0.0626349151134491,0.21005655825138092,0.061138998717069626,-0.08618484437465668,0.1151365265250206,-0.07108618319034576,-0.30560964345932007,-0.18102212250232697,0.06165209412574768,0.12100771814584732,-0.0736537054181099,0.2762768864631653,-0.0317741259932518,-0.04864821210503578,0.2800176739692688,-0.15761488676071167,0.008795312605798244
0.13309946656227112,0.7142356634140015,1.4294538497924805,-0.008745981510062234,-0.023063581681980885,0.05861188713280065,-0.028201850770904143,0.0044767195703506405,0.01681603892518924,0.23287241756916047,0.014322507381439253,0.028320765495300382,0.8393162488937378,0.7411493062973022,1.346082329750061,-0.042124607,0.005909182,0.0033786446,372.0,1740111851.2576473,0.08043690025806427,0.06165698543190956,0.21332289278507233,0.16547583043575287,-0.051464423537254333,-0.0543854758143425,0.0520661287009716,0.26712217926979065,0.25349539518356323,0.09372787177562714,0.15064357221126556,0.31919926404953003,0.18350741267204285,-0.025833886116743088,0.26223430037498474,0.06435197591781616,0.2119027078151703,0.06252782046794891,-0.08794443309307098,0.11888854950666428,-0.07036610692739487,-0.3095145523548126,-0.18388591706752777,0.06317504495382309,0.1206793561577797,-0.07554653286933899,0.2791956663131714,-0.032191671431064606,-0.048136573284864426,0.2853740453720093,-0.16038921475410461,0.006090336013585329
0.13220612704753876,0.7141075730323792,1.4314442873001099,-0.008745981510062234,-0.023063581681980885,0.05861188713280065,-0.03265512694887111,0.00020251688574941904,0.013777998463324616,0.2280064880847931,0.01253353357315068,0.02893230915069589,0.8393162488937378,0.7411493062973022,1.346082329750061,-0.037081704,0.005733274,0.006471351,373.0,1740111851.289431,0.07986699789762497,0.06194079667329788,0.21052435040473938,0.16239772737026215,-0.05003640055656433,-0.05483219400048256,0.05025024339556694,0.2634434998035431,0.25161081552505493,0.09241652488708496,0.14868925511837006,0.31470823287963867,0.18087299168109894,-0.025553759187459946,0.259351521730423,0.0629471018910408,0.2102624475955963,0.06114485487341881,-0.08617672324180603,0.11559344083070755,-0.0700012594461441,-0.3061574697494507,-0.18140758574008942,0.061902545392513275,0.12037631869316101,-0.07396407425403595,0.27628856897354126,-0.03134756535291672,-0.048267561942338943,0.2811025083065033,-0.15799759328365326,0.007959557697176933
0.13293540477752686,0.7136777639389038,1.4333610534667969,0.01910159079644668,0.0018276525982690915,0.07003102481985589,-0.030385224435557204,0.007603473029216791,0.0194099699708394,0.23318198919296265,0.013708519935607955,0.03262493610382089,0.8393162488937378,0.7411493062973022,1.346082329750061,-0.037081704,0.005733274,0.006471351,374.0,1740111851.3226993,0.07986699789762497,0.06194079667329788,0.21052435040473938,0.16239772737026215,-0.05003640055656433,-0.05483219400048256,0.05025024339556694,0.2634434998035431,0.25161081552505493,0.09241652488708496,0.14868925511837006,0.31470823287963867,0.18087299168109894,-0.025553759187459946,0.259351521730423,0.0629471018910408,0.2102624475955963,0.06114485487341881,-0.08617672324180603,0.11559344083070755,-0.0700012594461441,-0.3061574697494507,-0.18140758574008942,0.061902545392513275,0.12037631869316101,-0.07396407425403595,0.27628856897354126,-0.03134756535291672,-0.048267561942338943,0.2811025083065033,-0.15799759328365326,0.007959557697176933
0.1328275203704834,0.7132143378257751,1.436226487159729,0.01910159079644668,0.0018276525982690915,0.07003102481985589,-0.029517559883761254,0.007523678012987281,0.015143894193558107,0.2321379840373993,0.013943898677825972,0.034389591217041104,0.8393162488937378,0.7411493062973022,1.346082329750061,-0.03668616,0.0059619546,0.009965949,375.0,1740111851.359581,0.08138680458068848,0.061948567628860474,0.21344630420207977,0.1645202338695526,-0.05139700323343277,-0.05467889457941055,0.050995122641325,0.2665610909461975,0.2544029653072357,0.09325487911701202,0.15049749612808228,0.31842416524887085,0.18301789462566376,-0.025616388767957687,0.26312097907066345,0.06447986513376236,0.21250088512897491,0.061972085386514664,-0.08761920034885406,0.11765775829553604,-0.07048377394676208,-0.30939552187919617,-0.1835707277059555,0.0627877339720726,0.12159831076860428,-0.07518165558576584,0.2790569067001343,-0.03155646473169327,-0.04856807366013527,0.2848927676677704,-0.16072611510753632,0.007636304944753647
0.1332353949546814,0.7128812670707703,1.4357448816299438,0.01910159079644668,0.0018276525982690915,0.07003102481985589,-0.027744660902455746,0.012476242039358555,0.03232399544643533,0.2328275203704834,0.013214337825775191,0.03622648715972909,0.8393162488937378,0.7411493062973022,1.346082329750061,-0.038133606,0.0044097602,0.01574172,376.0,1740111851.3896055,0.08233483135700226,0.06087712571024895,0.21245896816253662,0.16130608320236206,-0.049905747175216675,-0.05454254895448685,0.05190769210457802,0.2635374069213867,0.2550331950187683,0.09299074113368988,0.14887267351150513,0.31716087460517883,0.1831609010696411,-0.025090817362070084,0.2625977694988251,0.06656139343976974,0.21140657365322113,0.06083613261580467,-0.08557890355587006,0.11730868369340897,-0.07077616453170776,-0.3070999085903168,-0.18280746042728424,0.061924420297145844,0.12348337471485138,-0.07404683530330658,0.277132123708725,-0.031272053718566895,-0.04706594720482826,0.28399568796157837,-0.16093258559703827,0.009027743712067604
0.13258984684944153,0.7126801609992981,1.4390828609466553,-0.003454495402348163,-0.009972900310323623,0.05720012775227499,-0.02926022444646152,0.0062835555938689485,0.007404659431248968,0.23229215145111085,0.013156044483184859,0.03803298473358163,0.8393162488937378,0.7411493062973022,1.346082329750061,-0.038133606,0.0044097602,0.01574172,377.0,1740111851.423222,0.08233483135700226,0.06087712571024895,0.21245896816253662,0.16130608320236206,-0.049905747175216675,-0.05454254895448685,0.05190769210457802,0.2635374069213867,0.2550331950187683,0.09299074113368988,0.14887267351150513,0.31716087460517883,0.1831609010696411,-0.025090817362070084,0.2625977694988251,0.06656139343976974,0.21140657365322113,0.06083613261580467,-0.08557890355587006,0.11730868369340897,-0.07077616453170776,-0.3070999085903168,-0.18280746042728424,0.061924420297145844,0.12348337471485138,-0.07404683530330658,0.277132123708725,-0.031272053718566895,-0.04706594720482826,0.28399568796157837,-0.16093258559703827,0.009027743712067604
0.13236984610557556,0.7125580310821533,1.440185785293579,-0.003454495402348163,-0.009972900310323623,0.05720012775227499,-0.030080286675477668,0.008378488137054335,0.012590382924424463,0.23247774541378022,0.012530374526977583,0.03970334529876718,0.8393162488937378,0.7411493062973022,1.346082329750061,-0.033593178,0.0064265653,-0.0073253363,378.0,1740111851.456169,0.08918764442205429,0.061100322753190994,0.21667146682739258,0.15738901495933533,-0.047769300639629364,-0.0543474480509758,0.050471387803554535,0.26324063539505005,0.2634575664997101,0.093502938747406,0.14786767959594727,0.319185733795166,0.1842988133430481,-0.024073708802461624,0.26982438564300537,0.07075918465852737,0.2166461944580078,0.05919316038489342,-0.08406716585159302,0.11535777896642685,-0.07278016209602356,-0.30962538719177246,-0.18380746245384216,0.06125844269990921,0.13154126703739166,-0.07340873032808304,0.2792654037475586,-0.030572406947612762,-0.048442717641592026,0.28657668828964233,-0.16685493290424347,0.015886975452303886
0.13185055553913116,0.7125077843666077,1.4416546821594238,-0.003454495402348163,-0.009972900310323623,0.05720012775227499,-0.03700609140459008,0.008889696685291028,0.00867429323513556,0.23236115872859955,0.012452292442321822,0.040961480140686124,0.8393162488937378,0.7411493062973022,1.346082329750061,-0.033593178,0.0064265653,-0.0073253363,379.0,1740111851.4903347,0.08918764442205429,0.061100322753190994,0.21667146682739258,0.15738901495933533,-0.047769300639629364,-0.0543474480509758,0.050471387803554535,0.26324063539505005,0.2634575664997101,0.093502938747406,0.14786767959594727,0.319185733795166,0.1842988133430481,-0.024073708802461624,0.26982438564300537,0.07075918465852737,0.2166461944580078,0.05919316038489342,-0.08406716585159302,0.11535777896642685,-0.07278016209602356,-0.30962538719177246,-0.18380746245384216,0.06125844269990921,0.13154126703739166,-0.07340873032808304,0.2792654037475586,-0.030572406947612762,-0.048442717641592026,0.28657668828964233,-0.16685493290424347,0.015886975452303886
0.13185584545135498,0.7118432521820068,1.443191647529602,-0.006122157791538899,-0.0069804878436800265,0.034270561143525315,-0.029536909722155013,0.0077560429352179095,0.009987420320015193,0.2317451298236847,0.012350070476532027,0.042295193672180265,0.8393162488937378,0.7411493062973022,1.346082329750061,-0.03180687,0.0072581246,-0.009273142,380.0,1740111851.52932,0.09001509845256805,0.06101261451840401,0.2176664024591446,0.1579837054014206,-0.04840388149023056,-0.054287318140268326,0.05079008266329765,0.2644393742084503,0.26502469182014465,0.09347806870937347,0.1483873426914215,0.32074418663978577,0.18541161715984344,-0.024025242775678635,0.2715451121330261,0.0718974843621254,0.2177976369857788,0.059515099972486496,-0.08485881984233856,0.11612551659345627,-0.07305625081062317,-0.31048569083213806,-0.18467120826244354,0.061607055366039276,0.13254669308662415,-0.07390682399272919,0.2802359461784363,-0.03061056137084961,-0.04822668805718422,0.2881332337856293,-0.16828210651874542,0.01577594131231308
0.1297108381986618,0.7099751830101013,1.4443963766098022,-0.006122157791538899,-0.0069804878436800265,0.034270561143525315,-0.010561653605260814,-0.007380368808288647,-0.0024810317323680823,0.23185584545135499,0.01184325218200688,0.04319164752960214,0.8393162488937378,0.7411493062973022,1.346082329750061,-0.02583994,0.006319292,-0.0057456493,381.0,1740111851.5581925,0.09167584776878357,0.061317458748817444,0.21737512946128845,0.15591956675052643,-0.04786263406276703,-0.05513400956988335,0.04987114295363426,0.26295456290245056,0.26748713850975037,0.0922468900680542,0.14662350714206696,0.32005059719085693,0.1850268840789795,-0.02525436505675316,0.2731577455997467,0.07308140397071838,0.21943272650241852,0.059403661638498306,-0.08535723388195038,0.11434384435415268,-0.07543087750673294,-0.3086807429790497,-0.1845064014196396,0.06086999922990799,0.13649877905845642,-0.07331674546003342,0.27998092770576477,-0.03055855631828308,-0.048733990639448166,0.286581814289093,-0.16977670788764954,0.018931986764073372
0.13025875389575958,0.7116209864616394,1.4446920156478882,-0.006122157791538899,-0.0069804878436800265,0.034270561143525315,-0.031376695591707165,-0.021931006065021515,-0.01017299681865595,0.2297108381986618,0.009975183010101363,0.044396376609802335,0.8393162488937378,0.7411493062973022,1.346082329750061,-0.03041941,0.0069544315,-0.0040114447,382.0,1740111851.5894299,0.0907445102930069,0.06117381900548935,0.21693764626979828,0.15660005807876587,-0.04876961559057236,-0.05429679900407791,0.05074102431535721,0.26348796486854553,0.2663118839263916,0.09216104447841644,0.14632484316825867,0.3202741742134094,0.18495304882526398,-0.02495066076517105,0.27223220467567444,0.07327555119991302,0.2185049206018448,0.05982596054673195,-0.08543999493122101,0.11512958258390427,-0.0743844136595726,-0.3076673746109009,-0.1844216138124466,0.060817256569862366,0.13547492027282715,-0.07374567538499832,0.27889877557754517,-0.03007037192583084,-0.04787648841738701,0.28721997141838074,-0.16969741880893707,0.016850650310516357
0.1316581666469574,0.7107567191123962,1.4459894895553589,-0.0019766579729078955,-0.010864615766060012,0.02797657929995375,-0.02691643503479035,0.0052744551748617275,0.007505086103590624,0.23182501494884492,0.01104669570922856,0.045246458053588956,0.8393162488937378,0.7411493062973022,1.346082329750061,-0.030544646,0.0071114525,-0.0062304437,383.0,1740111851.6306837,0.091203473508358,0.06107519194483757,0.2179725021123886,0.15721292793750763,-0.0490545853972435,-0.053988873958587646,0.0515674389898777,0.2643730044364929,0.2674581706523895,0.0926540344953537,0.14678679406642914,0.3218342363834381,0.18569844961166382,-0.02491704747080803,0.273432195186615,0.07406298816204071,0.21919389069080353,0.06026007607579231,-0.08559530973434448,0.11612977832555771,-0.0745290070772171,-0.30851128697395325,-0.18519285321235657,0.06110803037881851,0.13617876172065735,-0.07416047155857086,0.2794395983219147,-0.030292779207229614,-0.047657113522291183,0.28870248794555664,-0.17090833187103271,0.016429711133241653
0.13150806725025177,0.7106173634529114,1.4461830854415894,-0.0019766579729078955,-0.010864615766060012,0.02797657929995375,-0.02757715092710346,0.0073531123268788376,0.009155726557337289,0.2316581666469574,0.010756719112396285,0.045989489555358976,0.8393162488937378,0.7411493062973022,1.346082329750061,-0.030544646,0.0071114525,-0.0062304437,384.0,1740111851.6595433,0.091203473508358,0.06107519194483757,0.2179725021123886,0.15721292793750763,-0.0490545853972435,-0.053988873958587646,0.0515674389898777,0.2643730044364929,0.2674581706523895,0.0926540344953537,0.14678679406642914,0.3218342363834381,0.18569844961166382,-0.02491704747080803,0.273432195186615,0.07406298816204071,0.21919389069080353,0.06026007607579231,-0.08559530973434448,0.11612977832555771,-0.0745290070772171,-0.30851128697395325,-0.18519285321235657,0.06110803037881851,0.13617876172065735,-0.07416047155857086,0.2794395983219147,-0.030292779207229614,-0.047657113522291183,0.28870248794555664,-0.17090833187103271,0.016429711133241653
0.1255359798669815,0.7084037661552429,1.4450311660766602,-0.0019766579729078955,-0.010864615766060012,0.02797657929995375,0.0023915631179321655,-0.06279094899197761,-0.027221310623508452,0.2313011646270752,0.01046155691146855,0.046331024169921964,0.8393162488937378,0.7411493062973022,1.346082329750061,-0.038229167,0.0076924115,-0.011281595,385.0,1740111851.699005,0.0904107615351677,0.0607859343290329,0.2171926200389862,0.15646019577980042,-0.04842887818813324,-0.054171860218048096,0.051766153424978256,0.2634849548339844,0.26584547758102417,0.09277448058128357,0.14664030075073242,0.3207675516605377,0.18541572988033295,-0.024302169680595398,0.27172720432281494,0.07338539510965347,0.21778959035873413,0.05979946628212929,-0.08452078700065613,0.11598501354455948,-0.0739329606294632,-0.3081611394882202,-0.18445301055908203,0.06108862906694412,0.13464513421058655,-0.07378316670656204,0.27873918414115906,-0.030529700219631195,-0.04716534540057182,0.28792622685432434,-0.16935984790325165,0.01608808897435665
0.12986478209495544,0.7098417282104492,1.4466392993927002,-0.0019766579729078955,-0.010864615766060012,0.02797657929995375,-0.02129251469963907,-0.041054183077192594,-0.024414096440029828,0.2255359798669815,0.008403766155242964,0.045031166076660245,0.8393162488937378,0.7411493062973022,1.346082329750061,-0.040370956,0.007483661,-0.013688117,386.0,1740111851.7311914,0.09028976410627365,0.060837820172309875,0.2160843312740326,0.15538185834884644,-0.04795927554368973,-0.0549355074763298,0.05151514336466789,0.2613292932510376,0.26566749811172485,0.09192951023578644,0.14566926658153534,0.3192315399646759,0.18495585024356842,-0.025275617837905884,0.27104416489601135,0.07323148101568222,0.21751458942890167,0.05954365059733391,-0.08406451344490051,0.1150519922375679,-0.07512964308261871,-0.30690106749534607,-0.1838402897119522,0.060714855790138245,0.1353568434715271,-0.07316544651985168,0.2782943844795227,-0.03097865730524063,-0.04739046469330788,0.2858431935310364,-0.1684582382440567,0.01739346608519554
0.1233501061797142,0.7063475847244263,1.4454444646835327,-0.08862286410707017,-0.029739175329381744,0.0003901945015339707,-0.02714981560480338,0.012461198850785971,0.03608596915769826,0.22986478209495545,0.009841728210449263,0.046639299392700284,0.8393162488937378,0.7411493062973022,1.346082329750061,-0.03573876,0.006792195,-0.01668422,387.0,1740111851.7652972,0.09002828598022461,0.0606033094227314,0.2177659571170807,0.15860633552074432,-0.050210386514663696,-0.05359703674912453,0.053496938198804855,0.26478156447410583,0.2661445140838623,0.09263196587562561,0.14658600091934204,0.3228699564933777,0.18694043159484863,-0.025459401309490204,0.2726459801197052,0.07454214245080948,0.21846309304237366,0.06121106073260307,-0.08600853383541107,0.11820618063211441,-0.07449221611022949,-0.30840209126472473,-0.185822993516922,0.06168082356452942,0.13491187989711761,-0.07498405128717422,0.27980268001556396,-0.03131262958049774,-0.0465327613055706,0.28968656063079834,-0.1704527586698532,0.014045879244804382
0.1233501061797142,0.7063475847244263,1.4454444646835327,-0.08862286410707017,-0.029739175329381744,0.0003901945015339707,-0.02714981560480338,0.012461198850785971,0.03608596915769826,0.2233501061797142,0.006347584724426314,0.045444464683532804,0.8393162488937378,0.7411493062973022,1.346082329750061,-0.03127928,0.007071294,-0.01661253,388.0,1740111851.7912188,0.09027501195669174,0.060568567365407944,0.21881435811519623,0.15992189943790436,-0.051146745681762695,-0.05325087159872055,0.05432279035449028,0.2661079168319702,0.26702645421028137,0.09302841126918793,0.1475009173154831,0.3246585428714752,0.18785567581653595,-0.025539714843034744,0.27385181188583374,0.07505089044570923,0.21922315657138824,0.06196846440434456,-0.0866500735282898,0.11947657912969589,-0.07443474978208542,-0.309417724609375,-0.18678735196590424,0.06202240288257599,0.1351291537284851,-0.07567916810512543,0.2806227207183838,-0.031304165720939636,-0.046273987740278244,0.2914610803127289,-0.17166784405708313,0.013161291368305683
0.13015834987163544,0.7090200781822205,1.4466060400009155,-0.08862286410707017,-0.029739175329381744,0.0003901945015339707,-0.029747463837434814,0.009415445979840948,0.005749990470733084,0.2300382912158966,0.009332287311554,0.04656085968017587,0.8393162488937378,0.7411493062973022,1.346082329750061,-0.03127928,0.007071294,-0.01661253,389.0,1740111851.8260229,0.09027501195669174,0.060568567365407944,0.21881435811519623,0.15992189943790436,-0.051146745681762695,-0.05325087159872055,0.05432279035449028,0.2661079168319702,0.26702645421028137,0.09302841126918793,0.1475009173154831,0.3246585428714752,0.18785567581653595,-0.025539714843034744,0.27385181188583374,0.07505089044570923,0.21922315657138824,0.06196846440434456,-0.0866500735282898,0.11947657912969589,-0.07443474978208542,-0.309417724609375,-0.18678735196590424,0.06202240288257599,0.1351291537284851,-0.07567916810512543,0.2806227207183838,-0.031304165720939636,-0.046273987740278244,0.2914610803127289,-0.17166784405708313,0.013161291368305683
0.12866833806037903,0.7089378833770752,1.4458547830581665,0.07311640719232425,0.01748478006932533,-0.00026050526125465996,-0.040408897242699277,0.012023522593267263,0.007610597761062362,0.2245872974395752,0.007069575786590621,0.0447195529937745,0.8393162488937378,0.7411493062973022,1.346082329750061,-0.031043887,0.0073329136,-0.014866754,390.0,1740111851.8650486,0.09009585529565811,0.06045272573828697,0.21891410648822784,0.1602969765663147,-0.05127429962158203,-0.05318160355091095,0.054525937885046005,0.2664543092250824,0.2667601406574249,0.09317348897457123,0.14763228595256805,0.32496803998947144,0.1881284862756729,-0.02562309429049492,0.27385851740837097,0.07499797642230988,0.21918952465057373,0.06214463338255882,-0.08689191937446594,0.11986301094293594,-0.07445703446865082,-0.30971482396125793,-0.18699105083942413,0.06225575506687164,0.13483425974845886,-0.07587672770023346,0.28095757961273193,-0.03160478174686432,-0.046268563717603683,0.2918354272842407,-0.17165648937225342,0.012757638469338417
0.12904292345046997,0.7079762816429138,1.445351481437683,0.07311640719232425,0.01748478006932533,-0.00026050526125465996,-0.030658515824909218,0.011627624643440053,0.008658146239926941,0.22866833806037903,0.00893788337707524,0.04585478305816659,0.8393162488937378,0.7411493062973022,1.346082329750061,-0.03335672,0.006985873,-0.014819518,391.0,1740111851.9004953,0.08956219255924225,0.06016102433204651,0.21911169588565826,0.16134853661060333,-0.0518050417304039,-0.05282382294535637,0.05504778400063515,0.2673909366130829,0.26606523990631104,0.09338518977165222,0.14816313982009888,0.32570794224739075,0.18884478509426117,-0.02527622878551483,0.2735966742038727,0.07498223334550858,0.21896958351135254,0.06246678903698921,-0.08732655644416809,0.12098488956689835,-0.07375955581665039,-0.31036457419395447,-0.18759605288505554,0.06273870170116425,0.13380888104438782,-0.07623676210641861,0.28143519163131714,-0.03182830661535263,-0.045657236129045486,0.2927723824977875,-0.17151643335819244,0.011048099026083946
0.1286712884902954,0.7074402570724487,1.4447658061981201,0.07311640719232425,0.01748478006932533,-0.00026050526125465996,-0.031431630836704985,0.011561851060565594,0.009838250517571171,0.22904292345046998,0.007976281642913863,0.045351481437683194,0.8393162488937378,0.7411493062973022,1.346082329750061,-0.03329411,0.0070934594,-0.013561554,392.0,1740111851.9323015,0.08946489542722702,0.06012018024921417,0.2187941074371338,0.16049551963806152,-0.05122099071741104,-0.05293496698141098,0.05486391857266426,0.2666238248348236,0.2656940817832947,0.09322966635227203,0.1478419303894043,0.32485780119895935,0.18852421641349792,-0.025005269795656204,0.27306798100471497,0.07492169737815857,0.21840418875217438,0.061935532838106155,-0.08668231964111328,0.12045644968748093,-0.0735674723982811,-0.3098965585231781,-0.18714375793933868,0.06248670071363449,0.13382990658283234,-0.07587245106697083,0.28088632225990295,-0.031728073954582214,-0.04553240165114403,0.2921891510486603,-0.17096206545829773,0.011438123881816864
0.12763935327529907,0.707249641418457,1.444122552871704,-0.006430388740179378,-0.015388718452339568,-0.01720238302162275,-0.03929218121395091,0.010921535170284049,0.009641946544777222,0.22867128849029542,0.007440257072448775,0.044765806198120206,0.8393162488937378,0.7411493062973022,1.346082329750061,-0.03455028,0.0072298273,-0.012879252,393.0,1740111851.95782,0.08942803740501404,0.06017754226922989,0.21791288256645203,0.1591462939977646,-0.05023440718650818,-0.053331613540649414,0.054342444986104965,0.26491063833236694,0.2652772068977356,0.09293897449970245,0.1471889317035675,0.32331421971321106,0.1878720223903656,-0.025059059262275696,0.27222973108291626,0.07463017106056213,0.2178473323583603,0.061351846903562546,-0.08581607043743134,0.11941378563642502,-0.07385744899511337,-0.3090039789676666,-0.1863955557346344,0.0621613934636116,0.13396379351615906,-0.07521706074476242,0.28020381927490234,-0.031792305409908295,-0.045695219188928604,0.29056447744369507,-0.16995730996131897,0.012590283527970314
0.1275407373905182,0.7069675326347351,1.4438759088516235,-0.006430388740179378,-0.015388718452339568,-0.01720238302162275,-0.03933722942451718,0.009681584523720995,0.008740695180577318,0.22763935327529908,0.007249641418457076,0.04412255287170419,0.8393162488937378,0.7411493062973022,1.346082329750061,-0.03455028,0.0072298273,-0.012879252,394.0,1740111851.9905791,0.08942803740501404,0.06017754226922989,0.21791288256645203,0.1591462939977646,-0.05023440718650818,-0.053331613540649414,0.054342444986104965,0.26491063833236694,0.2652772068977356,0.09293897449970245,0.1471889317035675,0.32331421971321106,0.1878720223903656,-0.025059059262275696,0.27222973108291626,0.07463017106056213,0.2178473323583603,0.061351846903562546,-0.08581607043743134,0.11941378563642502,-0.07385744899511337,-0.3090039789676666,-0.1863955557346344,0.0621613934636116,0.13396379351615906,-0.07521706074476242,0.28020381927490234,-0.031792305409908295,-0.045695219188928604,0.29056447744369507,-0.16995730996131897,0.012590283527970314
0.1275048851966858,0.7056043148040771,1.4430816173553467,-0.006430388740179378,-0.015388718452339568,-0.01720238302162275,-0.035079895448465105,0.01142417489881831,0.009904520691286448,0.22808486819267274,0.006245660781860396,0.04354009628295907,0.8393162488937378,0.7411493062973022,1.346082329750061,-0.035493992,0.0068045035,-0.016343333,395.0,1740111852.023128,0.08929667621850967,0.06012265384197235,0.21850202977657318,0.160749614238739,-0.05144743621349335,-0.052842773497104645,0.055100973695516586,0.26664119958877563,0.26558658480644226,0.09327900409698486,0.14768533408641815,0.32508575916290283,0.188675656914711,-0.02519850805401802,0.2729741036891937,0.07509662210941315,0.21842597424983978,0.06218502297997475,-0.0868929922580719,0.12077397853136063,-0.07370275259017944,-0.3096855878829956,-0.1872497797012329,0.0626767948269844,0.13369342684745789,-0.07599074393510818,0.2808733284473419,-0.031910695135593414,-0.04550933465361595,0.2921554148197174,-0.1708735227584839,0.011152578517794609
0.12756836414337158,0.7051469087600708,1.4425358772277832,-0.006430388740179378,-0.015388718452339568,-0.01720238302162275,-0.03024660932612194,0.009390886474735028,0.008712866623822388,0.22772296369075776,0.005521345138549849,0.04285571575164804,0.8393162488937378,0.7411493062973022,1.346082329750061,-0.035493992,0.0068045035,-0.016343333,396.0,1740111852.0584667,0.08929667621850967,0.06012265384197235,0.21850202977657318,0.160749614238739,-0.05144743621349335,-0.052842773497104645,0.055100973695516586,0.26664119958877563,0.26558658480644226,0.09327900409698486,0.14768533408641815,0.32508575916290283,0.188675656914711,-0.02519850805401802,0.2729741036891937,0.07509662210941315,0.21842597424983978,0.06218502297997475,-0.0868929922580719,0.12077397853136063,-0.07370275259017944,-0.3096855878829956,-0.1872497797012329,0.0626767948269844,0.13369342684745789,-0.07599074393510818,0.2808733284473419,-0.031910695135593414,-0.04550933465361595,0.2921554148197174,-0.1708735227584839,0.011152578517794609
0.12636050581932068,0.7048372030258179,1.4417414665222168,-0.009785773823055023,-0.01803602550363178,-0.0187510148410353,-0.0397405780114318,0.009893825520423104,0.00835821233789858,0.22656170129776002,0.005263435840606734,0.04205760955810556,0.8393162488937378,0.7411493062973022,1.346082329750061,-0.044251725,0.006055683,-0.022712037,397.0,1740111852.0920858,0.08839786797761917,0.06016714498400688,0.2174690216779709,0.1613321602344513,-0.05184772610664368,-0.05282982811331749,0.05521966144442558,0.2662380635738373,0.2643897831439972,0.09293569624423981,0.14728674292564392,0.3244623839855194,0.18847304582595825,-0.025647982954978943,0.2718784511089325,0.07444435358047485,0.21793153882026672,0.06264269351959229,-0.08735476434230804,0.12089327722787857,-0.07391801476478577,-0.3088683485984802,-0.18708325922489166,0.06284625083208084,0.13280512392520905,-0.07602478563785553,0.2807469367980957,-0.032400697469711304,-0.04537654295563698,0.2911117970943451,-0.1699378788471222,0.010333959013223648
0.12652622163295746,0.7038465738296509,1.441137433052063,-0.009785773823055023,-0.01803602550363178,-0.0187510148410353,-0.038344104164506156,0.00922913515120788,0.006904725583689552,0.22666317820549012,0.004271435737609908,0.04154083728790292,0.8393162488937378,0.7411493062973022,1.346082329750061,-0.04368214,0.006333232,-0.017896697,398.0,1740111852.1234531,0.08809728920459747,0.06020868569612503,0.21781939268112183,0.1620503067970276,-0.05227795988321304,-0.0526905320584774,0.05535737797617912,0.2669203281402588,0.26425012946128845,0.09301632642745972,0.14772768318653107,0.3248846232891083,0.18864873051643372,-0.025681469589471817,0.27205461263656616,0.07436925917863846,0.2178923785686493,0.06291614472866058,-0.08771085739135742,0.12123758345842361,-0.07366147637367249,-0.309221088886261,-0.1873452067375183,0.06297287344932556,0.13247093558311462,-0.07630787789821625,0.2809922397136688,-0.03230621665716171,-0.045282501727342606,0.2917328476905823,-0.17009419202804565,0.009671766310930252
0.12635348737239838,0.7028826475143433,1.4402515888214111,-0.009785773823055023,-0.01803602550363178,-0.0187510148410353,-0.03188121402904713,0.007773819587636848,0.008913611129828407,0.22691938877105713,0.0030760645866394487,0.040780282020568936,0.8393162488937378,0.7411493062973022,1.346082329750061,-0.04368214,0.006333232,-0.017896697,399.0,1740111852.1571863,0.08809728920459747,0.06020868569612503,0.21781939268112183,0.1620503067970276,-0.05227795988321304,-0.0526905320584774,0.05535737797617912,0.2669203281402588,0.26425012946128845,0.09301632642745972,0.14772768318653107,0.3248846232891083,0.18864873051643372,-0.025681469589471817,0.27205461263656616,0.07436925917863846,0.2178923785686493,0.06291614472866058,-0.08771085739135742,0.12123758345842361,-0.07366147637367249,-0.309221088886261,-0.1873452067375183,0.06297287344932556,0.13247093558311462,-0.07630787789821625,0.2809922397136688,-0.03230621665716171,-0.045282501727342606,0.2917328476905823,-0.17009419202804565,0.009671766310930252
0.1260833740234375,0.7020588517189026,1.439560890197754,-0.003253920788398946,-0.02904731156150074,-0.021622117487836143,-0.030812038918910094,0.005899632797755574,0.007619638044230557,0.22623611092567444,0.002356934547424361,0.03989408016204843,0.8393162488937378,0.7411493062973022,1.346082329750061,-0.04280755,0.006954275,-0.013286307,400.0,1740111852.1917093,0.08840875327587128,0.060331523418426514,0.21795812249183655,0.16180749237537384,-0.052414923906326294,-0.05258486419916153,0.05530145391821861,0.26694220304489136,0.2647504210472107,0.09283998608589172,0.1473970115184784,0.32488641142845154,0.18848268687725067,-0.025693614035844803,0.272449254989624,0.07464331388473511,0.21814055740833282,0.06283074617385864,-0.08770762383937836,0.1208987757563591,-0.07371866703033447,-0.30892154574394226,-0.18723265826702118,0.06279069185256958,0.1331750601530075,-0.07628895342350006,0.280728280544281,-0.031993553042411804,-0.04538898542523384,0.2917405068874359,-0.17050832509994507,0.009965283796191216
0.12499188631772995,0.7009297013282776,1.438629150390625,-0.003253920788398946,-0.02904731156150074,-0.021622117487836143,-0.03553500290021863,0.009380234361448705,0.009545970466089968,0.22522797286510468,0.001983273029327437,0.03920183181762704,0.8393162488937378,0.7411493062973022,1.346082329750061,-0.041569494,0.007595867,-0.005628556,401.0,1740111852.222756,0.08865657448768616,0.06050364300608635,0.21697501838207245,0.16038435697555542,-0.051632873713970184,-0.052831150591373444,0.054294392466545105,0.26555830240249634,0.2646198272705078,0.09250199794769287,0.14654527604579926,0.32317063212394714,0.18737879395484924,-0.025633540004491806,0.2718081474304199,0.07420535385608673,0.21793963015079498,0.06221514567732811,-0.08714690804481506,0.1193784847855568,-0.0738481730222702,-0.30784890055656433,-0.1862497478723526,0.062327854335308075,0.13355939090251923,-0.07555078715085983,0.27986636757850647,-0.03161332756280899,-0.04573677107691765,0.2900066375732422,-0.16987134516239166,0.01143468264490366
0.12490829825401306,0.6999809741973877,1.43773353099823,-0.003253920788398946,-0.02904731156150074,-0.021622117487836143,-0.039139069010569696,0.00946861484270927,0.005740065441697421,0.22538252770900727,0.00036411285400395066,0.03828499317169198,0.8393162488937378,0.7411493062973022,1.346082329750061,-0.041569494,0.007595867,-0.005628556,402.0,1740111852.261865,0.08865657448768616,0.06050364300608635,0.21697501838207245,0.16038435697555542,-0.051632873713970184,-0.052831150591373444,0.054294392466545105,0.26555830240249634,0.2646198272705078,0.09250199794769287,0.14654527604579926,0.32317063212394714,0.18737879395484924,-0.025633540004491806,0.2718081474304199,0.07420535385608673,0.21793963015079498,0.06221514567732811,-0.08714690804481506,0.1193784847855568,-0.0738481730222702,-0.30784890055656433,-0.1862497478723526,0.062327854335308075,0.13355939090251923,-0.07555078715085983,0.27986636757850647,-0.03161332756280899,-0.04573677107691765,0.2900066375732422,-0.16987134516239166,0.01143468264490366
0.12503156065940857,0.699147641658783,1.4372285604476929,-0.01096882117060102,-0.029224317793491546,-0.024272635100661962,-0.030570263391106786,0.008841526989022939,0.008366798340592094,0.22490829825401307,-1.902580261226028e-05,0.03773353099823007,0.8393162488937378,0.7411493062973022,1.346082329750061,-0.042739555,0.008248873,-0.0030364394,403.0,1740111852.2902846,0.08845305442810059,0.060715451836586,0.2152359038591385,0.15780264139175415,-0.04955889284610748,-0.054193153977394104,0.052359871566295624,0.2624672055244446,0.2632290720939636,0.09191188216209412,0.14580409228801727,0.3194012939929962,0.18562443554401398,-0.025709986686706543,0.2699039876461029,0.07259362190961838,0.21676045656204224,0.06075995787978172,-0.0858161598443985,0.11670484393835068,-0.074428491294384,-0.30660560727119446,-0.18453635275363922,0.06169971823692322,0.13324503600597382,-0.07409617304801941,0.27888065576553345,-0.03178867697715759,-0.0465448759496212,0.28624191880226135,-0.16729946434497833,0.014210822060704231
0.12512251734733582,0.6980643272399902,1.4366527795791626,-0.01096882117060102,-0.029224317793491546,-0.024272635100661962,-0.031706192498652225,0.008790312163246813,0.004544964888178819,0.2248670667409897,-0.0012280464172362837,0.03690514564514169,0.8393162488937378,0.7411493062973022,1.346082329750061,-0.042739555,0.008248873,-0.0030364394,404.0,1740111852.3243153,0.08845305442810059,0.060715451836586,0.2152359038591385,0.15780264139175415,-0.04955889284610748,-0.054193153977394104,0.052359871566295624,0.2624672055244446,0.2632290720939636,0.09191188216209412,0.14580409228801727,0.3194012939929962,0.18562443554401398,-0.025709986686706543,0.2699039876461029,0.07259362190961838,0.21676045656204224,0.06075995787978172,-0.0858161598443985,0.11670484393835068,-0.074428491294384,-0.30660560727119446,-0.18453635275363922,0.06169971823692322,0.13324503600597382,-0.07409617304801941,0.27888065576553345,-0.03178867697715759,-0.0465448759496212,0.28624191880226135,-0.16729946434497833,0.014210822060704231
0.12368708103895187,0.6968855261802673,1.4355043172836304,-0.01096882117060102,-0.029224317793491546,-0.024272635100661962,-0.022767255002813274,-0.043683141260420555,-0.02664711544244165,0.21977723985910416,-0.0034127950668334517,0.03480503559112558,0.8393162488937378,0.7411493062973022,1.346082329750061,-0.042768843,0.008022837,-0.006634325,405.0,1740111852.3571277,0.08922962099313736,0.06101462244987488,0.21612001955509186,0.15834766626358032,-0.049834974110126495,-0.054321613162755966,0.051973745226860046,0.2635459303855896,0.2644413113594055,0.09213894605636597,0.1464281678199768,0.3202800452709198,0.18590344488620758,-0.025883421301841736,0.27129843831062317,0.07277519255876541,0.21789564192295074,0.060952212661504745,-0.08658534288406372,0.1167173758149147,-0.07475052028894424,-0.3075685203075409,-0.1852053999900818,0.061852797865867615,0.13404977321624756,-0.0743667334318161,0.27972841262817383,-0.031671732664108276,-0.04705457761883736,0.28691092133522034,-0.16833022236824036,0.014848068356513977
0.12384524941444397,0.6957226395606995,1.4347020387649536,-0.011844034600791229,-0.0341949412767254,-0.0252245861758699,-0.03132872316410402,0.009770444370136196,0.009082957582417865,0.22423256784677506,-0.0033680319786071333,0.0352591037750245,0.8393162488937378,0.7411493062973022,1.346082329750061,-0.036258616,0.007295385,-0.008638233,406.0,1740111852.392353,0.08886608481407166,0.061258651316165924,0.2166052907705307,0.16024473309516907,-0.05071711540222168,-0.05430418998003006,0.0526619628071785,0.26489436626434326,0.26468533277511597,0.09294195473194122,0.14786706864833832,0.3220713436603546,0.18683424592018127,-0.02630816027522087,0.2718435525894165,0.07252518832683563,0.21849015355110168,0.06194927915930748,-0.08741004765033722,0.11823957413434982,-0.07469381392002106,-0.309102863073349,-0.18634574115276337,0.06259695440530777,0.13312983512878418,-0.0750899612903595,0.28080835938453674,-0.03195694088935852,-0.047143738716840744,0.2879997193813324,-0.16864243149757385,0.013683849945664406
0.12362067401409149,0.6937618851661682,1.4331859350204468,-0.011844034600791229,-0.0341949412767254,-0.0252245861758699,-0.030190590408510198,0.0064956143799691805,0.012821311862262553,0.22400782853364945,-0.004474294185638383,0.034468984603881925,0.8393162488937378,0.7411493062973022,1.346082329750061,-0.036840618,0.0071501955,-0.008557141,407.0,1740111852.4312143,0.08940888941287994,0.06145947426557541,0.21744965016841888,0.16080248355865479,-0.05127006769180298,-0.05402320623397827,0.05253412202000618,0.2660052478313446,0.26572954654693604,0.09302277863025665,0.1482190191745758,0.3229767680168152,0.1870875507593155,-0.02617984637618065,0.2730145752429962,0.07287749648094177,0.21941246092319489,0.06213816627860069,-0.08799105882644653,0.11841694265604019,-0.07459768652915955,-0.3096652030944824,-0.186933696269989,0.06265246123075485,0.13385149836540222,-0.07541529089212418,0.2812061011791229,-0.03154788166284561,-0.04728439822793007,0.28890326619148254,-0.1697947382926941,0.013636361807584763
0.12411117553710938,0.6934678554534912,1.4317619800567627,-0.011844034600791229,-0.0341949412767254,-0.0252245861758699,-0.02879462438939382,0.009981572383397048,0.026465023642102518,0.2236206740140915,-0.006238114833831743,0.033185935020446866,0.8393162488937378,0.7411493062973022,1.346082329750061,-0.033150576,0.0065908954,-0.0063198656,408.0,1740111852.4554229,0.09253380447626114,0.06216723471879959,0.21645449101924896,0.1543310582637787,-0.04741422086954117,-0.055293045938014984,0.04880327731370926,0.26118436455726624,0.26772716641426086,0.09201163053512573,0.14613324403762817,0.3177024722099304,0.18363215029239655,-0.024608373641967773,0.2730836868286133,0.07229112088680267,0.21975259482860565,0.058660153299570084,-0.08430065214633942,0.11228115111589432,-0.07492917776107788,-0.30775243043899536,-0.18393506109714508,0.060504987835884094,0.1371757984161377,-0.07242731750011444,0.27868419885635376,-0.029786668717861176,-0.048952970653772354,0.2839794158935547,-0.16901810467243195,0.020897816866636276
0.1228620857000351,0.6919138431549072,1.4323350191116333,-0.011844034600791229,-0.0341949412767254,-0.0252245861758699,-0.025950121694182055,0.013881690184364673,0.010896247691434977,0.21869856715202332,-0.00852359533309932,0.03108975887298593,0.8393162488937378,0.7411493062973022,1.346082329750061,-0.033150576,0.0065908954,-0.0063198656,409.0,1740111852.4901025,0.09253380447626114,0.06216723471879959,0.21645449101924896,0.1543310582637787,-0.04741422086954117,-0.055293045938014984,0.04880327731370926,0.26118436455726624,0.26772716641426086,0.09201163053512573,0.14613324403762817,0.3177024722099304,0.18363215029239655,-0.024608373641967773,0.2730836868286133,0.07229112088680267,0.21975259482860565,0.058660153299570084,-0.08430065214633942,0.11228115111589432,-0.07492917776107788,-0.30775243043899536,-0.18393506109714508,0.060504987835884094,0.1371757984161377,-0.07242731750011444,0.27868419885635376,-0.029786668717861176,-0.048952970653772354,0.2839794158935547,-0.16901810467243195,0.020897816866636276
0.11633723974227905,0.687825620174408,1.429616928100586,-0.043055215651630646,-0.0406914740157543,-0.03606894644374275,-0.030222301975490133,0.004847273003044346,0.032617633481548614,0.2186860501766205,-0.009153318405151323,0.030379986763000577,0.8393162488937378,0.7411493062973022,1.346082329750061,-0.03691589,0.0064250752,-0.0020091087,410.0,1740111852.5239863,0.09248531609773636,0.06242969259619713,0.21607190370559692,0.15420925617218018,-0.04746941477060318,-0.05548181012272835,0.048182412981987,0.26095637679100037,0.26777052879333496,0.09170490503311157,0.1459168642759323,0.3172268271446228,0.18316735327243805,-0.024907667189836502,0.2729623019695282,0.07172028720378876,0.22011050581932068,0.058672886341810226,-0.08447398245334625,0.11148268729448318,-0.07527128607034683,-0.30741047859191895,-0.18378253281116486,0.06035277992486954,0.13741743564605713,-0.07229779660701752,0.27847349643707275,-0.029638931155204773,-0.04930736497044563,0.282988041639328,-0.16887271404266357,0.021362129598855972
0.11846543103456497,0.689039945602417,1.4285043478012085,-0.043055215651630646,-0.0406914740157543,-0.03606894644374275,0.0012372699166833094,-0.01156497004133476,0.02080182154063757,0.2225823760032654,-0.009443831443786577,0.030266380310058683,0.8393162488937378,0.7411493062973022,1.346082329750061,-0.04294422,0.0017601028,0.022972532,411.0,1740111852.5573564,0.08876323699951172,0.062173761427402496,0.2124265432357788,0.15353742241859436,-0.04650440812110901,-0.055726245045661926,0.04770805314183235,0.25797131657600403,0.2620354890823364,0.09112381935119629,0.14490780234336853,0.31270068883895874,0.18100325763225555,-0.025034647434949875,0.26711219549179077,0.06877755373716354,0.2159716784954071,0.05797227844595909,-0.08330647647380829,0.11035274714231491,-0.07416277378797531,-0.3043624758720398,-0.1814599186182022,0.05986763536930084,0.13310083746910095,-0.07138436287641525,0.27586716413497925,-0.029910817742347717,-0.04890689626336098,0.2787628471851349,-0.16393542289733887,0.019666442647576332
0.11824819445610046,0.6873211860656738,1.4269014596939087,-0.004377611609430756,-0.03524734161102781,-0.03477775844355825,0.0014230856812158608,-0.012763847359819261,0.02216295131711274,0.2162126213312149,-0.013801288604736284,0.028114771842956632,0.8393162488937378,0.7411493062973022,1.346082329750061,-0.04562383,0.0011749193,0.024627909,412.0,1740111852.599849,0.08789344131946564,0.06213021278381348,0.21148139238357544,0.15306885540485382,-0.0461970791220665,-0.05572575330734253,0.04757339134812355,0.2569839656352997,0.2604961693286896,0.09091655910015106,0.144636332988739,0.3112950623035431,0.18025805056095123,-0.02482842653989792,0.2655474841594696,0.06792865693569183,0.21473386883735657,0.05751683935523033,-0.08253052830696106,0.10980262607336044,-0.0736045092344284,-0.3035346269607544,-0.18060003221035004,0.05960492789745331,0.1319422572851181,-0.07099121809005737,0.27484285831451416,-0.02980678528547287,-0.04881257191300392,0.27760520577430725,-0.16248559951782227,0.019231945276260376
0.11821029335260391,0.686776876449585,1.426302433013916,-0.004377611609430756,-0.03524734161102781,-0.03477775844355825,0.002032093853626035,-0.013171053579026204,0.021605391724032454,0.21824819445610047,-0.012678813934326127,0.02690145969390878,0.8393162488937378,0.7411493062973022,1.346082329750061,-0.04491626,0.0014520586,0.022813223,413.0,1740111852.6243622,0.08658198267221451,0.0620916411280632,0.21139304339885712,0.1542518436908722,-0.04691989719867706,-0.05519292503595352,0.04809879884123802,0.25787192583084106,0.25908368825912476,0.09098102152347565,0.14496208727359772,0.31145408749580383,0.18016554415225983,-0.024670623242855072,0.26443299651145935,0.06731708347797394,0.2137797623872757,0.05789700523018837,-0.08287619054317474,0.11058642715215683,-0.07253184169530869,-0.3034241199493408,-0.1805388629436493,0.05962061882019043,0.1303890496492386,-0.07144199311733246,0.2744808495044708,-0.02937404066324234,-0.048350486904382706,0.2781486213207245,-0.16198736429214478,0.017146732658147812
0.11819198727607727,0.685671865940094,1.4254579544067383,-0.004377611609430756,-0.03524734161102781,-0.03477775844355825,0.0015882681132636535,-0.012662951182484413,0.025058048976608127,0.2170978993177414,-0.014935028553008989,0.02579972743988046,0.8393162488937378,0.7411493062973022,1.346082329750061,-0.04491626,0.0014520586,0.022813223,414.0,1740111852.6653297,0.08658198267221451,0.0620916411280632,0.21139304339885712,0.1542518436908722,-0.04691989719867706,-0.05519292503595352,0.04809879884123802,0.25787192583084106,0.25908368825912476,0.09098102152347565,0.14496208727359772,0.31145408749580383,0.18016554415225983,-0.024670623242855072,0.26443299651145935,0.06731708347797394,0.2137797623872757,0.05789700523018837,-0.08287619054317474,0.11058642715215683,-0.07253184169530869,-0.3034241199493408,-0.1805388629436493,0.05962061882019043,0.1303890496492386,-0.07144199311733246,0.2744808495044708,-0.02937404066324234,-0.048350486904382706,0.2781486213207245,-0.16198736429214478,0.017146732658147812
0.11579456925392151,0.6821660995483398,1.424369215965271,-0.004377611609430756,-0.03524734161102781,-0.03477775844355825,-0.029447387343821435,0.0021934359088706798,0.03597533874485568,0.2180875152349472,-0.014898908138275102,0.024865126609802335,0.8393162488937378,0.7411493062973022,1.346082329750061,-0.044231478,0.0021507815,0.019149072,415.0,1740111852.6926398,0.08581565320491791,0.06211505085229874,0.21103008091449738,0.15521840751171112,-0.04750332981348038,-0.05503479391336441,0.048128895461559296,0.258635014295578,0.25806114077568054,0.09087176620960236,0.14506973326206207,0.31147778034210205,0.18012891709804535,-0.024631470441818237,0.26362064480781555,0.06675207614898682,0.21346060931682587,0.058353278785943985,-0.08367787301540375,0.11101838201284409,-0.07217105478048325,-0.30334794521331787,-0.1806495040655136,0.059799231588840485,0.1291961967945099,-0.07177865505218506,0.27464282512664795,-0.029458671808242798,-0.04813429340720177,0.278020441532135,-0.16160976886749268,0.015990804880857468
0.12252594530582428,0.6839026808738708,1.424377202987671,0.031403992950114916,-0.02879616067069177,-0.01595751015207269,-0.030513965479135454,5.903220588350866e-05,0.015955090608578137,0.22139184772968293,-0.015561413764953569,0.02530405521392831,0.8393162488937378,0.7411493062973022,1.346082329750061,-0.04524628,0.002917491,0.01604937,416.0,1740111852.722609,0.08448002487421036,0.062210068106651306,0.21140938997268677,0.15812022984027863,-0.04858030378818512,-0.0552535280585289,0.048737116158008575,0.26061052083969116,0.25706109404563904,0.09157687425613403,0.14662519097328186,0.31313052773475647,0.18091067671775818,-0.025372106581926346,0.26335808634757996,0.06551937758922577,0.21369849145412445,0.05960189178586006,-0.0851946771144867,0.11277087777853012,-0.07241589576005936,-0.3051605820655823,-0.18164242804050446,0.06087655574083328,0.12696810066699982,-0.07276134192943573,0.27631551027297974,-0.030597463250160217,-0.04853696748614311,0.27891677618026733,-0.16106028854846954,0.013894523493945599
0.12249645590782166,0.683441698551178,1.4240628480911255,0.031403992950114916,-0.02879616067069177,-0.01595751015207269,-0.03202810634845077,-0.0031527635991505064,0.0078090134573917305,0.22262172996997834,-0.01638836860656734,0.024142360687255948,0.8393162488937378,0.7411493062973022,1.346082329750061,-0.045339197,0.0033796206,0.013915844,417.0,1740111852.7562323,0.08478868007659912,0.06226633861660957,0.2122027426958084,0.1589655876159668,-0.049095891416072845,-0.05489547550678253,0.04861997067928314,0.26208043098449707,0.25757110118865967,0.09162865579128265,0.14714547991752625,0.3140723705291748,0.1814386248588562,-0.024990510195493698,0.26419714093208313,0.0657147616147995,0.21441614627838135,0.05978526547551155,-0.0859636515378952,0.11313379555940628,-0.07205238938331604,-0.3060118556022644,-0.18232375383377075,0.06118004769086838,0.12700073421001434,-0.0732225552201271,0.2770034968852997,-0.030532442033290863,-0.04848678037524223,0.2799876034259796,-0.1619013398885727,0.013329853303730488
0.11729206144809723,0.6806825995445251,1.4212349653244019,0.031403992950114916,-0.02879616067069177,-0.01595751015207269,0.001287897507145307,-0.07630438828476985,-0.026119219853729284,0.22219160795211793,-0.017276120185852006,0.023046708106994718,0.8393162488937378,0.7411493062973022,1.346082329750061,-0.045989957,0.0032570958,0.013954259,418.0,1740111852.789365,0.08414793014526367,0.062340497970581055,0.21150162816047668,0.15950632095336914,-0.049612775444984436,-0.055350735783576965,0.04847067967057228,0.26195821166038513,0.25702717900276184,0.09144583344459534,0.14718975126743317,0.3138435482978821,0.18137215077877045,-0.025744765996932983,0.263592004776001,0.06510769575834274,0.21438144147396088,0.06034969165921211,-0.08655478060245514,0.11327432841062546,-0.07250635325908661,-0.30584853887557983,-0.18233364820480347,0.061314456164836884,0.12623026967048645,-0.07334836572408676,0.27737411856651306,-0.03077283501625061,-0.04866275563836098,0.27927765250205994,-0.16130441427230835,0.013138370588421822
0.12114274501800537,0.6811025738716125,1.4216827154159546,-0.06025611302753693,-0.05779931008670403,-0.04335916733615751,-0.022953270850776024,0.00425833978540907,0.015403194563037443,0.21536562442779542,-0.021341931819915727,0.020967698097229093,0.8393162488937378,0.7411493062973022,1.346082329750061,-0.045989957,0.0032570958,0.013954259,419.0,1740111852.8261654,0.08414793014526367,0.062340497970581055,0.21150162816047668,0.15950632095336914,-0.049612775444984436,-0.055350735783576965,0.04847067967057228,0.26195821166038513,0.25702717900276184,0.09144583344459534,0.14718975126743317,0.3138435482978821,0.18137215077877045,-0.025744765996932983,0.263592004776001,0.06510769575834274,0.21438144147396088,0.06034969165921211,-0.08655478060245514,0.11327432841062546,-0.07250635325908661,-0.30584853887557983,-0.18233364820480347,0.061314456164836884,0.12623026967048645,-0.07334836572408676,0.27737411856651306,-0.03077283501625061,-0.04866275563836098,0.27927765250205994,-0.16130441427230835,0.013138370588421822
0.12244531512260437,0.6805581450462341,1.4192416667938232,-0.06025611302753693,-0.05779931008670403,-0.04335916733615751,-0.028750656937295102,0.0028075868777192436,0.03021639762477798,0.22197178602218628,-0.019420397281646684,0.02075836658477792,0.8393162488937378,0.7411493062973022,1.346082329750061,-0.04637908,0.0039228946,0.0121601,420.0,1740111852.8590047,0.0833422988653183,0.06236189231276512,0.2103610634803772,0.15924745798110962,-0.049025192856788635,-0.055667292326688766,0.04826771840453148,0.2610647678375244,0.25567612051963806,0.09165830910205841,0.14739547669887543,0.3128860592842102,0.18085166811943054,-0.025641411542892456,0.2619834840297699,0.06418921798467636,0.21342334151268005,0.06016618385910988,-0.08607089519500732,0.1130366250872612,-0.07219938188791275,-0.30553877353668213,-0.18181701004505157,0.061422280967235565,0.12474044412374496,-0.07298094034194946,0.27677953243255615,-0.03101622313261032,-0.048693109303712845,0.27800288796424866,-0.15984447300434113,0.013119816780090332
0.12164685875177383,0.6793768405914307,1.4190244674682617,-0.06025611302753693,-0.05779931008670403,-0.04335916733615751,-0.02909078454990091,0.0006605299745607121,0.015769207571099852,0.22192226946353913,-0.019593548774719194,0.01999065876007089,0.8393162488937378,0.7411493062973022,1.346082329750061,-0.054234333,0.005455032,0.008300237,421.0,1740111852.892725,0.08300697058439255,0.06222938746213913,0.21104156970977783,0.16034775972366333,-0.04993166774511337,-0.05437653511762619,0.04872090741991997,0.26304078102111816,0.25523048639297485,0.09204025566577911,0.14812278747558594,0.31404390931129456,0.18112905323505402,-0.024319034069776535,0.261873722076416,0.06436391174793243,0.2133796513080597,0.06058785691857338,-0.08635181188583374,0.11397405713796616,-0.07014112919569016,-0.30595338344573975,-0.1822424679994583,0.06164885312318802,0.12351557612419128,-0.07373732328414917,0.2763393819332123,-0.030082710087299347,-0.04774564132094383,0.2799496650695801,-0.1606026142835617,0.010793866589665413
0.12203354388475418,0.6790013909339905,1.416725754737854,0.05560637368252573,0.00286310197216031,-0.03537521547824738,-0.028035027065214532,0.003897232811140493,0.029772063113941816,0.22098082900047303,-0.020464074611663774,0.018480396270752042,0.8393162488937378,0.7411493062973022,1.346082329750061,-0.059408482,0.0052691773,0.009522423,422.0,1740111852.9226813,0.08320067822933197,0.062405191361904144,0.21085935831069946,0.15951424837112427,-0.04942574352025986,-0.05444059520959854,0.047969527542591095,0.26247841119766235,0.25515466928482056,0.09191659092903137,0.14798963069915771,0.3130548298358917,0.18035471439361572,-0.02385030686855316,0.26159176230430603,0.06387686729431152,0.21331867575645447,0.060085657984018326,-0.08569516241550446,0.11288069933652878,-0.06983406096696854,-0.3056522011756897,-0.18162457644939423,0.06131117045879364,0.12349861860275269,-0.07331904768943787,0.2757624387741089,-0.029631122946739197,-0.04798484966158867,0.279187947511673,-0.16035306453704834,0.011564604938030243
0.12065795809030533,0.6784238815307617,1.4165257215499878,0.05560637368252573,0.00286310197216031,-0.03537521547824738,-0.03478433151253483,0.0016595616801208394,0.014158085038174187,0.22148791551589966,-0.021043848991394,0.01741681098937997,0.8393162488937378,0.7411493062973022,1.346082329750061,-0.061314296,0.0040911585,0.012360163,423.0,1740111852.9564948,0.08249927312135696,0.06220458447933197,0.2106548547744751,0.16013646125793457,-0.04978901892900467,-0.053897008299827576,0.04882404953241348,0.262820839881897,0.25428566336631775,0.09233039617538452,0.14817318320274353,0.31338292360305786,0.1804623305797577,-0.023652438074350357,0.26087653636932373,0.06393532454967499,0.2125818282365799,0.06045136973261833,-0.0856444239616394,0.11378533393144608,-0.06914647668600082,-0.30537018179893494,-0.18165871500968933,0.06146485358476639,0.12241790443658829,-0.07355574518442154,0.2753334939479828,-0.029593273997306824,-0.04748690500855446,0.2797311246395111,-0.16012048721313477,0.010103069245815277
0.12075415253639221,0.6776792407035828,1.4149580001831055,0.05560637368252573,0.00286310197216031,-0.03537521547824738,-0.030953404768214482,0.001371107250866242,0.016441965967775113,0.22103447318077088,-0.02230061292648311,0.015514707565307706,0.8393162488937378,0.7411493062973022,1.346082329750061,-0.061314296,0.0040911585,0.012360163,424.0,1740111852.9921324,0.08249927312135696,0.06220458447933197,0.2106548547744751,0.16013646125793457,-0.04978901892900467,-0.053897008299827576,0.04882404953241348,0.262820839881897,0.25428566336631775,0.09233039617538452,0.14817318320274353,0.31338292360305786,0.1804623305797577,-0.023652438074350357,0.26087653636932373,0.06393532454967499,0.2125818282365799,0.06045136973261833,-0.0856444239616394,0.11378533393144608,-0.06914647668600082,-0.30537018179893494,-0.18165871500968933,0.06146485358476639,0.12241790443658829,-0.07355574518442154,0.2753334939479828,-0.029593273997306824,-0.04748690500855446,0.2797311246395111,-0.16012048721313477,0.010103069245815277
0.11589717864990234,0.6756734251976013,1.412217140197754,-0.06135069269806612,-0.03327262889165926,-0.04507662346639842,0.0032407104724670186,-0.07562272928243309,-0.026527275283806766,0.22016253173351288,-0.021963071823120073,0.014465785026550382,0.8393162488937378,0.7411493062973022,1.346082329750061,-0.062296838,0.002770245,0.01671505,425.0,1740111853.02367,0.08176788687705994,0.06222141161561012,0.20966322720050812,0.1603289246559143,-0.04997897148132324,-0.0542304627597332,0.04870280995965004,0.2622765898704529,0.25331607460975647,0.09208041429519653,0.14797191321849823,0.3126222491264343,0.18010319769382477,-0.024188511073589325,0.2597791850566864,0.06323286145925522,0.2120906561613083,0.06066356226801872,-0.08577004075050354,0.11365639418363571,-0.06935122609138489,-0.3047547936439514,-0.1813092678785324,0.061468638479709625,0.12155675143003464,-0.07338090240955353,0.2750374376773834,-0.02983272820711136,-0.04746877774596214,0.2786282002925873,-0.15917757153511047,0.00975710153579712
0.11977802962064743,0.6765302419662476,1.4120210409164429,-0.06135069269806612,-0.03327262889165926,-0.04507662346639842,-0.022959631868931137,-0.05511178249323917,-0.023359771770755353,0.21472398042678834,-0.025249671936035112,0.011504864692688077,0.8393162488937378,0.7411493062973022,1.346082329750061,-0.06616533,0.002272725,0.024456121,426.0,1740111853.0566049,0.0790298581123352,0.061398278921842575,0.20820631086826324,0.1630794107913971,-0.05199023336172104,-0.052826691418886185,0.050974685698747635,0.263923704624176,0.25009390711784363,0.09229424595832825,0.1478480100631714,0.3137485384941101,0.18107493221759796,-0.024332553148269653,0.2571157217025757,0.06315802782773972,0.21035395562648773,0.06244105473160744,-0.08728104829788208,0.11662108451128006,-0.0679050162434578,-0.30358001589775085,-0.18181778490543365,0.06240079551935196,0.11821866780519485,-0.07468044757843018,0.27443981170654297,-0.030480563640594482,-0.04551034793257713,0.27977389097213745,-0.1583741158246994,0.004437674768269062
0.11544086039066315,0.6752747893333435,1.4092117547988892,-0.06135069269806612,-0.03327262889165926,-0.04507662346639842,0.004281390105082825,-0.012620885530640866,0.024511229307781126,0.21545101553201676,-0.024603497982025102,0.010119533538818448,0.8393162488937378,0.7411493062973022,1.346082329750061,-0.06700798,0.0024924874,0.021644816,427.0,1740111853.0918376,0.07830159366130829,0.06128761172294617,0.20784886181354523,0.1634385734796524,-0.05245593935251236,-0.051516156643629074,0.05127020180225372,0.26477551460266113,0.24883605539798737,0.09196045994758606,0.14737509191036224,0.3136315941810608,0.18073999881744385,-0.023283593356609344,0.25597721338272095,0.0632629245519638,0.20949220657348633,0.06239062920212746,-0.08741159737110138,0.11670894175767899,-0.06615640968084335,-0.3023760914802551,-0.18153545260429382,0.06216921657323837,0.1173999235033989,-0.074961356818676,0.2730245590209961,-0.02970169484615326,-0.04458898678421974,0.28031015396118164,-0.1585044115781784,0.002282494679093361
0.11836635321378708,0.6750292778015137,1.4090920686721802,-0.06135069269806612,-0.03327262889165926,-0.04507662346639842,-0.021867417721498673,0.008069051319482419,0.013844919830433882,0.21271115392446518,-0.02762891054153438,0.008484458923339933,0.8393162488937378,0.7411493062973022,1.346082329750061,-0.07142146,0.0055332407,0.006308064,428.0,1740111853.1235788,0.07697182148694992,0.06117112189531326,0.20670652389526367,0.16377176344394684,-0.0531902089715004,-0.050914958119392395,0.05163451284170151,0.2647136151790619,0.2471514642238617,0.09151527285575867,0.14677782356739044,0.3128892481327057,0.18037526309490204,-0.023301400244235992,0.2541954815387726,0.06292098015546799,0.20833127200603485,0.06273743510246277,-0.08772893249988556,0.11685685068368912,-0.06539753824472427,-0.30072247982025146,-0.18111544847488403,0.062025658786296844,0.11630535125732422,-0.07500793784856796,0.27177694439888,-0.02934899926185608,-0.043826762586832047,0.2798365354537964,-0.15776751935482025,0.0005616648122668266
0.11898700147867203,0.6744974851608276,1.4073179960250854,0.030498530266427838,-0.008447579683305215,-0.03824993819637505,-0.030552233140074565,0.005430833320312045,0.015960347174223295,0.21925030499696732,-0.025255334377288774,0.008011794090271085,0.8393162488937378,0.7411493062973022,1.346082329750061,-0.06972293,0.0054241195,-0.010587543,429.0,1740111853.1576886,0.07707910984754562,0.061319075524806976,0.2072933316230774,0.1644720435142517,-0.05331355333328247,-0.05108354985713959,0.05174768716096878,0.2653263509273529,0.24749493598937988,0.09194165468215942,0.14751893281936646,0.31363922357559204,0.18062128126621246,-0.023426398634910583,0.2547657787799835,0.06283093243837357,0.20866000652313232,0.0629073828458786,-0.08793394267559052,0.1173606738448143,-0.06547340750694275,-0.30177614092826843,-0.18142622709274292,0.0622759684920311,0.1160685196518898,-0.0752161294221878,0.27243658900260925,-0.029470719397068024,-0.04427073523402214,0.2806011736392975,-0.1579369306564331,0.0006295694038271904
0.11780571937561035,0.6743322014808655,1.4060287475585938,0.030498530266427838,-0.008447579683305215,-0.03824993819637505,-0.02386677794490175,-0.04742451549200749,-0.019395962689289788,0.21406398564577103,-0.026837837696075395,0.005434966087341397,0.8393162488937378,0.7411493062973022,1.346082329750061,-0.06972293,0.0054241195,-0.010587543,430.0,1740111853.1960793,0.07707910984754562,0.061319075524806976,0.2072933316230774,0.1644720435142517,-0.05331355333328247,-0.05108354985713959,0.05174768716096878,0.2653263509273529,0.24749493598937988,0.09194165468215942,0.14751893281936646,0.31363922357559204,0.18062128126621246,-0.023426398634910583,0.2547657787799835,0.06283093243837357,0.20866000652313232,0.0629073828458786,-0.08793394267559052,0.1173606738448143,-0.06547340750694275,-0.30177614092826843,-0.18142622709274292,0.0622759684920311,0.1160685196518898,-0.0752161294221878,0.27243658900260925,-0.029470719397068024,-0.04427073523402214,0.2806011736392975,-0.1579369306564331,0.0006295694038271904
0.1177038922905922,0.6733475923538208,1.4039943218231201,0.030498530266427838,-0.008447579683305215,-0.03824993819637505,-0.02485863207912405,-0.06599838860244557,-0.03420163215253508,0.21344954371452332,-0.026856613159179643,0.004122948646545499,0.8393162488937378,0.7411493062973022,1.346082329750061,-0.06061826,0.00447239,-0.004135005,431.0,1740111853.2320983,0.07583162933588028,0.06092199683189392,0.2062576562166214,0.1646435707807541,-0.05318404734134674,-0.051325056701898575,0.05213036760687828,0.26453834772109985,0.24561627209186554,0.09201152622699738,0.14758150279521942,0.312837153673172,0.18058979511260986,-0.023700743913650513,0.253111869096756,0.062241073697805405,0.20731167495250702,0.06299924850463867,-0.08785898983478546,0.11791589111089706,-0.06533157825469971,-0.3013116419315338,-0.1810455322265625,0.06246552616357803,0.1144166812300682,-0.07510161399841309,0.2722550928592682,-0.029961280524730682,-0.04384404048323631,0.27997663617134094,-0.15636581182479858,-0.0002035321667790413
0.11653979867696762,0.6738182306289673,1.4031658172607422,-0.022583401369463,-0.007718872725755797,-0.040375718352274194,-0.039199704009775474,0.007078350601315583,0.013827366296568798,0.2177038922905922,-0.026652407646179155,0.003994321823120206,0.8393162488937378,0.7411493062973022,1.346082329750061,-0.05394678,0.0028085187,0.01077982,432.0,1740111853.2606807,0.07518468797206879,0.06077999621629715,0.2050914764404297,0.16449914872646332,-0.052633076906204224,-0.051990360021591187,0.051854539662599564,0.26362043619155884,0.24438920617103577,0.09211944043636322,0.14743037521839142,0.311797559261322,0.18007531762123108,-0.024284861981868744,0.2518743574619293,0.06132519617676735,0.20664431154727936,0.06290249526500702,-0.08787956833839417,0.11766890436410904,-0.0658809021115303,-0.3008698523044586,-0.18053564429283142,0.06263171136379242,0.11357274651527405,-0.07463493943214417,0.2720436155796051,-0.030623100697994232,-0.04414616897702217,0.278497576713562,-0.15506432950496674,0.00032993871718645096
0.11687779426574707,0.6726017594337463,1.401766061782837,-0.022583401369463,-0.007718872725755797,-0.040375718352274194,-0.029445935223355733,0.007126822804699089,0.015455874462220982,0.21684810370206833,-0.027512323856353715,0.0021593332290650302,0.8393162488937378,0.7411493062973022,1.346082329750061,-0.057968114,0.0042710304,-0.0072396547,433.0,1740111853.2923362,0.07612916082143784,0.06064058095216751,0.20630215108394623,0.16458545625209808,-0.053169265389442444,-0.05158179625868797,0.05231951177120209,0.2646055519580841,0.24601717293262482,0.09197984635829926,0.14724986255168915,0.3132246434688568,0.18110427260398865,-0.024088874459266663,0.2534082531929016,0.06251037865877151,0.2077668011188507,0.06322211027145386,-0.0882943868637085,0.1182270273566246,-0.06604436784982681,-0.30153703689575195,-0.18139652907848358,0.06267233937978745,0.11497493833303452,-0.07516780495643616,0.2729552984237671,-0.030464261770248413,-0.04363004490733147,0.2800014615058899,-0.1566271185874939,3.5883858799934387e-06
0.11571155488491058,0.671554446220398,1.399916648864746,-0.022583401369463,-0.007718872725755797,-0.040375718352274194,-0.02967626735861925,0.006641121702388617,0.020317209637238785,0.21550964415073395,-0.02768797874450679,0.000831937789917081,0.8393162488937378,0.7411493062973022,1.346082329750061,-0.05484113,0.004300073,-0.0024223402,434.0,1740111853.3223248,0.07545854151248932,0.06065547466278076,0.2052382081747055,0.16455906629562378,-0.05283796787261963,-0.05204003304243088,0.05228198319673538,0.2637985646724701,0.2450922280550003,0.09196345508098602,0.14702054858207703,0.31249526143074036,0.18080173432826996,-0.024696100503206253,0.2523425221443176,0.061970729380846024,0.20713356137275696,0.0632089376449585,-0.08843182027339935,0.11810369044542313,-0.06661217659711838,-0.300856351852417,-0.18111632764339447,0.06281398981809616,0.1144547164440155,-0.07484068721532822,0.272673100233078,-0.031099915504455566,-0.04387076571583748,0.27865639328956604,-0.15552666783332825,0.00021600816398859024
0.11346711218357086,0.6708614826202393,1.3990167379379272,-0.022583401369463,-0.007718872725755797,-0.040375718352274194,-0.021567044307621946,0.012789668455154758,0.01729365034765564,0.21080946028232575,-0.029171299934387163,-0.001659655570983798,0.8393162488937378,0.7411493062973022,1.346082329750061,-0.05484113,0.004300073,-0.0024223402,435.0,1740111853.3566215,0.07545854151248932,0.06065547466278076,0.2052382081747055,0.16455906629562378,-0.05283796787261963,-0.05204003304243088,0.05228198319673538,0.2637985646724701,0.2450922280550003,0.09196345508098602,0.14702054858207703,0.31249526143074036,0.18080173432826996,-0.024696100503206253,0.2523425221443176,0.061970729380846024,0.20713356137275696,0.0632089376449585,-0.08843182027339935,0.11810369044542313,-0.06661217659711838,-0.300856351852417,-0.18111632764339447,0.06281398981809616,0.1144547164440155,-0.07484068721532822,0.272673100233078,-0.031099915504455566,-0.04387076571583748,0.27865639328956604,-0.15552666783332825,0.00021600816398859024
0.11464592814445496,0.6707160472869873,1.3961708545684814,-0.022349527539969365,-0.017165418627799644,-0.042607828372635465,-0.028984364385861543,0.008941059145776352,0.03360847280205445,0.21385782063007355,-0.028241646289825395,-0.0019471883773802823,0.8393162488937378,0.7411493062973022,1.346082329750061,-0.053164653,0.003697455,0.0071932226,436.0,1740111853.390847,0.07459089905023575,0.06048227846622467,0.20472298562526703,0.16485975682735443,-0.05269137769937515,-0.051868923008441925,0.05296286940574646,0.26340100169181824,0.2438245713710785,0.0922260731458664,0.14712342619895935,0.31225794553756714,0.1807633489370346,-0.024890638887882233,0.2513491213321686,0.06181062385439873,0.20608791708946228,0.06333999335765839,-0.08821175992488861,0.11872219294309616,-0.06627051532268524,-0.300406813621521,-0.18101999163627625,0.06289362162351608,0.11355914920568466,-0.0748957023024559,0.2720909118652344,-0.031275518238544464,-0.04354098066687584,0.27851590514183044,-0.15481269359588623,-0.0006734570488333702
0.11277362704277039,0.669888973236084,1.3960572481155396,-0.022349527539969365,-0.017165418627799644,-0.042607828372635465,-0.03035149198356556,0.006007832282082415,0.017521187658162088,0.21368375271558762,-0.029864859580993608,-0.0035665273666380948,0.8393162488937378,0.7411493062973022,1.346082329750061,-0.05662478,0.00015556067,0.018950798,437.0,1740111853.42371,0.07243218272924423,0.06019945070147514,0.20150625705718994,0.16390398144721985,-0.05223240703344345,-0.05208924785256386,0.052909959107637405,0.26075276732444763,0.24053360521793365,0.09169232845306396,0.1453961879014969,0.30919259786605835,0.17929555475711823,-0.025898098945617676,0.24767625331878662,0.060321103781461716,0.20395757257938385,0.06336089968681335,-0.08775421977043152,0.11780940741300583,-0.06675466895103455,-0.2971173822879791,-0.17944836616516113,0.06263396888971329,0.11200089752674103,-0.0740099847316742,0.27000126242637634,-0.03187225013971329,-0.043190207332372665,0.2750200629234314,-0.15199007093906403,-0.0012319087982177734
0.1127641573548317,0.6696180701255798,1.3935920000076294,-0.022349527539969365,-0.017165418627799644,-0.042607828372635465,-0.02934987668157847,0.008954934490652572,0.034304753057973175,0.2119612902402878,-0.030067634582519487,-0.004667901992797763,0.8393162488937378,0.7411493062973022,1.346082329750061,-0.04732091,-0.0017432347,0.022437714,438.0,1740111853.4564013,0.07374006509780884,0.06114679574966431,0.19770416617393494,0.1563238650560379,-0.048706844449043274,-0.05199533328413963,0.04810083284974098,0.25497543811798096,0.23972773551940918,0.08929687738418579,0.141437366604805,0.3012675940990448,0.17411543428897858,-0.02411939948797226,0.24454185366630554,0.0587327778339386,0.20270118117332458,0.059633102267980576,-0.08385933935642242,0.10973388701677322,-0.0653333067893982,-0.29076939821243286,-0.17527998983860016,0.05977272242307663,0.11439579725265503,-0.0704040676355362,0.264021098613739,-0.028856247663497925,-0.04383067414164543,0.2678750157356262,-0.149833545088768,0.004224655218422413
0.11110995709896088,0.6686291694641113,1.3934670686721802,-0.021098540567990005,-0.026620955359952698,-0.03815169605477728,-0.03051955389245713,0.005291850550661699,0.018024860355407207,0.2117478981614113,-0.030903828144073442,-0.005762481689453036,0.8393162488937378,0.7411493062973022,1.346082329750061,-0.04732091,-0.0017432347,0.022437714,439.0,1740111853.489613,0.07374006509780884,0.06114679574966431,0.19770416617393494,0.1563238650560379,-0.048706844449043274,-0.05199533328413963,0.04810083284974098,0.25497543811798096,0.23972773551940918,0.08929687738418579,0.141437366604805,0.3012675940990448,0.17411543428897858,-0.02411939948797226,0.24454185366630554,0.0587327778339386,0.20270118117332458,0.059633102267980576,-0.08385933935642242,0.10973388701677322,-0.0653333067893982,-0.29076939821243286,-0.17527998983860016,0.05977272242307663,0.11439579725265503,-0.0704040676355362,0.264021098613739,-0.028856247663497925,-0.04383067414164543,0.2678750157356262,-0.149833545088768,0.004224655218422413
0.10998214781284332,0.668027400970459,1.3924963474273682,-0.021098540567990005,-0.026620955359952698,-0.03815169605477728,-0.03035877833864013,0.00517097631273572,0.017639209612168586,0.20995741188526154,-0.030695211887359575,-0.00676097869873038,0.8393162488937378,0.7411493062973022,1.346082329750061,-0.038809083,-0.0007247403,0.018655047,440.0,1740111853.5222952,0.07295655459165573,0.060958974063396454,0.1971980184316635,0.15661315619945526,-0.048613592982292175,-0.05172599107027054,0.04845552518963814,0.25465354323387146,0.23865695297718048,0.08921022713184357,0.14122220873832703,0.3010714054107666,0.1741093099117279,-0.024273592978715897,0.24344351887702942,0.05848930403590202,0.20192070305347443,0.05982347950339317,-0.08386537432670593,0.1101144477725029,-0.06507313996553421,-0.29017966985702515,-0.17528100311756134,0.05971631407737732,0.11369005590677261,-0.07044295966625214,0.26374131441116333,-0.02905474603176117,-0.043443504720926285,0.2677420675754547,-0.14909537136554718,0.0031764497980475426
0.10869733989238739,0.6673939228057861,1.391579031944275,-0.021098540567990005,-0.026620955359952698,-0.03815169605477728,-0.030317968795261867,0.005553530036328383,0.016059586255001524,0.20933683812618256,-0.032278132438659624,-0.007966899871826083,0.8393162488937378,0.7411493062973022,1.346082329750061,-0.039601374,-0.0002137497,0.018027589,441.0,1740111853.5568826,0.07244963198900223,0.06065763533115387,0.19665402173995972,0.1563192754983902,-0.048659875988960266,-0.05085791274905205,0.04872598126530647,0.2544260025024414,0.23744674026966095,0.08901110291481018,0.14060670137405396,0.30058878660202026,0.1737893670797348,-0.023599933832883835,0.24238792061805725,0.0587381012737751,0.20079918205738068,0.059602949768304825,-0.08349931240081787,0.11035830527544022,-0.06390196084976196,-0.2888617217540741,-0.17490854859352112,0.05926542729139328,0.11292941868305206,-0.07041124254465103,0.2628440856933594,-0.02825307846069336,-0.04261424019932747,0.26818087697029114,-0.14848929643630981,0.0019581587985157967
0.10241249203681946,0.6659016013145447,1.389738917350769,-0.08476012107187465,-0.029004864089081886,-0.04084471065488779,-0.0052959053211863475,-0.0025153141892307667,0.03054972182735235,0.20361656546592713,-0.033432614803314165,-0.00987830162048331,0.8393162488937378,0.7411493062973022,1.346082329750061,-0.0413518,0.0016819909,0.011462003,442.0,1740111853.5911329,0.07164730876684189,0.06013765186071396,0.19588233530521393,0.15645520389080048,-0.04909289628267288,-0.05072900280356407,0.0493767075240612,0.2541505694389343,0.23623450100421906,0.08859436213970184,0.1399862915277481,0.30030399560928345,0.1736934334039688,-0.02367958053946495,0.2413875162601471,0.058704178780317307,0.19970937073230743,0.059772420674562454,-0.0835334062576294,0.11085162311792374,-0.0636359453201294,-0.287873774766922,-0.17449243366718292,0.05929490923881531,0.11222215741872787,-0.07033691555261612,0.2623874247074127,-0.028488315641880035,-0.042074646800756454,0.2681938409805298,-0.1477886140346527,0.0008543143048882484
0.10545946657657623,0.6663498878479004,1.3902359008789062,-0.08476012107187465,-0.029004864089081886,-0.04084471065488779,-0.03142387213666602,0.006971940826667413,0.011067720572375957,0.20542768239974976,-0.033698213100433305,-0.009076499938964755,0.8393162488937378,0.7411493062973022,1.346082329750061,-0.041675717,0.001564391,0.008726731,443.0,1740111853.6238678,0.07143651694059372,0.06006443873047829,0.19501294195652008,0.15610238909721375,-0.04966484010219574,-0.05010703206062317,0.04944262653589249,0.2539655864238739,0.23583723604679108,0.08759289979934692,0.13844521343708038,0.2996716797351837,0.17325076460838318,-0.023820750415325165,0.24063920974731445,0.05896923318505287,0.1994963139295578,0.0600878931581974,-0.08391997218132019,0.11039768904447556,-0.06350554525852203,-0.2858334183692932,-0.17404454946517944,0.058748722076416016,0.11276915669441223,-0.07041403651237488,0.26133084297180176,-0.027865488082170486,-0.04141680523753166,0.26763996481895447,-0.1481955349445343,0.00033131521195173264
0.10551762580871582,0.6658604145050049,1.3882505893707275,-0.08476012107187465,-0.029004864089081886,-0.04084471065488779,-0.02984709995198068,0.009976603089335276,0.027349769361323356,0.20513821244239808,-0.03373063802719112,-0.010211730003356845,0.8393162488937378,0.7411493062973022,1.346082329750061,-0.032870434,0.0010371059,0.011484288,444.0,1740111853.6646905,0.07168921828269958,0.0602080300450325,0.19464080035686493,0.15580275654792786,-0.04997790604829788,-0.050221581012010574,0.04893268272280693,0.2537195384502411,0.23597459495067596,0.08704894781112671,0.13788020610809326,0.2991305887699127,0.17272159457206726,-0.02400975674390793,0.24075394868850708,0.05891350284218788,0.19975964725017548,0.060064058750867844,-0.08409051597118378,0.10977078229188919,-0.06370224058628082,-0.28514787554740906,-0.17360839247703552,0.0584007129073143,0.11303623765707016,-0.0703393965959549,0.2610565423965454,-0.027396582067012787,-0.04166378453373909,0.2671085298061371,-0.14836353063583374,0.0009021041914820671
0.10369127243757248,0.664997935295105,1.3872261047363281,0.010676325485387614,-0.007544557726988626,-0.02097905577827231,-0.029524093871106234,0.008736227350285045,0.027792321598789027,0.2048746556043625,-0.03435696363449092,-0.012058401107787997,0.8393162488937378,0.7411493062973022,1.346082329750061,-0.032870434,0.0010371059,0.011484288,445.0,1740111853.698638,0.07168921828269958,0.0602080300450325,0.19464080035686493,0.15580275654792786,-0.04997790604829788,-0.050221581012010574,0.04893268272280693,0.2537195384502411,0.23597459495067596,0.08704894781112671,0.13788020610809326,0.2991305887699127,0.17272159457206726,-0.02400975674390793,0.24075394868850708,0.05891350284218788,0.19975964725017548,0.060064058750867844,-0.08409051597118378,0.10977078229188919,-0.06370224058628082,-0.28514787554740906,-0.17360839247703552,0.0584007129073143,0.11303623765707016,-0.0703393965959549,0.2610565423965454,-0.027396582067012787,-0.04166378453373909,0.2671085298061371,-0.14836353063583374,0.0009021041914820671
0.10193738341331482,0.6640574932098389,1.387667179107666,0.010676325485387614,-0.007544557726988626,-0.02097905577827231,-0.03097035856263496,0.005280371006919742,0.014281247145091098,0.20369127243757248,-0.035002064704894975,-0.012773895263671786,0.8393162488937378,0.7411493062973022,1.346082329750061,-0.03208121,0.0007375404,0.009479716,446.0,1740111853.7303426,0.07096102833747864,0.0602019727230072,0.19346468150615692,0.15541520714759827,-0.049635328352451324,-0.05079971253871918,0.048505671322345734,0.2525255084037781,0.2346639186143875,0.08682343363761902,0.13740745186805725,0.29769012331962585,0.1719411015510559,-0.024586498737335205,0.23946663737297058,0.05804816633462906,0.1988571137189865,0.059981342405080795,-0.08404166996479034,0.10939566045999527,-0.0643082931637764,-0.2841932475566864,-0.1728505939245224,0.05827052891254425,0.11213556677103043,-0.06991461664438248,0.26081496477127075,-0.027831971645355225,-0.04200420901179314,0.26568493247032166,-0.14705663919448853,0.001450992189347744
0.10137386620044708,0.6638396978378296,1.3873792886734009,0.010676325485387614,-0.007544557726988626,-0.02097905577827231,-0.031049215485576976,0.005175076539460323,0.014493736556157965,0.20193738341331482,-0.03594250679016109,-0.012332820892333896,0.8393162488937378,0.7411493062973022,1.346082329750061,-0.04617165,-0.0017074496,0.020252973,447.0,1740111853.7568855,0.07288241386413574,0.061105649918317795,0.19600282609462738,0.1565352976322174,-0.05133479833602905,-0.04991087689995766,0.0476713702082634,0.2559908330440521,0.23796242475509644,0.08682258427143097,0.13784392178058624,0.29994305968284607,0.17303480207920074,-0.02459036186337471,0.24313271045684814,0.05933159217238426,0.20194371044635773,0.060964349657297134,-0.08609075844287872,0.10956894606351852,-0.06432653218507767,-0.28535446524620056,-0.17459093034267426,0.05809805542230606,0.1143123209476471,-0.07118945568799973,0.2627863883972168,-0.026213407516479492,-0.042285699397325516,0.26878443360328674,-0.15052354335784912,0.0020490502938628197
0.1001286655664444,0.6632235050201416,1.3868565559387207,0.010676325485387614,-0.007544557726988626,-0.02097905577827231,-0.031012960220533854,0.005841692811971246,0.01370312331776811,0.20123932361602784,-0.03618026971817012,-0.013931417465209872,0.8393162488937378,0.7411493062973022,1.346082329750061,-0.04617165,-0.0017074496,0.020252973,448.0,1740111853.790528,0.07288241386413574,0.061105649918317795,0.19600282609462738,0.1565352976322174,-0.05133479833602905,-0.04991087689995766,0.0476713702082634,0.2559908330440521,0.23796242475509644,0.08682258427143097,0.13784392178058624,0.29994305968284607,0.17303480207920074,-0.02459036186337471,0.24313271045684814,0.05933159217238426,0.20194371044635773,0.060964349657297134,-0.08609075844287872,0.10956894606351852,-0.06432653218507767,-0.28535446524620056,-0.17459093034267426,0.05809805542230606,0.1143123209476471,-0.07118945568799973,0.2627863883972168,-0.026213407516479492,-0.042285699397325516,0.26878443360328674,-0.15052354335784912,0.0020490502938628197
0.09862537682056427,0.6628186106681824,1.3865212202072144,-0.04196420910761399,-0.021145994952131045,-0.006626817578405226,-0.03163327202319565,0.006505504172058747,0.01146221640231099,0.19949332475662232,-0.03711743354797359,-0.01343681812286368,0.8393162488937378,0.7411493062973022,1.346082329750061,-0.053865813,-0.0041378215,0.029301912,449.0,1740111853.8232741,0.07056213170289993,0.060721855610609055,0.19236531853675842,0.15385934710502625,-0.04924198240041733,-0.05009160935878754,0.04738396033644676,0.2514626085758209,0.23361144959926605,0.08606356382369995,0.13535751402378082,0.29506412148475647,0.17064929008483887,-0.02516193315386772,0.23812341690063477,0.05760093778371811,0.1982659548521042,0.06001250073313713,-0.08414694666862488,0.107868991792202,-0.06431086361408234,-0.28095877170562744,-0.17202600836753845,0.05697619915008545,0.11260318011045456,-0.06973515450954437,0.25962257385253906,-0.026494164019823074,-0.04175398126244545,0.26429280638694763,-0.14665700495243073,0.0019786888733506203
0.09777065366506577,0.6620704531669617,1.3858962059020996,-0.04196420910761399,-0.021145994952131045,-0.006626817578405226,-0.03141277838977358,0.0059946062289333935,0.013231753104888458,0.1975523740053177,-0.037454736232757524,-0.013693594932556064,0.8393162488937378,0.7411493062973022,1.346082329750061,-0.053865813,-0.0041378215,0.029301912,450.0,1740111853.8566196,0.07056213170289993,0.060721855610609055,0.19236531853675842,0.15385934710502625,-0.04924198240041733,-0.05009160935878754,0.04738396033644676,0.2514626085758209,0.23361144959926605,0.08606356382369995,0.13535751402378082,0.29506412148475647,0.17064929008483887,-0.02516193315386772,0.23812341690063477,0.05760093778371811,0.1982659548521042,0.06001250073313713,-0.08414694666862488,0.107868991792202,-0.06431086361408234,-0.28095877170562744,-0.17202600836753845,0.05697619915008545,0.11260318011045456,-0.06973515450954437,0.25962257385253906,-0.026494164019823074,-0.04175398126244545,0.26429280638694763,-0.14665700495243073,0.0019786888733506203
0.09716182947158813,0.6618350148200989,1.3843775987625122,-0.04196420910761399,-0.021145994952131045,-0.006626817578405226,-0.03027132403717968,0.010413587129087265,0.02754261962386634,0.19701000154018403,-0.03791851997375484,-0.014235758781433017,0.8393162488937378,0.7411493062973022,1.346082329750061,-0.05714306,-0.0036881194,0.028873555,451.0,1740111853.891473,0.06999319046735764,0.06060322746634483,0.19161781668663025,0.15410833060741425,-0.0494905486702919,-0.04997575283050537,0.047656361013650894,0.25153690576553345,0.2326357513666153,0.08616547286510468,0.13498640060424805,0.2949065864086151,0.17049145698547363,-0.02509906142950058,0.2370576560497284,0.05715232715010643,0.19782252609729767,0.06026555970311165,-0.08408747613430023,0.10820398479700089,-0.06415368616580963,-0.2804552912712097,-0.1717417687177658,0.057261787354946136,0.11149848252534866,-0.0698695108294487,0.25915467739105225,-0.0268419049680233,-0.04153243824839592,0.2638324201107025,-0.14594782888889313,0.0010907715186476707
0.0947418138384819,0.6612399220466614,1.3851460218429565,-0.03916202669323414,-0.013538700669885419,-0.011680254984839641,-0.03536702534682603,0.008036021166081667,0.010514462631655033,0.1954110622406006,-0.03789718151092525,-0.014515781402587802,0.8393162488937378,0.7411493062973022,1.346082329750061,-0.061241128,-0.0024457648,0.024377935,452.0,1740111853.9228964,0.06837181746959686,0.06068716570734978,0.18834660947322845,0.1512969583272934,-0.04729478061199188,-0.05036754906177521,0.04691091552376747,0.24774269759655,0.22942103445529938,0.0859697163105011,0.13364240527153015,0.290534108877182,0.1679968684911728,-0.024400323629379272,0.23257645964622498,0.05537501722574234,0.19464527070522308,0.05889800563454628,-0.0813601016998291,0.10612862557172775,-0.06331297755241394,-0.27718406915664673,-0.16908276081085205,0.05658090114593506,0.10933388769626617,-0.06811479479074478,0.2556185722351074,-0.026830781251192093,-0.04144512489438057,0.25940921902656555,-0.1423082947731018,0.001752721145749092
0.09428363293409348,0.6603012084960938,1.3845828771591187,-0.03916202669323414,-0.013538700669885419,-0.011680254984839641,-0.031468442346870434,0.0055161107445549605,0.01422121925012058,0.19487520158290864,-0.039413404464721635,-0.015209102630615146,0.8393162488937378,0.7411493062973022,1.346082329750061,-0.065377176,0.00032742321,0.014037527,453.0,1740111853.955591,0.0671677440404892,0.060347311198711395,0.18751461803913116,0.15219631791114807,-0.04757426679134369,-0.05005834251642227,0.04768364503979683,0.2481437623500824,0.22781281173229218,0.08652260899543762,0.13416141271591187,0.29082992672920227,0.16818585991859436,-0.024047430604696274,0.2310027778148651,0.05503377690911293,0.19348113238811493,0.05924994871020317,-0.08133869618177414,0.10737334936857224,-0.06222348287701607,-0.27721378207206726,-0.1691160649061203,0.05717458575963974,0.10714942961931229,-0.06830704212188721,0.2550787925720215,-0.027233503758907318,-0.04083174094557762,0.2595600187778473,-0.14140944182872772,-0.00014089234173297882
0.08684781193733215,0.6583130955696106,1.3827766180038452,-0.07168789689971658,-0.02657942541154157,-0.021517296329415125,0.0011269396831781464,-0.010637460460761104,0.02214867733108596,0.18741041272878647,-0.041317117214202836,-0.017032527923583896,0.8393162488937378,0.7411493062973022,1.346082329750061,-0.06877022,0.00027915835,0.01397264,454.0,1740111854.0427206,0.06580698490142822,0.06008698791265488,0.1866104155778885,0.15392731130123138,-0.047961749136447906,-0.05010135471820831,0.0487678125500679,0.24863435328006744,0.22597940266132355,0.0874205231666565,0.13490167260169983,0.29168692231178284,0.1683717519044876,-0.024527255445718765,0.2297593653202057,0.05432182922959328,0.19255542755126953,0.059948232024908066,-0.0820092111825943,0.10895254462957382,-0.06220037117600441,-0.27765345573425293,-0.16952066123485565,0.0581674724817276,0.10515903681516647,-0.06852343678474426,0.2551271319389343,-0.028634637594223022,-0.04100598022341728,0.2594233751296997,-0.14024324715137482,-0.002097528427839279
0.08566997945308685,0.6577462553977966,1.3825218677520752,-0.07168789689971658,-0.02657942541154157,-0.021517296329415125,0.0010902130674924114,-0.010084298724376307,0.02250908199258981,0.1897221863269806,-0.04151971340179439,-0.01595308780670157,0.8393162488937378,0.7411493062973022,1.346082329750061,-0.0724969,0.00087378174,0.010694332,455.0,1740111854.0729153,0.06538167595863342,0.0600907988846302,0.1861332207918167,0.15388533473014832,-0.047393158078193665,-0.050577178597450256,0.04832929000258446,0.24812579154968262,0.22553913295269012,0.08753058314323425,0.13522100448608398,0.2912074625492096,0.16851554811000824,-0.02479548379778862,0.22897428274154663,0.053816892206668854,0.19231688976287842,0.05973566696047783,-0.08191531896591187,0.10896538943052292,-0.06235116347670555,-0.27794790267944336,-0.16957426071166992,0.05849245935678482,0.10451962053775787,-0.06827984750270844,0.25532275438308716,-0.029161766171455383,-0.041082676500082016,0.2585788369178772,-0.1392938196659088,-0.0019910940900444984
0.08955589681863785,0.6579529643058777,1.38230562210083,-0.07168789689971658,-0.02657942541154157,-0.021517296329415125,-0.03181721942155154,0.01077925424421498,0.02678957370581686,0.18859801292419434,-0.042104375362396196,-0.01628222465515128,0.8393162488937378,0.7411493062973022,1.346082329750061,-0.06273812,-0.0034651086,0.023443684,456.0,1740111854.1149049,0.06383819133043289,0.06034677475690842,0.18339739739894867,0.1517767757177353,-0.04598071426153183,-0.05195175111293793,0.04664355516433716,0.2443242371082306,0.22271522879600525,0.0863187164068222,0.13385207951068878,0.2867468297481537,0.16637292504310608,-0.025994542986154556,0.22546377778053284,0.05150870233774185,0.190092533826828,0.05901644751429558,-0.08100232481956482,0.10662622004747391,-0.0631033331155777,-0.27533721923828125,-0.1674821823835373,0.057387977838516235,0.10320167988538742,-0.06694243103265762,0.25435444712638855,-0.029094107449054718,-0.04153040423989296,0.2540087103843689,-0.13562974333763123,-3.5078264772892e-05
0.08845102787017822,0.6572787165641785,1.3819634914398193,-0.07168789689971658,-0.02657942541154157,-0.021517296329415125,-0.030348693920499922,0.010948777869074371,0.02735540446996989,0.1889553427696228,-0.0424405455589294,-0.017842912673950106,0.8393162488937378,0.7411493062973022,1.346082329750061,-0.06471084,-0.0029146373,0.019971468,457.0,1740111854.1388566,0.0641118511557579,0.06025352329015732,0.18387971818447113,0.15182124078273773,-0.04621870815753937,-0.05188551917672157,0.0465247742831707,0.24495768547058105,0.2228374481201172,0.08622987568378448,0.1340186893939972,0.2869596779346466,0.1667660027742386,-0.025480281561613083,0.22573167085647583,0.051719967275857925,0.19012126326560974,0.058918919414281845,-0.08112697303295135,0.106879822909832,-0.0626133605837822,-0.27585333585739136,-0.16764134168624878,0.05745614320039749,0.10295925289392471,-0.06705498695373535,0.25496622920036316,-0.028935492038726807,-0.041179921478033066,0.2547248303890228,-0.13569973409175873,-0.00018578115850687027
0.08251272141933441,0.655425488948822,1.3812954425811768,0.008323688252215813,-0.01269582488184671,-0.008470249091863053,-0.0007793337050586652,-0.009459531560454383,0.015950982901293476,0.18783500641584397,-0.04319263696670528,-0.01822795867919913,0.8393162488937378,0.7411493062973022,1.346082329750061,-0.06471084,-0.0029146373,0.019971468,458.0,1740111854.1697314,0.0641118511557579,0.06025352329015732,0.18387971818447113,0.15182124078273773,-0.04621870815753937,-0.05188551917672157,0.0465247742831707,0.24495768547058105,0.2228374481201172,0.08622987568378448,0.1340186893939972,0.2869596779346466,0.1667660027742386,-0.025480281561613083,0.22573167085647583,0.051719967275857925,0.19012126326560974,0.058918919414281845,-0.08112697303295135,0.106879822909832,-0.0626133605837822,-0.27585333585739136,-0.16764134168624878,0.05745614320039749,0.10295925289392471,-0.06705498695373535,0.25496622920036316,-0.028935492038726807,-0.041179921478033066,0.2547248303890228,-0.13569973409175873,-0.00018578115850687027
0.08116544038057327,0.6550344824790955,1.3812202215194702,0.008323688252215813,-0.01269582488184671,-0.008470249091863053,-0.0003313953913281206,-0.008942021222147644,0.019921690942363717,0.1820002555847168,-0.04493041038513179,-0.01885201930999747,0.8393162488937378,0.7411493062973022,1.346082329750061,-0.05806368,-0.003988661,0.022914134,459.0,1740111854.2034712,0.06446881592273712,0.06034252420067787,0.18440349400043488,0.15167833864688873,-0.04628382623195648,-0.05174902081489563,0.04646288976073265,0.24557217955589294,0.2234956920146942,0.08629095554351807,0.13406509160995483,0.28728675842285156,0.1669289767742157,-0.025069478899240494,0.22630828619003296,0.052033599466085434,0.19038434326648712,0.0587918646633625,-0.08109424263238907,0.10673519223928452,-0.06245066598057747,-0.2761525809764862,-0.16769346594810486,0.05749763548374176,0.10322722792625427,-0.06709294021129608,0.25515487790107727,-0.028725363314151764,-0.041173893958330154,0.2553107440471649,-0.1360994577407837,0.0002501746639609337
0.0788249745965004,0.6530566215515137,1.380768895149231,0.008323688252215813,-0.01269582488184671,-0.008470249091863053,-0.020126280987221815,-0.004351821506940616,0.02433713112731791,0.18056417852640153,-0.04533339738845821,-0.01899697780609122,0.8393162488937378,0.7411493062973022,1.346082329750061,-0.04111352,-0.0066407993,0.03330224,460.0,1740111854.236596,0.06653660535812378,0.06115099415183067,0.18492038547992706,0.1499284952878952,-0.04566294699907303,-0.052379757165908813,0.04460674151778221,0.2453872561454773,0.22630226612091064,0.08566734194755554,0.1333717256784439,0.2865612804889679,0.16637183725833893,-0.024981286376714706,0.22833165526390076,0.05253702774643898,0.19226104021072388,0.05800758674740791,-0.08110202848911285,0.10438372939825058,-0.0635102391242981,-0.2760140895843506,-0.16745425760746002,0.057010218501091,0.1060347631573677,-0.06636456400156021,0.2554571032524109,-0.028020337224006653,-0.042259421199560165,0.25428733229637146,-0.13733774423599243,0.0037751290947198868
0.07888627052307129,0.6534658074378967,1.3802450895309448,-0.07458265027322404,-0.02784997516145057,-0.01272627918529558,-0.0004495692905564811,-0.009063601789566406,0.021174421472154592,0.17826116681098939,-0.047326517105102495,-0.019504809379577548,0.8393162488937378,0.7411493062973022,1.346082329750061,-0.05756572,-0.004865356,0.026101753,461.0,1740111854.2701497,0.06536875665187836,0.06073734909296036,0.18439088761806488,0.15101274847984314,-0.04622088372707367,-0.052383020520210266,0.04589067026972771,0.24529966711997986,0.22504591941833496,0.08563186228275299,0.13304990530014038,0.2869749069213867,0.1668597161769867,-0.026235487312078476,0.22742801904678345,0.052051715552806854,0.19190466403961182,0.059214863926172256,-0.0818520039319992,0.10564418882131577,-0.06456053256988525,-0.275493860244751,-0.16782322525978088,0.05746127665042877,0.10542884469032288,-0.06705809384584427,0.2558538317680359,-0.02928096055984497,-0.04195496812462807,0.25407394766807556,-0.13695479929447174,0.00244347658008337
0.07783032953739166,0.65260910987854,1.3797245025634766,-0.07458265027322404,-0.02784997516145057,-0.01272627918529558,-0.0010029995827056536,-0.008520803493628224,0.02150914817344105,0.17840217649936677,-0.04703624248504634,-0.01995661258697501,0.8393162488937378,0.7411493062973022,1.346082329750061,-0.037093356,-0.0073658153,0.034628697,462.0,1740111854.3040657,0.06674785912036896,0.06132517755031586,0.18553923070430756,0.1499367207288742,-0.045794352889060974,-0.05208355188369751,0.044714994728565216,0.24548162519931793,0.22684556245803833,0.08552056550979614,0.13318270444869995,0.28674817085266113,0.16655263304710388,-0.025194242596626282,0.2289007008075714,0.052723344415426254,0.19268237054347992,0.05833869054913521,-0.08118966966867447,0.10455270856618881,-0.06376420706510544,-0.2757658064365387,-0.16771775484085083,0.05681493133306503,0.10688767582178116,-0.06666193157434464,0.2557753026485443,-0.02785426750779152,-0.04208986833691597,0.25481849908828735,-0.13804444670677185,0.00374599639326334
0.07676240056753159,0.651604950428009,1.3790987730026245,-0.07458265027322404,-0.02784997516145057,-0.01272627918529558,-0.0018340281617799492,-0.009607813789609261,0.021340202808365044,0.17734211534261704,-0.047849071025848344,-0.02056434154510489,0.8393162488937378,0.7411493062973022,1.346082329750061,-0.037093356,-0.0073658153,0.034628697,463.0,1740111854.337102,0.06674785912036896,0.06132517755031586,0.18553923070430756,0.1499367207288742,-0.045794352889060974,-0.05208355188369751,0.044714994728565216,0.24548162519931793,0.22684556245803833,0.08552056550979614,0.13318270444869995,0.28674817085266113,0.16655263304710388,-0.025194242596626282,0.2289007008075714,0.052723344415426254,0.19268237054347992,0.05833869054913521,-0.08118966966867447,0.10455270856618881,-0.06376420706510544,-0.2757658064365387,-0.16771775484085083,0.05681493133306503,0.10688767582178116,-0.06666193157434464,0.2557753026485443,-0.02785426750779152,-0.04208986833691597,0.25481849908828735,-0.13804444670677185,0.00374599639326334
0.07523909956216812,0.6503345370292664,1.3781757354736328,-0.03317971944170309,-0.02848637334750404,-0.018825711156177812,-0.0018635848678889189,-0.009980463071982665,0.02272701927484983,0.17630109786987305,-0.04873533248901363,-0.021210098266601474,0.8393162488937378,0.7411493062973022,1.346082329750061,-0.037093356,-0.0073658153,0.034628697,464.0,1740111854.3808477,0.06674785912036896,0.06132517755031586,0.18553923070430756,0.1499367207288742,-0.045794352889060974,-0.05208355188369751,0.044714994728565216,0.24548162519931793,0.22684556245803833,0.08552056550979614,0.13318270444869995,0.28674817085266113,0.16655263304710388,-0.025194242596626282,0.2289007008075714,0.052723344415426254,0.19268237054347992,0.05833869054913521,-0.08118966966867447,0.10455270856618881,-0.06376420706510544,-0.2757658064365387,-0.16771775484085083,0.05681493133306503,0.10688767582178116,-0.06666193157434464,0.2557753026485443,-0.02785426750779152,-0.04208986833691597,0.25481849908828735,-0.13804444670677185,0.00374599639326334
0.07467854022979736,0.6499395966529846,1.3778270483016968,-0.03317971944170309,-0.02848637334750404,-0.018825711156177812,-0.0009750345348439729,-0.010757057230320338,0.0220749555869823,0.17523909956216813,-0.0496654629707336,-0.0218242645263671,0.8393162488937378,0.7411493062973022,1.346082329750061,-0.05655627,-0.0041728467,0.026227571,465.0,1740111854.4148133,0.06681355088949203,0.06183018162846565,0.18560539186000824,0.15036888420581818,-0.045588262379169464,-0.05263229459524155,0.043831147253513336,0.24521957337856293,0.22740167379379272,0.08570803701877594,0.13404527306556702,0.28653961420059204,0.1659557819366455,-0.025681477040052414,0.2291487455368042,0.05189533159136772,0.19318901002407074,0.05825633183121681,-0.0813729539513588,0.10400862246751785,-0.0640481635928154,-0.27632004022598267,-0.1679021567106247,0.05684273689985275,0.10712859034538269,-0.06619671732187271,0.2559855580329895,-0.027896881103515625,-0.04298671707510948,0.2539604902267456,-0.13777998089790344,0.0043871840462088585
0.07375340163707733,0.649016797542572,1.3771014213562012,-0.03317971944170309,-0.02848637334750404,-0.018825711156177812,-0.00046887050605944866,-0.013828011687653375,0.020240876943602538,0.17305461913347245,-0.05165220499038692,-0.02252473831176749,0.8393162488937378,0.7411493062973022,1.346082329750061,-0.01765281,-0.002732724,0.02695696,466.0,1740111854.4455092,0.06805620342493057,0.0628867894411087,0.1780259758234024,0.1365714967250824,-0.03603784739971161,-0.05722290650010109,0.03612452372908592,0.2300569862127304,0.22561301290988922,0.08225499093532562,0.12877538800239563,0.2705670893192291,0.15703734755516052,-0.025126907974481583,0.22192010283470154,0.04674212262034416,0.18953634798526764,0.05137589946389198,-0.0737588182091713,0.09028805047273636,-0.06653305888175964,-0.268476277589798,-0.15961627662181854,0.052512288093566895,0.11060503125190735,-0.058511972427368164,0.2485777586698532,-0.026906028389930725,-0.04617387428879738,0.23637425899505615,-0.12995576858520508,0.018469123169779778
0.07619357109069824,0.6486977338790894,1.3777596950531006,-0.03317971944170309,-0.02848637334750404,-0.018825711156177812,-0.025035665342827983,0.006262285950084862,0.009115935883955206,0.173222354054451,-0.05145676136016841,-0.023202800750732333,0.8393162488937378,0.7411493062973022,1.346082329750061,-0.01765281,-0.002732724,0.02695696,467.0,1740111854.4726431,0.06805620342493057,0.0628867894411087,0.1780259758234024,0.1365714967250824,-0.03603784739971161,-0.05722290650010109,0.03612452372908592,0.2300569862127304,0.22561301290988922,0.08225499093532562,0.12877538800239563,0.2705670893192291,0.15703734755516052,-0.025126907974481583,0.22192010283470154,0.04674212262034416,0.18953634798526764,0.05137589946389198,-0.0737588182091713,0.09028805047273636,-0.06653305888175964,-0.268476277589798,-0.15961627662181854,0.052512288093566895,0.11060503125190735,-0.058511972427368164,0.2485777586698532,-0.026906028389930725,-0.04617387428879738,0.23637425899505615,-0.12995576858520508,0.018469123169779778
0.07183027267456055,0.6471458673477173,1.3758882284164429,-0.0314793926570509,-0.03452676123495053,-0.02275479794969603,-0.0008345239435266977,-0.014033537516822162,0.02076543756013509,0.1720910131931305,-0.0531183004379272,-0.024099850654601962,0.8393162488937378,0.7411493062973022,1.346082329750061,-0.02124843,-0.0027995408,0.027218387,468.0,1740111854.50408,0.06688110530376434,0.06254154443740845,0.17683017253875732,0.13610941171646118,-0.03544379770755768,-0.057380713522434235,0.03654029965400696,0.22901290655136108,0.22354252636432648,0.08231011033058167,0.12863372266292572,0.2694568932056427,0.1567385047674179,-0.024708658456802368,0.21984371542930603,0.046088848263025284,0.18774469196796417,0.05099126324057579,-0.07274123281240463,0.09048839658498764,-0.06595305353403091,-0.26789650321006775,-0.15876291692256927,0.05254223942756653,0.10864473134279251,-0.058121755719184875,0.247715026140213,-0.02732538804411888,-0.04573632404208183,0.23543211817741394,-0.12800903618335724,0.017538953572511673
0.06991851329803467,0.6452710628509521,1.3753554821014404,-0.0314793926570509,-0.03452676123495053,-0.02275479794969603,-0.019689764947216016,-0.010060941514066848,0.023219468990234044,0.1714772343635559,-0.05325771570205684,-0.024373197555541903,0.8393162488937378,0.7411493062973022,1.346082329750061,-0.02124843,-0.0027995408,0.027218387,469.0,1740111854.538353,0.06688110530376434,0.06254154443740845,0.17683017253875732,0.13610941171646118,-0.03544379770755768,-0.057380713522434235,0.03654029965400696,0.22901290655136108,0.22354252636432648,0.08231011033058167,0.12863372266292572,0.2694568932056427,0.1567385047674179,-0.024708658456802368,0.21984371542930603,0.046088848263025284,0.18774469196796417,0.05099126324057579,-0.07274123281240463,0.09048839658498764,-0.06595305353403091,-0.26789650321006775,-0.15876291692256927,0.05254223942756653,0.10864473134279251,-0.058121755719184875,0.247715026140213,-0.02732538804411888,-0.04573632404208183,0.23543211817741394,-0.12800903618335724,0.017538953572511673
0.07020090520381927,0.6455917358398438,1.3749372959136963,-0.0314793926570509,-0.03452676123495053,-0.02275479794969603,-0.0014822481225898415,-0.015393664449507388,0.020629500471355856,0.17061012089252472,-0.05399264097213741,-0.02488543987274161,0.8393162488937378,0.7411493062973022,1.346082329750061,-0.014707953,-0.0028663129,0.02961585,470.0,1740111854.5726273,0.06525913625955582,0.0623263344168663,0.17594145238399506,0.13671964406967163,-0.03538808226585388,-0.05718507617712021,0.03732695057988167,0.22874251008033752,0.22138524055480957,0.08289158344268799,0.12915194034576416,0.2689380347728729,0.1564229130744934,-0.02436208724975586,0.21800224483013153,0.045459188520908356,0.185750350356102,0.0507710836827755,-0.07205969840288162,0.09123563021421432,-0.06492296606302261,-0.267689049243927,-0.15816451609134674,0.05277474224567413,0.10616490989923477,-0.057894349098205566,0.24685604870319366,-0.027601178735494614,-0.04553830251097679,0.23525109887123108,-0.12610553205013275,0.015794798731803894
0.06947751343250275,0.6449495553970337,1.3746118545532227,-0.02257486079886448,-0.016884538076095034,-0.0118291195915179,-0.0007521246890846277,-0.016658940775773862,0.021008874230193646,0.169831021130085,-0.054808628559112504,-0.025284075736999423,0.8393162488937378,0.7411493062973022,1.346082329750061,-0.017123789,-0.0032604635,0.03134896,471.0,1740111854.6141825,0.06472112983465195,0.06260085105895996,0.17566797137260437,0.13829374313354492,-0.035387858748435974,-0.057919666171073914,0.037271756678819656,0.22936435043811798,0.2213045358657837,0.08363793790340424,0.13017688691616058,0.26974135637283325,0.15685755014419556,-0.025608770549297333,0.2180640995502472,0.0445522665977478,0.18645025789737701,0.05150846764445305,-0.07357566803693771,0.09168723970651627,-0.06645318865776062,-0.2688179612159729,-0.1591380387544632,0.05377879738807678,0.10584349930286407,-0.057966411113739014,0.24821782112121582,-0.02931978553533554,-0.04671565070748329,0.23433879017829895,-0.12551358342170715,0.01593787781894207
0.07321718335151672,0.6447173953056335,1.3754470348358154,-0.02257486079886448,-0.016884538076095034,-0.0118291195915179,-0.03337992623251001,-0.0003809385720548575,0.014178654475773877,0.1723641961812973,-0.05422474145889278,-0.024283075332641513,0.8393162488937378,0.7411493062973022,1.346082329750061,-0.028318502,-0.0063605756,0.035989128,472.0,1740111854.6453798,0.06410962343215942,0.06289104372262955,0.17673052847385406,0.14057733118534088,-0.03697934001684189,-0.05746375769376755,0.03745083510875702,0.23162730038166046,0.22112077474594116,0.08385612070560455,0.13161656260490417,0.27127596735954285,0.15773524343967438,-0.02559342235326767,0.21868693828582764,0.04417834430932999,0.18690535426139832,0.05241471156477928,-0.07483252137899399,0.09296109527349472,-0.06550993025302887,-0.2704019844532013,-0.16022460162639618,0.05437948554754257,0.10462354868650436,-0.058884233236312866,0.24941861629486084,-0.029002077877521515,-0.046510424464941025,0.23626190423965454,-0.1261117160320282,0.014088038355112076
0.06809565424919128,0.6424298882484436,1.3742305040359497,-0.02257486079886448,-0.016884538076095034,-0.0118291195915179,0.00014862094506970795,-0.058787597537069,-0.012822785488513804,0.16977559626102448,-0.0562652468681335,-0.02559330463409415,0.8393162488937378,0.7411493062973022,1.346082329750061,-0.028318502,-0.0063605756,0.035989128,473.0,1740111854.6797628,0.06410962343215942,0.06289104372262955,0.17673052847385406,0.14057733118534088,-0.03697934001684189,-0.05746375769376755,0.03745083510875702,0.23162730038166046,0.22112077474594116,0.08385612070560455,0.13161656260490417,0.27127596735954285,0.15773524343967438,-0.02559342235326767,0.21868693828582764,0.04417834430932999,0.18690535426139832,0.05241471156477928,-0.07483252137899399,0.09296109527349472,-0.06550993025302887,-0.2704019844532013,-0.16022460162639618,0.05437948554754257,0.10462354868650436,-0.058884233236312866,0.24941861629486084,-0.029002077877521515,-0.046510424464941025,0.23626190423965454,-0.1261117160320282,0.014088038355112076
0.06773855537176132,0.642132043838501,1.3742806911468506,-0.01742303851697153,-0.025473670209598075,-0.003623993996736321,-0.0001836186476604925,-0.058857962015165466,-0.01218422631723962,0.1680956542491913,-0.05757011175155635,-0.025769495964050204,0.8393162488937378,0.7411493062973022,1.346082329750061,-0.023055151,-0.008877061,0.041279968,474.0,1740111854.705059,0.06369823217391968,0.06275533139705658,0.1757926493883133,0.1402556598186493,-0.03723672777414322,-0.05738716572523117,0.03750555217266083,0.23086954653263092,0.22061608731746674,0.08324256539344788,0.1308266520500183,0.27052512764930725,0.15762704610824585,-0.025983627885580063,0.21795260906219482,0.0442136749625206,0.1865931749343872,0.05256396159529686,-0.07495670020580292,0.09269619733095169,-0.06566110998392105,-0.2691655158996582,-0.15989193320274353,0.054264530539512634,0.1046682745218277,-0.05880860239267349,0.24882760643959045,-0.028949521481990814,-0.04611290618777275,0.23531675338745117,-0.12578549981117249,0.013818848878145218
0.07097002118825912,0.6433886885643005,1.3760236501693726,-0.01742303851697153,-0.025473670209598075,-0.003623993996736321,-0.03563443036840912,-0.0014985707111577306,0.014711768270006406,0.1678742825984955,-0.05764515399932857,-0.02488830089569083,0.8393162488937378,0.7411493062973022,1.346082329750061,-0.023055151,-0.008877061,0.041279968,475.0,1740111854.7387636,0.06369823217391968,0.06275533139705658,0.1757926493883133,0.1402556598186493,-0.03723672777414322,-0.05738716572523117,0.03750555217266083,0.23086954653263092,0.22061608731746674,0.08324256539344788,0.1308266520500183,0.27052512764930725,0.15762704610824585,-0.025983627885580063,0.21795260906219482,0.0442136749625206,0.1865931749343872,0.05256396159529686,-0.07495670020580292,0.09269619733095169,-0.06566110998392105,-0.2691655158996582,-0.15989193320274353,0.054264530539512634,0.1046682745218277,-0.05880860239267349,0.24882760643959045,-0.028949521481990814,-0.04611290618777275,0.23531675338745117,-0.12578549981117249,0.013818848878145218
0.07039771229028702,0.6426949501037598,1.375048041343689,-0.01742303851697153,-0.025473670209598075,-0.003623993996736321,-0.0335372140490375,0.002790757251130068,0.03290578594802745,0.17092279940843583,-0.057153832912445024,-0.025095129013061435,0.8393162488937378,0.7411493062973022,1.346082329750061,-0.028140709,-0.008886367,0.040549725,476.0,1740111854.7709079,0.06462099403142929,0.06270090490579605,0.17729513347148895,0.14080023765563965,-0.0389304980635643,-0.05637609213590622,0.03734828531742096,0.2333504855632782,0.2219678908586502,0.08234357833862305,0.1304524689912796,0.27166733145713806,0.15840008854866028,-0.02476302534341812,0.2194840908050537,0.04536280035972595,0.18761233985424042,0.05269518122076988,-0.07576113939285278,0.0929480716586113,-0.06435097754001617,-0.26928389072418213,-0.16035214066505432,0.053989097476005554,0.105399489402771,-0.05956455320119858,0.24924704432487488,-0.027265839278697968,-0.04488936439156532,0.23786887526512146,-0.1278330534696579,0.012942221015691757
0.0690717101097107,0.6421177983283997,1.3769352436065674,-0.01742303851697153,-0.025473670209598075,-0.003623993996736321,-0.033652661411320624,-0.005488218639908183,0.013453566414590884,0.1695885568857193,-0.05748088359832759,-0.023427033424377353,0.8393162488937378,0.7411493062973022,1.346082329750061,-0.030097052,-0.008768935,0.03979931,477.0,1740111854.803822,0.06459587067365646,0.0627739205956459,0.17743456363677979,0.14080218970775604,-0.039311833679676056,-0.05619291216135025,0.037352994084358215,0.23372098803520203,0.2218707799911499,0.08214046061038971,0.13025131821632385,0.27158501744270325,0.15823622047901154,-0.02457745373249054,0.21944215893745422,0.045382238924503326,0.1874409168958664,0.05272151157259941,-0.07565417885780334,0.0928538516163826,-0.06402289867401123,-0.2690490186214447,-0.16008803248405457,0.053785428404808044,0.10512325167655945,-0.0596764013171196,0.2490396946668625,-0.026804737746715546,-0.04475035145878792,0.23824506998062134,-0.12797313928604126,0.012829596176743507
0.06752009689807892,0.6417767405509949,1.377059817314148,0.005028770654579028,-0.003033019468632102,0.02118089272353906,-0.036515844656505,-0.0018563421476768757,0.015338529209184245,0.16834109127521515,-0.058231365680694536,-0.023181462287902743,0.8393162488937378,0.7411493062973022,1.346082329750061,-0.030097052,-0.008768935,0.03979931,478.0,1740111854.837727,0.06459587067365646,0.0627739205956459,0.17743456363677979,0.14080218970775604,-0.039311833679676056,-0.05619291216135025,0.037352994084358215,0.23372098803520203,0.2218707799911499,0.08214046061038971,0.13025131821632385,0.27158501744270325,0.15823622047901154,-0.02457745373249054,0.21944215893745422,0.045382238924503326,0.1874409168958664,0.05272151157259941,-0.07565417885780334,0.0928538516163826,-0.06402289867401123,-0.2690490186214447,-0.16008803248405457,0.053785428404808044,0.10512325167655945,-0.0596764013171196,0.2490396946668625,-0.026804737746715546,-0.04475035145878792,0.23824506998062134,-0.12797313928604126,0.012829596176743507
0.06650225073099136,0.6418927907943726,1.3777458667755127,0.005028770654579028,-0.003033019468632102,0.02118089272353906,-0.040486893131076986,-0.002251090774841364,0.01112721715917748,0.16689643114805222,-0.0585124015808105,-0.022719168663024814,0.8393162488937378,0.7411493062973022,1.346082329750061,-0.03217443,-0.008750122,0.03883578,479.0,1740111854.870359,0.06502804905176163,0.06295473128557205,0.17836391925811768,0.1413407027721405,-0.040045201778411865,-0.055609576404094696,0.037457097321748734,0.2351963371038437,0.22264042496681213,0.08216801285743713,0.13023734092712402,0.27259331941604614,0.1584400087594986,-0.02432173490524292,0.22040864825248718,0.045818693935871124,0.18814142048358917,0.053057942539453506,-0.07606568187475204,0.0930514708161354,-0.06374558806419373,-0.26931169629096985,-0.16040578484535217,0.053753554821014404,0.10552815347909927,-0.060232654213905334,0.24926994740962982,-0.026278868317604065,-0.04472365602850914,0.23959460854530334,-0.12921087443828583,0.012583797797560692
0.06472854316234589,0.6412967443466187,1.3776074647903442,0.005028770654579028,-0.003033019468632102,0.02118089272353906,-0.048677135705723996,0.0017258814599560937,0.020034207535337176,0.1656871944665909,-0.05898452997207637,-0.02210524082183829,0.8393162488937378,0.7411493062973022,1.346082329750061,-0.03217443,-0.008750122,0.03883578,480.0,1740111854.9063673,0.06502804905176163,0.06295473128557205,0.17836391925811768,0.1413407027721405,-0.040045201778411865,-0.055609576404094696,0.037457097321748734,0.2351963371038437,0.22264042496681213,0.08216801285743713,0.13023734092712402,0.27259331941604614,0.1584400087594986,-0.02432173490524292,0.22040864825248718,0.045818693935871124,0.18814142048358917,0.053057942539453506,-0.07606568187475204,0.0930514708161354,-0.06374558806419373,-0.26931169629096985,-0.16040578484535217,0.053753554821014404,0.10552815347909927,-0.060232654213905334,0.24926994740962982,-0.026278868317604065,-0.04472365602850914,0.23959460854530334,-0.12921087443828583,0.012583797797560692
0.06473693251609802,0.6405952572822571,1.3793258666992188,-0.032756804047758346,-0.010664369758824677,0.022788142754989273,-0.03291616171577592,-0.0030070443880501154,0.00680465971643952,0.1650826320052147,-0.05933333635330196,-0.02142634391784659,0.8393162488937378,0.7411493062973022,1.346082329750061,-0.03217443,-0.008750122,0.03883578,481.0,1740111854.9374187,0.06502804905176163,0.06295473128557205,0.17836391925811768,0.1413407027721405,-0.040045201778411865,-0.055609576404094696,0.037457097321748734,0.2351963371038437,0.22264042496681213,0.08216801285743713,0.13023734092712402,0.27259331941604614,0.1584400087594986,-0.02432173490524292,0.22040864825248718,0.045818693935871124,0.18814142048358917,0.053057942539453506,-0.07606568187475204,0.0930514708161354,-0.06374558806419373,-0.26931169629096985,-0.16040578484535217,0.053753554821014404,0.10552815347909927,-0.060232654213905334,0.24926994740962982,-0.026278868317604065,-0.04472365602850914,0.23959460854530334,-0.12921087443828583,0.012583797797560692
0.06274539232254028,0.6397103071212769,1.379817008972168,-0.032756804047758346,-0.010664369758824677,0.022788142754989273,-0.032956804224951446,-5.326737296622342e-05,0.010763467052137253,0.1640392303466797,-0.05959035158157344,-0.020335817337036044,0.8393162488937378,0.7411493062973022,1.346082329750061,-0.029181406,-0.01053302,0.043369807,482.0,1740111854.9793642,0.06654895842075348,0.06330635398626328,0.17892765998840332,0.14046476781368256,-0.04073023796081543,-0.05454403534531593,0.03678668290376663,0.2358170747756958,0.22494131326675415,0.08138889074325562,0.12886886298656464,0.2725358009338379,0.1582985520362854,-0.023664582520723343,0.22211730480194092,0.047193996608257294,0.18973447382450104,0.053026411682367325,-0.07632219791412354,0.09202771633863449,-0.06371936202049255,-0.26793956756591797,-0.16046178340911865,0.0532904788851738,0.10798129439353943,-0.0601998046040535,0.24867768585681915,-0.025034137070178986,-0.04453181102871895,0.24019452929496765,-0.1314491629600525,0.013717714697122574
0.0574335902929306,0.6384692192077637,1.3790439367294312,-0.032756804047758346,-0.010664369758824677,0.022788142754989273,-0.0006945123806019899,-0.07871255225248715,-0.033983490124017454,0.1627453923225403,-0.0602896928787231,-0.020182991027831942,0.8393162488937378,0.7411493062973022,1.346082329750061,-0.028429404,-0.0099156685,0.04225147,483.0,1740111855.0135698,0.0670492872595787,0.06343530863523483,0.17913459241390228,0.14055222272872925,-0.04131457954645157,-0.054206110537052155,0.03616270422935486,0.23637041449546814,0.22587141394615173,0.08069097995758057,0.12829537689685822,0.2724992334842682,0.158517524600029,-0.02361423522233963,0.2229500114917755,0.04760536178946495,0.19084051251411438,0.05326796695590019,-0.07727618515491486,0.09166055172681808,-0.06377816200256348,-0.267483115196228,-0.16097386181354523,0.053268417716026306,0.10914650559425354,-0.06045657396316528,0.24903690814971924,-0.024595916271209717,-0.04441806301474571,0.2403002679347992,-0.1325274258852005,0.01387816108763218
0.06046228110790253,0.6396733522415161,1.3808931112289429,-0.032756804047758346,-0.010664369758824677,0.022788142754989273,-0.03801376632662956,0.0021198371309840976,0.005715443174100891,0.1604855902493,-0.05993951559066768,-0.019345307350158603,0.8393162488937378,0.7411493062973022,1.346082329750061,-0.024238706,-0.009571314,0.041891236,484.0,1740111855.0455759,0.06785903126001358,0.0636034607887268,0.17920881509780884,0.14030174911022186,-0.04161180555820465,-0.0543130561709404,0.035813312977552414,0.23625457286834717,0.22703753411769867,0.0800606906414032,0.12756122648715973,0.2726142704486847,0.15873396396636963,-0.024136751890182495,0.22397959232330322,0.048053305596113205,0.19208283722400665,0.053518373519182205,-0.07798367738723755,0.09111379832029343,-0.06480704247951508,-0.2670001983642578,-0.16134333610534668,0.05321939289569855,0.11083763837814331,-0.060545556247234344,0.24943116307258606,-0.02468758076429367,-0.04461723938584328,0.2398388385772705,-0.13343481719493866,0.014812408946454525
0.05427896976470947,0.6377986073493958,1.380599021911621,-0.05842883826951387,-0.0173937045889858,0.004999168948759755,-0.007416309581542359,-0.0033959006018299508,0.02294820622749139,0.157696670293808,-0.06150056123733516,-0.020071768760681064,0.8393162488937378,0.7411493062973022,1.346082329750061,-0.018033639,-0.008489907,0.04108207,485.0,1740111855.0791204,0.06727982312440872,0.06349550187587738,0.17776206135749817,0.13963843882083893,-0.04082656651735306,-0.0553518570959568,0.03607436269521713,0.2340201735496521,0.22640292346477509,0.07986943423748016,0.1268152892589569,0.271365225315094,0.1582614630460739,-0.02577943354845047,0.22284859418869019,0.04714464396238327,0.1917993128299713,0.0538182370364666,-0.07775851339101791,0.09053241461515427,-0.06675714999437332,-0.2660003900527954,-0.16075246036052704,0.05333515256643295,0.11111865937709808,-0.05996081233024597,0.24920755624771118,-0.025992710143327713,-0.04524318501353264,0.23715421557426453,-0.13194341957569122,0.01609993726015091
0.05380735546350479,0.6376019716262817,1.380837082862854,-0.05842883826951387,-0.0173937045889858,0.004999168948759755,-0.009042562440116916,-0.005147581252822385,0.022189073278785068,0.15427896976470948,-0.062201392650604204,-0.019400978088378817,0.8393162488937378,0.7411493062973022,1.346082329750061,-0.018033639,-0.008489907,0.04108207,486.0,1740111855.1124017,0.06727982312440872,0.06349550187587738,0.17776206135749817,0.13963843882083893,-0.04082656651735306,-0.0553518570959568,0.03607436269521713,0.2340201735496521,0.22640292346477509,0.07986943423748016,0.1268152892589569,0.271365225315094,0.1582614630460739,-0.02577943354845047,0.22284859418869019,0.04714464396238327,0.1917993128299713,0.0538182370364666,-0.07775851339101791,0.09053241461515427,-0.06675714999437332,-0.2660003900527954,-0.16075246036052704,0.05333515256643295,0.11111865937709808,-0.05996081233024597,0.24920755624771118,-0.025992710143327713,-0.04524318501353264,0.23715421557426453,-0.13194341957569122,0.01609993726015091
0.05666227266192436,0.6379931569099426,1.3824869394302368,-0.05842883826951387,-0.0173937045889858,0.004999168948759755,-0.015998941691327703,-0.13745141707746864,-0.08792708048262841,0.15332089960575104,-0.06261802911758418,-0.0189250946044921,0.8393162488937378,0.7411493062973022,1.346082329750061,-0.018033639,-0.008489907,0.04108207,487.0,1740111855.1397831,0.06727982312440872,0.06349550187587738,0.17776206135749817,0.13963843882083893,-0.04082656651735306,-0.0553518570959568,0.03607436269521713,0.2340201735496521,0.22640292346477509,0.07986943423748016,0.1268152892589569,0.271365225315094,0.1582614630460739,-0.02577943354845047,0.22284859418869019,0.04714464396238327,0.1917993128299713,0.0538182370364666,-0.07775851339101791,0.09053241461515427,-0.06675714999437332,-0.2660003900527954,-0.16075246036052704,0.05333515256643295,0.11111865937709808,-0.05996081233024597,0.24920755624771118,-0.025992710143327713,-0.04524318501353264,0.23715421557426453,-0.13194341957569122,0.01609993726015091
0.055258024483919144,0.6378589272499084,1.383081078529358,-0.020421310669435182,-0.005363667219038872,0.026402060414878113,-0.02762365304524842,0.0029439162964635117,0.002982603544579153,0.15282273143529893,-0.062451851367950395,-0.01841714382171622,0.8393162488937378,0.7411493062973022,1.346082329750061,-0.009130627,-0.008142464,0.042434793,488.0,1740111855.1708024,0.0666273757815361,0.06303524971008301,0.17664389312267303,0.1388702094554901,-0.04033447802066803,-0.0557694211602211,0.03664219006896019,0.23272846639156342,0.22531776130199432,0.07991470396518707,0.12648499011993408,0.2703292667865753,0.15789379179477692,-0.025983165949583054,0.22120881080627441,0.046814482659101486,0.19058352708816528,0.05364713445305824,-0.07698538899421692,0.09038525074720383,-0.06696005165576935,-0.26501932740211487,-0.15990272164344788,0.05322335660457611,0.11040962487459183,-0.05941501259803772,0.24818207323551178,-0.026414312422275543,-0.044789183884859085,0.23585346341133118,-0.13081812858581543,0.01623145118355751
0.053151097148656845,0.6368865370750427,1.3823693990707397,-0.020421310669435182,-0.005363667219038872,0.026402060414878113,-0.01590523830005681,-0.01132831743755597,0.004688183022407863,0.15567335709929467,-0.06146944761276241,-0.016785526275634677,0.8393162488937378,0.7411493062973022,1.346082329750061,-0.007575251,-0.008124925,0.042335775,489.0,1740111855.2029965,0.06555721163749695,0.06274020671844482,0.17396663129329681,0.13612587749958038,-0.038613758981227875,-0.05621954798698425,0.03622009605169296,0.22910960018634796,0.22311565279960632,0.07923291623592377,0.12487179040908813,0.26663872599601746,0.155964195728302,-0.02594493329524994,0.21796858310699463,0.04594110697507858,0.188155397772789,0.05240065976977348,-0.0750790610909462,0.08839152008295059,-0.06688683480024338,-0.26192647218704224,-0.1576986163854599,0.05225882679224014,0.10985860973596573,-0.05787484347820282,0.2453075796365738,-0.02632688358426094,-0.04449022188782692,0.23214823007583618,-0.12834201753139496,0.017283931374549866
0.05463346466422081,0.6380337476730347,1.3839402198791504,-0.020421310669435182,-0.005363667219038872,0.026402060414878113,-0.044870360695221705,-0.0014669223905322457,0.0007491079600046135,0.15390796437859536,-0.06276119947433467,-0.01631309986114493,0.8393162488937378,0.7411493062973022,1.346082329750061,-0.0039733946,-0.009536844,0.046040032,490.0,1740111855.236177,0.06498686224222183,0.06276486814022064,0.17215831577777863,0.13465051352977753,-0.037411563098430634,-0.056800492107868195,0.035721562802791595,0.22674962878227234,0.22210003435611725,0.07898548245429993,0.12382671236991882,0.26425421237945557,0.15449869632720947,-0.02652030810713768,0.21618305146694183,0.04502619430422783,0.18719321489334106,0.05184223875403404,-0.07424114644527435,0.08681770414113998,-0.06771153211593628,-0.2600800395011902,-0.15643084049224854,0.051804833114147186,0.11001849174499512,-0.056747615337371826,0.24377068877220154,-0.026840616017580032,-0.04498378559947014,0.22905787825584412,-0.12681251764297485,0.018492896109819412
0.05376438796520233,0.6370729804039001,1.384150505065918,-0.020421310669435182,-0.005363667219038872,0.026402060414878113,-0.03943522887207367,-9.237520909905915e-05,0.0030321909857808646,0.1541781336069107,-0.06275953054428096,-0.016026639938354403,0.8393162488937378,0.7411493062973022,1.346082329750061,-0.0039733946,-0.009536844,0.046040032,491.0,1740111855.276956,0.06498686224222183,0.06276486814022064,0.17215831577777863,0.13465051352977753,-0.037411563098430634,-0.056800492107868195,0.035721562802791595,0.22674962878227234,0.22210003435611725,0.07898548245429993,0.12382671236991882,0.26425421237945557,0.15449869632720947,-0.02652030810713768,0.21618305146694183,0.04502619430422783,0.18719321489334106,0.05184223875403404,-0.07424114644527435,0.08681770414113998,-0.06771153211593628,-0.2600800395011902,-0.15643084049224854,0.051804833114147186,0.11001849174499512,-0.056747615337371826,0.24377068877220154,-0.026840616017580032,-0.04498378559947014,0.22905787825584412,-0.12681251764297485,0.018492896109819412
0.05304715409874916,0.6372689008712769,1.3845102787017822,-0.0173082391128849,-0.0040624452154264705,0.011707936810255455,-0.045357679777054356,-0.002103253682078003,0.0023453511473569416,0.15335137993097306,-0.06258858442306514,-0.0156291961669921,0.8393162488937378,0.7411493062973022,1.346082329750061,-0.001556322,-0.011132713,0.050744917,492.0,1740111855.304591,0.06381049007177353,0.06253249943256378,0.1706314980983734,0.13403651118278503,-0.03678913414478302,-0.057690612971782684,0.035255830734968185,0.22484703361988068,0.22022223472595215,0.07850243151187897,0.12374305725097656,0.2622642517089844,0.15422436594963074,-0.026736460626125336,0.21407894790172577,0.0438433438539505,0.18591150641441345,0.05137011781334877,-0.07373863458633423,0.0862872377038002,-0.06787224113941193,-0.2595827281475067,-0.15585118532180786,0.051931656897068024,0.10857488214969635,-0.0559944286942482,0.24357843399047852,-0.02755799889564514,-0.04481207951903343,0.2268725037574768,-0.12441757321357727,0.018547432497143745
0.05235828459262848,0.6362858414649963,1.3846828937530518,-0.0173082391128849,-0.0040624452154264705,0.011707936810255455,-0.03994904727375979,-0.0014092553552349286,0.0062825728804055125,0.15342365801334382,-0.0638980388641357,-0.015562438964843661,0.8393162488937378,0.7411493062973022,1.346082329750061,-0.001556322,-0.011132713,0.050744917,493.0,1740111855.3375683,0.06381049007177353,0.06253249943256378,0.1706314980983734,0.13403651118278503,-0.03678913414478302,-0.057690612971782684,0.035255830734968185,0.22484703361988068,0.22022223472595215,0.07850243151187897,0.12374305725097656,0.2622642517089844,0.15422436594963074,-0.026736460626125336,0.21407894790172577,0.0438433438539505,0.18591150641441345,0.05137011781334877,-0.07373863458633423,0.0862872377038002,-0.06787224113941193,-0.2595827281475067,-0.15585118532180786,0.051931656897068024,0.10857488214969635,-0.0559944286942482,0.24357843399047852,-0.02755799889564514,-0.04481207951903343,0.2268725037574768,-0.12441757321357727,0.018547432497143745
0.052591096609830856,0.6356387138366699,1.3849754333496094,-0.0173082391128849,-0.0040624452154264705,0.011707936810255455,-0.035627412751475074,-0.0020216742869215215,0.009334748564046357,0.1520855411887169,-0.06391842365264888,-0.015140318870544345,0.8393162488937378,0.7411493062973022,1.346082329750061,0.0017669201,-0.010072023,0.048944198,494.0,1740111855.3716116,0.06451056152582169,0.06274101883172989,0.17177842557430267,0.13453958928585052,-0.03689386695623398,-0.057825762778520584,0.03509276360273361,0.22577479481697083,0.22143347561359406,0.07882355153560638,0.12462970614433289,0.2633334696292877,0.15500012040138245,-0.026630889624357224,0.2155185341835022,0.04415953904390335,0.18692517280578613,0.0514833889901638,-0.07413502037525177,0.08664894849061966,-0.06801009923219681,-0.26108652353286743,-0.1567288488149643,0.05232542008161545,0.10917060822248459,-0.05619136989116669,0.2447878122329712,-0.027655266225337982,-0.04510335996747017,0.22792187333106995,-0.12517638504505157,0.018864532932639122
0.05194098874926567,0.6356407403945923,1.3857077360153198,-0.011768960946592525,-0.014775338459548986,0.011155984840195367,-0.035569019461936066,-0.0048645357758557006,0.0026292917689576764,0.15228833481669427,-0.06421263217926021,-0.014449024200439364,0.8393162488937378,0.7411493062973022,1.346082329750061,0.0040087253,-0.011280201,0.05229601,495.0,1740111855.4029934,0.06589947640895844,0.06303627043962479,0.1723850965499878,0.1341729313135147,-0.037229351699352264,-0.05785611644387245,0.03456743806600571,0.22609034180641174,0.2232864797115326,0.07840901613235474,0.12412022054195404,0.26376572251319885,0.15502823889255524,-0.026848461478948593,0.21718034148216248,0.04477354511618614,0.18844285607337952,0.05158181115984917,-0.074587881565094,0.08603138476610184,-0.06867830455303192,-0.2611416280269623,-0.1570248156785965,0.05207536369562149,0.1110314130783081,-0.056259460747241974,0.24521611630916595,-0.02719574049115181,-0.045572686940431595,0.22809737920761108,-0.1265949159860611,0.020208455622196198
0.05149674415588379,0.6349902153015137,1.3854299783706665,-0.011768960946592525,-0.014775338459548986,0.011155984840195367,-0.035696322726302805,-0.0033797904004234463,0.009475643077162851,0.15170424655079842,-0.06445707082748409,-0.01424696445465079,0.8393162488937378,0.7411493062973022,1.346082329750061,0.0040087253,-0.011280201,0.05229601,496.0,1740111855.4405077,0.06589947640895844,0.06303627043962479,0.1723850965499878,0.1341729313135147,-0.037229351699352264,-0.05785611644387245,0.03456743806600571,0.22609034180641174,0.2232864797115326,0.07840901613235474,0.12412022054195404,0.26376572251319885,0.15502823889255524,-0.026848461478948593,0.21718034148216248,0.04477354511618614,0.18844285607337952,0.05158181115984917,-0.074587881565094,0.08603138476610184,-0.06867830455303192,-0.2611416280269623,-0.1570248156785965,0.05207536369562149,0.1110314130783081,-0.056259460747241974,0.24521611630916595,-0.02719574049115181,-0.045572686940431595,0.22809737920761108,-0.1265949159860611,0.020208455622196198
0.05044076591730118,0.6347119212150574,1.3859704732894897,-0.011768960946592525,-0.014775338459548986,0.011155984840195367,-0.03586292275000657,-0.0035914732179594404,0.009629440203559134,0.15127770453691483,-0.06506789922714229,-0.01445438861846915,0.8393162488937378,0.7411493062973022,1.346082329750061,0.013294101,-0.012200296,0.055340745,497.0,1740111855.4795034,0.06368055194616318,0.061952102929353714,0.16945099830627441,0.1311056762933731,-0.035097211599349976,-0.05821387469768524,0.03445065766572952,0.22096842527389526,0.21884848177433014,0.0773882120847702,0.12260749936103821,0.25856247544288635,0.15301942825317383,-0.02594640478491783,0.2121625691652298,0.04333844035863876,0.1838456392288208,0.049441512674093246,-0.07146358489990234,0.08461266756057739,-0.0670774057507515,-0.2581159174442291,-0.15426866710186005,0.05068910866975784,0.10862960666418076,-0.05422705411911011,0.242207869887352,-0.026812218129634857,-0.0442039929330349,0.224500834941864,-0.12181629240512848,0.01952526718378067
0.05071817710995674,0.6346147060394287,1.385988473892212,-0.012218572963469428,-0.010252335869715407,0.0028051877510375024,-0.035854492391897023,-0.005024093443795792,0.012656167788171795,0.15044076591730118,-0.06528807878494258,-0.014029526710510165,0.8393162488937378,0.7411493062973022,1.346082329750061,0.017367035,-0.0123368725,0.056085847,498.0,1740111855.5043287,0.06480826437473297,0.06233476102352142,0.16993901133537292,0.13081276416778564,-0.035289645195007324,-0.05868851765990257,0.03377052769064903,0.2214355766773224,0.22034494578838348,0.0771026462316513,0.1225091964006424,0.2588944733142853,0.15303893387317657,-0.02612079679965973,0.21355704963207245,0.043596845120191574,0.18514186143875122,0.04943632706999779,-0.07191384583711624,0.0838097631931305,-0.0679597407579422,-0.25848227739334106,-0.15432576835155487,0.05068165808916092,0.109925277531147,-0.054197512567043304,0.24279393255710602,-0.02666885033249855,-0.04490560665726662,0.22441032528877258,-0.12277154624462128,0.021266620606184006
0.05025692284107208,0.6344985365867615,1.3864349126815796,-0.012218572963469428,-0.010252335869715407,0.0028051877510375024,-0.036451787957655996,-0.005055444940671128,0.013698366076183256,0.15051264539361,-0.06546915769577022,-0.01378622055053702,0.8393162488937378,0.7411493062973022,1.346082329750061,0.018224582,-0.011602428,0.054353043,499.0,1740111855.5364406,0.06456557661294937,0.06227540969848633,0.17138928174972534,0.13381701707839966,-0.03714926540851593,-0.057919226586818695,0.03520285710692406,0.22449040412902832,0.2209899127483368,0.07793857157230377,0.12383374571800232,0.26210856437683105,0.15466783940792084,-0.026509210467338562,0.21499964594841003,0.04425879940390587,0.18621030449867249,0.05116509273648262,-0.07366184145212173,0.08648543804883957,-0.0677715614438057,-0.2602391839027405,-0.15606611967086792,0.051657721400260925,0.10922717303037643,-0.055744387209415436,0.24444842338562012,-0.02700785920023918,-0.04451246187090874,0.22748133540153503,-0.1245429664850235,0.018751362338662148
0.04966793209314346,0.634631872177124,1.3871265649795532,-0.012218572963469428,-0.010252335869715407,0.0028051877510375024,-0.03668903466690147,-0.005926462245481568,0.01252278325589388,0.1498638153076172,-0.06531341075897212,-0.013188505172729403,0.8393162488937378,0.7411493062973022,1.346082329750061,0.015012965,-0.011576232,0.054017697,500.0,1740111855.5699356,0.06414816528558731,0.06197116896510124,0.17008483409881592,0.1332601010799408,-0.03732123225927353,-0.05792136490345001,0.03557613864541054,0.22340355813503265,0.22015337646007538,0.07755479216575623,0.12269522249698639,0.26123908162117004,0.15416765213012695,-0.027041934430599213,0.21392589807510376,0.04436027631163597,0.18559421598911285,0.05149071291089058,-0.07358771562576294,0.08634605258703232,-0.06818179041147232,-0.2586425542831421,-0.15534886717796326,0.05147194117307663,0.10905549675226212,-0.05560214817523956,0.2434624284505844,-0.027139056473970413,-0.04414992406964302,0.22638222575187683,-0.12410451471805573,0.018800152465701103
0.04871285334229469,0.6346757411956787,1.3877389430999756,-0.012218572963469428,-0.010252335869715407,0.0028051877510375024,-0.040178782437402055,-0.006209990616225502,0.011096560863824812,0.14949752986431122,-0.06542111635208125,-0.012571835517883212,0.8393162488937378,0.7411493062973022,1.346082329750061,0.012732178,-0.012985487,0.05765145,501.0,1740111855.6038337,0.06427568942308426,0.06208910048007965,0.17129723727703094,0.13528607785701752,-0.038249120116233826,-0.0573883131146431,0.03619518131017685,0.2256406843662262,0.22091826796531677,0.07820883393287659,0.12380649149417877,0.2634096145629883,0.15512466430664062,-0.027114517986774445,0.21520310640335083,0.04476189613342285,0.18648986518383026,0.0523027665913105,-0.07472746074199677,0.08791495114564896,-0.0678541362285614,-0.2601372003555298,-0.1566714197397232,0.052105776965618134,0.10884933173656464,-0.0564340278506279,0.244583860039711,-0.027273070067167282,-0.04413684830069542,0.22845077514648438,-0.12536486983299255,0.01735258847475052
0.0484396256506443,0.6348285675048828,1.388406753540039,-0.017778717810167648,0.0064190940857918755,0.01767349184812299,-0.04103558778418512,-0.007089853877415882,0.011065313028208573,0.1485844574868679,-0.06461490392684932,-0.011890435218810946,0.8393162488937378,0.7411493062973022,1.346082329750061,0.013711169,-0.012527131,0.0565199,502.0,1740111855.636938,0.06496290862560272,0.06214911490678787,0.17208829522132874,0.13613419234752655,-0.03921850770711899,-0.0571456216275692,0.03662070259451866,0.22705243527889252,0.22225543856620789,0.07835018634796143,0.12383848428726196,0.2650161683559418,0.1558520346879959,-0.02743852511048317,0.2167031168937683,0.045541439205408096,0.187748983502388,0.05305353179574013,-0.0757836177945137,0.08861611038446426,-0.06840678304433823,-0.26067879796028137,-0.1574392318725586,0.052438028156757355,0.10979035496711731,-0.05710587650537491,0.24543210864067078,-0.027343373745679855,-0.04419764503836632,0.22973725199699402,-0.12688428163528442,0.017259689047932625
0.048003777861595154,0.6348624229431152,1.3892323970794678,-0.017778717810167648,0.0064190940857918755,0.01767349184812299,-0.04056907143239117,-0.006581621826046352,0.01043361299921886,0.1482752025127411,-0.06508440971374507,-0.01119520664215079,0.8393162488937378,0.7411493062973022,1.346082329750061,0.013711169,-0.012527131,0.0565199,503.0,1740111855.6712735,0.06496290862560272,0.06214911490678787,0.17208829522132874,0.13613419234752655,-0.03921850770711899,-0.0571456216275692,0.03662070259451866,0.22705243527889252,0.22225543856620789,0.07835018634796143,0.12383848428726196,0.2650161683559418,0.1558520346879959,-0.02743852511048317,0.2167031168937683,0.045541439205408096,0.187748983502388,0.05305353179574013,-0.0757836177945137,0.08861611038446426,-0.06840678304433823,-0.26067879796028137,-0.1574392318725586,0.052438028156757355,0.10979035496711731,-0.05710587650537491,0.24543210864067078,-0.027343373745679855,-0.04419764503836632,0.22973725199699402,-0.12688428163528442,0.017259689047932625
0.04786187782883644,0.6347853541374207,1.3900877237319946,-0.017778717810167648,0.0064190940857918755,0.01767349184812299,-0.036302848215069766,-0.007046682153881471,0.012341199150028974,0.14778680205345154,-0.064997386932373,-0.010376358032226474,0.8393162488937378,0.7411493062973022,1.346082329750061,0.013711169,-0.012527131,0.0565199,504.0,1740111855.7050922,0.06496290862560272,0.06214911490678787,0.17208829522132874,0.13613419234752655,-0.03921850770711899,-0.0571456216275692,0.03662070259451866,0.22705243527889252,0.22225543856620789,0.07835018634796143,0.12383848428726196,0.2650161683559418,0.1558520346879959,-0.02743852511048317,0.2167031168937683,0.045541439205408096,0.187748983502388,0.05305353179574013,-0.0757836177945137,0.08861611038446426,-0.06840678304433823,-0.26067879796028137,-0.1574392318725586,0.052438028156757355,0.10979035496711731,-0.05710587650537491,0.24543210864067078,-0.027343373745679855,-0.04419764503836632,0.22973725199699402,-0.12688428163528442,0.017259689047932625
0.047575630247592926,0.6351651549339294,1.391112208366394,-0.009169853707640663,-0.001999180823467457,0.027292881615988245,-0.03630832091461038,-0.007091106270371474,0.010984227747087792,0.1481470488011837,-0.06468827724456783,-0.009157323837280185,0.8393162488937378,0.7411493062973022,1.346082329750061,0.009670645,-0.012067355,0.0549795,505.0,1740111855.7387962,0.06445179879665375,0.06207688897848129,0.17161127924919128,0.136175274848938,-0.03938068449497223,-0.05705670267343521,0.03681068867444992,0.22717325389385223,0.22145450115203857,0.07843005657196045,0.12388291954994202,0.2648575007915497,0.15571282804012299,-0.02724515274167061,0.215915247797966,0.045371297746896744,0.1870625764131546,0.05301390960812569,-0.07562950998544693,0.08872536569833755,-0.0680009052157402,-0.26031753420829773,-0.15716001391410828,0.0525180846452713,0.10894490778446198,-0.05704616755247116,0.24483022093772888,-0.027355365455150604,-0.04403143748641014,0.22959479689598083,-0.12635739147663116,0.016708843410015106
0.04766689985990524,0.6360553503036499,1.392232894897461,-0.009169853707640663,-0.001999180823467457,0.027292881615988245,-0.03816212127477793,-0.008376069687505377,0.009266344729971322,0.1472189523279667,-0.06376827955245967,-0.008349919319152743,0.8393162488937378,0.7411493062973022,1.346082329750061,0.01182963,-0.0141332075,0.06056056,506.0,1740111855.7730784,0.06528781354427338,0.0619460791349411,0.17115777730941772,0.13400739431381226,-0.038364872336387634,-0.056848060339689255,0.03646014630794525,0.22539258003234863,0.2220199704170227,0.077877476811409,0.1225854754447937,0.26337307691574097,0.15502811968326569,-0.0268535353243351,0.21585766971111298,0.04608945548534393,0.1869153082370758,0.05207771435379982,-0.0745217353105545,0.08738317340612411,-0.06807828694581985,-0.2586901783943176,-0.15638744831085205,0.05178613215684891,0.11069048196077347,-0.056258559226989746,0.24344785511493683,-0.02682304009795189,-0.043707314878702164,0.22848212718963623,-0.12659695744514465,0.0181976780295372
0.04739733412861824,0.6364967823028564,1.3934166431427002,-0.009169853707640663,-0.001999180823467457,0.027292881615988245,-0.03922064396545811,-0.008026567471189154,0.01028129856378754,0.14676134139299393,-0.06329066753387447,-0.007243418693542392,0.8393162488937378,0.7411493062973022,1.346082329750061,0.008834705,-0.014993835,0.06313741,507.0,1740111855.8045435,0.06526845693588257,0.061944976449012756,0.17017626762390137,0.1330849975347519,-0.03832188993692398,-0.056816112250089645,0.03616133704781532,0.22396418452262878,0.22209662199020386,0.07678939402103424,0.12128657102584839,0.26215487718582153,0.1547907590866089,-0.02761894464492798,0.21539494395256042,0.04660758003592491,0.18697473406791687,0.052268046885728836,-0.07489904761314392,0.08670292049646378,-0.06893114000558853,-0.2564643621444702,-0.1562117636203766,0.051179878413677216,0.11200955510139465,-0.05604545772075653,0.24266183376312256,-0.026432007551193237,-0.0431852750480175,0.22712916135787964,-0.1269148290157318,0.01889500394463539
0.04619177430868149,0.6368187665939331,1.3944942951202393,-0.009169853707640663,-0.001999180823467457,0.027292881615988245,-0.043336816719320756,-0.006974251240943744,0.012182024043823281,0.14641123861074448,-0.06280840635299678,-0.006031060218810946,0.8393162488937378,0.7411493062973022,1.346082329750061,0.008834705,-0.014993835,0.06313741,508.0,1740111855.8375533,0.06526845693588257,0.061944976449012756,0.17017626762390137,0.1330849975347519,-0.03832188993692398,-0.056816112250089645,0.03616133704781532,0.22396418452262878,0.22209662199020386,0.07678939402103424,0.12128657102584839,0.26215487718582153,0.1547907590866089,-0.02761894464492798,0.21539494395256042,0.04660758003592491,0.18697473406791687,0.052268046885728836,-0.07489904761314392,0.08670292049646378,-0.06893114000558853,-0.2564643621444702,-0.1562117636203766,0.051179878413677216,0.11200955510139465,-0.05604545772075653,0.24266183376312256,-0.026432007551193237,-0.0431852750480175,0.22712916135787964,-0.1269148290157318,0.01889500394463539
0.04631579667329788,0.6373248100280762,1.3958786725997925,-0.009159803174742085,0.015616640246946483,0.033903429127194545,-0.03800123670819714,-0.008720645607029533,0.014416039310504678,0.14647762328386307,-0.06296284198760982,-0.004823708534240634,0.8393162488937378,0.7411493062973022,1.346082329750061,0.008834705,-0.014993835,0.06313741,509.0,1740111855.8710542,0.06526845693588257,0.061944976449012756,0.17017626762390137,0.1330849975347519,-0.03832188993692398,-0.056816112250089645,0.03616133704781532,0.22396418452262878,0.22209662199020386,0.07678939402103424,0.12128657102584839,0.26215487718582153,0.1547907590866089,-0.02761894464492798,0.21539494395256042,0.04660758003592491,0.18697473406791687,0.052268046885728836,-0.07489904761314392,0.08670292049646378,-0.06893114000558853,-0.2564643621444702,-0.1562117636203766,0.051179878413677216,0.11200955510139465,-0.05604545772075653,0.24266183376312256,-0.026432007551193237,-0.0431852750480175,0.22712916135787964,-0.1269148290157318,0.01889500394463539
0.04534851014614105,0.6387293338775635,1.3973770141601562,-0.009159803174742085,0.015616640246946483,0.033903429127194545,-0.04906614002217995,-0.007587595205444577,0.011567508793778509,0.14499436914920807,-0.06267912387847896,-0.0032117605209349698,0.8393162488937378,0.7411493062973022,1.346082329750061,0.00060821325,-0.009411953,0.046493262,510.0,1740111855.903538,0.06621737033128738,0.061872370541095734,0.17072662711143494,0.1318233758211136,-0.037914156913757324,-0.056638218462467194,0.03590085357427597,0.22380702197551727,0.22336599230766296,0.07638557255268097,0.12066921591758728,0.26193732023239136,0.15497270226478577,-0.0270521342754364,0.21616230905056,0.04750049114227295,0.18735742568969727,0.05164573714137077,-0.07475056499242783,0.08604782074689865,-0.06896547973155975,-0.25592175126075745,-0.1561642736196518,0.05073632299900055,0.1137886792421341,-0.055775776505470276,0.24245987832546234,-0.0258401557803154,-0.042783159762620926,0.2274399995803833,-0.12783870100975037,0.020011087879538536
0.0453341118991375,0.639125406742096,1.3982748985290527,-0.009159803174742085,0.015616640246946483,0.033903429127194545,-0.04773220003614949,-0.005769804070225792,0.009552941928746731,0.1453341118991375,-0.06087459325790401,-0.0017251014709471768,0.8393162488937378,0.7411493062973022,1.346082329750061,0.00060821325,-0.009411953,0.046493262,511.0,1740111855.9375174,0.06621737033128738,0.061872370541095734,0.17072662711143494,0.1318233758211136,-0.037914156913757324,-0.056638218462467194,0.03590085357427597,0.22380702197551727,0.22336599230766296,0.07638557255268097,0.12066921591758728,0.26193732023239136,0.15497270226478577,-0.0270521342754364,0.21616230905056,0.04750049114227295,0.18735742568969727,0.05164573714137077,-0.07475056499242783,0.08604782074689865,-0.06896547973155975,-0.25592175126075745,-0.1561642736196518,0.05073632299900055,0.1137886792421341,-0.055775776505470276,0.24245987832546234,-0.0258401557803154,-0.042783159762620926,0.2274399995803833,-0.12783870100975037,0.020011087879538536
0.04458557069301605,0.6397421360015869,1.4004915952682495,-0.01193598813123497,0.021188781219494773,0.045456060569986426,-0.04532968759911005,-0.0023805910350870483,0.012100935889695779,0.14528237506747246,-0.06084103584289546,-0.0002718210220336026,0.8393162488937378,0.7411493062973022,1.346082329750061,-0.0011555254,-0.011574417,0.052340887,512.0,1740111855.971424,0.06875080615282059,0.062158167362213135,0.17507435381412506,0.135595440864563,-0.0408211275935173,-0.05492465943098068,0.03709268197417259,0.22986258566379547,0.22814065217971802,0.07716494798660278,0.12250742316246033,0.2683214247226715,0.15824446082115173,-0.02680440992116928,0.2218059003353119,0.050308115780353546,0.1917884796857834,0.053802553564310074,-0.07811173051595688,0.08912309259176254,-0.06870623677968979,-0.2594646215438843,-0.16003158688545227,0.05178755521774292,0.11653143167495728,-0.05829153209924698,0.24581870436668396,-0.025193415582180023,-0.04218238219618797,0.23382353782653809,-0.13371142745018005,0.018031936138868332
0.0441218726336956,0.6411228179931641,1.4023174047470093,-0.01193598813123497,0.021188781219494773,0.045456060569986426,-0.048171683490476416,-0.002519747893460006,0.010039229050276323,0.1443486012518406,-0.059256446361541704,0.00155506134033212,0.8393162488937378,0.7411493062973022,1.346082329750061,-0.014214188,-0.011438109,0.048239566,513.0,1740111856.0040107,0.06920325011014938,0.061904191970825195,0.17745806276798248,0.13912034034729004,-0.04332754760980606,-0.05398286134004593,0.03905976936221123,0.23375260829925537,0.23015232384204865,0.07794097065925598,0.12392035126686096,0.27286678552627563,0.16093122959136963,-0.027581676840782166,0.22475305199623108,0.05204790458083153,0.1939460039138794,0.056045811623334885,-0.08056366443634033,0.09251917153596878,-0.06902085989713669,-0.26182854175567627,-0.16273769736289978,0.053001731634140015,0.11712579429149628,-0.06029924750328064,0.24831266701221466,-0.025716081261634827,-0.04163763299584389,0.23824161291122437,-0.13690902292728424,0.015532005578279495
0.04322638362646103,0.6409631371498108,1.4040660858154297,-0.01193598813123497,0.021188781219494773,0.045456060569986426,-0.03625099450919689,0.0009185491461201451,0.011142358692179265,0.1438358336687088,-0.05914206504821773,0.003052687644958585,0.8393162488937378,0.7411493062973022,1.346082329750061,-0.014214188,-0.011438109,0.048239566,514.0,1740111856.0361462,0.06920325011014938,0.061904191970825195,0.17745806276798248,0.13912034034729004,-0.04332754760980606,-0.05398286134004593,0.03905976936221123,0.23375260829925537,0.23015232384204865,0.07794097065925598,0.12392035126686096,0.27286678552627563,0.16093122959136963,-0.027581676840782166,0.22475305199623108,0.05204790458083153,0.1939460039138794,0.056045811623334885,-0.08056366443634033,0.09251917153596878,-0.06902085989713669,-0.26182854175567627,-0.16273769736289978,0.053001731634140015,0.11712579429149628,-0.06029924750328064,0.24831266701221466,-0.025716081261634827,-0.04163763299584389,0.23824161291122437,-0.13690902292728424,0.015532005578279495
0.043329451233148575,0.6429775953292847,1.4056894779205322,-0.016296462734315627,0.03186513447160359,0.049744943636920703,-0.04906593271829092,-0.00031628829935015715,0.009893128204862114,0.1448884442448616,-0.058191788196563676,0.003663992881774991,0.8393162488937378,0.7411493062973022,1.346082329750061,-0.028587438,-0.0074549094,0.034866713,515.0,1740111856.069647,0.0694674476981163,0.061737414449453354,0.1778067797422409,0.13952599465847015,-0.04375459998846054,-0.054050128906965256,0.03983297944068909,0.23395411670207977,0.23090560734272003,0.07807119190692902,0.12394364178180695,0.27376696467399597,0.1615753173828125,-0.02826843038201332,0.22546973824501038,0.05252331495285034,0.19463364779949188,0.0568111278116703,-0.08090758323669434,0.09312523156404495,-0.06980632245540619,-0.2621728479862213,-0.16327011585235596,0.05325973033905029,0.1177808940410614,-0.0607510507106781,0.24885810911655426,-0.026277467608451843,-0.041527945548295975,0.2386554777622223,-0.13767459988594055,0.015554854646325111
0.04294462129473686,0.6433132290840149,1.4073201417922974,-0.016296462734315627,0.03186513447160359,0.049744943636920703,-0.04539581894148224,3.8266899037143325e-05,0.009514145806989931,0.14307812452316285,-0.05719811916351314,0.006466603279113858,0.8393162488937378,0.7411493062973022,1.346082329750061,-0.03521987,-0.007142283,0.033602104,516.0,1740111856.1030204,0.07006019353866577,0.06172127276659012,0.17931409180164337,0.1416511833667755,-0.04533057659864426,-0.05367939546704292,0.040758345276117325,0.23651579022407532,0.23259899020195007,0.0785129964351654,0.12459467351436615,0.27660831809043884,0.1630994975566864,-0.028742022812366486,0.22767966985702515,0.05355747789144516,0.19631028175354004,0.05796358361840248,-0.08274652063846588,0.09469088166952133,-0.07046335190534592,-0.2637435793876648,-0.16489365696907043,0.05400655418634415,0.11870802193880081,-0.06189640611410141,0.25067245960235596,-0.026912543922662735,-0.04154558107256889,0.241004079580307,-0.13969963788986206,0.014438793063163757
0.04248388111591339,0.6448835134506226,1.4092634916305542,-0.016296462734315627,0.03186513447160359,0.049744943636920703,-0.051347619900772565,-0.0020597227560332845,0.005798458322128017,0.1427880957722664,-0.05554289817810054,0.008263087272644132,0.8393162488937378,0.7411493062973022,1.346082329750061,-0.030385673,-0.008100294,0.036971856,517.0,1740111856.1387315,0.07099053263664246,0.06185374781489372,0.18114006519317627,0.1429721862077713,-0.04600457102060318,-0.053569450974464417,0.041161905974149704,0.23859158158302307,0.23442599177360535,0.07893912494182587,0.12555162608623505,0.27884286642074585,0.16426865756511688,-0.02893223613500595,0.22998741269111633,0.054305579513311386,0.19794361293315887,0.05863737687468529,-0.08396032452583313,0.09560240060091019,-0.07101402431726456,-0.2655576169490814,-0.16633237898349762,0.05450724810361862,0.11994490772485733,-0.06265296787023544,0.25228655338287354,-0.02719384804368019,-0.04188938066363335,0.2429329752922058,-0.14149333536624908,0.014456359669566154
0.04211447015404701,0.6458669900894165,1.410937786102295,-0.01214866379002074,0.028891219872696498,0.0524781271604644,-0.050068918295117025,-0.001306843368209151,0.00928246249940831,0.14219786822795868,-0.05532116889953609,0.009899353981018155,0.8393162488937378,0.7411493062973022,1.346082329750061,-0.030502379,-0.00827679,0.03710581,518.0,1740111856.170006,0.07085806131362915,0.06164166331291199,0.18058505654335022,0.14159658551216125,-0.04501193016767502,-0.053677741438150406,0.041077714413404465,0.23687338829040527,0.2341012954711914,0.07850916683673859,0.1250225305557251,0.27741318941116333,0.16380207240581512,-0.028800472617149353,0.2291741669178009,0.05424153804779053,0.19727042317390442,0.05798059329390526,-0.08294984698295593,0.09463071078062057,-0.07094189524650574,-0.26469582319259644,-0.16565994918346405,0.054015666246414185,0.12041255831718445,-0.062060751020908356,0.2513923645019531,-0.027121953666210175,-0.04152480140328407,0.24162042140960693,-0.1407732367515564,0.015181751921772957
0.041615910828113556,0.6466365456581116,1.412889003753662,-0.01214866379002074,0.028891219872696498,0.0524781271604644,-0.04882452733089446,-0.0013266225215735402,0.006855920443169759,0.14191380739212037,-0.05353565216064449,0.011794066429138272,0.8393162488937378,0.7411493062973022,1.346082329750061,-0.030502379,-0.00827679,0.03710581,519.0,1740111856.205501,0.07085806131362915,0.06164166331291199,0.18058505654335022,0.14159658551216125,-0.04501193016767502,-0.053677741438150406,0.041077714413404465,0.23687338829040527,0.2341012954711914,0.07850916683673859,0.1250225305557251,0.27741318941116333,0.16380207240581512,-0.028800472617149353,0.2291741669178009,0.05424153804779053,0.19727042317390442,0.05798059329390526,-0.08294984698295593,0.09463071078062057,-0.07094189524650574,-0.26469582319259644,-0.16565994918346405,0.054015666246414185,0.12041255831718445,-0.062060751020908356,0.2513923645019531,-0.027121953666210175,-0.04152480140328407,0.24162042140960693,-0.1407732367515564,0.015181751921772957
0.04127902165055275,0.6478627920150757,1.4142327308654785,-0.01214866379002074,0.028891219872696498,0.0524781271604644,-0.05106552198550486,0.002295241789123717,0.01328787257485145,0.14227913171052933,-0.053098988533019975,0.013521885871887296,0.8393162488937378,0.7411493062973022,1.346082329750061,-0.033356473,-0.009196751,0.039666258,520.0,1740111856.2367551,0.07163026928901672,0.061666566878557205,0.18136446177959442,0.1421554684638977,-0.04576363414525986,-0.05394615978002548,0.04151729494333267,0.23771415650844574,0.23579107224941254,0.07852134108543396,0.12512518465518951,0.2787894308567047,0.1645159125328064,-0.02951207384467125,0.2309105396270752,0.05484722554683685,0.19881321489810944,0.05872344598174095,-0.08379590511322021,0.09485792368650436,-0.0721454992890358,-0.26556479930877686,-0.1663445681333542,0.054417684674263,0.12188770622015,-0.06259946525096893,0.25242871046066284,-0.02753429114818573,-0.04202139750123024,0.2421938180923462,-0.14210133254528046,0.01593988575041294
0.04094019904732704,0.648872435092926,1.4160451889038086,-0.011742190349720705,0.030053117303891534,0.05107176319409511,-0.04958989025879665,0.0003092166402855539,0.012239174459360104,0.14112627357244492,-0.051505994796752885,0.015141105651855558,0.8393162488937378,0.7411493062973022,1.346082329750061,-0.029079765,-0.008450359,0.039211303,521.0,1740111856.2729387,0.07206002622842789,0.06192788481712341,0.18252776563167572,0.14297571778297424,-0.045815885066986084,-0.05486196279525757,0.04119735583662987,0.23868000507354736,0.2369634360074997,0.07873010635375977,0.12613540887832642,0.27966564893722534,0.16535186767578125,-0.029827363789081573,0.23231777548789978,0.05457494035363197,0.1999325454235077,0.058797117322683334,-0.08452020585536957,0.09508084505796432,-0.07316740602254868,-0.2676135301589966,-0.16706965863704681,0.054972149431705475,0.12224793434143066,-0.0628712996840477,0.25440099835395813,-0.028267167508602142,-0.042888093739748,0.24273908138275146,-0.14238785207271576,0.016907069832086563
0.04041041433811188,0.6499674916267395,1.4177032709121704,-0.011742190349720705,0.030053117303891534,0.05107176319409511,-0.05239011786960975,0.0006067749588550797,0.012165137130844373,0.14074707999825478,-0.050656688213348344,0.01687333583831796,0.8393162488937378,0.7411493062973022,1.346082329750061,-0.026174739,-0.009418666,0.042954497,522.0,1740111856.305155,0.0728440135717392,0.0620901882648468,0.1838429570198059,0.1441144049167633,-0.046528011560440063,-0.05480821058154106,0.04154768958687782,0.24038895964622498,0.2386215478181839,0.07913939654827118,0.1268005073070526,0.28170642256736755,0.16639010608196259,-0.030170604586601257,0.2342424988746643,0.05520898103713989,0.20147386193275452,0.05955199524760246,-0.08557644486427307,0.09595226496458054,-0.07382889837026596,-0.26909786462783813,-0.1682639867067337,0.055511996150016785,0.1232588142156601,-0.06360253691673279,0.25581100583076477,-0.028573520481586456,-0.043259721249341965,0.2443404197692871,-0.1439424604177475,0.016936028376221657
0.040011193603277206,0.6510663628578186,1.419414758682251,-0.011742190349720705,0.030053117303891534,0.05107176319409511,-0.0510376751905587,-0.0036620725404966858,0.01446571275451403,0.14025043174624444,-0.04947443008422847,0.01856086254119882,0.8393162488937378,0.7411493062973022,1.346082329750061,-0.019821838,-0.0086716,0.04296401,523.0,1740111856.336671,0.07399249821901321,0.06230379268527031,0.18584409356117249,0.1449168473482132,-0.04663299024105072,-0.055403947830200195,0.04127013683319092,0.24200472235679626,0.24082189798355103,0.07961833477020264,0.1283005177974701,0.28341469168663025,0.16780953109264374,-0.030319370329380035,0.23663318157196045,0.0553140752017498,0.20346346497535706,0.05993788316845894,-0.08621245622634888,0.0963682159781456,-0.07456369698047638,-0.27211353182792664,-0.16956166923046112,0.05615533888339996,0.12424080073833466,-0.06411759555339813,0.25821003317832947,-0.029125839471817017,-0.04388261213898659,0.24584552645683289,-0.14540736377239227,0.017967073246836662
0.0403679795563221,0.6516993045806885,1.421255350112915,-0.005647724144097929,0.027900795602419988,0.05142354239565513,-0.04161184675553922,-0.011031396088602586,0.01534734624419619,0.13958995267748833,-0.048613560199737504,0.020395731925964444,0.8393162488937378,0.7411493062973022,1.346082329750061,-0.019821838,-0.0086716,0.04296401,524.0,1740111856.3726845,0.07399249821901321,0.06230379268527031,0.18584409356117249,0.1449168473482132,-0.04663299024105072,-0.055403947830200195,0.04127013683319092,0.24200472235679626,0.24082189798355103,0.07961833477020264,0.1283005177974701,0.28341469168663025,0.16780953109264374,-0.030319370329380035,0.23663318157196045,0.0553140752017498,0.20346346497535706,0.05993788316845894,-0.08621245622634888,0.0963682159781456,-0.07456369698047638,-0.27211353182792664,-0.16956166923046112,0.05615533888339996,0.12424080073833466,-0.06411759555339813,0.25821003317832947,-0.029125839471817017,-0.04388261213898659,0.24584552645683289,-0.14540736377239227,0.017967073246836662
0.03777100890874863,0.6525046825408936,1.4224610328674316,-0.005647724144097929,0.027900795602419988,0.05142354239565513,-0.0314486597336801,-0.1291650452093772,-0.06159334576665395,0.1341569557785988,-0.04999036788940425,0.01929471492767343,0.8393162488937378,0.7411493062973022,1.346082329750061,-0.024788618,-0.009551179,0.046551522,525.0,1740111856.403968,0.07647308707237244,0.06286145746707916,0.18875929713249207,0.14554375410079956,-0.04714848846197128,-0.05665922909975052,0.04114167392253876,0.24355626106262207,0.2452087253332138,0.08009602129459381,0.1296418011188507,0.2861589193344116,0.16940875351428986,-0.03137378394603729,0.24091795086860657,0.05602402985095978,0.20696064829826355,0.06045958027243614,-0.08695541322231293,0.09644991904497147,-0.07702881097793579,-0.27592790126800537,-0.17104236781597137,0.056720174849033356,0.12738241255283356,-0.06467793881893158,0.2613702118396759,-0.029946178197860718,-0.04556133225560188,0.24738642573356628,-0.14797376096248627,0.020834457129240036
0.03935396671295166,0.6544451713562012,1.4239895343780518,-0.005647724144097929,0.027900795602419988,0.05142354239565513,-0.04015981770553665,-0.010732734547839252,0.01361986286693691,0.1387757122516632,-0.04594684839248653,0.02342865467071542,0.8393162488937378,0.7411493062973022,1.346082329750061,-0.024788618,-0.009551179,0.046551522,526.0,1740111856.4379213,0.07647308707237244,0.06286145746707916,0.18875929713249207,0.14554375410079956,-0.04714848846197128,-0.05665922909975052,0.04114167392253876,0.24355626106262207,0.2452087253332138,0.08009602129459381,0.1296418011188507,0.2861589193344116,0.16940875351428986,-0.03137378394603729,0.24091795086860657,0.05602402985095978,0.20696064829826355,0.06045958027243614,-0.08695541322231293,0.09644991904497147,-0.07702881097793579,-0.27592790126800537,-0.17104236781597137,0.056720174849033356,0.12738241255283356,-0.06467793881893158,0.2613702118396759,-0.029946178197860718,-0.04556133225560188,0.24738642573356628,-0.14797376096248627,0.020834457129240036
0.03793777897953987,0.6563698053359985,1.425140619277954,-0.005647724144097929,0.027900795602419988,0.05142354239565513,-0.05180052372960371,-0.005997984089665816,0.012169974767821378,0.13812999650835991,-0.04461814165115352,0.02478942871093759,0.8393162488937378,0.7411493062973022,1.346082329750061,-0.015246913,-0.007824294,0.042436074,527.0,1740111856.471602,0.07825784385204315,0.06315159797668457,0.18857789039611816,0.1411016583442688,-0.0435488298535347,-0.06003875285387039,0.03846154361963272,0.23895910382270813,0.24575230479240417,0.07977357506752014,0.13035127520561218,0.2820266783237457,0.16775283217430115,-0.03114045038819313,0.24120301008224487,0.054130591452121735,0.20661097764968872,0.057581063359975815,-0.08373096585273743,0.09222432225942612,-0.07892953604459763,-0.2775306701660156,-0.1690620332956314,0.055920422077178955,0.12836423516273499,-0.06232387572526932,0.2618655860424042,-0.0304146409034729,-0.04782108590006828,0.243137925863266,-0.14512133598327637,0.027940046042203903
0.03722585737705231,0.6578342318534851,1.4260612726211548,-0.024483992075996698,0.049224935484437266,0.04077646893597599,-0.05174501728612814,-0.003110342800394057,0.011673094152917016,0.13770783543586732,-0.04295248985290523,0.025685644149780362,0.8393162488937378,0.7411493062973022,1.346082329750061,-0.016113982,-0.009798672,0.047112014,528.0,1740111856.5036073,0.077230304479599,0.06305746734142303,0.18739748001098633,0.14029620587825775,-0.042745448648929596,-0.06013421714305878,0.03793445602059364,0.2377333790063858,0.24412229657173157,0.07939159870147705,0.13000403344631195,0.28013306856155396,0.16686594486236572,-0.03068147599697113,0.2390781044960022,0.05325785279273987,0.20515598356723785,0.056906674057245255,-0.0829237699508667,0.09146750718355179,-0.07817824184894562,-0.27642911672592163,-0.1680489182472229,0.05550073832273483,0.1270555853843689,-0.06164393573999405,0.26065754890441895,-0.030236847698688507,-0.04752667620778084,0.24157434701919556,-0.14349494874477386,0.027611128985881805
0.03771337494254112,0.6590417623519897,1.4269423484802246,-0.024483992075996698,0.049224935484437266,0.04077646893597599,-0.041176684951840646,-0.002250619425527001,0.01163383263508898,0.13699351847171784,-0.04127527475357051,0.026465511322021573,0.8393162488937378,0.7411493062973022,1.346082329750061,-0.019148834,-0.010607433,0.049234144,529.0,1740111856.5368273,0.07804270088672638,0.0632396712899208,0.1871185451745987,0.13985177874565125,-0.04296136647462845,-0.060870833694934845,0.0373738668859005,0.23732003569602966,0.24531835317611694,0.07897213101387024,0.12955251336097717,0.28010064363479614,0.16686828434467316,-0.03157323971390724,0.23977652192115784,0.05324899032711983,0.2062721997499466,0.05718963220715523,-0.08335791528224945,0.09079302102327347,-0.07961742579936981,-0.27643856406211853,-0.16805827617645264,0.05545143038034439,0.12813906371593475,-0.06155415624380112,0.2611640691757202,-0.030469007790088654,-0.04814384505152702,0.24047532677650452,-0.14392638206481934,0.029252413660287857
0.031017933040857315,0.6583372354507446,1.4261363744735718,-0.024483992075996698,0.049224935484437266,0.04077646893597599,-0.026486835006999256,-0.008311887332876678,0.029176280748148792,0.13732841461896897,-0.04013611078262325,0.027144527435302823,0.8393162488937378,0.7411493062973022,1.346082329750061,-0.011005968,-0.011655852,0.051019207,530.0,1740111856.5699008,0.07797415554523468,0.06315284967422485,0.18660129606723785,0.13964268565177917,-0.04324813932180405,-0.0612199567258358,0.03687207028269768,0.23709437251091003,0.24524617195129395,0.07849621772766113,0.12935954332351685,0.2796148657798767,0.16711455583572388,-0.03191104531288147,0.23930767178535461,0.05303856357932091,0.2065102905035019,0.057414744049310684,-0.08380505442619324,0.0906340703368187,-0.07981342822313309,-0.27606847882270813,-0.1682213842868805,0.055301159620285034,0.12813526391983032,-0.06155753880739212,0.26135775446891785,-0.0302899107336998,-0.04753560200333595,0.23992469906806946,-0.1439170241355896,0.0292554572224617
0.03650924190878868,0.6621997356414795,1.4276635646820068,-0.023420119867092224,0.04493140243902439,0.017522151295731706,-0.04065606525561057,0.0035050302911688105,0.011336193788868,0.13536353632807732,-0.038454961776733354,0.027439570426941007,0.8393162488937378,0.7411493062973022,1.346082329750061,-0.011005968,-0.011655852,0.051019207,531.0,1740111856.6029909,0.07797415554523468,0.06315284967422485,0.18660129606723785,0.13964268565177917,-0.04324813932180405,-0.0612199567258358,0.03687207028269768,0.23709437251091003,0.24524617195129395,0.07849621772766113,0.12935954332351685,0.2796148657798767,0.16711455583572388,-0.03191104531288147,0.23930767178535461,0.05303856357932091,0.2065102905035019,0.057414744049310684,-0.08380505442619324,0.0906340703368187,-0.07981342822313309,-0.27606847882270813,-0.1682213842868805,0.055301159620285034,0.12813526391983032,-0.06155753880739212,0.26135775446891785,-0.0302899107336998,-0.04753560200333595,0.23992469906806946,-0.1439170241355896,0.0292554572224617
0.02976764179766178,0.6613793969154358,1.4265508651733398,-0.023420119867092224,0.04493140243902439,0.017522151295731706,-0.02713184387678749,-0.0021132819372971802,0.028270183818178724,0.13002647310495377,-0.03940583467483516,0.02648005485534677,0.8393162488937378,0.7411493062973022,1.346082329750061,-0.009587593,-0.010574311,0.048328884,532.0,1740111856.6368396,0.07778268307447433,0.06314153224229813,0.18511825799942017,0.13790097832679749,-0.0425620898604393,-0.0620744526386261,0.03644557669758797,0.2346304953098297,0.2449134886264801,0.07777129113674164,0.12836599349975586,0.2776450514793396,0.16634836792945862,-0.03264528512954712,0.23819845914840698,0.05257119610905647,0.2059381902217865,0.057113539427518845,-0.08303430676460266,0.08921455591917038,-0.08090932667255402,-0.2744087278842926,-0.16709423065185547,0.05484951287508011,0.12876302003860474,-0.060765765607357025,0.26040077209472656,-0.030521035194396973,-0.04768418148159981,0.23740938305854797,-0.14282818138599396,0.03095170482993126
0.03466276824474335,0.6658603549003601,1.4276989698410034,-0.023420119867092224,0.04493140243902439,0.017522151295731706,-0.05249025573987653,0.010444776966149755,0.011163951895242337,0.13431399166584015,-0.035290431976318315,0.027741408348083585,0.8393162488937378,0.7411493062973022,1.346082329750061,-0.009587593,-0.010574311,0.048328884,533.0,1740111856.6699991,0.07778268307447433,0.06314153224229813,0.18511825799942017,0.13790097832679749,-0.0425620898604393,-0.0620744526386261,0.03644557669758797,0.2346304953098297,0.2449134886264801,0.07777129113674164,0.12836599349975586,0.2776450514793396,0.16634836792945862,-0.03264528512954712,0.23819845914840698,0.05257119610905647,0.2059381902217865,0.057113539427518845,-0.08303430676460266,0.08921455591917038,-0.08090932667255402,-0.2744087278842926,-0.16709423065185547,0.05484951287508011,0.12876302003860474,-0.060765765607357025,0.26040077209472656,-0.030521035194396973,-0.04768418148159981,0.23740938305854797,-0.14282818138599396,0.03095170482993126
0.03494061157107353,0.6666924953460693,1.4274667501449585,-0.0035267727556493973,0.042924683979688814,0.00022665187464958428,-0.039610005128749834,0.009859188790800503,0.009790193102538324,0.13016236424446107,-0.035680842399597124,0.026176190376281827,0.8393162488937378,0.7411493062973022,1.346082329750061,-0.01163505,-0.009248991,0.04526715,534.0,1740111856.7030282,0.07846084982156754,0.06317266821861267,0.1857529580593109,0.13729514181613922,-0.04199422150850296,-0.062481850385665894,0.036479003727436066,0.23418079316616058,0.2456335425376892,0.07806318998336792,0.12854495644569397,0.27774742245674133,0.16628870368003845,-0.03277052938938141,0.23907271027565002,0.05252892151474953,0.20626963675022125,0.056794267147779465,-0.08232294023036957,0.0888381376862526,-0.08158839493989944,-0.27519452571868896,-0.1668587327003479,0.05481318384408951,0.1294431984424591,-0.060598306357860565,0.2608288526535034,-0.03071349859237671,-0.04830406233668327,0.23750528693199158,-0.14297273755073547,0.03233768418431282
0.033823639154434204,0.66853266954422,1.427161455154419,-0.0035267727556493973,0.042924683979688814,0.00022665187464958428,-0.05060151921210587,0.012853854184707789,0.007269377504092509,0.1339578129351139,-0.03212751150131221,0.027353858947753995,0.8393162488937378,0.7411493062973022,1.346082329750061,-0.016053654,-0.0052375197,0.0360424,535.0,1740111856.7373757,0.07899133861064911,0.06319715827703476,0.1869715303182602,0.13833747804164886,-0.04248478263616562,-0.06281087547540665,0.037005264312028885,0.23529362678527832,0.24660350382328033,0.0785699188709259,0.12944471836090088,0.27942994236946106,0.16704100370407104,-0.033195022493600845,0.24077782034873962,0.05277637764811516,0.20724859833717346,0.05723068490624428,-0.08274109661579132,0.08967261761426926,-0.08249672502279282,-0.2769198417663574,-0.1675475835800171,0.0554308146238327,0.12973497807979584,-0.06114800274372101,0.2622188925743103,-0.0314013808965683,-0.04901350662112236,0.23887351155281067,-0.14368373155593872,0.03262314200401306
0.03310892730951309,0.6697716116905212,1.426741361618042,-0.0035267727556493973,0.042924683979688814,0.00022665187464958428,-0.052675105740298926,0.01363533934303222,0.006004942717350374,0.13337430208921433,-0.030761551856994584,0.026968097686767667,0.8393162488937378,0.7411493062973022,1.346082329750061,-0.01279819,-0.004871413,0.03447841,536.0,1740111856.7708766,0.0793178379535675,0.06314428150653839,0.18779954314231873,0.13935662806034088,-0.04324287176132202,-0.06227424740791321,0.0376189760863781,0.23668697476387024,0.24726951122283936,0.07894232869148254,0.12986359000205994,0.2810308337211609,0.16779501736164093,-0.03307465463876724,0.2418334186077118,0.053406644612550735,0.20794104039669037,0.057746175676584244,-0.08329422771930695,0.09068269282579422,-0.08237244933843613,-0.27774113416671753,-0.1682990938425064,0.05579494684934616,0.12983931601047516,-0.061848051846027374,0.2628011107444763,-0.03132316470146179,-0.04888226464390755,0.24051910638809204,-0.14473628997802734,0.031781986355781555
0.03260655701160431,0.6708165407180786,1.4265213012695312,-0.0035267727556493973,0.042924683979688814,0.00022665187464958428,-0.05099707581938507,0.012431116849521286,0.0032437871449712734,0.1331089273095131,-0.030228388309478715,0.02674136161804208,0.8393162488937378,0.7411493062973022,1.346082329750061,-0.016272224,-0.004966095,0.0351001,537.0,1740111856.8028045,0.07997828722000122,0.06319887936115265,0.18837383389472961,0.1396307349205017,-0.043475404381752014,-0.062086209654808044,0.03788416087627411,0.23725686967372894,0.24822726845741272,0.07925130426883698,0.129866361618042,0.28199487924575806,0.16800443828105927,-0.0331074558198452,0.24280032515525818,0.05378896743059158,0.20871880650520325,0.05798577144742012,-0.08326657116413116,0.09096840769052505,-0.08261226117610931,-0.27834776043891907,-0.1684897541999817,0.055965736508369446,0.13033390045166016,-0.06209760159254074,0.26319485902786255,-0.03142625838518143,-0.04915056750178337,0.2412109375,-0.14555267989635468,0.03196967393159866
0.032596487551927567,0.6719641089439392,1.4259004592895508,-0.01844431041125872,0.0400672885762349,-0.011161800426213946,-0.05150608844864977,0.01398108819508637,0.0038500406075252505,0.1327264741063118,-0.028497648239135698,0.026126837730407804,0.8393162488937378,0.7411493062973022,1.346082329750061,-0.016272224,-0.004966095,0.0351001,538.0,1740111856.837141,0.07997828722000122,0.06319887936115265,0.18837383389472961,0.1396307349205017,-0.043475404381752014,-0.062086209654808044,0.03788416087627411,0.23725686967372894,0.24822726845741272,0.07925130426883698,0.129866361618042,0.28199487924575806,0.16800443828105927,-0.0331074558198452,0.24280032515525818,0.05378896743059158,0.20871880650520325,0.05798577144742012,-0.08326657116413116,0.09096840769052505,-0.08261226117610931,-0.27834776043891907,-0.1684897541999817,0.055965736508369446,0.13033390045166016,-0.06209760159254074,0.26319485902786255,-0.03142625838518143,-0.04915056750178337,0.2412109375,-0.14555267989635468,0.03196967393159866
0.03209754079580307,0.672834038734436,1.4254993200302124,-0.01844431041125872,0.0400672885762349,-0.011161800426213946,-0.05122791415657298,0.013919119521489057,0.0036021423176164475,0.13242038190364838,-0.027472507953643754,0.025661206245422452,0.8393162488937378,0.7411493062973022,1.346082329750061,-0.016705483,-0.0046967044,0.03437052,539.0,1740111856.8704596,0.08017542958259583,0.06327297538518906,0.1886018067598343,0.13987238705158234,-0.043545521795749664,-0.062081046402454376,0.03792893886566162,0.2376902550458908,0.2486935406923294,0.07939083874225616,0.13000166416168213,0.2824592590332031,0.16816017031669617,-0.03318728879094124,0.24328452348709106,0.05386633053421974,0.20914994180202484,0.058118414133787155,-0.08356983959674835,0.09102555364370346,-0.08288238942623138,-0.27864277362823486,-0.16876934468746185,0.05615091323852539,0.13070285320281982,-0.06223822385072708,0.26341062784194946,-0.0315685048699379,-0.049406345933675766,0.24142390489578247,-0.1459726095199585,0.032105982303619385
0.03206317499279976,0.6738685369491577,1.4248642921447754,-0.01844431041125872,0.0400672885762349,-0.011161800426213946,-0.052440080264165016,0.01576736147975733,0.005451313832562458,0.132162643969059,-0.02647299766540523,0.02510700225830087,0.8393162488937378,0.7411493062973022,1.346082329750061,-0.013127513,-0.0045254156,0.033508573,540.0,1740111856.9037113,0.07981691509485245,0.06350209563970566,0.1867489516735077,0.13765063881874084,-0.042049676179885864,-0.06312631070613861,0.037129078060388565,0.2346305102109909,0.2477949559688568,0.07886236906051636,0.12872596085071564,0.27968987822532654,0.1666312962770462,-0.03379048779606819,0.241613507270813,0.052809394896030426,0.20809109508991241,0.057306159287691116,-0.08217515051364899,0.08899194747209549,-0.08398795127868652,-0.2768038511276245,-0.16716723144054413,0.055556610226631165,0.13095523416996002,-0.061015695333480835,0.26202839612960815,-0.031835347414016724,-0.05018829181790352,0.23810967803001404,-0.14397351443767548,0.03427265211939812
0.03204735741019249,0.6745792031288147,1.4243614673614502,-0.0069225610015756075,0.02746549513359546,-0.015009676030414436,-0.05177942403304776,0.018144875692171096,0.005014221057885393,0.13202883154153824,-0.025729727745056108,0.02461419105529794,0.8393162488937378,0.7411493062973022,1.346082329750061,-0.014726028,-0.0028022155,0.028730556,541.0,1740111856.9383786,0.07939672470092773,0.06345051527023315,0.18656162917613983,0.13802003860473633,-0.042402081191539764,-0.06282030045986176,0.03709309548139572,0.23499785363674164,0.24729996919631958,0.07852499186992645,0.1285337209701538,0.27953943610191345,0.16653433442115784,-0.033624183386564255,0.24120599031448364,0.0527932345867157,0.2078111469745636,0.05735360458493233,-0.08262407779693604,0.08902441710233688,-0.0835956484079361,-0.2762906849384308,-0.1671711951494217,0.055497705936431885,0.13069593906402588,-0.06111416220664978,0.2617381513118744,-0.0317147821187973,-0.049924250692129135,0.23807990550994873,-0.14391815662384033,0.03347860276699066
0.031549789011478424,0.6749339699745178,1.4238967895507812,-0.0069225610015756075,0.02746549513359546,-0.015009676030414436,-0.04987114990083439,0.018012375266128755,0.0015890399322849194,0.13168434277176858,-0.025366795063018754,0.024168944358825772,0.8393162488937378,0.7411493062973022,1.346082329750061,-0.017770663,-0.002662696,0.028688312,542.0,1740111856.970285,0.07874761521816254,0.06330350786447525,0.18638353049755096,0.13882634043693542,-0.04300396889448166,-0.06261248886585236,0.03774663805961609,0.23533838987350464,0.24677790701389313,0.07863721251487732,0.12875504791736603,0.2801027297973633,0.16695624589920044,-0.03391442447900772,0.24089419841766357,0.05288264900445938,0.2075347900390625,0.05783506855368614,-0.08296330273151398,0.08986171334981918,-0.08347813785076141,-0.2762666940689087,-0.16744999587535858,0.05574805289506912,0.13013499975204468,-0.06147389858961105,0.26172909140586853,-0.03185649216175079,-0.04958800598978996,0.23858481645584106,-0.1438262015581131,0.03228539228439331
0.031651467084884644,0.6756376028060913,1.4230520725250244,-0.0069225610015756075,0.02746549513359546,-0.015009676030414436,-0.05215262572951697,0.019204550022366183,0.003776457934184556,0.1316220335662365,-0.02457971572875972,0.023418521881103604,0.8393162488937378,0.7411493062973022,1.346082329750061,-0.017770663,-0.002662696,0.028688312,543.0,1740111857.0035017,0.07874761521816254,0.06330350786447525,0.18638353049755096,0.13882634043693542,-0.04300396889448166,-0.06261248886585236,0.03774663805961609,0.23533838987350464,0.24677790701389313,0.07863721251487732,0.12875504791736603,0.2801027297973633,0.16695624589920044,-0.03391442447900772,0.24089419841766357,0.05288264900445938,0.2075347900390625,0.05783506855368614,-0.08296330273151398,0.08986171334981918,-0.08347813785076141,-0.2762666940689087,-0.16744999587535858,0.05574805289506912,0.13013499975204468,-0.06147389858961105,0.26172909140586853,-0.03185649216175079,-0.04958800598978996,0.23858481645584106,-0.1438262015581131,0.03228539228439331
0.03255261853337288,0.6755624413490295,1.422203779220581,0.004796091984761988,0.011831836093130887,-0.022071103446017485,-0.041069042225388486,0.01951964791882717,0.007562711994333843,0.1330205261707306,-0.02476580142974849,0.02137622833251962,0.8393162488937378,0.7411493062973022,1.346082329750061,-0.017537221,-0.0037794039,0.031824082,544.0,1740111857.0381255,0.07876455783843994,0.06334605067968369,0.18641187250614166,0.13849666714668274,-0.04279974848031998,-0.06263455748558044,0.03760375827550888,0.23511284589767456,0.2466970533132553,0.0785493552684784,0.1288086473941803,0.2798391878604889,0.1669265776872635,-0.03381376713514328,0.24084359407424927,0.052794765681028366,0.20746318995952606,0.05773196741938591,-0.08271369338035583,0.08954653888940811,-0.08333363384008408,-0.2762209475040436,-0.16738182306289673,0.05562408268451691,0.13021287322044373,-0.06143517047166824,0.2615760266780853,-0.03162394464015961,-0.0495150052011013,0.238508403301239,-0.14382582902908325,0.03248521313071251
0.031345341354608536,0.6761760115623474,1.4213979244232178,0.004796091984761988,0.011831836093130887,-0.022071103446017485,-0.0534448238494859,0.019790432012012554,0.0008804531521286584,0.1327323153614998,-0.024436008930206254,0.02192423343658456,0.8393162488937378,0.7411493062973022,1.346082329750061,-0.01603049,-0.003742814,0.031539246,545.0,1740111857.0711744,0.0775996521115303,0.06311579048633575,0.18554890155792236,0.13917069137096405,-0.043323397636413574,-0.06236821413040161,0.038276344537734985,0.2351076602935791,0.24515175819396973,0.07835108041763306,0.12842029333114624,0.2796899378299713,0.16707347333431244,-0.034146904945373535,0.23960062861442566,0.05255613848567009,0.20660781860351562,0.05825234577059746,-0.08312344551086426,0.09022945910692215,-0.083155058324337,-0.275308221578598,-0.1672946661710739,0.055793218314647675,0.12913593649864197,-0.061839327216148376,0.26108765602111816,-0.031765155494213104,-0.0490027479827404,0.23844808340072632,-0.14321500062942505,0.030964184552431107
0.031573276966810226,0.6764805912971497,1.4198107719421387,0.004796091984761988,0.011831836093130887,-0.022071103446017485,-0.05430592870140622,0.019376364845266145,0.005081961412152392,0.13152279555797577,-0.02357925176620479,0.020488595962524503,0.8393162488937378,0.7411493062973022,1.346082329750061,-0.015526637,-0.0037001073,0.03138469,546.0,1740111857.1043456,0.07788468897342682,0.06335946172475815,0.1859884262084961,0.13981355726718903,-0.043487660586833954,-0.062613844871521,0.03803620487451553,0.2359285205602646,0.24574214220046997,0.07859170436859131,0.12898698449134827,0.2804529368877411,0.1673695594072342,-0.03434864059090614,0.24037647247314453,0.05242254585027695,0.20738548040390015,0.05854884907603264,-0.0836411863565445,0.09039101749658585,-0.08352922648191452,-0.2762153446674347,-0.16779157519340515,0.05619640648365021,0.12921081483364105,-0.06212581694126129,0.2618153393268585,-0.032070793211460114,-0.049561094492673874,0.2388017177581787,-0.14371348917484283,0.03131808340549469
0.032638002187013626,0.675980269908905,1.41815984249115,0.0008527821235435731,0.00417312578432143,-0.04038942824009582,-0.041039324300188515,0.016384669407845054,0.008962992798063812,0.1265158098191023,-0.026222598552703813,0.017818188667297452,0.8393162488937378,0.7411493062973022,1.346082329750061,-0.012956716,-0.0021231472,0.026334822,547.0,1740111857.1374288,0.07759010046720505,0.06347759813070297,0.1861313134431839,0.14089204370975494,-0.04383063316345215,-0.06324168294668198,0.03823357820510864,0.236353799700737,0.2459360957145691,0.07869139313697815,0.12965798377990723,0.2811465561389923,0.16810980439186096,-0.03518654406070709,0.2407737374305725,0.05216225981712341,0.20784299075603485,0.05906984582543373,-0.08452785015106201,0.0910625085234642,-0.08454360067844391,-0.27704116702079773,-0.16843734681606293,0.0567631796002388,0.1291036754846573,-0.06240713596343994,0.26304566860198975,-0.03294437378644943,-0.04994228854775429,0.2388889491558075,-0.14353494346141815,0.031301211565732956
0.030587822198867798,0.6754053235054016,1.4162746667861938,0.0008527821235435731,0.00417312578432143,-0.04038942824009582,-0.03492610019951475,-0.09150913527984833,-0.06372568724526102,0.12877786196768284,-0.02576501369476314,0.01645681858062753,0.8393162488937378,0.7411493062973022,1.346082329750061,-0.012956716,-0.0021231472,0.026334822,548.0,1740111857.1700375,0.07759010046720505,0.06347759813070297,0.1861313134431839,0.14089204370975494,-0.04383063316345215,-0.06324168294668198,0.03823357820510864,0.236353799700737,0.2459360957145691,0.07869139313697815,0.12965798377990723,0.2811465561389923,0.16810980439186096,-0.03518654406070709,0.2407737374305725,0.05216225981712341,0.20784299075603485,0.05906984582543373,-0.08452785015106201,0.0910625085234642,-0.08454360067844391,-0.27704116702079773,-0.16843734681606293,0.0567631796002388,0.1291036754846573,-0.06240713596343994,0.26304566860198975,-0.03294437378644943,-0.04994228854775429,0.2388889491558075,-0.14353494346141815,0.031301211565732956
0.03181661665439606,0.6760767102241516,1.4142241477966309,0.0008527821235435731,0.00417312578432143,-0.04038942824009582,-0.051839005896449956,0.015704303236576907,0.007840818201402483,0.1318521000444889,-0.0237640261650085,0.015240287780761808,0.8393162488937378,0.7411493062973022,1.346082329750061,-0.012956716,-0.0021231472,0.026334822,549.0,1740111857.2038844,0.07759010046720505,0.06347759813070297,0.1861313134431839,0.14089204370975494,-0.04383063316345215,-0.06324168294668198,0.03823357820510864,0.236353799700737,0.2459360957145691,0.07869139313697815,0.12965798377990723,0.2811465561389923,0.16810980439186096,-0.03518654406070709,0.2407737374305725,0.05216225981712341,0.20784299075603485,0.05906984582543373,-0.08452785015106201,0.0910625085234642,-0.08454360067844391,-0.27704116702079773,-0.16843734681606293,0.0567631796002388,0.1291036754846573,-0.06240713596343994,0.26304566860198975,-0.03294437378644943,-0.04994228854775429,0.2388889491558075,-0.14353494346141815,0.031301211565732956
0.03197942301630974,0.675875723361969,1.4120187759399414,0.0008527821235435731,0.00417312578432143,-0.04038942824009582,-0.05126735858147122,0.014817458257305936,0.00781629477408628,0.13192519396543503,-0.023975920677185014,0.013111448287963956,0.8393162488937378,0.7411493062973022,1.346082329750061,-0.013765626,-0.007216178,0.041336548,550.0,1740111857.239031,0.07762113958597183,0.06371483206748962,0.1865411102771759,0.14031191170215607,-0.04255218058824539,-0.06371802091598511,0.03792087361216545,0.23565781116485596,0.2456177920103073,0.0796547383069992,0.1304817497730255,0.2803896963596344,0.16729825735092163,-0.03476899489760399,0.24058419466018677,0.051218386739492416,0.20719866454601288,0.05827757343649864,-0.08321987092494965,0.0904703363776207,-0.08418460190296173,-0.2782028615474701,-0.1678396463394165,0.05664113909006119,0.12841781973838806,-0.061759576201438904,0.2631300091743469,-0.03300374001264572,-0.050828512758016586,0.23859786987304688,-0.14250846207141876,0.03242805227637291
0.028511805459856987,0.673175573348999,1.4083822965621948,-0.005160716557123238,-0.0016928385031074293,-0.060631145048484644,-0.004334224040583179,-0.06974099268865458,-0.03463559973354601,0.13201892226934434,-0.024222803115844682,0.010886526107788175,0.8393162488937378,0.7411493062973022,1.346082329750061,-0.019856289,-0.0085174665,0.044749036,551.0,1740111857.2701232,0.07677701115608215,0.06357571482658386,0.1850566565990448,0.13984771072864532,-0.042558878660202026,-0.06390354037284851,0.03791984170675278,0.23420538008213043,0.24438920617103577,0.07908512651920319,0.12932902574539185,0.27895593643188477,0.1666267067193985,-0.03567245230078697,0.23903366923332214,0.050780411809682846,0.20643261075019836,0.058427002280950546,-0.08335347473621368,0.09009971469640732,-0.08472263813018799,-0.2762686014175415,-0.1671907752752304,0.056244514882564545,0.1282738447189331,-0.061378344893455505,0.26234671473503113,-0.03307798504829407,-0.05054735764861107,0.23694607615470886,-0.1415019929409027,0.032287951558828354
0.03222008794546127,0.675136148929596,1.4074554443359375,-0.005160716557123238,-0.0016928385031074293,-0.060631145048484644,-0.05217890468411352,0.013517526960769936,0.008002249863749363,0.13157984837889672,-0.024946880340576127,0.008557772636413663,0.8393162488937378,0.7411493062973022,1.346082329750061,-0.018734992,-0.013172619,0.055539288,552.0,1740111857.3041165,0.07540491223335266,0.06308530271053314,0.18509528040885925,0.1429026573896408,-0.04454878717660904,-0.06268331408500671,0.0398283414542675,0.23660294711589813,0.24309587478637695,0.07991078495979309,0.12998364865779877,0.28152695298194885,0.16776874661445618,-0.03598199039697647,0.23866719007492065,0.051103588193655014,0.2060335874557495,0.06000879034399986,-0.08488883078098297,0.09316057711839676,-0.08389303088188171,-0.2766874134540558,-0.16832390427589417,0.05716892331838608,0.12619337439537048,-0.06270136684179306,0.26288819313049316,-0.03345254808664322,-0.049681369215250015,0.23951634764671326,-0.14181917905807495,0.0283476822078228
0.029418978840112686,0.6726350784301758,1.4045096635818481,-0.005160716557123238,-0.0016928385031074293,-0.060631145048484644,-0.008142193871159206,-0.09488114829542381,-0.05154642175948117,0.12820741571485997,-0.027132284641265825,0.004962897300720304,0.8393162488937378,0.7411493062973022,1.346082329750061,-0.018734992,-0.013172619,0.055539288,553.0,1740111857.3378222,0.07540491223335266,0.06308530271053314,0.18509528040885925,0.1429026573896408,-0.04454878717660904,-0.06268331408500671,0.0398283414542675,0.23660294711589813,0.24309587478637695,0.07991078495979309,0.12998364865779877,0.28152695298194885,0.16776874661445618,-0.03598199039697647,0.23866719007492065,0.051103588193655014,0.2060335874557495,0.06000879034399986,-0.08488883078098297,0.09316057711839676,-0.08389303088188171,-0.2766874134540558,-0.16832390427589417,0.05716892331838608,0.12619337439537048,-0.06270136684179306,0.26288819313049316,-0.03345254808664322,-0.049681369215250015,0.23951634764671326,-0.14181917905807495,0.0283476822078228
0.03342696651816368,0.6738063097000122,1.4034661054611206,0.011736161620075873,-0.01642750257844125,-0.06184980058067093,-0.0393716807953246,0.0077476004682643295,0.006224029728438916,0.13205788135528565,-0.02562845945358272,0.0042834043502808505,0.8393162488937378,0.7411493062973022,1.346082329750061,-0.018734992,-0.013172619,0.055539288,554.0,1740111857.3726559,0.07540491223335266,0.06308530271053314,0.18509528040885925,0.1429026573896408,-0.04454878717660904,-0.06268331408500671,0.0398283414542675,0.23660294711589813,0.24309587478637695,0.07991078495979309,0.12998364865779877,0.28152695298194885,0.16776874661445618,-0.03598199039697647,0.23866719007492065,0.051103588193655014,0.2060335874557495,0.06000879034399986,-0.08488883078098297,0.09316057711839676,-0.08389303088188171,-0.2766874134540558,-0.16832390427589417,0.05716892331838608,0.12619337439537048,-0.06270136684179306,0.26288819313049316,-0.03345254808664322,-0.049681369215250015,0.23951634764671326,-0.14181917905807495,0.0283476822078228
0.032834481447935104,0.6739962697029114,1.4014170169830322,0.011736161620075873,-0.01642750257844125,-0.06184980058067093,-0.05105220101080916,0.009117016290902277,0.006795645001306349,0.13267499804496766,-0.02581377029418941,0.002359366416931241,0.8393162488937378,0.7411493062973022,1.346082329750061,-0.011450589,-0.012746472,0.054476306,555.0,1740111857.4038987,0.07048945128917694,0.06166645139455795,0.17924657464027405,0.14328204095363617,-0.04567231982946396,-0.06004907190799713,0.04187769070267677,0.23397259414196014,0.2353479415178299,0.07915617525577545,0.12684252858161926,0.2786557674407959,0.16583698987960815,-0.03627720847725868,0.2314831018447876,0.050657887011766434,0.20044682919979095,0.06089223548769951,-0.08496756851673126,0.09480183571577072,-0.08141079545021057,-0.2691960036754608,-0.16644276678562164,0.05684281140565872,0.12124672532081604,-0.06271116435527802,0.25768905878067017,-0.03317714482545853,-0.04685195907950401,0.23708310723304749,-0.13786004483699799,0.022034592926502228
0.03251206874847412,0.6733183860778809,1.3995691537857056,0.011736161620075873,-0.01642750257844125,-0.06184980058067093,-0.04105920334055904,-0.01686338453663726,-0.008935608011726099,0.1294249262660742,-0.028472971916198686,-0.0009174585342406338,0.8393162488937378,0.7411493062973022,1.346082329750061,0.0011252388,-0.012203012,0.055009875,556.0,1740111857.4373472,0.07355324178934097,0.06271101534366608,0.17960569262504578,0.13806959986686707,-0.0421227365732193,-0.06269815564155579,0.037601288408041,0.23009832203388214,0.2377033680677414,0.07833336293697357,0.12588858604431152,0.27427932620048523,0.16289368271827698,-0.035787083208560944,0.232867032289505,0.048976242542266846,0.20170150697231293,0.05753403529524803,-0.0818357989192009,0.08895079046487808,-0.08291876316070557,-0.26989680528640747,-0.1641474962234497,0.054955512285232544,0.12415574491024017,-0.060005031526088715,0.25776609778404236,-0.03208044916391373,-0.04976316913962364,0.23306632041931152,-0.13667146861553192,0.0299287848174572
0.03329702839255333,0.6733737587928772,1.397743821144104,0.011736161620075873,-0.01642750257844125,-0.06184980058067093,-0.05134793454740608,0.007601152855428631,0.010116704700006092,0.13317785263061524,-0.02647144794464107,-0.0013137102127074307,0.8393162488937378,0.7411493062973022,1.346082329750061,-0.0006911084,-0.010909878,0.051041685,557.0,1740111857.4698544,0.07299300283193588,0.0626983791589737,0.17957182228565216,0.13867805898189545,-0.042426541447639465,-0.06263513118028641,0.038063786923885345,0.23020337522029877,0.23713216185569763,0.07863858342170715,0.12658506631851196,0.27451008558273315,0.16296835243701935,-0.03559793531894684,0.23254066705703735,0.048820119351148605,0.20112040638923645,0.05763130262494087,-0.08160914480686188,0.08961495012044907,-0.08253472298383713,-0.27010080218315125,-0.16406504809856415,0.05529605597257614,0.12312065809965134,-0.060059547424316406,0.25762099027633667,-0.032190464437007904,-0.04964890703558922,0.23348650336265564,-0.13619886338710785,0.02919088304042816
0.03248639032244682,0.6725836992263794,1.3960374593734741,-0.046263850838170674,-0.029660934194108392,-0.07026854011826615,-0.04674171738721475,0.019459975146872262,0.015939090701194918,0.12834399230778218,-0.029452514648437456,-0.004254245758056552,0.8393162488937378,0.7411493062973022,1.346082329750061,-0.0006911084,-0.010909878,0.051041685,558.0,1740111857.5029967,0.07299300283193588,0.0626983791589737,0.17957182228565216,0.13867805898189545,-0.042426541447639465,-0.06263513118028641,0.038063786923885345,0.23020337522029877,0.23713216185569763,0.07863858342170715,0.12658506631851196,0.27451008558273315,0.16296835243701935,-0.03559793531894684,0.23254066705703735,0.048820119351148605,0.20112040638923645,0.05763130262494087,-0.08160914480686188,0.08961495012044907,-0.08253472298383713,-0.27010080218315125,-0.16406504809856415,0.05529605597257614,0.12312065809965134,-0.060059547424316406,0.25762099027633667,-0.032190464437007904,-0.04964890703558922,0.23348650336265564,-0.13619886338710785,0.02919088304042816
0.035162873566150665,0.6720560193061829,1.3929182291030884,-0.046263850838170674,-0.029660934194108392,-0.07026854011826615,-0.03625934191265014,0.007518090018619984,0.029529851951371026,0.1336219370365143,-0.02700896263122554,-0.004942560195922763,0.8393162488937378,0.7411493062973022,1.346082329750061,-0.0034211427,-0.011697531,0.05294567,559.0,1740111857.5370688,0.07242342084646225,0.06251710653305054,0.17875342071056366,0.13882124423980713,-0.04276306927204132,-0.06197274476289749,0.03854461386799812,0.22997882962226868,0.23633816838264465,0.07847942411899567,0.12574775516986847,0.2743883430957794,0.16300438344478607,-0.03595266118645668,0.23169779777526855,0.04922963306307793,0.20061402022838593,0.05815901979804039,-0.08211851119995117,0.09022530168294907,-0.08245206624269485,-0.26851919293403625,-0.16416268050670624,0.055215224623680115,0.12297050654888153,-0.06026945263147354,0.256945937871933,-0.03216962516307831,-0.048835452646017075,0.23341134190559387,-0.13620717823505402,0.028059035539627075
0.03407258540391922,0.6727069020271301,1.3922604322433472,-0.046263850838170674,-0.029660934194108392,-0.07026854011826615,-0.05053535530911818,0.0007488699241903394,0.010674130706604543,0.13391491994261742,-0.027179908752441362,-0.00682809352874747,0.8393162488937378,0.7411493062973022,1.346082329750061,-0.0034211427,-0.011697531,0.05294567,560.0,1740111857.5698807,0.07242342084646225,0.06251710653305054,0.17875342071056366,0.13882124423980713,-0.04276306927204132,-0.06197274476289749,0.03854461386799812,0.22997882962226868,0.23633816838264465,0.07847942411899567,0.12574775516986847,0.2743883430957794,0.16300438344478607,-0.03595266118645668,0.23169779777526855,0.04922963306307793,0.20061402022838593,0.05815901979804039,-0.08211851119995117,0.09022530168294907,-0.08245206624269485,-0.26851919293403625,-0.16416268050670624,0.055215224623680115,0.12297050654888153,-0.06026945263147354,0.256945937871933,-0.03216962516307831,-0.048835452646017075,0.23341134190559387,-0.13620717823505402,0.028059035539627075
0.03437928482890129,0.6727612614631653,1.39016854763031,0.05684637850745629,0.020611108066702723,-0.04410871238203248,-0.05072194638339021,-0.002665326682011615,0.012287613149188949,0.1340324603021145,-0.027390015125274614,-0.008668088912963778,0.8393162488937378,0.7411493062973022,1.346082329750061,-0.009207778,-0.014005907,0.05837193,561.0,1740111857.6032183,0.06918171793222427,0.062285035848617554,0.1743990033864975,0.13745467364788055,-0.04144222289323807,-0.061988476663827896,0.03802067041397095,0.22610871493816376,0.23030143976211548,0.07808688282966614,0.1241152435541153,0.26952075958251953,0.16031546890735626,-0.03607636317610741,0.2255699336528778,0.046531084924936295,0.1960422247648239,0.057476479560136795,-0.08050370961427689,0.08917360752820969,-0.0813133493065834,-0.264504611492157,-0.1613956093788147,0.05447613447904587,0.1185481995344162,-0.0589260533452034,0.2537427544593811,-0.0324782133102417,-0.04838721826672554,0.229111909866333,-0.13117924332618713,0.026574451476335526
0.034457843750715256,0.6727794408798218,1.3890913724899292,0.05684637850745629,0.020611108066702723,-0.04410871238203248,-0.05120371661606549,-0.0030538076997029813,0.012228643404231174,0.13445784375071526,-0.027220559120178178,-0.010908627510070712,0.8393162488937378,0.7411493062973022,1.346082329750061,-0.018925734,-0.015480846,0.0601711,562.0,1740111857.637455,0.0684686005115509,0.06253255158662796,0.17243903875350952,0.13616591691970825,-0.04079834371805191,-0.062116142362356186,0.03717634081840515,0.22424159944057465,0.2288377583026886,0.0773332267999649,0.12278543412685394,0.2671487629413605,0.1586475819349289,-0.03618267551064491,0.22350916266441345,0.04562656208872795,0.1948613077402115,0.05696280673146248,-0.07984612137079239,0.08759640902280807,-0.08114730566740036,-0.2621361315250397,-0.15993057191371918,0.0537857785820961,0.11814849078655243,-0.05810952186584473,0.2517017722129822,-0.031927287578582764,-0.048529308289289474,0.22659838199615479,-0.12974296510219574,0.02707180380821228
0.034703709185123444,0.673015296459198,1.3864012956619263,0.05684637850745629,0.020611108066702723,-0.04410871238203248,-0.050317462535982786,-0.008511938678980587,0.00834227822180569,0.13472692891955376,-0.02760679721832271,-0.012894654273986728,0.8393162488937378,0.7411493062973022,1.346082329750061,-0.018925734,-0.015480846,0.0601711,563.0,1740111857.6702137,0.0684686005115509,0.06253255158662796,0.17243903875350952,0.13616591691970825,-0.04079834371805191,-0.062116142362356186,0.03717634081840515,0.22424159944057465,0.2288377583026886,0.0773332267999649,0.12278543412685394,0.2671487629413605,0.1586475819349289,-0.03618267551064491,0.22350916266441345,0.04562656208872795,0.1948613077402115,0.05696280673146248,-0.07984612137079239,0.08759640902280807,-0.08114730566740036,-0.2621361315250397,-0.15993057191371918,0.0537857785820961,0.11814849078655243,-0.05810952186584473,0.2517017722129822,-0.031927287578582764,-0.048529308289289474,0.22659838199615479,-0.12974296510219574,0.02707180380821228
0.03506486117839813,0.6736544370651245,1.3843785524368286,0.00866667113350486,0.00782590051457976,-0.0602296550409758,-0.0506197382013493,-0.01121590953284479,0.0113119882745542,0.13489980846643448,-0.02660681009292598,-0.014695787429809481,0.8393162488937378,0.7411493062973022,1.346082329750061,-0.021837182,-0.014874294,0.059198473,564.0,1740111857.703862,0.0676279366016388,0.06264548748731613,0.17227032780647278,0.1376820057630539,-0.04167264699935913,-0.06223205104470253,0.03714374080300331,0.22543607652187347,0.2281370759010315,0.07747229933738708,0.1235283613204956,0.26784950494766235,0.15894639492034912,-0.03655676543712616,0.2232181429862976,0.04490618407726288,0.19497476518154144,0.057721395045518875,-0.08098544925451279,0.08831506222486496,-0.08104277402162552,-0.2627224922180176,-0.16046033799648285,0.05433648079633713,0.11690812557935715,-0.05868200957775116,0.25234267115592957,-0.03214599937200546,-0.04869958385825157,0.22685378789901733,-0.1294013261795044,0.0258730910718441
0.03521203249692917,0.6743112206459045,1.3827177286148071,0.00866667113350486,0.00782590051457976,-0.0602296550409758,-0.05036118825188713,-0.013067979039576587,0.010322669249701552,0.13516383469104767,-0.026031684875488237,-0.016404175758361728,0.8393162488937378,0.7411493062973022,1.346082329750061,-0.0199126,-0.015632376,0.060860883,565.0,1740111857.7374873,0.06762252748012543,0.06318539381027222,0.17374247312545776,0.13982102274894714,-0.042268671095371246,-0.06302475929260254,0.037189874798059464,0.22747623920440674,0.22904497385025024,0.07865487039089203,0.12559445202350616,0.2699023485183716,0.15930643677711487,-0.03724082186818123,0.22484105825424194,0.044082462787628174,0.19603806734085083,0.05841097608208656,-0.08185024559497833,0.08930983394384384,-0.08167246729135513,-0.26572316884994507,-0.16133983433246613,0.05520777404308319,0.11624838411808014,-0.05916869640350342,0.2543806731700897,-0.032689109444618225,-0.050156380981206894,0.2281602919101715,-0.12960436940193176,0.02588661015033722
0.03552194684743881,0.6752123236656189,1.3814724683761597,0.00866667113350486,0.00782590051457976,-0.0602296550409758,-0.05101311307273549,-0.0128812573381066,0.008833896671949733,0.1353534035384655,-0.02527375221252437,-0.01803126335144034,0.8393162488937378,0.7411493062973022,1.346082329750061,-0.02123817,-0.01753502,0.0672972,566.0,1740111857.7708197,0.06755324453115463,0.06342314183712006,0.17349554598331451,0.13998551666736603,-0.0425758957862854,-0.06309755891561508,0.036508709192276,0.22791719436645508,0.2290545105934143,0.07839834690093994,0.12561354041099548,0.26959162950515747,0.15901437401771545,-0.037147026509046555,0.22462567687034607,0.04357970878481865,0.19627121090888977,0.05830278620123863,-0.08223243057727814,0.08876840025186539,-0.08139580488204956,-0.26570752263069153,-0.16124217212200165,0.05517309904098511,0.11612480133771896,-0.0591573566198349,0.2542968988418579,-0.03230542689561844,-0.050380539149045944,0.22759085893630981,-0.1294775754213333,0.025884810835123062
0.03587231785058975,0.6763680577278137,1.3803446292877197,0.008114247974919235,0.02482116428219043,-0.04138087432563617,-0.04965983324931048,-0.011950314529423961,0.01032608717449883,0.1357617512345314,-0.024187576770782426,-0.019101166725158603,0.8393162488937378,0.7411493062973022,1.346082329750061,-0.019341387,-0.017083779,0.06509893,567.0,1740111857.8040617,0.06600695103406906,0.06313440203666687,0.17244169116020203,0.1399880051612854,-0.04231473058462143,-0.06322254985570908,0.036120299249887466,0.2272418886423111,0.22660982608795166,0.07809516787528992,0.1257079392671585,0.26781487464904785,0.15835748612880707,-0.03672122582793236,0.22232496738433838,0.04231872409582138,0.19447766244411469,0.05775946006178856,-0.08184317499399185,0.08854777365922928,-0.0803309977054596,-0.26524338126182556,-0.1603786200284958,0.05497442185878754,0.11385738849639893,-0.058806292712688446,0.25373899936676025,-0.03230493515729904,-0.049999695271253586,0.2264590561389923,-0.12736505270004272,0.024681171402335167
0.03587135672569275,0.6776152849197388,1.3795650005340576,0.008114247974919235,0.02482116428219043,-0.04138087432563617,-0.05207519526523113,-0.007278940802855478,0.011826301832946364,0.13573981299996377,-0.023190450668334917,-0.01980891227722159,0.8393162488937378,0.7411493062973022,1.346082329750061,-0.019341387,-0.017083779,0.06509893,568.0,1740111857.837555,0.06600695103406906,0.06313440203666687,0.17244169116020203,0.1399880051612854,-0.04231473058462143,-0.06322254985570908,0.036120299249887466,0.2272418886423111,0.22660982608795166,0.07809516787528992,0.1257079392671585,0.26781487464904785,0.15835748612880707,-0.03672122582793236,0.22232496738433838,0.04231872409582138,0.19447766244411469,0.05775946006178856,-0.08184317499399185,0.08854777365922928,-0.0803309977054596,-0.26524338126182556,-0.1603786200284958,0.05497442185878754,0.11385738849639893,-0.058806292712688446,0.25373899936676025,-0.03230493515729904,-0.049999695271253586,0.2264590561389923,-0.12736505270004272,0.024681171402335167
0.036319758743047714,0.679193913936615,1.3793505430221558,0.008114247974919235,0.02482116428219043,-0.04138087432563617,-0.05074461802722631,-0.00446724005358194,0.011719229348698833,0.13624222800135613,-0.022154402732849077,-0.02058222293853751,0.8393162488937378,0.7411493062973022,1.346082329750061,-0.024095662,-0.018950563,0.07052337,569.0,1740111857.8712296,0.062705397605896,0.06268832832574844,0.16941839456558228,0.1400921791791916,-0.04196710139513016,-0.06365673243999481,0.03624771535396576,0.22505199909210205,0.22159714996814728,0.07759872078895569,0.12532229721546173,0.264686644077301,0.15705379843711853,-0.03692842647433281,0.2174791544675827,0.040114469826221466,0.19080109894275665,0.05743810907006264,-0.08124306052923203,0.08854178339242935,-0.079385906457901,-0.26322317123413086,-0.15864822268486023,0.05485055595636368,0.10964182019233704,-0.0581875741481781,0.25210702419281006,-0.03292510658502579,-0.04942695423960686,0.2235203981399536,-0.12313036620616913,0.022504620254039764
0.03659505024552345,0.6808038949966431,1.379088282585144,0.008114247974919235,0.02482116428219043,-0.04138087432563617,-0.04961764294447985,-9.635748212590647e-05,0.017049697811838828,0.13641046211123467,-0.020693433284759477,-0.020940327644348056,0.8393162488937378,0.7411493062973022,1.346082329750061,-0.028092131,-0.019791529,0.07607899,570.0,1740111857.903681,0.06113892048597336,0.06286536157131195,0.16752265393733978,0.1400671899318695,-0.04155004024505615,-0.06457983702421188,0.035787664353847504,0.22344782948493958,0.21961311995983124,0.0770309567451477,0.12470121681690216,0.2628055214881897,0.15602567791938782,-0.03806649148464203,0.21529459953308105,0.03857974708080292,0.1896551251411438,0.05755310878157616,-0.08146379888057709,0.08779927343130112,-0.08036571741104126,-0.26187664270401,-0.15771779417991638,0.05481857806444168,0.10838144272565842,-0.05777672678232193,0.25156086683273315,-0.03368852287530899,-0.050082866102457047,0.22067579627037048,-0.12098832428455353,0.022774767130613327
0.036662131547927856,0.6825417876243591,1.3789441585540771,0.006292286848957557,0.044373074654257064,-0.010615097689883035,-0.04994173551471229,0.0007321532795175157,0.019967550204360137,0.1366276390850544,-0.018305432796478227,-0.020929598808288485,0.8393162488937378,0.7411493062973022,1.346082329750061,-0.02647458,-0.019793075,0.079003334,571.0,1740111857.942475,0.06059399992227554,0.06292670220136642,0.1673402339220047,0.14075355231761932,-0.04170303791761398,-0.06484761834144592,0.03619993105530739,0.22361819446086884,0.21928520500659943,0.07734207808971405,0.12509392201900482,0.2632330656051636,0.15610118210315704,-0.03846602886915207,0.21497312188148499,0.03832876682281494,0.18938986957073212,0.05787425860762596,-0.08164004981517792,0.08832713216543198,-0.08068965375423431,-0.26217058300971985,-0.15772703289985657,0.05514887720346451,0.107733815908432,-0.05786075443029404,0.2516816258430481,-0.03411123901605606,-0.05035005137324333,0.22063472867012024,-0.12061706185340881,0.022448349744081497
0.03674184903502464,0.6844027042388916,1.3788090944290161,0.006292286848957557,0.044373074654257064,-0.010615097689883035,-0.04924234456478727,0.00016157437639364146,0.02168313015538508,0.1367233008146286,-0.01644564867019649,-0.021132731437683017,0.8393162488937378,0.7411493062973022,1.346082329750061,-0.02647458,-0.019793075,0.079003334,572.0,1740111857.9725432,0.06059399992227554,0.06292670220136642,0.1673402339220047,0.14075355231761932,-0.04170303791761398,-0.06484761834144592,0.03619993105530739,0.22361819446086884,0.21928520500659943,0.07734207808971405,0.12509392201900482,0.2632330656051636,0.15610118210315704,-0.03846602886915207,0.21497312188148499,0.03832876682281494,0.18938986957073212,0.05787425860762596,-0.08164004981517792,0.08832713216543198,-0.08068965375423431,-0.26217058300971985,-0.15772703289985657,0.05514887720346451,0.107733815908432,-0.05786075443029404,0.2516816258430481,-0.03411123901605606,-0.05035005137324333,0.22063472867012024,-0.12061706185340881,0.022448349744081497
0.036498282104730606,0.68630450963974,1.3785016536712646,0.006292286848957557,0.044373074654257064,-0.010615097689883035,-0.05126109321582012,0.002405849731500056,0.02448879713260524,0.1366956926882267,-0.014560055732727006,-0.021260762214660556,0.8393162488937378,0.7411493062973022,1.346082329750061,-0.028957382,-0.019740924,0.078269765,573.0,1740111858.0037632,0.05956707149744034,0.06272514164447784,0.16679301857948303,0.14108003675937653,-0.042090579867362976,-0.0648040622472763,0.03680580109357834,0.2235768586397171,0.21785490214824677,0.07752081751823425,0.12513244152069092,0.26300016045570374,0.15580759942531586,-0.0383036807179451,0.21371790766716003,0.03794010728597641,0.1880873292684555,0.05794300511479378,-0.08124060928821564,0.08887455612421036,-0.08009177446365356,-0.261827677488327,-0.15710291266441345,0.055147573351860046,0.1060827448964119,-0.05788620561361313,0.25108975172042847,-0.03403502702713013,-0.05014079436659813,0.22072002291679382,-0.1196000874042511,0.021343179047107697
0.03654291853308678,0.6885097026824951,1.3787678480148315,-0.0008517982067374822,0.0574006033139377,-0.0032048074494498216,-0.05061301705098683,0.0024870197396732155,0.019296782043934844,0.1365424081683159,-0.012561929225921586,-0.021250271797180087,0.8393162488937378,0.7411493062973022,1.346082329750061,-0.030448332,-0.019898396,0.076333925,574.0,1740111858.0374973,0.059548042714595795,0.0628068670630455,0.1665135622024536,0.14080120623111725,-0.04194469004869461,-0.06499475985765457,0.0368170402944088,0.22319762408733368,0.2178918570280075,0.07757328450679779,0.12485672533512115,0.26274120807647705,0.15547557175159454,-0.03859680891036987,0.2135642170906067,0.03776860609650612,0.1880398541688919,0.05808159336447716,-0.08102887123823166,0.08859433978796005,-0.08046011626720428,-0.2615434527397156,-0.15677015483379364,0.05507254600524902,0.10618060827255249,-0.05775303393602371,0.2508736848831177,-0.03413967788219452,-0.05039040371775627,0.22022846341133118,-0.11950168013572693,0.021773893386125565
0.03623626381158829,0.690615713596344,1.3788272142410278,-0.0008517982067374822,0.0574006033139377,-0.0032048074494498216,-0.0509143257669133,0.005729930842747659,0.01839257041812032,0.13635948151350022,-0.010553073883056596,-0.021172070503234774,0.8393162488937378,0.7411493062973022,1.346082329750061,-0.031587422,-0.019736432,0.075111166,575.0,1740111858.0711439,0.058864571154117584,0.06262479722499847,0.16624148190021515,0.14142610132694244,-0.04213327169418335,-0.06483924388885498,0.03715534508228302,0.22333399951457977,0.2170048952102661,0.0776546448469162,0.1251269280910492,0.2629423439502716,0.15575890243053436,-0.03869069367647171,0.21291816234588623,0.037539247423410416,0.18758878111839294,0.05840102955698967,-0.08130946010351181,0.089214988052845,-0.08011503517627716,-0.2616230845451355,-0.1570192128419876,0.05528287589550018,0.10524321347475052,-0.05802648514509201,0.250943124294281,-0.034382641315460205,-0.05000915005803108,0.22038546204566956,-0.11905817687511444,0.020710792392492294
0.0358390249311924,0.6927133798599243,1.3788894414901733,-0.0008517982067374822,0.0574006033139377,-0.0032048074494498216,-0.051076658358874656,0.00812206468731207,0.01802296261294735,0.13599441424012185,-0.008413267135620073,-0.02108767032623282,0.8393162488937378,0.7411493062973022,1.346082329750061,-0.031962216,-0.01973766,0.073396,576.0,1740111858.1042237,0.05845092982053757,0.06256826221942902,0.16583657264709473,0.1408461183309555,-0.04154287278652191,-0.06518588215112686,0.03723632171750069,0.22225557267665863,0.21617922186851501,0.07784049212932587,0.12518854439258575,0.2620878219604492,0.15530328452587128,-0.03867647796869278,0.21210002899169922,0.03699507191777229,0.18671070039272308,0.05810559168457985,-0.08033475279808044,0.08896075934171677,-0.07999980449676514,-0.26154226064682007,-0.15637323260307312,0.05515066534280777,0.10449331998825073,-0.05762346833944321,0.2505298852920532,-0.03450409322977066,-0.05013232305645943,0.21968752145767212,-0.11797799170017242,0.020927051082253456
0.03559200093150139,0.6937557458877563,1.378974199295044,-0.0008517982067374822,0.0574006033139377,-0.0032048074494498216,-0.050518422768365406,0.008439110744314592,0.016635025340212193,0.1355920009315014,-0.006244254112243608,-0.021025800704955966,0.8393162488937378,0.7411493062973022,1.346082329750061,-0.030485108,-0.019391116,0.07349938,577.0,1740111858.1375082,0.059052422642707825,0.06268449127674103,0.1673804074525833,0.14185263216495514,-0.04195363074541092,-0.0648484155535698,0.03741409257054329,0.22406107187271118,0.21711866557598114,0.07851730287075043,0.12642525136470795,0.26378801465034485,0.1561080515384674,-0.037950918078422546,0.21365734934806824,0.037454962730407715,0.18743522465229034,0.05816365405917168,-0.08055654913187027,0.08979577571153641,-0.07935503870248795,-0.26345154643058777,-0.1572330743074417,0.05559927225112915,0.10438358783721924,-0.05813426524400711,0.2515494227409363,-0.03432546555995941,-0.05029415711760521,0.22183933854103088,-0.1189686506986618,0.02042694017291069
0.035827476531267166,0.6964818239212036,1.3792822360992432,-0.009715794109294414,0.06174347965103001,0.0021527627452888457,-0.04166836981947316,0.013609778768858188,0.014456590007877511,0.13013390488922597,-0.006817054748535112,-0.022081875801086337,0.8393162488937378,0.7411493062973022,1.346082329750061,-0.030485108,-0.019391116,0.07349938,578.0,1740111858.1713789,0.059052422642707825,0.06268449127674103,0.1673804074525833,0.14185263216495514,-0.04195363074541092,-0.0648484155535698,0.03741409257054329,0.22406107187271118,0.21711866557598114,0.07851730287075043,0.12642525136470795,0.26378801465034485,0.1561080515384674,-0.037950918078422546,0.21365734934806824,0.037454962730407715,0.18743522465229034,0.05816365405917168,-0.08055654913187027,0.08979577571153641,-0.07935503870248795,-0.26345154643058777,-0.1572330743074417,0.05559927225112915,0.10438358783721924,-0.05813426524400711,0.2515494227409363,-0.03432546555995941,-0.05029415711760521,0.22183933854103088,-0.1189686506986618,0.02042694017291069
0.03434649482369423,0.6990666389465332,1.3796759843826294,-0.009715794109294414,0.06174347965103001,0.0021527627452888457,-0.053527952339596466,0.01830973804616694,0.01018536525938205,0.13582747653126717,-0.0035181760787963423,-0.020717763900756747,0.8393162488937378,0.7411493062973022,1.346082329750061,-0.028309174,-0.019088946,0.07316619,579.0,1740111858.2025456,0.058876752853393555,0.062687449157238,0.16828621923923492,0.14358022809028625,-0.042863234877586365,-0.06475671380758286,0.03828443959355354,0.22581347823143005,0.2175513058900833,0.07913979887962341,0.12733261287212372,0.2658447027206421,0.157134011387825,-0.03837649151682854,0.21466602385044098,0.03769536316394806,0.1880437284708023,0.05900873616337776,-0.08156073093414307,0.09126804023981094,-0.0796765685081482,-0.26480385661125183,-0.15826019644737244,0.05633208155632019,0.10412485152482986,-0.0589153990149498,0.2527206242084503,-0.03484848141670227,-0.050483692437410355,0.22349348664283752,-0.11963669955730438,0.01932094618678093
0.03371233865618706,0.7010048031806946,1.3802748918533325,-0.009715794109294414,0.06174347965103001,0.0021527627452888457,-0.05379832407275702,0.017423739726691333,0.008482243628809205,0.13400414809584618,-0.0001149296760558638,-0.02005758285522452,0.8393162488937378,0.7411493062973022,1.346082329750061,-0.026466757,-0.018483132,0.07058668,580.0,1740111858.2369897,0.0588577538728714,0.06274698674678802,0.16805724799633026,0.14362193644046783,-0.042852506041526794,-0.06497460603713989,0.03828107565641403,0.22571617364883423,0.2176790088415146,0.07921108603477478,0.12711255252361298,0.2659597396850586,0.15716232359409332,-0.03888804838061333,0.21483317017555237,0.037579722702503204,0.18841050565242767,0.05924775078892708,-0.08191953599452972,0.09118356555700302,-0.08035697788000107,-0.2646811902523041,-0.15843629837036133,0.056545794010162354,0.10449777543544769,-0.058976225554943085,0.2528582513332367,-0.03520333766937256,-0.050818558782339096,0.22308242321014404,-0.11962684988975525,0.019666457548737526
0.028218505904078484,0.7001750469207764,1.3797943592071533,-0.017780159556582388,0.06406288980725218,0.014386124760014317,-0.026602556456221133,0.005466243090910271,0.025025252225383994,0.13342191129922867,0.0018912434577942339,-0.01941075325012198,0.8393162488937378,0.7411493062973022,1.346082329750061,-0.01795648,-0.016038477,0.06247218,581.0,1740111858.2705767,0.07208872586488724,0.06327991932630539,0.18070831894874573,0.14188726246356964,-0.04396536946296692,-0.06471656262874603,0.04092242568731308,0.23132774233818054,0.23952384293079376,0.08030466735363007,0.12891489267349243,0.27884212136268616,0.1658962517976761,-0.03898731991648674,0.23447710275650024,0.049383170902729034,0.2025073766708374,0.06075418367981911,-0.08302390575408936,0.09317804127931595,-0.08590318262577057,-0.2739088833332062,-0.16568215191364288,0.05720796436071396,0.12332119792699814,-0.06154150515794754,0.26107463240623474,-0.03477802127599716,-0.05102628841996193,0.23498940467834473,-0.1368561089038849,0.02893136441707611
0.03221960365772247,0.7043122053146362,1.3820991516113281,-0.017780159556582388,0.06406288980725218,0.014386124760014317,-0.04271499869932857,-0.019287124037862265,-0.01710693384723188,0.127860876172781,0.001009929180145308,-0.019662880897521884,0.8393162488937378,0.7411493062973022,1.346082329750061,-0.014961168,-0.01575344,0.06337677,582.0,1740111858.3043706,0.07193294167518616,0.06349211186170578,0.1784733533859253,0.1389242559671402,-0.0418815016746521,-0.06530050933361053,0.0393364280462265,0.22771021723747253,0.23874853551387787,0.07904626429080963,0.1271079182624817,0.27509281039237976,0.16405193507671356,-0.03901178389787674,0.23234397172927856,0.048527080565690994,0.20149214565753937,0.059397969394922256,-0.08161845058202744,0.09007362276315689,-0.08647913485765457,-0.270893394947052,-0.16396765410900116,0.05604958534240723,0.12434841692447662,-0.060007788240909576,0.25884711742401123,-0.03440907597541809,-0.0512516014277935,0.2309284806251526,-0.1352265626192093,0.031586743891239166
0.02783413603901863,0.7032943367958069,1.381687879562378,-0.017780159556582388,0.06406288980725218,0.014386124760014317,-0.01964911725665928,-0.06419362181614782,-0.04386787095438679,0.1325225256383419,0.005553591251373335,-0.0172163486480712,0.8393162488937378,0.7411493062973022,1.346082329750061,-0.014961168,-0.01575344,0.06337677,583.0,1740111858.33754,0.07193294167518616,0.06349211186170578,0.1784733533859253,0.1389242559671402,-0.0418815016746521,-0.06530050933361053,0.0393364280462265,0.22771021723747253,0.23874853551387787,0.07904626429080963,0.1271079182624817,0.27509281039237976,0.16405193507671356,-0.03901178389787674,0.23234397172927856,0.048527080565690994,0.20149214565753937,0.059397969394922256,-0.08161845058202744,0.09007362276315689,-0.08647913485765457,-0.270893394947052,-0.16396765410900116,0.05604958534240723,0.12434841692447662,-0.060007788240909576,0.25884711742401123,-0.03440907597541809,-0.0512516014277935,0.2309284806251526,-0.1352265626192093,0.031586743891239166
0.03151340037584305,0.7077088356018066,1.3852976560592651,-0.07311386115600818,0.014852387967902964,0.02554245991446512,-0.04479089438218886,0.015139749702613307,0.002504615532965197,0.12610969543457032,0.0033766508102417436,-0.01685621738433829,0.8393162488937378,0.7411493062973022,1.346082329750061,-0.014961168,-0.01575344,0.06337677,584.0,1740111858.3730972,0.07193294167518616,0.06349211186170578,0.1784733533859253,0.1389242559671402,-0.0418815016746521,-0.06530050933361053,0.0393364280462265,0.22771021723747253,0.23874853551387787,0.07904626429080963,0.1271079182624817,0.27509281039237976,0.16405193507671356,-0.03901178389787674,0.23234397172927856,0.048527080565690994,0.20149214565753937,0.059397969394922256,-0.08161845058202744,0.09007362276315689,-0.08647913485765457,-0.270893394947052,-0.16396765410900116,0.05604958534240723,0.12434841692447662,-0.060007788240909576,0.25884711742401123,-0.03440907597541809,-0.0512516014277935,0.2309284806251526,-0.1352265626192093,0.031586743891239166
0.03161057457327843,0.7095335125923157,1.3873045444488525,-0.07311386115600818,0.014852387967902964,0.02554245991446512,-0.0537787510070397,0.015158543719418705,0.003904145110057118,0.13151340037584305,0.007708835601806685,-0.014702343940734774,0.8393162488937378,0.7411493062973022,1.346082329750061,-0.010575704,-0.014983103,0.062081486,585.0,1740111858.4039578,0.07336748391389847,0.06419667601585388,0.18029922246932983,0.1391085982322693,-0.041633568704128265,-0.0664980486035347,0.03907637670636177,0.2285931408405304,0.24119484424591064,0.07961387932300568,0.1282486617565155,0.2764410078525543,0.16514432430267334,-0.039491768926382065,0.2348620891571045,0.0488361231982708,0.2032032608985901,0.059501562267541885,-0.08168955892324448,0.08993328362703323,-0.08801530301570892,-0.27344903349876404,-0.16479331254959106,0.056534700095653534,0.1257626712322235,-0.06031676381826401,0.26095134019851685,-0.034953340888023376,-0.05250698700547218,0.23179084062576294,-0.13647466897964478,0.03395461663603783
0.02621297724545002,0.7082183957099915,1.3882265090942383,-0.07311386115600818,0.014852387967902964,0.02554245991446512,-0.028025789979227545,0.0040101358743506,0.02642717534920428,0.13148146718740464,0.010186660289764449,-0.0116621494293212,0.8393162488937378,0.7411493062973022,1.346082329750061,-0.022344917,-0.017206918,0.07002165,586.0,1740111858.4426835,0.06445875763893127,0.06399039924144745,0.17082983255386353,0.13925795257091522,-0.0400112047791481,-0.06709399074316025,0.03654433786869049,0.22358907759189606,0.22437810897827148,0.08003786206245422,0.12706102430820465,0.26605814695358276,0.156624436378479,-0.03889825567603111,0.22035419940948486,0.03903387486934662,0.19208918511867523,0.05730252340435982,-0.0790117010474205,0.08778976649045944,-0.0832308754324913,-0.2667946219444275,-0.1583050638437271,0.05568008869886398,0.11052476614713669,-0.057592980563640594,0.2539604902267456,-0.0346246063709259,-0.0536225400865078,0.22311615943908691,-0.12292538583278656,0.028564199805259705
0.030458789318799973,0.711985170841217,1.3915908336639404,0.036272174957844835,0.07179650589376899,0.0704498274024466,-0.04221547290824208,0.004722224312793802,0.009170944529695269,0.12561653777956963,0.008822429180145308,-0.011205339431762606,0.8393162488937378,0.7411493062973022,1.346082329750061,-0.022344917,-0.017206918,0.07002165,587.0,1740111858.471797,0.06445875763893127,0.06399039924144745,0.17082983255386353,0.13925795257091522,-0.0400112047791481,-0.06709399074316025,0.03654433786869049,0.22358907759189606,0.22437810897827148,0.08003786206245422,0.12706102430820465,0.26605814695358276,0.156624436378479,-0.03889825567603111,0.22035419940948486,0.03903387486934662,0.19208918511867523,0.05730252340435982,-0.0790117010474205,0.08778976649045944,-0.0832308754324913,-0.2667946219444275,-0.1583050638437271,0.05568008869886398,0.11052476614713669,-0.057592980563640594,0.2539604902267456,-0.0346246063709259,-0.0536225400865078,0.22311615943908691,-0.12292538583278656,0.028564199805259705
0.02669207751750946,0.7115557193756104,1.3925243616104126,0.036272174957844835,0.07179650589376899,0.0704498274024466,-0.00978314649328561,-0.07247188026106205,-0.02267596116954779,0.13093016147613526,0.013100731372833296,-0.007230544090270907,0.8393162488937378,0.7411493062973022,1.346082329750061,-0.02114366,-0.017445844,0.07200233,588.0,1740111858.5042179,0.06495016068220139,0.0637204647064209,0.17086778581142426,0.1391727775335312,-0.0402948334813118,-0.06695035099983215,0.03705044835805893,0.22367054224014282,0.22516730427742004,0.0799686461687088,0.12667207419872284,0.2667989432811737,0.15724720060825348,-0.03914138674736023,0.22097539901733398,0.039823051542043686,0.1927236169576645,0.05772555246949196,-0.07926081120967865,0.08817758411169052,-0.08370455354452133,-0.2667839527130127,-0.15864048898220062,0.05594491958618164,0.1113181784749031,-0.05778513848781586,0.25420135259628296,-0.03502847999334335,-0.05328662320971489,0.2235437035560608,-0.12368962168693542,0.028583362698554993
0.0306098610162735,0.7154102921485901,1.3960660696029663,0.036272174957844835,0.07179650589376899,0.0704498274024466,-0.05414824384117503,0.0027201293252612723,0.021416950060290662,0.13000589087605477,0.014126944541931197,-0.005053663253784091,0.8393162488937378,0.7411493062973022,1.346082329750061,-0.02114366,-0.017445844,0.07200233,589.0,1740111858.5389578,0.06495016068220139,0.0637204647064209,0.17086778581142426,0.1391727775335312,-0.0402948334813118,-0.06695035099983215,0.03705044835805893,0.22367054224014282,0.22516730427742004,0.0799686461687088,0.12667207419872284,0.2667989432811737,0.15724720060825348,-0.03914138674736023,0.22097539901733398,0.039823051542043686,0.1927236169576645,0.05772555246949196,-0.07926081120967865,0.08817758411169052,-0.08370455354452133,-0.2667839527130127,-0.15864048898220062,0.05594491958618164,0.1113181784749031,-0.05778513848781586,0.25420135259628296,-0.03502847999334335,-0.05328662320971489,0.2235437035560608,-0.12368962168693542,0.028583362698554993
0.03110562264919281,0.7162809371948242,1.398421287536621,0.036272174957844835,0.07179650589376899,0.0704498274024466,-0.041523190581090476,-0.004751230239652267,0.021794001990990058,0.13036120533943177,0.01600902080535893,-0.0027948856353758877,0.8393162488937378,0.7411493062973022,1.346082329750061,-0.013798699,-0.016018987,0.07206561,590.0,1740111858.5725532,0.06552492082118988,0.06342419236898422,0.17286734282970428,0.14163286983966827,-0.04207489639520645,-0.06617475301027298,0.038897693157196045,0.22674225270748138,0.2267981469631195,0.0807294249534607,0.1276753544807434,0.27060550451278687,0.1594645082950592,-0.03936082497239113,0.22346246242523193,0.04153059422969818,0.194105863571167,0.05913828685879707,-0.08083273470401764,0.09104644507169724,-0.08393272012472153,-0.26867398619651794,-0.16050411760807037,0.056959010660648346,0.11184245347976685,-0.05922085791826248,0.25615566968917847,-0.035604797303676605,-0.052800994366407394,0.22745874524116516,-0.12606807053089142,0.02661072090268135
0.03011707216501236,0.7184897065162659,1.4007701873779297,-0.0028934143922478266,0.05034251772204037,0.07304623989247545,-0.049302886748672954,-0.005352297395357887,0.0173196985516339,0.13014057129621506,0.01752184629440312,-0.0003755331039427823,0.8393162488937378,0.7411493062973022,1.346082329750061,-0.0011848733,-0.013485581,0.05828045,591.0,1740111858.6048446,0.06671558320522308,0.06263243407011032,0.1764802783727646,0.1437753140926361,-0.0440160408616066,-0.06421136111021042,0.04170193523168564,0.23036785423755646,0.22961153090000153,0.08149087429046631,0.1286163032054901,0.27554911375045776,0.16296088695526123,-0.03894573450088501,0.2271958291530609,0.04506045952439308,0.19593027234077454,0.06059591844677925,-0.08202953636646271,0.09476285427808762,-0.08348430693149567,-0.2706252634525299,-0.1633453071117401,0.05788414925336838,0.11400062590837479,-0.061169661581516266,0.25798171758651733,-0.035746753215789795,-0.05105720832943916,0.2336691915988922,-0.13037815690040588,0.02389778196811676
0.029711846262216568,0.7198739051818848,1.4034302234649658,-0.0028934143922478266,0.05034251772204037,0.07304623989247545,-0.05376123140312399,-0.0038812664688590514,0.014392372700165884,0.12986090630292893,0.01916913986206059,0.0020726680755616123,0.8393162488937378,0.7411493062973022,1.346082329750061,-0.0017636865,-0.012757927,0.056304444,592.0,1740111858.6437488,0.06728149205446243,0.06257542967796326,0.17842818796634674,0.14682498574256897,-0.046056702733039856,-0.06376803666353226,0.043259620666503906,0.2338225245475769,0.23173096776008606,0.0821518748998642,0.12986397743225098,0.27971935272216797,0.1654050350189209,-0.03946520760655403,0.22975924611091614,0.04655115306377411,0.1980181783437729,0.06233334168791771,-0.08437454700469971,0.09755546599626541,-0.08401475101709366,-0.2729274332523346,-0.16577857732772827,0.05906493961811066,0.11465516686439514,-0.06282231956720352,0.2605033814907074,-0.03645220398902893,-0.05063098296523094,0.23702910542488098,-0.13286781311035156,0.021936696022748947
0.0255130622535944,0.7200952172279358,1.4060407876968384,-0.0028934143922478266,0.05034251772204037,0.07304623989247545,-0.006250429741640241,-0.08044772318100188,-0.02601182269876868,0.12961884811520577,0.020828652381897017,0.004759645462036222,0.8393162488937378,0.7411493062973022,1.346082329750061,-0.0017636865,-0.012757927,0.056304444,593.0,1740111858.678764,0.06728149205446243,0.06257542967796326,0.17842818796634674,0.14682498574256897,-0.046056702733039856,-0.06376803666353226,0.043259620666503906,0.2338225245475769,0.23173096776008606,0.0821518748998642,0.12986397743225098,0.27971935272216797,0.1654050350189209,-0.03946520760655403,0.22975924611091614,0.04655115306377411,0.1980181783437729,0.06233334168791771,-0.08437454700469971,0.09755546599626541,-0.08401475101709366,-0.2729274332523346,-0.16577857732772827,0.05906493961811066,0.11465516686439514,-0.06282231956720352,0.2605033814907074,-0.03645220398902893,-0.05063098296523094,0.23702910542488098,-0.13286781311035156,0.021936696022748947
0.029248446226119995,0.7225599884986877,1.4085861444473267,-0.007431872485034341,0.04197038249325701,0.0746555018411634,-0.0320580025193848,-0.01954156390082192,0.004414318988767613,0.1255130622535944,0.020095217227935835,0.006040787696838468,0.8393162488937378,0.7411493062973022,1.346082329750061,-0.0066801906,-0.012389094,0.054585963,594.0,1740111858.7040925,0.06801103055477142,0.0626576840877533,0.17827700078487396,0.14588044583797455,-0.0456962063908577,-0.06459900736808777,0.042604073882102966,0.23308007419109344,0.23272551596164703,0.0815621018409729,0.12956920266151428,0.27901896834373474,0.16513869166374207,-0.03956156224012375,0.23005515336990356,0.04644270986318588,0.19868828356266022,0.06196369603276253,-0.0842633992433548,0.09630262106657028,-0.08478004485368729,-0.27299928665161133,-0.16543804109096527,0.058778293430805206,0.11572639644145966,-0.06241071969270706,0.26072144508361816,-0.036592043936252594,-0.05087985470890999,0.23571333289146423,-0.13294312357902527,0.02364516258239746
0.028895292431116104,0.7243558168411255,1.4099516868591309,-0.007431872485034341,0.04197038249325701,0.0746555018411634,-0.054617589439993876,0.0027913168675421777,0.01625774852902642,0.1288952924311161,0.024355816841125533,0.009951686859130948,0.8393162488937378,0.7411493062973022,1.346082329750061,-0.012086786,-0.009121574,0.04669603,595.0,1740111858.737415,0.06967126578092575,0.06267252564430237,0.1804836243391037,0.1464472860097885,-0.046220384538173676,-0.06525278091430664,0.043212443590164185,0.2346934974193573,0.23612336814403534,0.08170962333679199,0.13061997294425964,0.2815788686275482,0.16695623099803925,-0.039693791419267654,0.23327922821044922,0.047906290739774704,0.2008391171693802,0.061922620981931686,-0.08477525413036346,0.09693453460931778,-0.0858575776219368,-0.27567926049232483,-0.16658037900924683,0.05937660485506058,0.11818814277648926,-0.06294027715921402,0.26277199387550354,-0.037035152316093445,-0.05137528106570244,0.23766165971755981,-0.13496683537960052,0.024914197623729706
0.02867567539215088,0.7254586815834045,1.4122549295425415,-0.007431872485034341,0.04197038249325701,0.0746555018411634,-0.033350868455850925,-0.026849872853669382,-0.0005180840017361592,0.12867567539215088,0.025458681583404585,0.012254929542541593,0.8393162488937378,0.7411493062973022,1.346082329750061,-0.012086786,-0.009121574,0.04669603,596.0,1740111858.7707264,0.06967126578092575,0.06267252564430237,0.1804836243391037,0.1464472860097885,-0.046220384538173676,-0.06525278091430664,0.043212443590164185,0.2346934974193573,0.23612336814403534,0.08170962333679199,0.13061997294425964,0.2815788686275482,0.16695623099803925,-0.039693791419267654,0.23327922821044922,0.047906290739774704,0.2008391171693802,0.061922620981931686,-0.08477525413036346,0.09693453460931778,-0.0858575776219368,-0.27567926049232483,-0.16658037900924683,0.05937660485506058,0.11818814277648926,-0.06294027715921402,0.26277199387550354,-0.037035152316093445,-0.05137528106570244,0.23766165971755981,-0.13496683537960052,0.024914197623729706
0.02896258234977722,0.7285801768302917,1.415855884552002,-0.0028577557441128803,0.060183287253313,0.07267494518066546,-0.04087261852468742,-0.002076214582028981,0.014739946898611718,0.12812205255031586,0.02790443897247319,0.014797425270080655,0.8393162488937378,0.7411493062973022,1.346082329750061,-0.00922744,-0.0090405755,0.046081528,597.0,1740111858.8040462,0.07175888121128082,0.06329643726348877,0.18031129240989685,0.1412746012210846,-0.04278244823217392,-0.06697875261306763,0.04045969620347023,0.23050251603126526,0.23836471140384674,0.08018283545970917,0.12910804152488708,0.2773849368095398,0.16558507084846497,-0.039417900145053864,0.23347225785255432,0.04770240560173988,0.201349675655365,0.059261906892061234,-0.08205723017454147,0.09220875054597855,-0.08723075687885284,-0.2747144401073456,-0.1646440327167511,0.05776596814393997,0.1219218447804451,-0.060853950679302216,0.2617310881614685,-0.03652876615524292,-0.05243948474526405,0.23359182476997375,-0.13452589511871338,0.030996397137641907
0.02795286849141121,0.7301631569862366,1.4169028997421265,-0.0028577557441128803,0.060183287253313,0.07267494518066546,-0.0546958304456379,0.0007270638393118104,0.012040610477330375,0.12795286849141121,0.030163156986236617,0.016902899742126554,0.8393162488937378,0.7411493062973022,1.346082329750061,-0.00922744,-0.0090405755,0.046081528,598.0,1740111858.8372376,0.07175888121128082,0.06329643726348877,0.18031129240989685,0.1412746012210846,-0.04278244823217392,-0.06697875261306763,0.04045969620347023,0.23050251603126526,0.23836471140384674,0.08018283545970917,0.12910804152488708,0.2773849368095398,0.16558507084846497,-0.039417900145053864,0.23347225785255432,0.04770240560173988,0.201349675655365,0.059261906892061234,-0.08205723017454147,0.09220875054597855,-0.08723075687885284,-0.2747144401073456,-0.1646440327167511,0.05776596814393997,0.1219218447804451,-0.060853950679302216,0.2617310881614685,-0.03652876615524292,-0.05243948474526405,0.23359182476997375,-0.13452589511871338,0.030996397137641907
0.027175121009349823,0.7333087921142578,1.4203449487686157,-0.0028577557441128803,0.060183287253313,0.07267494518066546,-0.05404988074792171,-0.0023054433459850977,0.010151933665622443,0.12751583606004716,0.03232543468475346,0.019093847274780362,0.8393162488937378,0.7411493062973022,1.346082329750061,-0.00922744,-0.0090405755,0.046081528,599.0,1740111858.872591,0.07175888121128082,0.06329643726348877,0.18031129240989685,0.1412746012210846,-0.04278244823217392,-0.06697875261306763,0.04045969620347023,0.23050251603126526,0.23836471140384674,0.08018283545970917,0.12910804152488708,0.2773849368095398,0.16558507084846497,-0.039417900145053864,0.23347225785255432,0.04770240560173988,0.201349675655365,0.059261906892061234,-0.08205723017454147,0.09220875054597855,-0.08723075687885284,-0.2747144401073456,-0.1646440327167511,0.05776596814393997,0.1219218447804451,-0.060853950679302216,0.2617310881614685,-0.03652876615524292,-0.05243948474526405,0.23359182476997375,-0.13452589511871338,0.030996397137641907
0.026287853717803955,0.7351924777030945,1.4225703477859497,-0.0028577557441128803,0.060183287253313,0.07267494518066546,-0.0451885203986954,0.010463936684373265,0.019944887153233403,0.12335746586322785,0.03180365562438969,0.02009449005126962,0.8393162488937378,0.7411493062973022,1.346082329750061,-0.015522681,-0.011778519,0.052643023,600.0,1740111858.904435,0.07409267127513885,0.06425915658473969,0.18181878328323364,0.14132899045944214,-0.04261743277311325,-0.06867052614688873,0.038455888628959656,0.23126699030399323,0.24219317734241486,0.0795896053314209,0.1297367811203003,0.27826955914497375,0.1664426177740097,-0.04067818447947502,0.23679792881011963,0.04768260940909386,0.2050517052412033,0.05957735702395439,-0.0837538093328476,0.0906808152794838,-0.09005700051784515,-0.2769719064235687,-0.16602446138858795,0.05812526494264603,0.1252569705247879,-0.060887791216373444,0.26465368270874023,-0.03748544305562973,-0.054173897951841354,0.23282936215400696,-0.13657410442829132,0.034786924719810486
0.02278289571404457,0.733951985836029,1.4225083589553833,-0.0514796408568194,0.04474964746072414,0.055418181095950265,-0.010136540035060215,-0.07480515455903153,-0.022823537306405663,0.12278289571404458,0.0339519858360291,0.02250835895538339,0.8393162488937378,0.7411493062973022,1.346082329750061,-0.0049510524,-0.0112903565,0.050881993,601.0,1740111858.936743,0.07629189640283585,0.06479474902153015,0.1855245679616928,0.1428360641002655,-0.042788222432136536,-0.07054921984672546,0.03803284466266632,0.2342156022787094,0.24592334032058716,0.08083002269268036,0.13279661536216736,0.28134486079216003,0.16812102496623993,-0.040865831077098846,0.24112719297409058,0.04768356680870056,0.2078578621149063,0.05970596894621849,-0.08429749310016632,0.09135561436414719,-0.09153984487056732,-0.2828250527381897,-0.16743621230125427,0.05920315533876419,0.12605410814285278,-0.061438560485839844,0.2688005566596985,-0.03857704997062683,-0.056198958307504654,0.23539507389068604,-0.13845068216323853,0.03717964142560959
0.026297826319932938,0.7401635050773621,1.427375078201294,-0.0514796408568194,0.04474964746072414,0.055418181095950265,-0.055425317680573495,0.006286540683713135,0.011444504771888646,0.12740585803985596,0.03849749565124516,0.02616581916809091,0.8393162488937378,0.7411493062973022,1.346082329750061,-0.016196892,-0.0016349852,0.027116388,602.0,1740111858.9708095,0.0774531215429306,0.0643668919801712,0.18858058750629425,0.144739031791687,-0.04424329847097397,-0.06910444796085358,0.0399913564324379,0.2376142293214798,0.24845388531684875,0.08131864666938782,0.1331786811351776,0.2851426601409912,0.17057891190052032,-0.04069388285279274,0.24440881609916687,0.05013607069849968,0.20973190665245056,0.060723934322595596,-0.08584630489349365,0.0939292386174202,-0.09157592058181763,-0.2845914363861084,-0.16962690651416779,0.05990500748157501,0.12822875380516052,-0.0631132423877716,0.2707676291465759,-0.03876645117998123,-0.05516539141535759,0.23981815576553345,-0.14196331799030304,0.03527374193072319
0.021961258724331856,0.7397661209106445,1.4283260107040405,-0.0514796408568194,0.04474964746072414,0.055418181095950265,-0.010218173957069416,-0.050788988216624996,-0.01337250468316182,0.12629782631993294,0.040163505077362105,0.027375078201294034,0.8393162488937378,0.7411493062973022,1.346082329750061,-0.016196892,-0.0016349852,0.027116388,603.0,1740111859.0030925,0.0774531215429306,0.0643668919801712,0.18858058750629425,0.144739031791687,-0.04424329847097397,-0.06910444796085358,0.0399913564324379,0.2376142293214798,0.24845388531684875,0.08131864666938782,0.1331786811351776,0.2851426601409912,0.17057891190052032,-0.04069388285279274,0.24440881609916687,0.05013607069849968,0.20973190665245056,0.060723934322595596,-0.08584630489349365,0.0939292386174202,-0.09157592058181763,-0.2845914363861084,-0.16962690651416779,0.05990500748157501,0.12822875380516052,-0.0631132423877716,0.2707676291465759,-0.03876645117998123,-0.05516539141535759,0.23981815576553345,-0.14196331799030304,0.03527374193072319
0.02507549524307251,0.7431837320327759,1.4308274984359741,0.022763686878729986,0.09166388508147086,0.082602427436136,-0.04555379234227325,-0.009222407056314752,-0.002918288303744316,0.12507549524307252,0.04318373203277592,0.03082749843597421,0.8393162488937378,0.7411493062973022,1.346082329750061,-0.015672341,-0.0075896457,0.04368338,604.0,1740111859.037391,0.07654077559709549,0.06425194442272186,0.18780799210071564,0.14431189000606537,-0.04368648678064346,-0.06893961131572723,0.03972464054822922,0.23703208565711975,0.2466139793395996,0.08144757151603699,0.1330694854259491,0.283658504486084,0.1696496605873108,-0.0400247648358345,0.24274522066116333,0.04949072375893593,0.2081892490386963,0.060186225920915604,-0.0854104608297348,0.09346795827150345,-0.09049045294523239,-0.2836741805076599,-0.16894598305225372,0.05963672697544098,0.1268823742866516,-0.06273649632930756,0.2696600556373596,-0.03862219303846359,-0.054797712713479996,0.23909470438957214,-0.14082013070583344,0.0346757248044014
