mav_pos_x,mav_pos_y,mav_pos_z,mav_vel_x,mav_vel_y,mav_vel_z,mav_yaw,mav_pitch,mav_roll,delta_x,delta_y,delta_z,init_pos_x,init_pos_y,init_pos_z,control_x,control_y,control_z,index_image,timestamp,encoding_1,encoding_2,encoding_3,encoding_4,encoding_5,encoding_6,encoding_7,encoding_8,encoding_9,encoding_10,encoding_11,encoding_12,encoding_13,encoding_14,encoding_15,encoding_16,encoding_17,encoding_18,encoding_19,encoding_20,encoding_21,encoding_22,encoding_23,encoding_24,encoding_25,encoding_26,encoding_27,encoding_28,encoding_29,encoding_30,encoding_31,encoding_32
0.7706769108772278,0.721793532371521,0.9991943836212158,-0.24747637030317812,-0.016476558025327416,0.004191205285817249,0.023690925127441625,0.03697148062979342,0.02555542019751166,0.8791522145271301,0.022386538982391402,-0.4012601613998412,0.7878814339637756,0.7228689193725586,0.9981061816215515,-0.29199225,-0.015703034,0.13704272,2.0,1740111788.67908,-0.0850725993514061,0.009415041655302048,0.11619777977466583,0.2857706844806671,-0.1732982099056244,0.03944503515958786,0.1604541838169098,0.3236834406852722,0.030400583520531654,0.06943181157112122,0.11150331795215607,0.32210373878479004,0.19803611934185028,-0.022415805608034134,0.07903187721967697,0.05569683387875557,0.07630842924118042,0.13798154890537262,-0.15554626286029816,0.2524833083152771,0.044492606073617935,-0.18047796189785004,-0.179424449801445,0.07474778592586517,-0.07257727533578873,-0.1396133154630661,0.1960500031709671,-0.01870241016149521,0.07648786902427673,0.3338795304298401,-0.10336688160896301,-0.29223331809043884
0.7661727666854858,0.721163809299469,0.9993824362754822,-0.24747637030317812,-0.016476558025327416,0.004191205285817249,0.022210643219085405,0.024218340928271236,0.010477159481302996,0.8706769108772278,0.02179353237152104,-0.4008056163787841,0.7878814339637756,0.7228689193725586,0.9981061816215515,-0.29007828,-0.01620876,0.13307175,3.0,1740111788.7038462,-0.08605506271123886,0.008836925029754639,0.11800992488861084,0.2917775511741638,-0.17762307822704315,0.040864504873752594,0.16343636810779572,0.3294793665409088,0.030635036528110504,0.07043111324310303,0.1132110208272934,0.3281101584434509,0.2012328952550888,-0.023367412388324738,0.08105065673589706,0.057142019271850586,0.07777611911296844,0.14110951125621796,-0.15965422987937927,0.2578522264957428,0.044728949666023254,-0.18290403485298157,-0.1825723946094513,0.0766666829586029,-0.07418052852153778,-0.14256611466407776,0.19899681210517883,-0.019812949001789093,0.07748612761497498,0.3392981290817261,-0.10587377846240997,-0.2979382574558258
0.75762540102005,0.7203986644744873,0.999895453453064,-0.2752197476886642,-0.022470326200343962,0.016275859526303577,0.025464822910429827,0.024244198917137496,0.007256576032824751,0.8539811730384826,0.015270936489105269,-0.3931282997131347,0.7878814339637756,0.7228689193725586,0.9981061816215515,-0.29007828,-0.01620876,0.13307175,4.0,1740111788.741737,-0.08605506271123886,0.008836925029754639,0.11800992488861084,0.2917775511741638,-0.17762307822704315,0.040864504873752594,0.16343636810779572,0.3294793665409088,0.030635036528110504,0.07043111324310303,0.1132110208272934,0.3281101584434509,0.2012328952550888,-0.023367412388324738,0.08105065673589706,0.057142019271850586,0.07777611911296844,0.14110951125621796,-0.15965422987937927,0.2578522264957428,0.044728949666023254,-0.18290403485298157,-0.1825723946094513,0.0766666829586029,-0.07418052852153778,-0.14256611466407776,0.19899681210517883,-0.019812949001789093,0.07748612761497498,0.3392981290817261,-0.10587377846240997,-0.2979382574558258
0.7482635974884033,0.7184619307518005,1.000960111618042,-0.2752197476886642,-0.022470326200343962,0.016275859526303577,0.007255611609206702,0.041444961447723416,0.018005972338038766,0.8453738451004028,0.01489048004150395,-0.39269914627075186,0.7878814339637756,0.7228689193725586,0.9981061816215515,-0.3011257,-0.016614605,0.12946844,5.0,1740111788.7729647,-0.08614058792591095,0.009429428726434708,0.11714517325162888,0.29010918736457825,-0.1760825216770172,0.039309076964855194,0.16178539395332336,0.3271278738975525,0.03051954135298729,0.06989869475364685,0.11302383244037628,0.3255627453327179,0.1998177021741867,-0.02387087047100067,0.08028995245695114,0.05552130192518234,0.0771820917725563,0.13993945717811584,-0.158347949385643,0.2555015981197357,0.0435275174677372,-0.18282602727413177,-0.18132850527763367,0.07611914724111557,-0.0742451548576355,-0.141184002161026,0.19892780482769012,-0.020067472010850906,0.0760398805141449,0.33635881543159485,-0.1039411723613739,-0.2951134741306305
0.7408716082572937,0.7188945412635803,1.0018365383148193,-0.2752197476886642,-0.022470326200343962,0.016275859526303577,0.02195122976143528,0.027772588646762162,0.010863889870880255,0.8380008697509765,0.013764488697052046,-0.39252235889434806,0.7878814339637756,0.7228689193725586,0.9981061816215515,-0.29732454,-0.016624864,0.13129523,6.0,1740111788.804919,-0.08374257385730743,0.011270495131611824,0.11396457254886627,0.2793341875076294,-0.1681986004114151,0.03584843873977661,0.15532687306404114,0.3168531358242035,0.03120868280529976,0.06768542528152466,0.11016497015953064,0.3144047260284424,0.1937745064496994,-0.022022515535354614,0.07761485129594803,0.052380289882421494,0.07531432807445526,0.13387197256088257,-0.15098558366298676,0.24463358521461487,0.04237081855535507,-0.17944079637527466,-0.1754763424396515,0.07275547832250595,-0.07096775621175766,-0.13556359708309174,0.19461315870285034,-0.018560297787189484,0.07273438572883606,0.32561802864074707,-0.09919323027133942,-0.2834186255931854
0.7251782417297363,0.7127289772033691,1.0087621212005615,-0.2752197476886642,-0.022470326200343962,0.016275859526303577,0.03188270809087815,0.042358893871113384,0.028559182211913278,0.8370297312736511,0.018925297260284468,-0.3978564977645873,0.7878814339637756,0.7228689193725586,0.9981061816215515,-0.30646306,-0.015160449,0.1347448,7.0,1740111788.8382428,-0.08457828313112259,0.011728489771485329,0.11504431813955307,0.28099048137664795,-0.1684556007385254,0.035130470991134644,0.1553657352924347,0.3179679214954376,0.030844030901789665,0.06864218413829803,0.11228129267692566,0.3155907392501831,0.19420430064201355,-0.022604230791330338,0.07815933227539062,0.051154542714357376,0.07544013112783432,0.13466738164424896,-0.15118825435638428,0.2456408441066742,0.04216223210096359,-0.18204373121261597,-0.17620156705379486,0.07342472672462463,-0.07277031242847443,-0.13615785539150238,0.1964074671268463,-0.019155927002429962,0.07182712852954865,0.3267461657524109,-0.09882116317749023,-0.283660888671875
0.7135368585586548,0.7116255760192871,1.0112146139144897,-0.23941253030242818,-0.01886500019870445,0.027828557803123634,0.032728585271086075,0.0385526740673124,0.028830437329508487,0.8288991212844848,0.018135118484497115,-0.39676549434661856,0.7878814339637756,0.7228689193725586,0.9981061816215515,-0.29302105,-0.015408415,0.13714662,8.0,1740111788.880153,-0.08531545102596283,0.011756595224142075,0.11480988562107086,0.2818392515182495,-0.16896291077136993,0.03469526767730713,0.15561915934085846,0.3181246519088745,0.030214255675673485,0.06850366294384003,0.11249713599681854,0.315684974193573,0.19446036219596863,-0.02339984104037285,0.07789296656847,0.05075057968497276,0.0751018077135086,0.1349620819091797,-0.15197385847568512,0.24623820185661316,0.04143030196428299,-0.18208852410316467,-0.17637783288955688,0.07366745173931122,-0.07335222512483597,-0.13621395826339722,0.19715343415737152,-0.01983342319726944,0.07167249917984009,0.3267610967159271,-0.09803949296474457,-0.2840818464756012
0.7169380187988281,0.7168928384780884,1.0055986642837524,-0.23941253030242818,-0.01886500019870445,0.027828557803123634,0.026120489217894068,0.028487103719037687,0.011708190869901585,0.8135368585586548,0.011625576019287154,-0.38878538608551017,0.7878814339637756,0.7228689193725586,0.9981061816215515,-0.29302105,-0.015408415,0.13714662,9.0,1740111788.9100387,-0.08531545102596283,0.011756595224142075,0.11480988562107086,0.2818392515182495,-0.16896291077136993,0.03469526767730713,0.15561915934085846,0.3181246519088745,0.030214255675673485,0.06850366294384003,0.11249713599681854,0.315684974193573,0.19446036219596863,-0.02339984104037285,0.07789296656847,0.05075057968497276,0.0751018077135086,0.1349620819091797,-0.15197385847568512,0.24623820185661316,0.04143030196428299,-0.18208852410316467,-0.17637783288955688,0.07366745173931122,-0.07335222512483597,-0.13621395826339722,0.19715343415737152,-0.01983342319726944,0.07167249917984009,0.3267610967159271,-0.09803949296474457,-0.2840818464756012
0.7048755288124084,0.7156972885131836,1.0088906288146973,-0.23941253030242818,-0.01886500019870445,0.027828557803123634,0.02613416135392995,0.02641122846556133,0.018146614107055085,0.8169380187988281,0.016892838478088423,-0.39440133571624747,0.7878814339637756,0.7228689193725586,0.9981061816215515,-0.30650368,-0.0140321255,0.13665983,10.0,1740111788.9504313,-0.08418453484773636,0.012934673577547073,0.11262116581201553,0.278059720993042,-0.1662847250699997,0.03155943751335144,0.15175871551036835,0.31354281306266785,0.03112417832016945,0.06656523048877716,0.11007247865200043,0.3101307153701782,0.1910862773656845,-0.024521924555301666,0.0767684280872345,0.04760526865720749,0.07542974501848221,0.13194215297698975,-0.15018510818481445,0.24046477675437927,0.03821130841970444,-0.1808452606201172,-0.17343810200691223,0.07221623510122299,-0.07116018980741501,-0.13326667249202728,0.19645726680755615,-0.020527996122837067,0.06837297976016998,0.31938663125038147,-0.09486094117164612,-0.27701234817504883
0.7009565234184265,0.715130627155304,1.010090947151184,-0.2329561039797415,-0.025048300728685066,0.05716182533025375,0.026583058975707886,0.02378806833555714,0.02256334088677891,0.8048755288124084,0.015697288513183638,-0.39110937118530265,0.7878814339637756,0.7228689193725586,0.9981061816215515,-0.30470532,-0.0152830705,0.13385342,11.0,1740111788.9750776,-0.08247530460357666,0.014678820967674255,0.11385250836610794,0.27417242527008057,-0.1619308441877365,0.02900546044111252,0.14790934324264526,0.3101264238357544,0.03246401995420456,0.06738242506980896,0.11160624027252197,0.306546151638031,0.18828853964805603,-0.02319244295358658,0.07784201949834824,0.044979993253946304,0.07563900947570801,0.12882483005523682,-0.14613641798496246,0.23577749729156494,0.0371803417801857,-0.183460995554924,-0.1716003268957138,0.07125680148601532,-0.07063102722167969,-0.13077473640441895,0.1970597803592682,-0.019930649548768997,0.06477059423923492,0.31622111797332764,-0.09244133532047272,-0.27040138840675354
0.6928709745407104,0.7142179012298584,1.0128566026687622,-0.2329561039797415,-0.025048300728685066,0.05716182533025375,0.025978736206425254,0.022130720771434742,0.026328738981780724,0.7969046592712402,0.014643061161041304,-0.3886091947555541,0.7878814339637756,0.7228689193725586,0.9981061816215515,-0.292296,-0.013569634,0.14242342,12.0,1740111789.0092108,-0.08482608944177628,0.014082439243793488,0.11784365773200989,0.28656595945358276,-0.16978777945041656,0.03054939955472946,0.15297368168830872,0.32149994373321533,0.03309647738933563,0.06918738782405853,0.1154610812664032,0.3178495466709137,0.1943599432706833,-0.0262741856276989,0.08188004791736603,0.04629557207226753,0.07894027233123779,0.13466838002204895,-0.15459571778774261,0.24559050798416138,0.03633824363350868,-0.18938173353672028,-0.17800527811050415,0.07499491423368454,-0.07379277050495148,-0.13621264696121216,0.20402097702026367,-0.023026585578918457,0.06541195511817932,0.32567545771598816,-0.09657451510429382,-0.2799915373325348
0.684768795967102,0.7131003141403198,1.0158017873764038,-0.2329561039797415,-0.025048300728685066,0.05716182533025375,0.027102520998559546,0.018786083551882115,0.03078371309529246,0.7889867186546325,0.013900029659271285,-0.3856736660003661,0.7878814339637756,0.7228689193725586,0.9981061816215515,-0.30173296,-0.013448246,0.14169237,13.0,1740111789.039129,-0.08341614156961441,0.015231825411319733,0.1155402660369873,0.2788253724575043,-0.16412708163261414,0.027653150260448456,0.1484215259552002,0.31352198123931885,0.032867059111595154,0.06859368085861206,0.11434437334537506,0.3100288212299347,0.18967564404010773,-0.02533833310008049,0.07968845963478088,0.04329734668135643,0.07725568115711212,0.13103026151657104,-0.1484943926334381,0.2384427785873413,0.035643771290779114,-0.18780119717121124,-0.17346811294555664,0.07278911024332047,-0.07291944324970245,-0.13242211937904358,0.20109781622886658,-0.021724101155996323,0.06262606382369995,0.318084716796875,-0.0925053060054779,-0.27130401134490967
0.6719948053359985,0.7117750644683838,1.020573616027832,-0.24330052313595577,-0.027475958387454272,0.08853033354385881,0.02612904911964559,0.020119001218500476,0.033081088013786585,0.7805387139320373,0.012694585323333785,-0.38270225524902335,0.7878814339637756,0.7228689193725586,0.9981061816215515,-0.30173296,-0.013448246,0.14169237,14.0,1740111789.0784366,-0.08341614156961441,0.015231825411319733,0.1155402660369873,0.2788253724575043,-0.16412708163261414,0.027653150260448456,0.1484215259552002,0.31352198123931885,0.032867059111595154,0.06859368085861206,0.11434437334537506,0.3100288212299347,0.18967564404010773,-0.02533833310008049,0.07968845963478088,0.04329734668135643,0.07725568115711212,0.13103026151657104,-0.1484943926334381,0.2384427785873413,0.035643771290779114,-0.18780119717121124,-0.17346811294555664,0.07278911024332047,-0.07291944324970245,-0.13242211937904358,0.20109781622886658,-0.021724101155996323,0.06262606382369995,0.318084716796875,-0.0925053060054779,-0.27130401134490967
0.6676655411720276,0.7112241983413696,1.022232174873352,-0.24330052313595577,-0.027475958387454272,0.08853033354385881,0.026056803195460027,0.019103433937190627,0.03357675015991679,0.7719948053359985,0.011775064468383833,-0.3794263839721679,0.7878814339637756,0.7228689193725586,0.9981061816215515,-0.29524422,-0.014027759,0.13741516,15.0,1740111789.1058717,-0.0814489871263504,0.015860211104154587,0.11667367815971375,0.2769697606563568,-0.16255879402160645,0.02728884667158127,0.1466982364654541,0.3131476938724518,0.03478962928056717,0.0686340183019638,0.1140899658203125,0.309211403131485,0.18849098682403564,-0.024321548640727997,0.08124701678752899,0.042977988719940186,0.07877194136381149,0.1296180933713913,-0.1471947580575943,0.23607859015464783,0.03551435470581055,-0.18874238431453705,-0.17304188013076782,0.0723155215382576,-0.07105942070484161,-0.1317240446805954,0.20076899230480194,-0.02129431813955307,0.061142176389694214,0.3170260787010193,-0.09320643544197083,-0.2681366205215454
0.6590233445167542,0.7102245688438416,1.0257630348205566,-0.24330052313595577,-0.027475958387454272,0.08853033354385881,0.02653953391029226,0.02034588530795665,0.03363503962953531,0.7635817289352417,0.010871577262878462,-0.3759451150894164,0.7878814339637756,0.7228689193725586,0.9981061816215515,-0.28126025,-0.013332132,0.14020543,16.0,1740111789.138291,-0.07933636754751205,0.019045084714889526,0.11769172549247742,0.27198368310928345,-0.15582633018493652,0.021321255713701248,0.13984139263629913,0.30773526430130005,0.037070129066705704,0.06874898076057434,0.11649002134799957,0.3031933009624481,0.18363477289676666,-0.024981465190649033,0.08269479125738144,0.03642949461936951,0.08004029095172882,0.12532353401184082,-0.14233142137527466,0.22734135389328003,0.03172606974840164,-0.19322215020656586,-0.1701226383447647,0.07064814120531082,-0.06993701308965683,-0.1278419941663742,0.2025967687368393,-0.021736718714237213,0.053212136030197144,0.3086714446544647,-0.08878505229949951,-0.25518283247947693
0.6455512642860413,0.7087070941925049,1.0315629243850708,-0.26229247325157823,-0.030973456601758435,0.11150420536684912,0.026741517886537766,0.01991383160058338,0.03365601072138128,0.7546683311462402,0.009759593009948775,-0.3721932411193847,0.7878814339637756,0.7228689193725586,0.9981061816215515,-0.26418567,-0.01682486,0.12943676,17.0,1740111789.180902,-0.079800546169281,0.019251037389039993,0.11797280609607697,0.27272501587867737,-0.15597212314605713,0.020408935844898224,0.13999232649803162,0.30771905183792114,0.03689718618988991,0.06963668763637543,0.11809438467025757,0.3039284348487854,0.18359681963920593,-0.025593072175979614,0.08295655995607376,0.03538565710186958,0.0800103172659874,0.12599195539951324,-0.14197015762329102,0.22789132595062256,0.0314684621989727,-0.19511431455612183,-0.17018090188503265,0.07117339968681335,-0.07164451479911804,-0.1282513588666916,0.2037462294101715,-0.021941281855106354,0.051999855786561966,0.3089509606361389,-0.08825142681598663,-0.2547764778137207
0.6408087611198425,0.7082284092903137,1.0333997011184692,-0.26229247325157823,-0.030973456601758435,0.11150420536684912,0.02670224430084452,0.020131568052884134,0.0339872458177609,0.7455512642860412,0.008707094192504927,-0.3684370756149291,0.7878814339637756,0.7228689193725586,0.9981061816215515,-0.26418567,-0.01682486,0.12943676,18.0,1740111789.2036574,-0.079800546169281,0.019251037389039993,0.11797280609607697,0.27272501587867737,-0.15597212314605713,0.020408935844898224,0.13999232649803162,0.30771905183792114,0.03689718618988991,0.06963668763637543,0.11809438467025757,0.3039284348487854,0.18359681963920593,-0.025593072175979614,0.08295655995607376,0.03538565710186958,0.0800103172659874,0.12599195539951324,-0.14197015762329102,0.22789132595062256,0.0314684621989727,-0.19511431455612183,-0.17018090188503265,0.07117339968681335,-0.07164451479911804,-0.1282513588666916,0.2037462294101715,-0.021941281855106354,0.051999855786561966,0.3089509606361389,-0.08825142681598663,-0.2547764778137207
0.6314908266067505,0.707194983959198,1.0374470949172974,-0.26229247325157823,-0.030973456601758435,0.11150420536684912,0.02671886319517942,0.019421514826152952,0.035458005111418826,0.7364510059356689,0.007852602005004927,-0.36454572677612296,0.7878814339637756,0.7228689193725586,0.9981061816215515,-0.26418567,-0.01682486,0.12943676,19.0,1740111789.2385495,-0.079800546169281,0.019251037389039993,0.11797280609607697,0.27272501587867737,-0.15597212314605713,0.020408935844898224,0.13999232649803162,0.30771905183792114,0.03689718618988991,0.06963668763637543,0.11809438467025757,0.3039284348487854,0.18359681963920593,-0.025593072175979614,0.08295655995607376,0.03538565710186958,0.0800103172659874,0.12599195539951324,-0.14197015762329102,0.22789132595062256,0.0314684621989727,-0.19511431455612183,-0.17018090188503265,0.07117339968681335,-0.07164451479911804,-0.1282513588666916,0.2037462294101715,-0.021941281855106354,0.051999855786561966,0.3089509606361389,-0.08825142681598663,-0.2547764778137207
0.6219369173049927,0.7059456706047058,1.0416390895843506,-0.26229247325157823,-0.030973456601758435,0.11150420536684912,0.02627368801575029,0.019413963153625473,0.03519029199155509,0.726406192779541,0.006262350082397505,-0.3606536626815795,0.7878814339637756,0.7228689193725586,0.9981061816215515,-0.26307106,-0.016134158,0.13067833,20.0,1740111789.2702076,-0.0791282057762146,0.02013789489865303,0.12015537917613983,0.27503639459609985,-0.15652203559875488,0.019421428442001343,0.1394508332014084,0.3103616535663605,0.03896484524011612,0.0707789957523346,0.120287224650383,0.3064631521701813,0.18425166606903076,-0.02590126544237137,0.0857037603855133,0.034643612802028656,0.08197523653507233,0.12625902891159058,-0.1428309679031372,0.22875311970710754,0.030494704842567444,-0.199118971824646,-0.171429842710495,0.07217299193143845,-0.07198625057935715,-0.12878157198429108,0.20658548176288605,-0.02265714854001999,0.04957396537065506,0.31066611409187317,-0.08904068171977997,-0.2541927695274353
0.6118917465209961,0.7047276496887207,1.0457605123519897,-0.3026124975884471,-0.03485154588670362,0.1243212426921818,0.02270986960604236,0.020631657858806787,0.033144706232387355,0.717102563381195,0.005451190471649214,-0.3562276601791381,0.7878814339637756,0.7228689193725586,0.9981061816215515,-0.24721876,-0.01400882,0.1419597,21.0,1740111789.3029997,-0.08053077757358551,0.021983996033668518,0.12748035788536072,0.2873627841472626,-0.16130374372005463,0.017655879259109497,0.14168961346149445,0.3215712308883667,0.04187729209661484,0.07569976150989532,0.13044913113117218,0.3180077075958252,0.18923255801200867,-0.029002394527196884,0.09297320991754532,0.032015878707170486,0.08682922273874283,0.13203787803649902,-0.14814406633377075,0.23672422766685486,0.028278052806854248,-0.21302442252635956,-0.17796151340007782,0.07709262520074844,-0.0778883546590805,-0.1338028907775879,0.21784570813179016,-0.02647138014435768,0.04434851557016373,0.3193579316139221,-0.09204240143299103,-0.2584846317768097
0.6022506356239319,0.7040922045707703,1.0502066612243652,-0.3026124975884471,-0.03485154588670362,0.1243212426921818,0.027702143845195138,0.019441519974214838,0.033778521803251645,0.707244610786438,0.004445481300354048,-0.3519789218902587,0.7878814339637756,0.7228689193725586,0.9981061816215515,-0.24721876,-0.01400882,0.1419597,22.0,1740111789.3391616,-0.08053077757358551,0.021983996033668518,0.12748035788536072,0.2873627841472626,-0.16130374372005463,0.017655879259109497,0.14168961346149445,0.3215712308883667,0.04187729209661484,0.07569976150989532,0.13044913113117218,0.3180077075958252,0.18923255801200867,-0.029002394527196884,0.09297320991754532,0.032015878707170486,0.08682922273874283,0.13203787803649902,-0.14814406633377075,0.23672422766685486,0.028278052806854248,-0.21302442252635956,-0.17796151340007782,0.07709262520074844,-0.0778883546590805,-0.1338028907775879,0.21784570813179016,-0.02647138014435768,0.04434851557016373,0.3193579316139221,-0.09204240143299103,-0.2584846317768097
0.5920185446739197,0.7028694152832031,1.054520606994629,-0.3026124975884471,-0.03485154588670362,0.1243212426921818,0.025324744774793326,0.018187294330401494,0.03631950445908613,0.6980042815208435,0.00377588272094731,-0.34712984561920157,0.7878814339637756,0.7228689193725586,0.9981061816215515,-0.20387018,-0.01632512,0.14759326,23.0,1740111789.3689497,-0.0825229063630104,0.02257334254682064,0.13382363319396973,0.3025374114513397,-0.16947731375694275,0.018459822982549667,0.1460026502609253,0.3359623849391937,0.04454846680164337,0.079740971326828,0.13806450366973877,0.33222007751464844,0.19629216194152832,-0.03276514634490013,0.09963816404342651,0.03222339600324631,0.09193974733352661,0.13888125121593475,-0.1566600501537323,0.24840450286865234,0.026907335966825485,-0.2243453413248062,-0.1859617680311203,0.0826786458492279,-0.08287827670574188,-0.13992394506931305,0.22777384519577026,-0.030450761318206787,0.04274551570415497,0.33202874660491943,-0.09705467522144318,-0.2679906487464905
0.5819878578186035,0.7020009160041809,1.0587760210037231,-0.29274322264161445,-0.028764144549193117,0.12508223864013562,0.024643090434892555,0.02064398282357174,0.03297121260132446,0.687740957736969,0.002710688114166304,-0.34292914867401114,0.7878814339637756,0.7228689193725586,0.9981061816215515,-0.2137764,-0.015320934,0.14355521,24.0,1740111789.4021537,-0.08261410146951675,0.024060457944869995,0.13521459698677063,0.3050489127635956,-0.16956017911434174,0.015683837234973907,0.14482827484607697,0.3368982970714569,0.04582839459180832,0.08066454529762268,0.14094595611095428,0.33355453610420227,0.19608251750469208,-0.035217974334955215,0.10175743699073792,0.029386762529611588,0.09380756318569183,0.13961033523082733,-0.1571274995803833,0.24820095300674438,0.02384195476770401,-0.22896747291088104,-0.18662141263484955,0.08370456099510193,-0.08424782007932663,-0.14017850160598755,0.23156118392944336,-0.032427363097667694,0.03837687522172928,0.3310773968696594,-0.09590484201908112,-0.2653311491012573
0.5714722871780396,0.7009239196777344,1.0630632638931274,-0.29274322264161445,-0.028764144549193117,0.12508223864013562,0.025214835575016557,0.019036643920065176,0.030972839596536145,0.6763266086578369,0.0011601924896240678,-0.3392402172088622,0.7878814339637756,0.7228689193725586,0.9981061816215515,-0.2137764,-0.015320934,0.14355521,25.0,1740111789.4362366,-0.08261410146951675,0.024060457944869995,0.13521459698677063,0.3050489127635956,-0.16956017911434174,0.015683837234973907,0.14482827484607697,0.3368982970714569,0.04582839459180832,0.08066454529762268,0.14094595611095428,0.33355453610420227,0.19608251750469208,-0.035217974334955215,0.10175743699073792,0.029386762529611588,0.09380756318569183,0.13961033523082733,-0.1571274995803833,0.24820095300674438,0.02384195476770401,-0.22896747291088104,-0.18662141263484955,0.08370456099510193,-0.08424782007932663,-0.14017850160598755,0.23156118392944336,-0.032427363097667694,0.03837687522172928,0.3310773968696594,-0.09590484201908112,-0.2653311491012573
0.5609214305877686,0.6996411681175232,1.067739725112915,-0.29274322264161445,-0.028764144549193117,0.12508223864013562,0.029520677845680875,0.011382971045451945,0.031600435559458594,0.6661147832870483,0.00018106698989872605,-0.33472766876220694,0.7878814339637756,0.7228689193725586,0.9981061816215515,-0.20652357,-0.013955094,0.14346457,26.0,1740111789.4700515,-0.07603979110717773,0.028661346063017845,0.13007327914237976,0.28200408816337585,-0.15134701132774353,0.005629993975162506,0.1290169507265091,0.31379544734954834,0.04944431409239769,0.07747654616832733,0.13604435324668884,0.3101065754890442,0.1819619983434677,-0.03383259475231171,0.09906207025051117,0.020701540634036064,0.09226390719413757,0.12598785758018494,-0.14100320637226105,0.22380328178405762,0.01722809486091137,-0.22452853620052338,-0.17440743744373322,0.07654424011707306,-0.07642959803342819,-0.12715868651866913,0.2251313030719757,-0.030329637229442596,0.02686462178826332,0.3062571585178375,-0.08465801179409027,-0.23501181602478027
0.5505899786949158,0.6987658739089966,1.0722639560699463,-0.3138122448785068,-0.03233326105139246,0.13480780549644586,0.029045491101105828,0.011189075638928615,0.029251866384925572,0.6554966330528259,-0.0009282350540160689,-0.33007051944732657,0.7878814339637756,0.7228689193725586,0.9981061816215515,-0.19779667,-0.014039323,0.1413638,27.0,1740111789.5028675,-0.07564017921686172,0.03025876358151436,0.1338525116443634,0.2848319113254547,-0.15138503909111023,0.003968745470046997,0.12801344692707062,0.31697511672973633,0.050836242735385895,0.07995845377445221,0.14059117436408997,0.31270530819892883,0.18251974880695343,-0.033782802522182465,0.10280761122703552,0.018366456031799316,0.09391128271818161,0.12614205479621887,-0.1407155692577362,0.22488588094711304,0.016131702810525894,-0.23158957064151764,-0.1759798675775528,0.07801064103841782,-0.07915636897087097,-0.12758412957191467,0.23023907840251923,-0.03145744651556015,0.0228936355561018,0.3090042471885681,-0.08418774604797363,-0.23315604031085968
0.5399112701416016,0.6976461410522461,1.0767470598220825,-0.3138122448785068,-0.03233326105139246,0.13480780549644586,0.029355509232327485,0.009389022266015025,0.02586685307545072,0.6452105402946472,-0.001778018474578813,-0.3255540370941161,0.7878814339637756,0.7228689193725586,0.9981061816215515,-0.19397147,-0.014747374,0.14241467,28.0,1740111789.535182,-0.07532234489917755,0.03079851344227791,0.13516031205654144,0.2863761782646179,-0.15161675214767456,0.0030706897377967834,0.12810389697551727,0.3181036114692688,0.051850881427526474,0.08085444569587708,0.14210015535354614,0.31419652700424194,0.1830710768699646,-0.03491847217082977,0.10447302460670471,0.017804523929953575,0.09492342174053192,0.12697374820709229,-0.14117245376110077,0.2255840301513672,0.014887481927871704,-0.23376522958278656,-0.17679083347320557,0.07837855070829391,-0.07938840985298157,-0.12797340750694275,0.23236112296581268,-0.03204956650733948,0.0214264877140522,0.3096718490123749,-0.0845465213060379,-0.2322821021080017
0.5283857583999634,0.6961122155189514,1.081037163734436,-0.3138122448785068,-0.03233326105139246,0.13480780549644586,0.028060960695308772,0.012193934664468982,0.02321887569180261,0.6339633822441101,-0.0030591011047362837,-0.32132925987243643,0.7878814339637756,0.7228689193725586,0.9981061816215515,-0.20053355,-0.014649659,0.14293554,29.0,1740111789.5690541,-0.07266758382320404,0.03216313570737839,0.134315624833107,0.2796480357646942,-0.146450012922287,0.00040189921855926514,0.12376190721988678,0.311999648809433,0.053339481353759766,0.0805753767490387,0.1405756026506424,0.30802223086357117,0.17880122363567352,-0.03425613045692444,0.10454121232032776,0.015477359294891357,0.09485052525997162,0.122565358877182,-0.13624784350395203,0.21864035725593567,0.012959237210452557,-0.23315998911857605,-0.1732049435377121,0.07641426473855972,-0.0766088217496872,-0.12417192757129669,0.2306896448135376,-0.03151603043079376,0.01773793064057827,0.30339711904525757,-0.08171576261520386,-0.22299644351005554
0.5175915360450745,0.6949818134307861,1.0855544805526733,-0.3138122448785068,-0.03233326105139246,0.13480780549644586,0.028264912894153164,0.01197493893559157,0.020173705649774158,0.6230430364608764,-0.004442942142486528,-0.3166740179061889,0.7878814339637756,0.7228689193725586,0.9981061816215515,-0.19063216,-0.013415724,0.14502142,30.0,1740111789.602447,-0.0690741091966629,0.03522517904639244,0.14047324657440186,0.2821587324142456,-0.14363797008991241,-0.002723187208175659,0.12010172009468079,0.3150469660758972,0.06035992503166199,0.08471252024173737,0.1482134759426117,0.3118976950645447,0.1795082986354828,-0.0350705124437809,0.1128617525100708,0.013419071212410927,0.10012766718864441,0.12178806960582733,-0.13537123799324036,0.21791982650756836,0.009548312053084373,-0.24401752650737762,-0.1760396957397461,0.07842344045639038,-0.075826495885849,-0.12369106709957123,0.2375282198190689,-0.03315133601427078,0.010029295459389687,0.30559226870536804,-0.0830262154340744,-0.21582312881946564
0.5067220330238342,0.6937284469604492,1.0901696681976318,-0.32094655693591245,-0.03675986891136413,0.1296100132956788,0.02807460301307193,0.012694235703256743,0.017938555166300187,0.6120875239372253,-0.005644035339355424,-0.3121873378753661,0.7878814339637756,0.7228689193725586,0.9981061816215515,-0.19063216,-0.013415724,0.14502142,31.0,1740111789.6363764,-0.0690741091966629,0.03522517904639244,0.14047324657440186,0.2821587324142456,-0.14363797008991241,-0.002723187208175659,0.12010172009468079,0.3150469660758972,0.06035992503166199,0.08471252024173737,0.1482134759426117,0.3118976950645447,0.1795082986354828,-0.0350705124437809,0.1128617525100708,0.013419071212410927,0.10012766718864441,0.12178806960582733,-0.13537123799324036,0.21791982650756836,0.009548312053084373,-0.24401752650737762,-0.1760396957397461,0.07842344045639038,-0.075826495885849,-0.12369106709957123,0.2375282198190689,-0.03315133601427078,0.010029295459389687,0.30559226870536804,-0.0830262154340744,-0.21582312881946564
0.4960278570652008,0.6924237608909607,1.0949318408966064,-0.32094655693591245,-0.03675986891136413,0.1296100132956788,0.02797728101746532,0.012542538269840827,0.01498093174929821,0.6023384094238281,-0.006540489196777299,-0.3070410728454589,0.7878814339637756,0.7228689193725586,0.9981061816215515,-0.16204068,-0.009655897,0.15453349,32.0,1740111789.6692529,-0.06743963062763214,0.03535636141896248,0.14300791919231415,0.2833438217639923,-0.14394493401050568,-0.0013634487986564636,0.12065187096595764,0.3179539442062378,0.06231026351451874,0.0862664133310318,0.1499125063419342,0.31500929594039917,0.18093903362751007,-0.03376813232898712,0.11600726842880249,0.014890801161527634,0.10177537798881531,0.12188258767127991,-0.13549396395683289,0.2192762792110443,0.010387720540165901,-0.2464870661497116,-0.17781786620616913,0.07930313050746918,-0.0752815380692482,-0.12437359988689423,0.23847511410713196,-0.03296424448490143,0.009740019217133522,0.3093014657497406,-0.08563271164894104,-0.21630600094795227
0.48524296283721924,0.6910739541053772,1.099513053894043,-0.32094655693591245,-0.03675986891136413,0.1296100132956788,0.028210528805644605,0.013053595603041406,0.013042849971787236,0.5905871748924255,-0.008225750923156694,-0.30281355381011954,0.7878814339637756,0.7228689193725586,0.9981061816215515,-0.1530728,-0.009272151,0.15217629,33.0,1740111789.7022202,-0.06563690304756165,0.036347147077322006,0.1488216370344162,0.28995031118392944,-0.14570359885692596,-0.0012421496212482452,0.12119034677743912,0.32595017552375793,0.06733042746782303,0.09009651839733124,0.15579038858413696,0.3232458233833313,0.1842346489429474,-0.0343686081469059,0.12308013439178467,0.015178289264440536,0.10693328827619553,0.12401515245437622,-0.13857223093509674,0.22341817617416382,0.00933541264384985,-0.2554020285606384,-0.18237483501434326,0.08242610096931458,-0.07557772845029831,-0.1268972009420395,0.2444755733013153,-0.034689970314502716,0.006445735692977905,0.3162810802459717,-0.08992187678813934,-0.21757005155086517
0.47572001814842224,0.6901298761367798,1.104826807975769,-0.3214666463600366,-0.040736607142857144,0.1404798393237892,0.021889623833703784,0.0224927656677399,0.014715486620466645,0.5798800349235534,-0.009725403785705522,-0.2981127738952636,0.7878814339637756,0.7228689193725586,0.9981061816215515,-0.1530728,-0.009272151,0.15217629,34.0,1740111789.7455919,-0.06563690304756165,0.036347147077322006,0.1488216370344162,0.28995031118392944,-0.14570359885692596,-0.0012421496212482452,0.12119034677743912,0.32595017552375793,0.06733042746782303,0.09009651839733124,0.15579038858413696,0.3232458233833313,0.1842346489429474,-0.0343686081469059,0.12308013439178467,0.015178289264440536,0.10693328827619553,0.12401515245437622,-0.13857223093509674,0.22341817617416382,0.00933541264384985,-0.2554020285606384,-0.18237483501434326,0.08242610096931458,-0.07557772845029831,-0.1268972009420395,0.2444755733013153,-0.034689970314502716,0.006445735692977905,0.3162810802459717,-0.08992187678813934,-0.21757005155086517
0.4651950001716614,0.6885986924171448,1.1096004247665405,-0.3214666463600366,-0.040736607142857144,0.1404798393237892,0.023606906096283447,0.020928164452294732,0.015299036836229588,0.5703317284584045,-0.010642600059509233,-0.2928039073944091,0.7878814339637756,0.7228689193725586,0.9981061816215515,-0.17058247,-0.010396861,0.14086244,35.0,1740111789.772434,-0.06596208363771439,0.03696074336767197,0.15287035703659058,0.29569825530052185,-0.1486617475748062,-0.0018886178731918335,0.1229391098022461,0.33178162574768066,0.06725554913282394,0.09243403375148773,0.15937159955501556,0.32877665758132935,0.18568141758441925,-0.035494543612003326,0.12634757161140442,0.013095349073410034,0.10884743928909302,0.12612517178058624,-0.14061804115772247,0.2271043062210083,0.00871831551194191,-0.26217567920684814,-0.1845777928829193,0.08427684009075165,-0.07850110530853271,-0.12915639579296112,0.2497268170118332,-0.03642214834690094,0.00420549139380455,0.3215866684913635,-0.0914582759141922,-0.21966955065727234
0.45377272367477417,0.6866963505744934,1.1140048503875732,-0.3214666463600366,-0.040736607142857144,0.1404798393237892,0.02696061293667579,0.012695116022290925,0.010376437570911784,0.5601191580295563,-0.012084436416625932,-0.2878459930419921,0.7878814339637756,0.7228689193725586,0.9981061816215515,-0.1708974,-0.008953862,0.14149974,36.0,1740111789.802633,-0.06446069478988647,0.03939542546868324,0.1483451873064041,0.2858886122703552,-0.13900025188922882,-0.010209694504737854,0.11500907689332962,0.3186110258102417,0.069141685962677,0.09150274097919464,0.15799768269062042,0.3160651922225952,0.1794724315404892,-0.03951369598507881,0.1238507628440857,0.00790589302778244,0.1067817211151123,0.11948858201503754,-0.13526378571987152,0.2157231569290161,0.00042419135570526123,-0.2603166997432709,-0.17815621197223663,0.08156891912221909,-0.07292294502258301,-0.12078036367893219,0.24932467937469482,-0.03788129240274429,-0.002960372716188431,0.3063478171825409,-0.08244448900222778,-0.20337334275245667
0.44348928332328796,0.6851274967193604,1.1189765930175781,-0.328468816375895,-0.04645855346548077,0.15425139288504205,0.02633371714641177,0.010490916313888581,0.00949757592280323,0.5486677944660187,-0.014057171344757036,-0.2834953308105468,0.7878814339637756,0.7228689193725586,0.9981061816215515,-0.16767778,-0.011084948,0.13516375,37.0,1740111789.8382783,-0.06327975541353226,0.03999796882271767,0.14852282404899597,0.2852626442909241,-0.13774503767490387,-0.01156928762793541,0.11381998658180237,0.31774988770484924,0.07127328962087631,0.09188520908355713,0.15884223580360413,0.31606173515319824,0.17930062115192413,-0.04051833972334862,0.12535665929317474,0.007727760821580887,0.10823971778154373,0.11925411224365234,-0.1355905830860138,0.21448612213134766,-0.0018407199531793594,-0.26130640506744385,-0.17821359634399414,0.0818461999297142,-0.07078492641448975,-0.12006960809230804,0.2504027783870697,-0.03880762308835983,-0.00468088686466217,0.30474767088890076,-0.08205181360244751,-0.2003234475851059
0.43462830781936646,0.6839520335197449,1.1244702339172363,-0.328468816375895,-0.04645855346548077,0.15425139288504205,0.021832393139673632,0.017601496745976494,0.011843946118440996,0.539609557390213,-0.015212011337280229,-0.27802767753601065,0.7878814339637756,0.7228689193725586,0.9981061816215515,-0.16906753,-0.010927863,0.13496163,38.0,1740111789.869162,-0.061719417572021484,0.04004349559545517,0.15157465636730194,0.2874186635017395,-0.13800343871116638,-0.010334540158510208,0.1146382987499237,0.3211866319179535,0.07339087128639221,0.09417828917503357,0.16164682805538177,0.3202016353607178,0.18131673336029053,-0.03967655077576637,0.12869267165660858,0.009322364814579487,0.11015934497117996,0.12021085619926453,-0.13624800741672516,0.21677309274673462,-0.001180608756840229,-0.2648000419139862,-0.1804204136133194,0.08319368958473206,-0.07028977572917938,-0.12112373113632202,0.2521005868911743,-0.03873386234045029,-0.004374373704195023,0.3093913495540619,-0.08462034165859222,-0.20141403377056122
0.42474979162216187,0.682460606098175,1.12967848777771,-0.328468816375895,-0.04645855346548077,0.15425139288504205,0.017809292874208977,0.01739114098524094,0.006985865772679629,0.5296639561653137,-0.016834807395935014,-0.2729804754257201,0.7878814339637756,0.7228689193725586,0.9981061816215515,-0.16869695,-0.009777211,0.13277122,39.0,1740111789.9023042,-0.0593586340546608,0.04170604795217514,0.15613913536071777,0.2897091805934906,-0.13695667684078217,-0.011958349496126175,0.11311566829681396,0.3247152864933014,0.07706335186958313,0.09631265699863434,0.16584512591362,0.3244721293449402,0.18191169202327728,-0.03951738029718399,0.13416577875614166,0.008108282461762428,0.1137368232011795,0.11991621553897858,-0.1371707320213318,0.21617308259010315,-0.0032042963430285454,-0.2712990343570709,-0.18272052705287933,0.08436357975006104,-0.06875628232955933,-0.12123280763626099,0.2562612295150757,-0.039858944714069366,-0.008058462291955948,0.3120841383934021,-0.0863364189863205,-0.1977560818195343
0.41496726870536804,0.680676281452179,1.1346672773361206,-0.328468816375895,-0.04645855346548077,0.15425139288504205,0.02007447548633159,0.0159261730618161,0.00788084757457543,0.518442964553833,-0.019086849689483598,-0.26866557598114005,0.7878814339637756,0.7228689193725586,0.9981061816215515,-0.16869695,-0.009777211,0.13277122,40.0,1740111789.9384222,-0.0593586340546608,0.04170604795217514,0.15613913536071777,0.2897091805934906,-0.13695667684078217,-0.011958349496126175,0.11311566829681396,0.3247152864933014,0.07706335186958313,0.09631265699863434,0.16584512591362,0.3244721293449402,0.18191169202327728,-0.03951738029718399,0.13416577875614166,0.008108282461762428,0.1137368232011795,0.11991621553897858,-0.1371707320213318,0.21617308259010315,-0.0032042963430285454,-0.2712990343570709,-0.18272052705287933,0.08436357975006104,-0.06875628232955933,-0.12123280763626099,0.2562612295150757,-0.039858944714069366,-0.008058462291955948,0.3120841383934021,-0.0863364189863205,-0.1977560818195343
0.4053521156311035,0.6789382100105286,1.1395748853683472,-0.2588626940373623,-0.0414004857282692,0.14025172913723208,0.020580281952847054,0.015572196694373671,0.009235918509454715,0.514967268705368,-0.019323718547821,-0.2653327226638793,0.7878814339637756,0.7228689193725586,0.9981061816215515,-0.15583374,-0.010992363,0.12568656,41.0,1740111789.9709156,-0.050754889845848083,0.04416258633136749,0.15054211020469666,0.26576778292655945,-0.12020401656627655,-0.017827117815613747,0.10078396648168564,0.30315491557121277,0.08119350671768188,0.09299434721469879,0.1577671319246292,0.3047941327095032,0.16913217306137085,-0.035924267023801804,0.13175636529922485,0.0048633115366101265,0.11187249422073364,0.10642766952514648,-0.12271685898303986,0.19399040937423706,-0.007164214737713337,-0.262024849653244,-0.1713288277387619,0.07675506919622421,-0.05590607970952988,-0.10877980291843414,0.24581599235534668,-0.03643449395895004,-0.01367749273777008,0.292585164308548,-0.07939308881759644,-0.171888530254364
0.3958212733268738,0.6770434975624084,1.144420862197876,-0.2588626940373623,-0.0414004857282692,0.14025172913723208,0.021416123423725213,0.014248206344466673,0.010297570713084028,0.5006645381450653,-0.022003483772277788,-0.2579629659652709,0.7878814339637756,0.7228689193725586,0.9981061816215515,-0.1606671,-0.008734755,0.12543525,42.0,1740111790.003139,-0.0473722442984581,0.044120579957962036,0.15265925228595734,0.26700082421302795,-0.12089966237545013,-0.017649643123149872,0.10244783014059067,0.30518946051597595,0.0853835716843605,0.09488211572170258,0.15785305202007294,0.31010666489601135,0.17037244141101837,-0.037567056715488434,0.13616500794887543,0.007666831836104393,0.11486825346946716,0.10779757797718048,-0.1247721016407013,0.19623461365699768,-0.00980179663747549,-0.2627912759780884,-0.17327609658241272,0.07695353031158447,-0.05003180354833603,-0.10862568020820618,0.24787040054798126,-0.03685519099235535,-0.013256236910820007,0.2970355749130249,-0.08349184691905975,-0.1711115539073944
0.38677024841308594,0.6752863526344299,1.1492178440093994,-0.2588626940373623,-0.0414004857282692,0.14025172913723208,0.022167771095272657,0.013529854956919917,0.008783097438942388,0.49120519161224363,-0.02383024692535396,-0.2531700372695922,0.7878814339637756,0.7228689193725586,0.9981061816215515,-0.1606671,-0.008734755,0.12543525,43.0,1740111790.0351858,-0.0473722442984581,0.044120579957962036,0.15265925228595734,0.26700082421302795,-0.12089966237545013,-0.017649643123149872,0.10244783014059067,0.30518946051597595,0.0853835716843605,0.09488211572170258,0.15785305202007294,0.31010666489601135,0.17037244141101837,-0.037567056715488434,0.13616500794887543,0.007666831836104393,0.11486825346946716,0.10779757797718048,-0.1247721016407013,0.19623461365699768,-0.00980179663747549,-0.2627912759780884,-0.17327609658241272,0.07695353031158447,-0.05003180354833603,-0.10862568020820618,0.24787040054798126,-0.03685519099235535,-0.013256236910820007,0.2970355749130249,-0.08349184691905975,-0.1711115539073944
0.3777422606945038,0.6733969449996948,1.1539596319198608,-0.29435176642969557,-0.05814294242144679,0.15366473110110165,0.019518028516658053,0.012467694182473465,0.0064222965413637855,0.4867702484130859,-0.024713647365570024,-0.2507821559906005,0.7878814339637756,0.7228689193725586,0.9981061816215515,-0.1606671,-0.008734755,0.12543525,44.0,1740111790.0702405,-0.0473722442984581,0.044120579957962036,0.15265925228595734,0.26700082421302795,-0.12089966237545013,-0.017649643123149872,0.10244783014059067,0.30518946051597595,0.0853835716843605,0.09488211572170258,0.15785305202007294,0.31010666489601135,0.17037244141101837,-0.037567056715488434,0.13616500794887543,0.007666831836104393,0.11486825346946716,0.10779757797718048,-0.1247721016407013,0.19623461365699768,-0.00980179663747549,-0.2627912759780884,-0.17327609658241272,0.07695353031158447,-0.05003180354833603,-0.10862568020820618,0.24787040054798126,-0.03685519099235535,-0.013256236910820007,0.2970355749130249,-0.08349184691905975,-0.1711115539073944
0.3690752387046814,0.6714041829109192,1.1584638357162476,-0.29435176642969557,-0.05814294242144679,0.15366473110110165,0.020065914163118478,0.01193936708296393,0.006197767806192327,0.47325042486190794,-0.027578186988830522,-0.24385883808135977,0.7878814339637756,0.7228689193725586,0.9981061816215515,-0.15959692,-0.009019226,0.1216212,45.0,1740111790.1043854,-0.044094476848840714,0.04462433606386185,0.15208153426647186,0.2611575722694397,-0.11618836224079132,-0.018702249974012375,0.09992600977420807,0.3002879023551941,0.08845493197441101,0.09486231207847595,0.15665410459041595,0.3070133924484253,0.1683008074760437,-0.03638416528701782,0.13703346252441406,0.008999446406960487,0.11516265571117401,0.10441233217716217,-0.12208963930606842,0.19163140654563904,-0.011085753329098225,-0.26053905487060547,-0.17146243155002594,0.07535535097122192,-0.04423981159925461,-0.10515280067920685,0.24570415914058685,-0.03561802953481674,-0.013888079673051834,0.29397010803222656,-0.08309400081634521,-0.16495193541049957
0.36031174659729004,0.6696070432662964,1.1629620790481567,-0.29435176642969557,-0.05814294242144679,0.15366473110110165,0.02186470063158591,0.01062938725194728,0.008322512250201726,0.4646104633808136,-0.029506576061248735,-0.2393068313598632,0.7878814339637756,0.7228689193725586,0.9981061816215515,-0.14019291,-0.0061401203,0.116150975,46.0,1740111790.1391234,-0.03769751638174057,0.04751735180616379,0.14932604134082794,0.24680250883102417,-0.1041565090417862,-0.025203771889209747,0.09077811986207962,0.28684648871421814,0.09457341581583023,0.09266109764575958,0.15375916659832,0.29520151019096375,0.16086122393608093,-0.03707947954535484,0.1377023458480835,0.00607188418507576,0.11668180674314499,0.09601914882659912,-0.11531680822372437,0.1762595772743225,-0.017808236181735992,-0.2570964992046356,-0.16524192690849304,0.07152055203914642,-0.03233379125595093,-0.09658493101596832,0.2421085387468338,-0.03527151793241501,-0.020487673580646515,0.2792362570762634,-0.07853604853153229,-0.1444518268108368
0.3513857424259186,0.6677070260047913,1.1669961214065552,-0.2631713953787334,-0.0568141780420799,0.1301701193644687,0.028281861989767232,-0.002046896852908312,0.006120027501329037,0.45616689920425413,-0.03133381605148311,-0.2347740173339843,0.7878814339637756,0.7228689193725586,0.9981061816215515,-0.143312,-0.005878426,0.12272749,47.0,1740111790.169462,-0.03854680061340332,0.04730011895298958,0.15476199984550476,0.25662729144096375,-0.10922583937644958,-0.025138765573501587,0.09434811025857925,0.29712921380996704,0.09593226760625839,0.09570451080799103,0.16006267070770264,0.30601227283477783,0.16618363559246063,-0.03909718617796898,0.14264826476573944,0.00563286617398262,0.120616115629673,0.10102924704551697,-0.12123134732246399,0.18344205617904663,-0.018598001450300217,-0.26615551114082336,-0.17066216468811035,0.07556150108575821,-0.03480982780456543,-0.10126522928476334,0.24932783842086792,-0.03821475803852081,-0.02108360454440117,0.28839385509490967,-0.08277726173400879,-0.14994633197784424
0.3437652885913849,0.6657643914222717,1.1718941926956177,-0.2631713953787334,-0.0568141780420799,0.1301701193644687,0.02018492260105056,0.010121193599557305,0.012142426263123911,0.44788468480110166,-0.033251953124999956,-0.23029770851135245,0.7878814339637756,0.7228689193725586,0.9981061816215515,-0.14652507,-0.0050013512,0.12389138,48.0,1740111790.2028553,-0.035870205610990524,0.048130229115486145,0.1550966501235962,0.25239816308021545,-0.10539905726909637,-0.026332762092351913,0.09114214777946472,0.29456108808517456,0.09909315407276154,0.09560026228427887,0.16033600270748138,0.3039248287677765,0.16513153910636902,-0.03739961236715317,0.14412075281143188,0.005775848403573036,0.12182952463626862,0.09770083427429199,-0.11865539848804474,0.1790507435798645,-0.019119400531053543,-0.2668844163417816,-0.16960187256336212,0.0749511569738388,-0.031233444809913635,-0.0989919975399971,0.2480769157409668,-0.037257418036460876,-0.022855553776025772,0.28595322370529175,-0.08235383033752441,-0.14450252056121826
0.3360471725463867,0.6638293862342834,1.176352858543396,-0.2631713953787334,-0.0568141780420799,0.1301701193644687,0.01867426724909887,0.010631799578129835,0.012229188622381341,0.43995348215103147,-0.03520454168319698,-0.22590079307556143,0.7878814339637756,0.7228689193725586,0.9981061816215515,-0.14652507,-0.0050013512,0.12389138,49.0,1740111790.236584,-0.035870205610990524,0.048130229115486145,0.1550966501235962,0.25239816308021545,-0.10539905726909637,-0.026332762092351913,0.09114214777946472,0.29456108808517456,0.09909315407276154,0.09560026228427887,0.16033600270748138,0.3039248287677765,0.16513153910636902,-0.03739961236715317,0.14412075281143188,0.005775848403573036,0.12182952463626862,0.09770083427429199,-0.11865539848804474,0.1790507435798645,-0.019119400531053543,-0.2668844163417816,-0.16960187256336212,0.0749511569738388,-0.031233444809913635,-0.0989919975399971,0.2480769157409668,-0.037257418036460876,-0.022855553776025772,0.28595322370529175,-0.08235383033752441,-0.14450252056121826
0.3279459476470947,0.6618857979774475,1.1805813312530518,-0.23435067875999666,-0.058200541101033336,0.13582470233483904,0.020802347834531443,0.011006347419574916,0.014697630650198183,0.43193057775497434,-0.03709841966629024,-0.2215080499649047,0.7878814339637756,0.7228689193725586,0.9981061816215515,-0.13800211,-0.004028566,0.120417535,50.0,1740111790.2732913,-0.03354765847325325,0.04846065863966942,0.15612345933914185,0.25099942088127136,-0.10450364649295807,-0.026724807918071747,0.08993959426879883,0.29480084776878357,0.10170753300189972,0.0959179550409317,0.1602853536605835,0.3049568831920624,0.1653939038515091,-0.03672686591744423,0.14637288451194763,0.006283082067966461,0.12416940927505493,0.09753403067588806,-0.11823058128356934,0.17736700177192688,-0.019548416137695312,-0.26800066232681274,-0.1698431819677353,0.07528410851955414,-0.02878328412771225,-0.09900100529193878,0.24798008799552917,-0.03714081645011902,-0.02363237738609314,0.28587281703948975,-0.08425003290176392,-0.14203988015651703
0.3203672170639038,0.6599511504173279,1.1848382949829102,-0.23435067875999666,-0.058200541101033336,0.13582470233483904,0.020863943185869673,0.010194545353745928,0.014378809078256675,0.42401922345161436,-0.03910286426544185,-0.21736934185028067,0.7878814339637756,0.7228689193725586,0.9981061816215515,-0.1303718,-0.004205972,0.11388615,51.0,1740111790.302936,-0.02431160770356655,0.050522565841674805,0.15314936637878418,0.23747101426124573,-0.09476332366466522,-0.031421463936567307,0.08206208795309067,0.2839145362377167,0.1128789484500885,0.0947519987821579,0.1564825028181076,0.29760265350341797,0.1621282547712326,-0.036955203860998154,0.14983083307743073,0.008211175911128521,0.12995588779449463,0.09214262664318085,-0.1143641322851181,0.16604769229888916,-0.025103654712438583,-0.2641441226005554,-0.16818541288375854,0.07268764823675156,-0.014163948595523834,-0.09232162684202194,0.24514532089233398,-0.035604678094387054,-0.025844231247901917,0.2741687297821045,-0.0854676365852356,-0.12562231719493866
0.3129219114780426,0.6580336689949036,1.1889779567718506,-0.23435067875999666,-0.058200541101033336,0.13582470233483904,0.01975089359989693,0.008874924924604531,0.014142025776509769,0.416615492105484,-0.0409948348999023,-0.21308948993682852,0.7878814339637756,0.7228689193725586,0.9981061816215515,-0.1303718,-0.004205972,0.11388615,52.0,1740111790.3361275,-0.02431160770356655,0.050522565841674805,0.15314936637878418,0.23747101426124573,-0.09476332366466522,-0.031421463936567307,0.08206208795309067,0.2839145362377167,0.1128789484500885,0.0947519987821579,0.1564825028181076,0.29760265350341797,0.1621282547712326,-0.036955203860998154,0.14983083307743073,0.008211175911128521,0.12995588779449463,0.09214262664318085,-0.1143641322851181,0.16604769229888916,-0.025103654712438583,-0.2641441226005554,-0.16818541288375854,0.07268764823675156,-0.014163948595523834,-0.09232162684202194,0.24514532089233398,-0.035604678094387054,-0.025844231247901917,0.2741687297821045,-0.0854676365852356,-0.12562231719493866
0.3056287169456482,0.6560684442520142,1.1930707693099976,-0.23435067875999666,-0.058200541101033336,0.13582470233483904,0.019281355989684293,0.007879231298160925,0.013237269459322088,0.40988788604736326,-0.042469036579132036,-0.20850279331207267,0.7878814339637756,0.7228689193725586,0.9981061816215515,-0.14257367,-0.008135803,0.09299086,53.0,1740111790.369005,-0.016546189785003662,0.04998739808797836,0.14632254838943481,0.2123514711856842,-0.08115275204181671,-0.030329324305057526,0.07357270270586014,0.2647746205329895,0.11449234932661057,0.0903552770614624,0.14552730321884155,0.2788017690181732,0.1539517194032669,-0.026395626366138458,0.14322085678577423,0.013285573571920395,0.12465569376945496,0.07949468493461609,-0.09892471134662628,0.15038472414016724,-0.01832050085067749,-0.25008541345596313,-0.15788836777210236,0.06448514014482498,-0.004790030419826508,-0.0826701894402504,0.22938624024391174,-0.02624528855085373,-0.02126576006412506,0.2613823413848877,-0.08278051018714905,-0.11118331551551819
0.2986367344856262,0.6542065739631653,1.1971395015716553,-0.23620236816114784,-0.062163687472188756,0.1317639653132767,0.01704288271043968,0.007445284947256674,0.012057872597509777,0.4020018935203552,-0.044942152500152543,-0.204945945739746,0.7878814339637756,0.7228689193725586,0.9981061816215515,-0.1378763,-0.005268812,0.10775599,54.0,1740111790.4033275,-0.019147202372550964,0.04890647530555725,0.15292735397815704,0.23078879714012146,-0.09323857724666595,-0.027735527604818344,0.08224542438983917,0.2825445830821991,0.11645305901765823,0.09421093761920929,0.15250463783740997,0.2975025773048401,0.16415074467658997,-0.030534151941537857,0.15021347999572754,0.016333211213350296,0.13004307448863983,0.08964402973651886,-0.11100387573242188,0.16652289032936096,-0.018882237374782562,-0.2602763772010803,-0.16751013696193695,0.07110151648521423,-0.009671710431575775,-0.09136730432510376,0.24042458832263947,-0.03062424063682556,-0.019165165722370148,0.2781341075897217,-0.09041661024093628,-0.12641264498233795
0.2915646433830261,0.6522029042243958,1.2010680437088013,-0.23620236816114784,-0.062163687472188756,0.1317639653132767,0.017351650958156425,0.00610808813750094,0.013166300555215312,0.3955210208892822,-0.04645038843154903,-0.200498604774475,0.7878814339637756,0.7228689193725586,0.9981061816215515,-0.1378763,-0.005268812,0.10775599,55.0,1740111790.4370775,-0.019147202372550964,0.04890647530555725,0.15292735397815704,0.23078879714012146,-0.09323857724666595,-0.027735527604818344,0.08224542438983917,0.2825445830821991,0.11645305901765823,0.09421093761920929,0.15250463783740997,0.2975025773048401,0.16415074467658997,-0.030534151941537857,0.15021347999572754,0.016333211213350296,0.13004307448863983,0.08964402973651886,-0.11100387573242188,0.16652289032936096,-0.018882237374782562,-0.2602763772010803,-0.16751013696193695,0.07110151648521423,-0.009671710431575775,-0.09136730432510376,0.24042458832263947,-0.03062424063682556,-0.019165165722370148,0.2781341075897217,-0.09041661024093628,-0.12641264498233795
0.2845059335231781,0.6501870155334473,1.204810619354248,-0.23620236816114784,-0.062163687472188756,0.1317639653132767,0.021136106304469476,0.004299942185920641,0.01725190103454294,0.3880306243896484,-0.048817467689514116,-0.19696869850158683,0.7878814339637756,0.7228689193725586,0.9981061816215515,-0.114801735,-0.007836249,0.10451774,56.0,1740111790.4705372,-0.006769916042685509,0.05298515781760216,0.14598023891448975,0.20124855637550354,-0.0724160224199295,-0.03677523136138916,0.0660218745470047,0.2566659450531006,0.1271049976348877,0.0885242223739624,0.14223213493824005,0.2738870680332184,0.1510464996099472,-0.028870917856693268,0.15047964453697205,0.014071887359023094,0.13231472671031952,0.07429534196853638,-0.09589385986328125,0.13949143886566162,-0.027767818421125412,-0.25080937147140503,-0.15506260097026825,0.06347919255495071,0.009988313540816307,-0.07644539326429367,0.2309005856513977,-0.028298087418079376,-0.02800021693110466,0.2516498863697052,-0.08357496559619904,-0.09061264246702194
0.2777279317378998,0.648309051990509,1.2085485458374023,-0.2091448192736645,-0.05877893598471675,0.11627275455805777,0.018873643749599024,0.005082584262458849,0.01554118409613706,0.38106868267059324,-0.050825309753417924,-0.19330825805664054,0.7878814339637756,0.7228689193725586,0.9981061816215515,-0.114801735,-0.007836249,0.10451774,57.0,1740111790.504299,-0.006769916042685509,0.05298515781760216,0.14598023891448975,0.20124855637550354,-0.0724160224199295,-0.03677523136138916,0.0660218745470047,0.2566659450531006,0.1271049976348877,0.0885242223739624,0.14223213493824005,0.2738870680332184,0.1510464996099472,-0.028870917856693268,0.15047964453697205,0.014071887359023094,0.13231472671031952,0.07429534196853638,-0.09589385986328125,0.13949143886566162,-0.027767818421125412,-0.25080937147140503,-0.15506260097026825,0.06347919255495071,0.009988313540816307,-0.07644539326429367,0.2309005856513977,-0.028298087418079376,-0.02800021693110466,0.2516498863697052,-0.08357496559619904,-0.09061264246702194
0.27127641439437866,0.6464729309082031,1.2122339010238647,-0.2091448192736645,-0.05877893598471675,0.11627275455805777,0.017482432002015685,0.004176800980035343,0.013247628098227788,0.3743740677833557,-0.05268163681030269,-0.18969693183898917,0.7878814339637756,0.7228689193725586,0.9981061816215515,-0.11888699,-0.0040693656,0.09329555,58.0,1740111790.536517,-0.007537398487329483,0.0522356852889061,0.15860320627689362,0.22442877292633057,-0.08597692847251892,-0.03140543773770332,0.07658518105745316,0.2814888060092926,0.1321006566286087,0.09586553275585175,0.1538827121257782,0.30050474405288696,0.16446062922477722,-0.031340423971414566,0.16366204619407654,0.019141944125294685,0.14147759974002838,0.08740982413291931,-0.10995778441429138,0.1598183512687683,-0.02697116509079933,-0.26653191447257996,-0.16971126198768616,0.07181181013584137,0.00520678237080574,-0.08891511708498001,0.24517704546451569,-0.03264760971069336,-0.02596711367368698,0.27683496475219727,-0.09693017601966858,-0.10861556977033615
0.26846829056739807,0.646003007888794,1.2143983840942383,-0.2091448192736645,-0.05877893598471675,0.11627275455805777,0.01431512966332238,0.0022434338076962415,0.005674461382202134,0.37127641439437864,-0.05352706909179683,-0.18776609897613517,0.7878814339637756,0.7228689193725586,0.9981061816215515,-0.11888699,-0.0040693656,0.09329555,59.0,1740111790.5701745,-0.007537398487329483,0.0522356852889061,0.15860320627689362,0.22442877292633057,-0.08597692847251892,-0.03140543773770332,0.07658518105745316,0.2814888060092926,0.1321006566286087,0.09586553275585175,0.1538827121257782,0.30050474405288696,0.16446062922477722,-0.031340423971414566,0.16366204619407654,0.019141944125294685,0.14147759974002838,0.08740982413291931,-0.10995778441429138,0.1598183512687683,-0.02697116509079933,-0.26653191447257996,-0.16971126198768616,0.07181181013584137,0.00520678237080574,-0.08891511708498001,0.24517704546451569,-0.03264760971069336,-0.02596711367368698,0.27683496475219727,-0.09693017601966858,-0.10861556977033615
0.2587682604789734,0.6432808637619019,1.2196916341781616,-0.19660435650831173,-0.055046133902699405,0.10748055513192009,0.01361996233833079,0.0010855854842410691,0.0035371463044491036,0.361398047208786,-0.05633277893066402,-0.18255462646484366,0.7878814339637756,0.7228689193725586,0.9981061816215515,-0.12217457,-0.0047256276,0.09352004,60.0,1740111790.6038024,-0.005765782669186592,0.052399616688489914,0.1587812453508377,0.22398018836975098,-0.08599074184894562,-0.03256537392735481,0.07609740644693375,0.2816976308822632,0.13514487445354462,0.09523947536945343,0.1531178206205368,0.3016678988933563,0.16520781815052032,-0.03282896801829338,0.16603361070156097,0.019714966416358948,0.14426743984222412,0.0880102664232254,-0.11141857504844666,0.15885013341903687,-0.02964669093489647,-0.26699185371398926,-0.17032723128795624,0.07220142334699631,0.008631613105535507,-0.08916958421468735,0.24632830917835236,-0.03352488577365875,-0.026875581592321396,0.2759547233581543,-0.09857162833213806,-0.10604173690080643
0.2523685097694397,0.6411804556846619,1.2227883338928223,-0.19660435650831173,-0.055046133902699405,0.10748055513192009,0.014720040336191939,0.0020433401174923616,0.008532450171463223,0.3555175721645355,-0.05776358842849727,-0.17878832817077628,0.7878814339637756,0.7228689193725586,0.9981061816215515,-0.103903286,-0.010054115,0.10617401,61.0,1740111790.6378975,-2.382136881351471e-05,0.054023630917072296,0.15572786331176758,0.21080181002616882,-0.07765594124794006,-0.03609219938516617,0.06833864748477936,0.27087000012397766,0.14010518789291382,0.09251493215560913,0.14809094369411469,0.2906690239906311,0.15972843766212463,-0.0311737060546875,0.16637572646141052,0.01870596967637539,0.14602577686309814,0.08114463090896606,-0.10496385395526886,0.14616996049880981,-0.03293970972299576,-0.26267653703689575,-0.16501183807849884,0.06870704144239426,0.017712663859128952,-0.08345577120780945,0.2417939007282257,-0.0321313813328743,-0.030127041041851044,0.2637998163700104,-0.0965772420167923,-0.0911950170993805
0.2461402714252472,0.6392402052879333,1.2259557247161865,-0.19660435650831173,-0.055046133902699405,0.10748055513192009,0.016516461758387176,0.0020416789127566544,0.010249016756052321,0.3494343668222427,-0.05943841934204097,-0.1753373384475707,0.7878814339637756,0.7228689193725586,0.9981061816215515,-0.099190995,-0.010186035,0.10207134,62.0,1740111790.6718018,0.0038971249014139175,0.05455902963876724,0.15846550464630127,0.2089521586894989,-0.07609141618013382,-0.03596041351556778,0.06620851159095764,0.27221572399139404,0.14471642673015594,0.09267446398735046,0.14887866377830505,0.292106032371521,0.16074028611183167,-0.028958652168512344,0.17014020681381226,0.019932042807340622,0.14953775703907013,0.07960604131221771,-0.10418571531772614,0.1444711983203888,-0.032357506453990936,-0.2655990421772003,-0.16606372594833374,0.0686812773346901,0.021185612305998802,-0.08340219408273697,0.24285754561424255,-0.031245388090610504,-0.030786588788032532,0.2652171552181244,-0.09951627254486084,-0.08811196684837341
0.2401849329471588,0.6377947926521301,1.2292673587799072,-0.1769811211915669,-0.04899370043343087,0.09863088359029544,0.014245968449910003,0.0007230080601267474,0.0075394120868289465,0.3431979775428772,-0.061326575279235795,-0.17224206924438468,0.7878814339637756,0.7228689193725586,0.9981061816215515,-0.09437102,-0.011382714,0.097431004,63.0,1740111790.7034369,0.006344938650727272,0.05597485601902008,0.16019724309444427,0.20831027626991272,-0.0748942494392395,-0.037881847470998764,0.06410343945026398,0.27241238951683044,0.1480703055858612,0.09300695359706879,0.14928054809570312,0.2922428548336029,0.16072632372379303,-0.029587365686893463,0.17309921979904175,0.01930229365825653,0.1521083414554596,0.07901497185230255,-0.10437491536140442,0.1428540050983429,-0.03506116941571236,-0.26799067854881287,-0.16654670238494873,0.06860752403736115,0.023762457072734833,-0.08277575671672821,0.2456565499305725,-0.03176848590373993,-0.03289962187409401,0.26407650113105774,-0.10023997724056244,-0.08384159952402115
0.23455338180065155,0.6363649368286133,1.2325676679611206,-0.1769811211915669,-0.04899370043343087,0.09863088359029544,0.014587261925123132,0.0001380478062846667,0.004504426929528617,0.33737937211990354,-0.06278039216995235,-0.16895177364349356,0.7878814339637756,0.7228689193725586,0.9981061816215515,-0.09437102,-0.011382714,0.097431004,64.0,1740111790.7380147,0.006344938650727272,0.05597485601902008,0.16019724309444427,0.20831027626991272,-0.0748942494392395,-0.037881847470998764,0.06410343945026398,0.27241238951683044,0.1480703055858612,0.09300695359706879,0.14928054809570312,0.2922428548336029,0.16072632372379303,-0.029587365686893463,0.17309921979904175,0.01930229365825653,0.1521083414554596,0.07901497185230255,-0.10437491536140442,0.1428540050983429,-0.03506116941571236,-0.26799067854881287,-0.16654670238494873,0.06860752403736115,0.023762457072734833,-0.08277575671672821,0.2456565499305725,-0.03176848590373993,-0.03289962187409401,0.26407650113105774,-0.10023997724056244,-0.08384159952402115
0.22883954644203186,0.6348127126693726,1.2357454299926758,-0.1769811211915669,-0.04899370043343087,0.09863088359029544,0.013807243795911235,0.00017297735931401446,0.001767828714901596,0.33071436583995817,-0.06495226621627803,-0.16637649536132804,0.7878814339637756,0.7228689193725586,0.9981061816215515,-0.09464192,-0.010286622,0.0866135,65.0,1740111790.7702436,0.009684411808848381,0.057006072252988815,0.1631004363298416,0.20821377635002136,-0.07515911757946014,-0.0380883552134037,0.06272924691438675,0.27519598603248596,0.1525023877620697,0.09361782670021057,0.14952979981899261,0.29453909397125244,0.16123586893081665,-0.028913263231515884,0.1774403601884842,0.020165205001831055,0.15562522411346436,0.07881319522857666,-0.10518233478069305,0.14218151569366455,-0.036061376333236694,-0.2705623209476471,-0.16764219105243683,0.06855762749910355,0.026846809312701225,-0.08334524929523468,0.24807849526405334,-0.03114406019449234,-0.03395315632224083,0.26613810658454895,-0.10345275700092316,-0.08103017508983612
0.2226836383342743,0.6327686309814453,1.2382311820983887,-0.1749142772722182,-0.050233280195964895,0.08958769691207552,0.01617874333573049,0.004346890231856554,0.00917593524528864,0.32601038217544553,-0.06606448888778682,-0.16273977756500235,0.7878814339637756,0.7228689193725586,0.9981061816215515,-0.07742229,-0.011349086,0.09058149,66.0,1740111790.8028822,0.016645928844809532,0.059861041605472565,0.16192755103111267,0.1968235820531845,-0.06792306154966354,-0.044532086700201035,0.0545625239610672,0.266591340303421,0.1598002165555954,0.09254348278045654,0.14716674387454987,0.28693389892578125,0.15729409456253052,-0.029347803443670273,0.18078115582466125,0.01907329633831978,0.15902093052864075,0.0733976662158966,-0.10057036578655243,0.1315324306488037,-0.04156220331788063,-0.2708308696746826,-0.1643029749393463,0.06648169457912445,0.03471008315682411,-0.07804160565137863,0.2489955723285675,-0.030646532773971558,-0.03916121646761894,0.25570857524871826,-0.10174602270126343,-0.06279390305280685
0.21777746081352234,0.6316620707511902,1.2414233684539795,-0.1749142772722182,-0.050233280195964895,0.08958769691207552,0.013258264216067817,0.0024475589272688384,0.005868800166997903,0.319843253493309,-0.06800038814544673,-0.16039373874664298,0.7878814339637756,0.7228689193725586,0.9981061816215515,-0.07742229,-0.011349086,0.09058149,67.0,1740111790.8372052,0.016645928844809532,0.059861041605472565,0.16192755103111267,0.1968235820531845,-0.06792306154966354,-0.044532086700201035,0.0545625239610672,0.266591340303421,0.1598002165555954,0.09254348278045654,0.14716674387454987,0.28693389892578125,0.15729409456253052,-0.029347803443670273,0.18078115582466125,0.01907329633831978,0.15902093052864075,0.0733976662158966,-0.10057036578655243,0.1315324306488037,-0.04156220331788063,-0.2708308696746826,-0.1643029749393463,0.06648169457912445,0.03471008315682411,-0.07804160565137863,0.2489955723285675,-0.030646532773971558,-0.03916121646761894,0.25570857524871826,-0.10174602270126343,-0.06279390305280685
0.21168527007102966,0.6296243071556091,1.2437862157821655,-0.1749142772722182,-0.050233280195964895,0.08958769691207552,0.017636084186824687,0.004443878965087082,0.010766179851364917,0.3143154591321945,-0.06964839696884151,-0.15756847858428946,0.7878814339637756,0.7228689193725586,0.9981061816215515,-0.07847733,-0.009388398,0.09503811,68.0,1740111790.8691983,0.01677638851106167,0.05975484848022461,0.16231347620487213,0.19836898148059845,-0.06915689259767532,-0.04396713152527809,0.055826909840106964,0.2677704989910126,0.1609310358762741,0.09323610365390778,0.14845576882362366,0.28912773728370667,0.15876874327659607,-0.029420461505651474,0.18179889023303986,0.020426739007234573,0.15968751907348633,0.0747109055519104,-0.1013207733631134,0.13371700048446655,-0.04110013321042061,-0.27195683121681213,-0.16563276946544647,0.06733812391757965,0.03415849804878235,-0.07876059412956238,0.2500791549682617,-0.030744709074497223,-0.0384865365922451,0.2574440538883209,-0.10245686769485474,-0.0643082857131958
0.20692993700504303,0.6282665729522705,1.246692419052124,-0.1749142772722182,-0.050233280195964895,0.08958769691207552,0.014152923712026217,0.0046602836327375875,0.008164308843959673,0.3094307094812393,-0.07096124887466426,-0.15470292568206778,0.7878814339637756,0.7228689193725586,0.9981061816215515,-0.07847733,-0.009388398,0.09503811,69.0,1740111790.9020517,0.01677638851106167,0.05975484848022461,0.16231347620487213,0.19836898148059845,-0.06915689259767532,-0.04396713152527809,0.055826909840106964,0.2677704989910126,0.1609310358762741,0.09323610365390778,0.14845576882362366,0.28912773728370667,0.15876874327659607,-0.029420461505651474,0.18179889023303986,0.020426739007234573,0.15968751907348633,0.0747109055519104,-0.1013207733631134,0.13371700048446655,-0.04110013321042061,-0.27195683121681213,-0.16563276946544647,0.06733812391757965,0.03415849804878235,-0.07876059412956238,0.2500791549682617,-0.030744709074497223,-0.0384865365922451,0.2574440538883209,-0.10245686769485474,-0.0643082857131958
0.20209738612174988,0.6270984411239624,1.24954354763031,-0.15432697945465496,-0.04416593292800483,0.08104449934510098,0.01405800765029635,0.00160148055808471,0.00413152373027057,0.3041712254285812,-0.07252932786941524,-0.15204706192016593,0.7878814339637756,0.7228689193725586,0.9981061816215515,-0.07323638,-0.01006354,0.09166419,70.0,1740111790.9384236,0.01902174763381481,0.06070367991924286,0.15680941939353943,0.18673548102378845,-0.06089378893375397,-0.04863573610782623,0.049365442246198654,0.2547512650489807,0.16190364956855774,0.08990588784217834,0.14409607648849487,0.27683189511299133,0.15324927866458893,-0.030304819345474243,0.17840147018432617,0.01802157051861286,0.1581062525510788,0.06833325326442719,-0.09571944177150726,0.12269558757543564,-0.04544448107481003,-0.2661823332309723,-0.159957617521286,0.06423763185739517,0.039815474301576614,-0.07222190499305725,0.24561308324337006,-0.03115926682949066,-0.04173893854022026,0.2434113621711731,-0.09648975729942322,-0.05081043019890785
0.19720488786697388,0.6256721019744873,1.2522327899932861,-0.15432697945465496,-0.04416593292800483,0.08104449934510098,0.012274750097954739,0.0023043245168824365,0.003508388125434934,0.29962760806083677,-0.0736060261726379,-0.14924767017364493,0.7878814339637756,0.7228689193725586,0.9981061816215515,-0.050050132,-0.015641317,0.09133014,71.0,1740111790.970527,0.026851939037442207,0.06290245056152344,0.15802733600139618,0.17444486916065216,-0.05227884650230408,-0.050498466938734055,0.0418427437543869,0.24780498445034027,0.16928644478321075,0.08815458416938782,0.14068928360939026,0.26855263113975525,0.1485852152109146,-0.02618451416492462,0.18207161128520966,0.018468236550688744,0.16084235906600952,0.060963716357946396,-0.08934727311134338,0.11080367118120193,-0.046830326318740845,-0.26441559195518494,-0.15633992850780487,0.06081358343362808,0.04984722286462784,-0.06649599969387054,0.24255631864070892,-0.028940550982952118,-0.045197661966085434,0.23576578497886658,-0.09707044064998627,-0.035644497722387314
0.1919311136007309,0.6238977313041687,1.2542924880981445,-0.15432697945465496,-0.04416593292800483,0.08104449934510098,0.014357791038399504,0.003659561455796687,0.009429359061323396,0.2948239207267761,-0.0749807476997375,-0.14658429622650138,0.7878814339637756,0.7228689193725586,0.9981061816215515,-0.052352116,-0.0147883035,0.085937284,72.0,1740111791.006241,0.02188303880393505,0.0596761628985405,0.16353321075439453,0.1911308467388153,-0.06361497938632965,-0.043860193341970444,0.053448356688022614,0.2628892958164215,0.1666012704372406,0.09315867722034454,0.14848610758781433,0.2859209179878235,0.15871582925319672,-0.026472844183444977,0.18490248918533325,0.023520125076174736,0.16138246655464172,0.07101500034332275,-0.09679685533046722,0.1296531856060028,-0.040518276393413544,-0.2720958888530731,-0.1652279496192932,0.06635653972625732,0.04006841778755188,-0.07562044262886047,0.2481934279203415,-0.030261382460594177,-0.038508567959070206,0.25519558787345886,-0.1037939190864563,-0.05663474276661873
0.18712571263313293,0.6224485039710999,1.2566542625427246,-0.1413523047585491,-0.03919708411499748,0.0787953166811096,0.01626561228102573,0.003834371530198604,0.01005891420421615,0.29001531600952146,-0.07645477056503291,-0.14415600299835196,0.7878814339637756,0.7228689193725586,0.9981061816215515,-0.04879066,-0.015040848,0.08928387,73.0,1740111791.0364108,0.027897590771317482,0.06124740093946457,0.15354938805103302,0.16659939289093018,-0.04894225299358368,-0.049538180232048035,0.04125085473060608,0.2393799126148224,0.1687668263912201,0.08562935888767242,0.13586531579494476,0.2618047893047333,0.1465352326631546,-0.024866901338100433,0.17835237085819244,0.020752402022480965,0.15842995047569275,0.05848594382405281,-0.08488902449607849,0.10715193301439285,-0.045837853103876114,-0.25704333186149597,-0.1532706916332245,0.0584217831492424,0.053070999681949615,-0.0634814202785492,0.23596467077732086,-0.027752399444580078,-0.042351383715867996,0.23015868663787842,-0.0956215113401413,-0.032811131328344345
0.18309898674488068,0.621544599533081,1.2593823671340942,-0.1413523047585491,-0.03919708411499748,0.0787953166811096,0.013286274083951765,-0.0001708147483216377,0.004841558664073968,0.2854429692029953,-0.07778222560882564,-0.1417515516281127,0.7878814339637756,0.7228689193725586,0.9981061816215515,-0.04879066,-0.015040848,0.08928387,74.0,1740111791.0719616,0.027897590771317482,0.06124740093946457,0.15354938805103302,0.16659939289093018,-0.04894225299358368,-0.049538180232048035,0.04125085473060608,0.2393799126148224,0.1687668263912201,0.08562935888767242,0.13586531579494476,0.2618047893047333,0.1465352326631546,-0.024866901338100433,0.17835237085819244,0.020752402022480965,0.15842995047569275,0.05848594382405281,-0.08488902449607849,0.10715193301439285,-0.045837853103876114,-0.25704333186149597,-0.1532706916332245,0.0584217831492424,0.053070999681949615,-0.0634814202785492,0.23596467077732086,-0.027752399444580078,-0.042351383715867996,0.23015868663787842,-0.0956215113401413,-0.032811131328344345
0.1781015545129776,0.6197872757911682,1.2614521980285645,-0.1413523047585491,-0.03919708411499748,0.0787953166811096,0.015655596718396517,0.0007642626529975167,0.009243074553366605,0.2791267842054367,-0.08002085685729976,-0.14013721942901602,0.7878814339637756,0.7228689193725586,0.9981061816215515,-0.04659263,-0.015184857,0.092334196,75.0,1740111791.1029134,0.026845498010516167,0.05988656356930733,0.15742337703704834,0.17498639225959778,-0.05572459101676941,-0.045793693512678146,0.0472712367773056,0.24832138419151306,0.16886506974697113,0.08803628385066986,0.1388838291168213,0.2717075049877167,0.1515476107597351,-0.025508511811494827,0.1819465160369873,0.02405015379190445,0.16025100648403168,0.06467662751674652,-0.0896601527929306,0.1163213774561882,-0.043546583503484726,-0.2604452073574066,-0.1582094132900238,0.06105019152164459,0.04990987852215767,-0.0691080167889595,0.2395881861448288,-0.02819567173719406,-0.03885625675320625,0.24138978123664856,-0.10119116306304932,-0.04220092296600342
0.17433303594589233,0.619060754776001,1.264261245727539,-0.1426167038876,-0.04078239847358037,0.07654755967997225,0.013049225970048825,-0.0023255168934550475,0.0025208874538694237,0.2762077212333679,-0.08053411245346065,-0.13716461658477774,0.7878814339637756,0.7228689193725586,0.9981061816215515,-0.050223164,-0.013592135,0.09465015,76.0,1740111791.1384022,0.029319001361727715,0.05994212254881859,0.15892177820205688,0.17316138744354248,-0.054588980972766876,-0.04630128666758537,0.04704982787370682,0.2472749501466751,0.17198006808757782,0.08916574716567993,0.14012649655342102,0.27310338616371155,0.15234439074993134,-0.024772007018327713,0.18459409475326538,0.024980513378977776,0.1622302532196045,0.06452345848083496,-0.08753414452075958,0.11594318598508835,-0.04398737847805023,-0.2630005478858948,-0.1585502028465271,0.061308763921260834,0.05111074075102806,-0.06875559687614441,0.24050123989582062,-0.027955077588558197,-0.039516206830739975,0.2426111102104187,-0.10224062204360962,-0.03889757767319679
0.17214548587799072,0.6184248924255371,1.2653692960739136,-0.1426167038876,-0.04078239847358037,0.07654755967997225,0.012493571362329694,-0.002359941876972648,0.0036424123077793877,0.2743330359458923,-0.08093924522399898,-0.13573875427246085,0.7878814339637756,0.7228689193725586,0.9981061816215515,-0.04289781,-0.013680875,0.09230564,77.0,1740111791.1700535,0.03305836766958237,0.06051946431398392,0.16026456654071808,0.17028209567070007,-0.053609028458595276,-0.046689994633197784,0.044969335198402405,0.24721431732177734,0.1766340136528015,0.08772005140781403,0.13799582421779633,0.2730379104614258,0.15237632393836975,-0.025049082934856415,0.18809197843074799,0.026052823290228844,0.16601142287254333,0.06410302221775055,-0.08797979354858398,0.11281179636716843,-0.04646158218383789,-0.2623644471168518,-0.15915213525295258,0.060615770518779755,0.05714264139533043,-0.06840890645980835,0.24124804139137268,-0.0275915265083313,-0.040314119309186935,0.24172711372375488,-0.10570076107978821,-0.03375765308737755
0.1674426943063736,0.6170293688774109,1.2674510478973389,-0.1426167038876,-0.04078239847358037,0.07654755967997225,0.021121680005687524,-0.08768980531826599,-0.04905374621429348,0.26792279481887815,-0.08321363925933833,-0.13443615436553946,0.7878814339637756,0.7228689193725586,0.9981061816215515,-0.045764126,-0.014643051,0.091347955,78.0,1740111791.2029893,0.03210341930389404,0.06043391674757004,0.15828470885753632,0.17003671824932098,-0.05496276915073395,-0.04630032554268837,0.04496041685342789,0.24703563749790192,0.17494548857212067,0.08630727231502533,0.13588671386241913,0.2713404893875122,0.15131622552871704,-0.025622792541980743,0.1861467957496643,0.02531062439084053,0.1651528924703598,0.06463423371315002,-0.08876611292362213,0.11184408515691757,-0.0464724525809288,-0.259186714887619,-0.15804892778396606,0.05996526777744293,0.05662202835083008,-0.06856957077980042,0.23979182541370392,-0.026996824890375137,-0.03957517072558403,0.24005836248397827,-0.10507655143737793,-0.03437158092856407
0.1618925929069519,0.6157188415527344,1.2713485956192017,-0.1426167038876,-0.04078239847358037,0.07654755967997225,0.012899768434493308,-0.003420855224441102,0.0043111477734331365,0.26395187377929685,-0.08397783041000362,-0.12981512546539298,0.7878814339637756,0.7228689193725586,0.9981061816215515,-0.045764126,-0.014643051,0.091347955,79.0,1740111791.2370162,0.03210341930389404,0.06043391674757004,0.15828470885753632,0.17003671824932098,-0.05496276915073395,-0.04630032554268837,0.04496041685342789,0.24703563749790192,0.17494548857212067,0.08630727231502533,0.13588671386241913,0.2713404893875122,0.15131622552871704,-0.025622792541980743,0.1861467957496643,0.02531062439084053,0.1651528924703598,0.06463423371315002,-0.08876611292362213,0.11184408515691757,-0.0464724525809288,-0.259186714887619,-0.15804892778396606,0.05996526777744293,0.05662202835083008,-0.06856957077980042,0.23979182541370392,-0.026996824890375137,-0.03957517072558403,0.24005836248397827,-0.10507655143737793,-0.03437158092856407
0.15790608525276184,0.6148502230644226,1.273699402809143,-0.12105638113104063,-0.03223155769467706,0.06880318271603957,0.011397201688321857,-0.0006803524226637395,0.004580258800658581,0.2598091125488281,-0.08480627536773677,-0.12748398780822745,0.7878814339637756,0.7228689193725586,0.9981061816215515,-0.047757708,-0.014130503,0.09290912,80.0,1740111791.2704723,0.03428082913160324,0.06075398623943329,0.15865540504455566,0.16862869262695312,-0.05534326285123825,-0.04669811949133873,0.04410592094063759,0.24706603586673737,0.1779952049255371,0.08507101237773895,0.13403022289276123,0.2713870108127594,0.1516200453042984,-0.02653917297720909,0.1879928559064865,0.026200132444500923,0.1676071286201477,0.06508536636829376,-0.08948701620101929,0.11044927686452866,-0.04842506721615791,-0.25820839405059814,-0.15840968489646912,0.05950134992599487,0.06022493168711662,-0.06860391050577164,0.24035534262657166,-0.026756715029478073,-0.03953906521201134,0.23936423659324646,-0.10734353959560394,-0.03163610398769379
0.15405617654323578,0.613890528678894,1.276219367980957,-0.12105638113104063,-0.03223155769467706,0.06880318271603957,0.011775967577329008,0.0009467381595172071,0.002521128946550372,0.2559108793735504,-0.0857558965682983,-0.12513711452484122,0.7878814339637756,0.7228689193725586,0.9981061816215515,-0.049183857,-0.014553864,0.09179525,81.0,1740111791.308969,0.03364855796098709,0.06084025651216507,0.15624509751796722,0.1658768504858017,-0.05382295697927475,-0.04810543358325958,0.04438207671046257,0.24255728721618652,0.17773884534835815,0.08586636185646057,0.13407807052135468,0.2692226469516754,0.15023952722549438,-0.026584144681692123,0.1859421730041504,0.026323284953832626,0.16525951027870178,0.06403324007987976,-0.08578300476074219,0.1096973791718483,-0.04810783639550209,-0.2572323679924011,-0.15588244795799255,0.05897486209869385,0.058913685381412506,-0.06675488501787186,0.23803433775901794,-0.026143521070480347,-0.03995872661471367,0.23708811402320862,-0.10456980764865875,-0.02957606315612793
0.15023276209831238,0.6130167841911316,1.2786760330200195,-0.12105638113104063,-0.03223155769467706,0.06880318271603957,0.011878667763943354,0.002372177675061751,0.0009405910214792334,0.2521656215190887,-0.08658976554870601,-0.12253370285034171,0.7878814339637756,0.7228689193725586,0.9981061816215515,-0.045348104,-0.015338026,0.08992792,82.0,1740111791.3440127,0.036659009754657745,0.061674147844314575,0.15931488573551178,0.16621124744415283,-0.05439867824316025,-0.0481119304895401,0.04305858910083771,0.24582216143608093,0.18212376534938812,0.08520331978797913,0.1337713599205017,0.27130988240242004,0.15129180252552032,-0.02656152844429016,0.19034205377101898,0.027127021923661232,0.16916799545288086,0.06415137648582458,-0.08757904171943665,0.10869888216257095,-0.049614716321229935,-0.25902727246284485,-0.15767651796340942,0.05914360284805298,0.06316283345222473,-0.06731224805116653,0.24060022830963135,-0.026038173586130142,-0.04086029902100563,0.23876386880874634,-0.10827299952507019,-0.02710622176527977
0.14655019342899323,0.6122117638587952,1.2811617851257324,-0.11056666673293941,-0.024866692380490364,0.07209745274090804,0.01217517309584368,0.000821435507719427,-0.00011916234340812135,0.24804638922214509,-0.08770884275436397,-0.12033286094665518,0.7878814339637756,0.7228689193725586,0.9981061816215515,-0.08293085,-0.0040989667,0.04741639,83.0,1740111791.370315,0.03693181276321411,0.06225947290658951,0.1652022898197174,0.17465658485889435,-0.05767848342657089,-0.04791362211108208,0.04728218913078308,0.25385189056396484,0.18725228309631348,0.08947442471981049,0.13923491537570953,0.28234750032424927,0.15712200105190277,-0.027896389365196228,0.19706271588802338,0.030430149286985397,0.17262892425060272,0.06690116226673126,-0.09127494692802429,0.11680854111909866,-0.05051339417695999,-0.2678109109401703,-0.16329394280910492,0.06271187216043472,0.06360197067260742,-0.07033907622098923,0.2471623420715332,-0.028242118656635284,-0.042421530932188034,0.24810945987701416,-0.11197787523269653,-0.030856091529130936
0.14293324947357178,0.6115065217018127,1.283784031867981,-0.11056666673293941,-0.024866692380490364,0.07209745274090804,0.011391699294516427,4.9796807080432e-05,-0.003540873261093811,0.24479561150074006,-0.08816535472869869,-0.1174750566482543,0.7878814339637756,0.7228689193725586,0.9981061816215515,-0.08168033,-0.004232742,0.05192525,84.0,1740111791.4036114,0.037597209215164185,0.06235671788454056,0.16552504897117615,0.17464669048786163,-0.05851657688617706,-0.04875443875789642,0.04653830826282501,0.25396889448165894,0.18809948861598969,0.08798077702522278,0.1383741796016693,0.281787246465683,0.1572958081960678,-0.02890653908252716,0.19770695269107819,0.029870327562093735,0.17389047145843506,0.06738689541816711,-0.09266990423202515,0.11577285081148148,-0.05204205587506294,-0.26776230335235596,-0.16352024674415588,0.06226325035095215,0.06525403261184692,-0.07045800238847733,0.24852141737937927,-0.02853924036026001,-0.042583364993333817,0.2471565306186676,-0.11254668235778809,-0.029761914163827896
0.13957159221172333,0.6107348799705505,1.2862858772277832,-0.11056666673293941,-0.024866692380490364,0.07209745274090804,0.011749566074297398,0.0015656559344719733,-0.004465102223951241,0.24121201634407044,-0.08894450664520259,-0.11503078937530509,0.7878814339637756,0.7228689193725586,0.9981061816215515,-0.08168033,-0.004232742,0.05192525,85.0,1740111791.4368875,0.037597209215164185,0.06235671788454056,0.16552504897117615,0.17464669048786163,-0.05851657688617706,-0.04875443875789642,0.04653830826282501,0.25396889448165894,0.18809948861598969,0.08798077702522278,0.1383741796016693,0.281787246465683,0.1572958081960678,-0.02890653908252716,0.19770695269107819,0.029870327562093735,0.17389047145843506,0.06738689541816711,-0.09266990423202515,0.11577285081148148,-0.05204205587506294,-0.26776230335235596,-0.16352024674415588,0.06226325035095215,0.06525403261184692,-0.07045800238847733,0.24852141737937927,-0.02853924036026001,-0.042583364993333817,0.2471565306186676,-0.11254668235778809,-0.029761914163827896
0.13628041744232178,0.610089123249054,1.2886384725570679,-0.10268537192387736,-0.021223845656895068,0.074757855540537,0.01236314576345035,0.003726928912715752,-0.004588098865973167,0.23789892196655274,-0.08963490724563594,-0.11252644062042227,0.7878814339637756,0.7228689193725586,0.9981061816215515,-0.07338686,-0.004500188,0.054996874,86.0,1740111791.4711454,0.037471622228622437,0.06306682527065277,0.1644376516342163,0.17085464298725128,-0.054034166038036346,-0.05081899091601372,0.04475720599293709,0.24899809062480927,0.18790169060230255,0.08927084505558014,0.1400635987520218,0.2777681052684784,0.1554463654756546,-0.027928877621889114,0.19579924643039703,0.02850807085633278,0.17161917686462402,0.06475645303726196,-0.08828361332416534,0.1129923090338707,-0.05155831202864647,-0.26895594596862793,-0.1612807810306549,0.06170596927404404,0.0639474093914032,-0.06764423102140427,0.24705779552459717,-0.028755098581314087,-0.04421721771359444,0.24312901496887207,-0.10884989798069,-0.02558762952685356
0.13273271918296814,0.6095945239067078,1.2908843755722046,-0.10268537192387736,-0.021223845656895068,0.074757855540537,0.00844890232707862,0.006088776691665941,-0.004678869757567179,0.2346171349287033,-0.09029628038406368,-0.11014094352722159,0.7878814339637756,0.7228689193725586,0.9981061816215515,-0.07458132,-0.00103008,0.04259646,87.0,1740111791.5037758,0.04301629215478897,0.06438188254833221,0.1684962958097458,0.16702035069465637,-0.052238307893276215,-0.051720671355724335,0.04120783880352974,0.24988558888435364,0.19516196846961975,0.08751153945922852,0.1386650651693344,0.2769089937210083,0.15513788163661957,-0.02703854814171791,0.20160892605781555,0.029890473932027817,0.17643368244171143,0.06294259428977966,-0.08812390267848969,0.1080370619893074,-0.0538843609392643,-0.2698410451412201,-0.16167233884334564,0.060293443500995636,0.07186143100261688,-0.06664718687534332,0.2489570677280426,-0.027144230902194977,-0.04563690349459648,0.2429792284965515,-0.113509401679039,-0.017476752400398254
0.13005514442920685,0.6087156534194946,1.293090581893921,-0.10268537192387736,-0.021223845656895068,0.074757855540537,0.010320718929097389,0.003268996783056777,-0.003958440839356628,0.23159997761249543,-0.09107245206832881,-0.10800101757049552,0.7878814339637756,0.7228689193725586,0.9981061816215515,-0.07458132,-0.00103008,0.04259646,88.0,1740111791.5352263,0.04301629215478897,0.06438188254833221,0.1684962958097458,0.16702035069465637,-0.052238307893276215,-0.051720671355724335,0.04120783880352974,0.24988558888435364,0.19516196846961975,0.08751153945922852,0.1386650651693344,0.2769089937210083,0.15513788163661957,-0.02703854814171791,0.20160892605781555,0.029890473932027817,0.17643368244171143,0.06294259428977966,-0.08812390267848969,0.1080370619893074,-0.0538843609392643,-0.2698410451412201,-0.16167233884334564,0.060293443500995636,0.07186143100261688,-0.06664718687534332,0.2489570677280426,-0.027144230902194977,-0.04563690349459648,0.2429792284965515,-0.113509401679039,-0.017476752400398254
0.12716525793075562,0.6079667806625366,1.294928789138794,-0.10268537192387736,-0.021223845656895068,0.074757855540537,0.012032297017226032,0.0035223378141571223,-0.0022527647280014677,0.22859320640563965,-0.09164823293685909,-0.10596694946289054,0.7878814339637756,0.7228689193725586,0.9981061816215515,-0.06689116,-0.0013953447,0.0480282,89.0,1740111791.571434,0.04427812993526459,0.06421621143817902,0.167982280254364,0.16472241282463074,-0.0515415295958519,-0.051370568573474884,0.04016268253326416,0.2480829358100891,0.19651173055171967,0.08558592200279236,0.13663223385810852,0.2747024893760681,0.15481463074684143,-0.026949767023324966,0.20168855786323547,0.031048748642206192,0.1771116852760315,0.062174733728170395,-0.08842182159423828,0.10594705492258072,-0.05443389341235161,-0.2670338749885559,-0.16153720021247864,0.05918814241886139,0.0752689391374588,-0.06584109365940094,0.24790921807289124,-0.026653550565242767,-0.044714752584695816,0.2409590184688568,-0.11453463137149811,-0.015756595879793167
0.12437407672405243,0.6072552800178528,1.296668529510498,-0.09633791444024148,-0.022962075805035606,0.0656059308715303,0.01241780254373932,0.0028129328669301117,-0.0019976403697774276,0.22568458914756775,-0.09243638515472408,-0.10414578914642325,0.7878814339637756,0.7228689193725586,0.9981061816215515,-0.06689116,-0.0013953447,0.0480282,90.0,1740111791.6118064,0.04427812993526459,0.06421621143817902,0.167982280254364,0.16472241282463074,-0.0515415295958519,-0.051370568573474884,0.04016268253326416,0.2480829358100891,0.19651173055171967,0.08558592200279236,0.13663223385810852,0.2747024893760681,0.15481463074684143,-0.026949767023324966,0.20168855786323547,0.031048748642206192,0.1771116852760315,0.062174733728170395,-0.08842182159423828,0.10594705492258072,-0.05443389341235161,-0.2670338749885559,-0.16153720021247864,0.05918814241886139,0.0752689391374588,-0.06584109365940094,0.24790921807289124,-0.026653550565242767,-0.044714752584695816,0.2409590184688568,-0.11453463137149811,-0.015756595879793167
0.12164835631847382,0.6066792011260986,1.2984375953674316,-0.09633791444024148,-0.022962075805035606,0.0656059308715303,0.010518784733896024,0.0018677960260671646,-0.004541375117495082,0.22259027361869813,-0.09281618595123287,-0.10256435871124259,0.7878814339637756,0.7228689193725586,0.9981061816215515,-0.069158494,-0.0017591193,0.04694079,91.0,1740111791.638461,0.0430636927485466,0.06427876651287079,0.16182616353034973,0.15672989189624786,-0.04604959487915039,-0.05461457371711731,0.037680719047784805,0.23679189383983612,0.19373708963394165,0.08400486409664154,0.1332855373620987,0.2650908827781677,0.14994454383850098,-0.028913363814353943,0.1956528127193451,0.028241725638508797,0.173317089676857,0.05929763242602348,-0.08371053636074066,0.09915516525506973,-0.057531002908945084,-0.26111507415771484,-0.15643459558486938,0.056857891380786896,0.07632753252983093,-0.061297670006752014,0.24329662322998047,-0.027715377509593964,-0.0462307371199131,0.22924554347991943,-0.10810576379299164,-0.008221960626542568
0.11787056922912598,0.605652391910553,1.3004388809204102,-0.09633791444024148,-0.022962075805035606,0.0656059308715303,0.012097241308755509,0.0008989199414752341,-0.002939161154545868,0.2204298585653305,-0.09367461204528804,-0.1009326219558715,0.7878814339637756,0.7228689193725586,0.9981061816215515,-0.06541336,-0.003098756,0.050058357,92.0,1740111791.6796298,0.0427510142326355,0.06406380236148834,0.159623384475708,0.15299546718597412,-0.0435679629445076,-0.05507045239210129,0.036805495619773865,0.2321668118238449,0.1924678087234497,0.0832986831665039,0.13179220259189606,0.2608106732368469,0.14831870794296265,-0.028434544801712036,0.19314445555210114,0.027806436643004417,0.17134006321430206,0.05751882866024971,-0.08092664182186127,0.09683183580636978,-0.05731147155165672,-0.25851699709892273,-0.1543409526348114,0.0558738186955452,0.07633629441261292,-0.05944657325744629,0.24070805311203003,-0.02762620896100998,-0.045909490436315536,0.2254878282546997,-0.10578475892543793,-0.0061888499185442924
0.11681234836578369,0.6053465008735657,1.3010609149932861,-0.07391455692431147,-0.018470756249776545,0.043377004635937855,0.012129984808440367,0.0024652430515082297,-0.002564153073385481,0.21787056922912598,-0.09434760808944698,-0.09956111907958975,0.7878814339637756,0.7228689193725586,0.9981061816215515,-0.067721166,-0.004430726,0.050978985,93.0,1740111791.711723,0.042272716760635376,0.0637064129114151,0.15966935455799103,0.15462830662727356,-0.04549209028482437,-0.05412241071462631,0.03779217228293419,0.2338750660419464,0.19231413304805756,0.08231516182422638,0.13109590113162994,0.2619422674179077,0.149100661277771,-0.029001053422689438,0.19328781962394714,0.028384441509842873,0.17192837595939636,0.058907683938741684,-0.08314783871173859,0.09790975600481033,-0.05750212445855141,-0.2573270797729492,-0.15521769225597382,0.055966392159461975,0.07697410881519318,-0.06054949760437012,0.24108339846134186,-0.027298882603645325,-0.04482490196824074,0.22657066583633423,-0.10707142949104309,-0.008245172910392284
0.1143866628408432,0.6046724915504456,1.3022215366363525,-0.07391455692431147,-0.018470756249776545,0.043377004635937855,0.011774371574423506,0.003942092105119988,-0.003325285731263416,0.21560064554214478,-0.09504975080490108,-0.0983555555343627,0.7878814339637756,0.7228689193725586,0.9981061816215515,-0.061704643,-0.004652709,0.048778057,94.0,1740111791.7376676,0.04499691724777222,0.06462942063808441,0.16162703931331635,0.15342113375663757,-0.0448499396443367,-0.054718974977731705,0.036274030804634094,0.23443089425563812,0.1960737258195877,0.08236722648143768,0.13112542033195496,0.2624431550502777,0.14884637296199799,-0.028999309986829758,0.19647377729415894,0.02884390577673912,0.17453056573867798,0.0583258680999279,-0.08299911022186279,0.09613119810819626,-0.05896839126944542,-0.2586095631122589,-0.1556004285812378,0.05566012114286423,0.08027699589729309,-0.0600777193903923,0.24212948977947235,-0.02674754336476326,-0.04643448069691658,0.2267824113368988,-0.10923208296298981,-0.004208815284073353
0.11229770630598068,0.6040627956390381,1.3032252788543701,-0.07391455692431147,-0.018470756249776545,0.043377004635937855,0.011901918561850622,0.003965416493246473,-0.0009541631883294994,0.21327479779720307,-0.09560049772262569,-0.09727647304534903,0.7878814339637756,0.7228689193725586,0.9981061816215515,-0.08106208,-0.012573734,0.12856898,95.0,1740111791.7707536,-0.0032097622752189636,0.05986256152391434,0.12739118933677673,0.18282857537269592,-0.0654127448797226,-0.044792596250772476,0.04746130108833313,0.23674029111862183,0.1321168839931488,0.07976360619068146,0.12918372452259064,0.24663862586021423,0.1363918036222458,-0.037024933844804764,0.1430029422044754,0.0027081232983618975,0.13862432539463043,0.07322056591510773,-0.09608271718025208,0.11249706894159317,-0.0426265224814415,-0.2306499481201172,-0.14781078696250916,0.060313880443573,0.020278196781873703,-0.06759808212518692,0.2232128381729126,-0.03151264041662216,-0.03745480999350548,0.21030503511428833,-0.07420477271080017,-0.060435209423303604
0.10968142747879028,0.6037454605102539,1.304205060005188,-0.07125966711299384,-0.015999280476124672,0.031419606310843846,0.007906226691001354,0.0057235015788520485,-0.002853735820951883,0.2111806184053421,-0.09627301692962642,-0.09625163078308097,0.7878814339637756,0.7228689193725586,0.9981061816215515,-0.08106208,-0.012573734,0.12856898,96.0,1740111791.8051724,-0.0032097622752189636,0.05986256152391434,0.12739118933677673,0.18282857537269592,-0.0654127448797226,-0.044792596250772476,0.04746130108833313,0.23674029111862183,0.1321168839931488,0.07976360619068146,0.12918372452259064,0.24663862586021423,0.1363918036222458,-0.037024933844804764,0.1430029422044754,0.0027081232983618975,0.13862432539463043,0.07322056591510773,-0.09608271718025208,0.11249706894159317,-0.0426265224814415,-0.2306499481201172,-0.14781078696250916,0.060313880443573,0.020278196781873703,-0.06759808212518692,0.2232128381729126,-0.03151264041662216,-0.03745480999350548,0.21030503511428833,-0.07420477271080017,-0.060435209423303604
0.10815653204917908,0.6026829481124878,1.3051708936691284,-0.07125966711299384,-0.015999280476124672,0.031419606310843846,0.014125903397554283,0.0038140101767397904,9.601296152806496e-05,0.20910892486572266,-0.09693099260330196,-0.09528818130493155,0.7878814339637756,0.7228689193725586,0.9981061816215515,-0.073901094,-0.014918603,0.12686679,97.0,1740111791.837551,-0.004419073462486267,0.059480153024196625,0.1273767650127411,0.18489766120910645,-0.06653546541929245,-0.0442584827542305,0.04876868426799774,0.2379625141620636,0.13125847280025482,0.07997693121433258,0.12957200407981873,0.24813207983970642,0.1376093477010727,-0.037630919367074966,0.1426708996295929,0.003131151432171464,0.13837796449661255,0.0742432177066803,-0.09735661745071411,0.11441903561353683,-0.04270245507359505,-0.23075267672538757,-0.14874739944934845,0.06108081340789795,0.019406534731388092,-0.06848964095115662,0.2236119955778122,-0.032348744571208954,-0.036909472197294235,0.21142590045928955,-0.07421271502971649,-0.0629880353808403
0.10583747178316116,0.6023415327072144,1.306235432624817,-0.07125966711299384,-0.015999280476124672,0.031419606310843846,0.009419464996129803,0.004551333816232726,-0.002304398671328025,0.20705767571926117,-0.09766263961791988,-0.09431984424591056,0.7878814339637756,0.7228689193725586,0.9981061816215515,-0.07749759,-0.013407536,0.12726687,98.0,1740111791.8703148,-0.004160750657320023,0.059938348829746246,0.12518122792243958,0.18080908060073853,-0.06422917544841766,-0.04555701091885567,0.04699244722723961,0.23373453319072723,0.13059616088867188,0.07936812937259674,0.12794099748134613,0.24397563934326172,0.1349649876356125,-0.03761981427669525,0.14073729515075684,0.0018531645182520151,0.13695085048675537,0.07264910638332367,-0.09461872279644012,0.11070183664560318,-0.043435778468847275,-0.22819289565086365,-0.14605377614498138,0.05980094522237778,0.01989574544131756,-0.06643455475568771,0.22117246687412262,-0.03190944343805313,-0.038024235516786575,0.20702475309371948,-0.07205487787723541,-0.058942247182130814
0.10444283485412598,0.6013417840003967,1.3073948621749878,-0.07125966711299384,-0.015999280476124672,0.031419606310843846,0.014621403357427735,0.004105596263900811,0.0012849696366022045,0.20487118363380433,-0.09797496795654292,-0.09318044185638419,0.7878814339637756,0.7228689193725586,0.9981061816215515,-0.07749759,-0.013407536,0.12726687,99.0,1740111791.903925,-0.004160750657320023,0.059938348829746246,0.12518122792243958,0.18080908060073853,-0.06422917544841766,-0.04555701091885567,0.04699244722723961,0.23373453319072723,0.13059616088867188,0.07936812937259674,0.12794099748134613,0.24397563934326172,0.1349649876356125,-0.03761981427669525,0.14073729515075684,0.0018531645182520151,0.13695085048675537,0.07264910638332367,-0.09461872279644012,0.11070183664560318,-0.043435778468847275,-0.22819289565086365,-0.14605377614498138,0.05980094522237778,0.01989574544131756,-0.06643455475568771,0.22117246687412262,-0.03190944343805313,-0.038024235516786575,0.20702475309371948,-0.07205487787723541,-0.058942247182130814
0.10271289944648743,0.6007574200630188,1.308796763420105,-0.05152286569024866,-0.02191828818491859,0.03272482560655569,0.012804931490420472,0.004029030353731404,0.0016043819108284155,0.20349340736865998,-0.09888697862625118,-0.09186460971832267,0.7878814339637756,0.7228689193725586,0.9981061816215515,-0.07325438,-0.013717338,0.13218427,100.0,1740111791.9373496,-0.00465705431997776,0.06007649004459381,0.12353530526161194,0.18040139973163605,-0.0642455667257309,-0.04697740823030472,0.046563852578401566,0.23221111297607422,0.130244642496109,0.07906478643417358,0.12730292975902557,0.24296948313713074,0.13429169356822968,-0.039294224232435226,0.1398840993642807,0.0007565564010292292,0.13689874112606049,0.0730607658624649,-0.09466780722141266,0.10988905280828476,-0.04551779106259346,-0.22728529572486877,-0.14532046020030975,0.05995195358991623,0.01983054354786873,-0.06587499380111694,0.22104519605636597,-0.03295447677373886,-0.03911617770791054,0.20461362600326538,-0.07068228721618652,-0.057289209216833115
0.10104340314865112,0.6000033020973206,1.310306191444397,-0.05152286569024866,-0.02191828818491859,0.03272482560655569,0.014074826640100952,0.004870331072607133,0.0023227139572306703,0.20143814235925675,-0.09923453330993648,-0.09043159484863272,0.7878814339637756,0.7228689193725586,0.9981061816215515,-0.07541622,-0.018374994,0.11543078,101.0,1740111791.9730709,-0.004547512158751488,0.05922999978065491,0.12032218277454376,0.17578400671482086,-0.06155502051115036,-0.048438720405101776,0.04457511752843857,0.2262849509716034,0.1289592683315277,0.07628016173839569,0.12387853860855103,0.23740293085575104,0.13244317471981049,-0.03944731131196022,0.13670054078102112,0.0003478878643363714,0.13533663749694824,0.07039317488670349,-0.09331731498241425,0.10617922991514206,-0.04628898203372955,-0.22340448200702667,-0.14306755363941193,0.05821783095598221,0.02226691134274006,-0.06361759454011917,0.21821552515029907,-0.032620854675769806,-0.03848131373524666,0.19888633489608765,-0.06769099831581116,-0.05456672981381416
0.0994337797164917,0.5994496941566467,1.3122690916061401,-0.05152286569024866,-0.02191828818491859,0.03272482560655569,0.012035687213685475,0.005340083696481427,0.0005246666332015487,0.19977331012487412,-0.09991927146911617,-0.08885302543640128,0.7878814339637756,0.7228689193725586,0.9981061816215515,-0.07752535,-0.013436321,0.13345651,102.0,1740111792.003995,-0.0033305324614048004,0.059475284069776535,0.12088845670223236,0.1736839860677719,-0.0606083869934082,-0.04819778352975845,0.04383613169193268,0.22553567588329315,0.12976166605949402,0.0760430246591568,0.1234450489282608,0.23647139966487885,0.13189220428466797,-0.03862467408180237,0.13726703822612762,0.0003921163734048605,0.13595962524414062,0.07023844122886658,-0.09221537411212921,0.10449586063623428,-0.046027470380067825,-0.22292819619178772,-0.14262528717517853,0.05760724097490311,0.023591451346874237,-0.06350868195295334,0.21770189702510834,-0.031811460852622986,-0.03792371228337288,0.19841831922531128,-0.06888779997825623,-0.05296831205487251
0.09789745509624481,0.5988112688064575,1.3142515420913696,-0.05096845188847847,-0.02096457569223219,0.055706477482231384,0.012693935924887108,0.004752374975690788,0.00382455467803481,0.19876102209091187,-0.10084236860275264,-0.08675541877746573,0.7878814339637756,0.7228689193725586,0.9981061816215515,-0.07749535,-0.013540946,0.13435346,103.0,1740111792.036009,-0.0025868434458971024,0.0596432201564312,0.12134237587451935,0.1740819662809372,-0.06142623722553253,-0.04794338718056679,0.04415581375360489,0.22665148973464966,0.13069318234920502,0.07617165148258209,0.12292508780956268,0.23761385679244995,0.13182081282138824,-0.03885192796587944,0.13844946026802063,0.0005899670068174601,0.13701078295707703,0.07100187242031097,-0.09271122515201569,0.10458935052156448,-0.04656475409865379,-0.2228960245847702,-0.14277982711791992,0.0577029213309288,0.024316564202308655,-0.06401267647743225,0.21804308891296387,-0.031870439648628235,-0.03823832795023918,0.1991328001022339,-0.07028643786907196,-0.05268317833542824
0.09638356417417526,0.5981685519218445,1.316579818725586,-0.05096845188847847,-0.02096457569223219,0.055706477482231384,0.012004542087550344,0.005371220079026002,0.0033872774990244183,0.19721562266349793,-0.10159022808074947,-0.08460917472839347,0.7878814339637756,0.7228689193725586,0.9981061816215515,-0.07749535,-0.013540946,0.13435346,104.0,1740111792.0721793,-0.0025868434458971024,0.0596432201564312,0.12134237587451935,0.1740819662809372,-0.06142623722553253,-0.04794338718056679,0.04415581375360489,0.22665148973464966,0.13069318234920502,0.07617165148258209,0.12292508780956268,0.23761385679244995,0.13182081282138824,-0.03885192796587944,0.13844946026802063,0.0005899670068174601,0.13701078295707703,0.07100187242031097,-0.09271122515201569,0.10458935052156448,-0.04656475409865379,-0.2228960245847702,-0.14277982711791992,0.0577029213309288,0.024316564202308655,-0.06401267647743225,0.21804308891296387,-0.031870439648628235,-0.03823832795023918,0.1991328001022339,-0.07028643786907196,-0.05268317833542824
0.09441331028938293,0.5978074669837952,1.318863868713379,-0.05096845188847847,-0.02096457569223219,0.055706477482231384,0.00792765273578328,0.009141508159078791,0.003915639257687325,0.19565756469964982,-0.10214562416076656,-0.08221390247344962,0.7878814339637756,0.7228689193725586,0.9981061816215515,-0.080678046,-0.013086028,0.13260071,105.0,1740111792.1025012,-0.0025000721216201782,0.05933968722820282,0.12179051339626312,0.17588253319263458,-0.0634339302778244,-0.04727793484926224,0.04529467597603798,0.22895638644695282,0.13109013438224792,0.07595916092395782,0.12247791886329651,0.239725723862648,0.13280485570430756,-0.039305754005908966,0.13918772339820862,0.0012689351569861174,0.1380012482404709,0.07259766757488251,-0.09446945786476135,0.10622183233499527,-0.04666535556316376,-0.2228640764951706,-0.14358516037464142,0.05802435427904129,0.024436259642243385,-0.06533800810575485,0.21882563829421997,-0.03194110095500946,-0.037321534007787704,0.2010554075241089,-0.07217811048030853,-0.054548610001802444
0.0929412990808487,0.5966464281082153,1.3213456869125366,-0.048939695357378285,-0.02137677747433845,0.07005132310010359,0.010643257147590492,0.012466523849599209,0.005057751936933608,0.19379568696022034,-0.10255808830261226,-0.07980349063873282,0.7878814339637756,0.7228689193725586,0.9981061816215515,-0.0691371,-0.01524239,0.12604703,106.0,1740111792.1390061,-0.0011813919991254807,0.05859576165676117,0.12167942523956299,0.1744266152381897,-0.06356534361839294,-0.04676033928990364,0.04543492570519447,0.22869056463241577,0.13199612498283386,0.0748017281293869,0.12029428780078888,0.23957081139087677,0.13305406272411346,-0.03935815393924713,0.13955342769622803,0.0024092269595712423,0.13887034356594086,0.07264243066310883,-0.09484420716762543,0.10553855448961258,-0.047089699655771255,-0.22123761475086212,-0.14323408901691437,0.05744142830371857,0.02686280757188797,-0.0655171200633049,0.21827514469623566,-0.031573548913002014,-0.03583381697535515,0.2010611891746521,-0.07398134469985962,-0.05402100458741188
0.09209175407886505,0.5960074663162231,1.3243409395217896,-0.048939695357378285,-0.02137677747433845,0.07005132310010359,0.012981200855305543,0.011521975361206315,0.004093894156884125,0.19234348684549332,-0.1033509492874145,-0.07708027362823477,0.7878814339637756,0.7228689193725586,0.9981061816215515,-0.07281231,-0.014674254,0.12836131,107.0,1740111792.1710238,-0.002532562240958214,0.0579710528254509,0.12236422300338745,0.17709094285964966,-0.06514734774827957,-0.04585392028093338,0.04729260504245758,0.23087739944458008,0.13079886138439178,0.07532811164855957,0.12117020785808563,0.24169665575027466,0.13463042676448822,-0.0395231656730175,0.13936223089694977,0.002964811632409692,0.13827267289161682,0.07377989590167999,-0.09618183970451355,0.10833881050348282,-0.04622742906212807,-0.22213862836360931,-0.14438128471374512,0.05829259753227234,0.02528853341937065,-0.06673906743526459,0.21906521916389465,-0.032142192125320435,-0.0346447229385376,0.20375296473503113,-0.0743817687034607,-0.05772485211491585
0.0908430814743042,0.5951362252235413,1.3273561000823975,-0.048939695357378285,-0.02137677747433845,0.07005132310010359,0.014154369277779173,0.009505950344816917,0.00573048244974148,0.1913994610309601,-0.10440881252288814,-0.07414104938507071,0.7878814339637756,0.7228689193725586,0.9981061816215515,-0.06578682,-0.016092468,0.12573045,108.0,1740111792.2021744,-0.0022849515080451965,0.057788826525211334,0.12203489243984222,0.17431509494781494,-0.06274459511041641,-0.04580726474523544,0.04669484123587608,0.22835253179073334,0.1301831603050232,0.0753546953201294,0.12076768279075623,0.23939248919487,0.13385972380638123,-0.03841636702418327,0.13834327459335327,0.0032078332733362913,0.13674373924732208,0.0719662755727768,-0.09407573938369751,0.1067812368273735,-0.04545560106635094,-0.22110390663146973,-0.1433190554380417,0.05748135596513748,0.026063241064548492,-0.06541229039430618,0.2174392193555832,-0.031587906181812286,-0.034345950931310654,0.2024458348751068,-0.0732526183128357,-0.05637336149811745
0.08948066830635071,0.5944298505783081,1.3304858207702637,-0.048939695357378285,-0.02137677747433845,0.07005132310010359,0.012710024299951885,0.006849127992245952,0.003376374773120047,0.1898076817393303,-0.10542143583297725,-0.07136681079864493,0.7878814339637756,0.7228689193725586,0.9981061816215515,-0.06578682,-0.016092468,0.12573045,109.0,1740111792.238177,-0.0022849515080451965,0.057788826525211334,0.12203489243984222,0.17431509494781494,-0.06274459511041641,-0.04580726474523544,0.04669484123587608,0.22835253179073334,0.1301831603050232,0.0753546953201294,0.12076768279075623,0.23939248919487,0.13385972380638123,-0.03841636702418327,0.13834327459335327,0.0032078332733362913,0.13674373924732208,0.0719662755727768,-0.09407573938369751,0.1067812368273735,-0.04545560106635094,-0.22110390663146973,-0.1433190554380417,0.05748135596513748,0.026063241064548492,-0.06541229039430618,0.2174392193555832,-0.031587906181812286,-0.034345950931310654,0.2024458348751068,-0.0732526183128357,-0.05637336149811745
0.08806825429201126,0.5930526852607727,1.3332931995391846,-0.03515831147800856,-0.022212166877695127,0.09044592888976288,0.013531711983689049,0.006835094501026741,0.010814116813816383,0.18876390755176545,-0.10599274635314937,-0.06790783405303946,0.7878814339637756,0.7228689193725586,0.9981061816215515,-0.073967256,-0.015162103,0.12135933,110.0,1740111792.2714732,-0.0021952372044324875,0.05795493721961975,0.12146954238414764,0.17402911186218262,-0.062262341380119324,-0.04642646759748459,0.04694206267595291,0.22747281193733215,0.13081026077270508,0.0757782906293869,0.12055443227291107,0.23933331668376923,0.13377653062343597,-0.03966088593006134,0.138684943318367,0.003291364060714841,0.13684700429439545,0.07218439877033234,-0.09416666626930237,0.10675100237131119,-0.04701146110892296,-0.22067900002002716,-0.1432410180568695,0.0575764924287796,0.026966270059347153,-0.06490623205900192,0.21758022904396057,-0.03231659531593323,-0.03519948944449425,0.20151716470718384,-0.07305845618247986,-0.055061180144548416
0.08664043247699738,0.5924155712127686,1.3366332054138184,-0.03515831147800856,-0.022212166877695127,0.09044592888976288,0.012292184812622647,0.005040560455348019,0.010355355550095906,0.18753231167793274,-0.10680056810379024,-0.06471993923187247,0.7878814339637756,0.7228689193725586,0.9981061816215515,-0.072891295,-0.015469104,0.12480614,111.0,1740111792.3035808,-0.0010169576853513718,0.0593099519610405,0.11936378479003906,0.16953998804092407,-0.05842592567205429,-0.049963437020778656,0.04479588195681572,0.22160758078098297,0.13203288614749908,0.07635246217250824,0.1198769211769104,0.23522426187992096,0.13117679953575134,-0.04149932041764259,0.13841396570205688,0.001482401741668582,0.13643629848957062,0.07025736570358276,-0.09064039587974548,0.10264777392148972,-0.050637759268283844,-0.2200753390789032,-0.14037689566612244,0.05679769814014435,0.028624050319194794,-0.06187243014574051,0.2169087529182434,-0.03331112861633301,-0.03908226266503334,0.19598796963691711,-0.06974385678768158,-0.047168582677841187
0.08521370589733124,0.5921602845191956,1.340140461921692,-0.03515831147800856,-0.022212166877695127,0.09044592888976288,0.00791185185663373,0.007401243993967327,0.0017369137408413094,0.18630839735269547,-0.10774369239807124,-0.06148614883422843,0.7878814339637756,0.7228689193725586,0.9981061816215515,-0.072891295,-0.015469104,0.12480614,112.0,1740111792.3375196,-0.0010169576853513718,0.0593099519610405,0.11936378479003906,0.16953998804092407,-0.05842592567205429,-0.049963437020778656,0.04479588195681572,0.22160758078098297,0.13203288614749908,0.07635246217250824,0.1198769211769104,0.23522426187992096,0.13117679953575134,-0.04149932041764259,0.13841396570205688,0.001482401741668582,0.13643629848957062,0.07025736570358276,-0.09064039587974548,0.10264777392148972,-0.050637759268283844,-0.2200753390789032,-0.14037689566612244,0.05679769814014435,0.028624050319194794,-0.06187243014574051,0.2169087529182434,-0.03331112861633301,-0.03908226266503334,0.19598796963691711,-0.06974385678768158,-0.047168582677841187
0.08430948853492737,0.5906162261962891,1.3432258367538452,-0.0371623536783061,-0.02829068414404917,0.09288605555500304,0.012749260277898493,0.00894173857999281,0.007286523551212941,0.18489088714122773,-0.10893477201461788,-0.05847015380859366,0.7878814339637756,0.7228689193725586,0.9981061816215515,-0.049594518,0.003763549,0.011131868,113.0,1740111792.377022,0.055668286979198456,0.06232377141714096,0.16729110479354858,0.15234670042991638,-0.05165995657444,-0.05553517863154411,0.04020048677921295,0.23856104910373688,0.21261228621006012,0.0790555328130722,0.12553569674491882,0.2722492814064026,0.15675993263721466,-0.035342104732990265,0.21232910454273224,0.0386066772043705,0.18892206251621246,0.06353594362735748,-0.08914430439472198,0.0968744084239006,-0.07083006203174591,-0.25974830985069275,-0.16123051941394806,0.056503117084503174,0.09873935580253601,-0.06430093944072723,0.24863320589065552,-0.028688423335552216,-0.046075139194726944,0.23232892155647278,-0.12478181719779968,0.0036298511549830437
0.08330458402633667,0.5899072289466858,1.3466801643371582,-0.0371623536783061,-0.02829068414404917,0.09288605555500304,0.012497449353636088,0.009061577945576634,0.004497223054300768,0.18399341255426407,-0.1096434116363525,-0.05496480464935294,0.7878814339637756,0.7228689193725586,0.9981061816215515,-0.049594518,0.003763549,0.011131868,114.0,1740111792.4039407,0.055668286979198456,0.06232377141714096,0.16729110479354858,0.15234670042991638,-0.05165995657444,-0.05553517863154411,0.04020048677921295,0.23856104910373688,0.21261228621006012,0.0790555328130722,0.12553569674491882,0.2722492814064026,0.15675993263721466,-0.035342104732990265,0.21232910454273224,0.0386066772043705,0.18892206251621246,0.06353594362735748,-0.08914430439472198,0.0968744084239006,-0.07083006203174591,-0.25974830985069275,-0.16123051941394806,0.056503117084503174,0.09873935580253601,-0.06430093944072723,0.24863320589065552,-0.028688423335552216,-0.046075139194726944,0.23232892155647278,-0.12478181719779968,0.0036298511549830437
0.08222761750221252,0.5890438556671143,1.3500746488571167,-0.0371623536783061,-0.02829068414404917,0.09288605555500304,0.01221689060412273,0.006361183274715436,0.004441422449339209,0.18286800980567933,-0.11049343347549434,-0.05149855613708487,0.7878814339637756,0.7228689193725586,0.9981061816215515,-0.0483445,0.0045065805,-0.0013271645,115.0,1740111792.4373202,0.05508067458868027,0.062332749366760254,0.16608010232448578,0.15133099257946014,-0.05140890181064606,-0.056305643171072006,0.03964943066239357,0.23676323890686035,0.2120514065027237,0.07765983045101166,0.12425786256790161,0.2699812054634094,0.1560242474079132,-0.036172591149806976,0.21109269559383392,0.038220737129449844,0.18823137879371643,0.0631105899810791,-0.0891810804605484,0.09550345689058304,-0.07168412208557129,-0.2579994201660156,-0.16009306907653809,0.05572923272848129,0.0993664413690567,-0.06372224539518356,0.24793685972690582,-0.02867484837770462,-0.04600242152810097,0.22995099425315857,-0.1239747703075409,0.0046932389959692955
0.08105946332216263,0.588018536567688,1.3535412549972534,-0.03248525763540694,-0.025964911444531294,0.10310659066211657,0.012984281183918906,0.004698788409711574,0.004444706681064824,0.18149050176143647,-0.1117166399955749,-0.04828801155090323,0.7878814339637756,0.7228689193725586,0.9981061816215515,-0.03960153,0.004580714,-0.0074158087,116.0,1740111792.4703226,0.061409808695316315,0.06370031088590622,0.17272719740867615,0.15012970566749573,-0.04979170113801956,-0.057179056107997894,0.03732326254248619,0.24060045182704926,0.22103959321975708,0.07824055850505829,0.12624754011631012,0.27344584465026855,0.15811429917812347,-0.03513467684388161,0.21971014142036438,0.040227603167295456,0.19496501982212067,0.062399785965681076,-0.0900774598121643,0.0928797647356987,-0.07403763383626938,-0.2638559937477112,-0.16278547048568726,0.055757202208042145,0.10699489712715149,-0.06419126689434052,0.2524731755256653,-0.028449498116970062,-0.048301469534635544,0.2329123616218567,-0.13066484034061432,0.011389408260583878
0.07976138591766357,0.5868757367134094,1.3564916849136353,-0.03248525763540694,-0.025964911444531294,0.10310659066211657,0.01275809835693401,0.005846075884625589,0.009071603391006124,0.180320842564106,-0.11266804933547969,-0.045013928413391024,0.7878814339637756,0.7228689193725586,0.9981061816215515,-0.041801777,0.0051074326,-0.011226378,117.0,1740111792.5054207,0.06316559761762619,0.06388985365629196,0.17263884842395782,0.1479334980249405,-0.049275338649749756,-0.05756507068872452,0.03605891019105911,0.23984427750110626,0.22283388674259186,0.0773412436246872,0.12492397427558899,0.2723526060581207,0.15774530172348022,-0.03491067513823509,0.2207910418510437,0.040873292833566666,0.1962246596813202,0.0617024190723896,-0.08993066847324371,0.09064710885286331,-0.07466575503349304,-0.2629702687263489,-0.16241708397865295,0.05517902970314026,0.10962054133415222,-0.0637604147195816,0.2520269751548767,-0.027841981500387192,-0.04842451587319374,0.23157790303230286,-0.13178658485412598,0.014090046286582947
0.0786210298538208,0.585835874080658,1.3592768907546997,-0.03248525763540694,-0.025964911444531294,0.10310659066211657,0.013540881326863066,0.006610905982089397,0.009870803488422586,0.17845518738031388,-0.11384714841842647,-0.04202678203582755,0.7878814339637756,0.7228689193725586,0.9981061816215515,-0.041801777,0.0051074326,-0.011226378,118.0,1740111792.5370352,0.06316559761762619,0.06388985365629196,0.17263884842395782,0.1479334980249405,-0.049275338649749756,-0.05756507068872452,0.03605891019105911,0.23984427750110626,0.22283388674259186,0.0773412436246872,0.12492397427558899,0.2723526060581207,0.15774530172348022,-0.03491067513823509,0.2207910418510437,0.040873292833566666,0.1962246596813202,0.0617024190723896,-0.08993066847324371,0.09064710885286331,-0.07466575503349304,-0.2629702687263489,-0.16241708397865295,0.05517902970314026,0.10962054133415222,-0.0637604147195816,0.2520269751548767,-0.027841981500387192,-0.04842451587319374,0.23157790303230286,-0.13178658485412598,0.014090046286582947
0.07787126302719116,0.585273027420044,1.361924648284912,-0.03186995190531687,-0.027444713755603697,0.08380224457743173,0.012860264497789433,0.00465745120285932,0.006722564824249274,0.17824049144983292,-0.11443109512329097,-0.03895976543426505,0.7878814339637756,0.7228689193725586,0.9981061816215515,-0.041801777,0.0051074326,-0.011226378,119.0,1740111792.5702636,0.06316559761762619,0.06388985365629196,0.17263884842395782,0.1479334980249405,-0.049275338649749756,-0.05756507068872452,0.03605891019105911,0.23984427750110626,0.22283388674259186,0.0773412436246872,0.12492397427558899,0.2723526060581207,0.15774530172348022,-0.03491067513823509,0.2207910418510437,0.040873292833566666,0.1962246596813202,0.0617024190723896,-0.08993066847324371,0.09064710885286331,-0.07466575503349304,-0.2629702687263489,-0.16241708397865295,0.05517902970314026,0.10962054133415222,-0.0637604147195816,0.2520269751548767,-0.027841981500387192,-0.04842451587319374,0.23157790303230286,-0.13178658485412598,0.014090046286582947
0.07611710578203201,0.5840594172477722,1.3639189004898071,-0.03186995190531687,-0.027444713755603697,0.08380224457743173,0.014520887963383869,0.00744886644091354,0.006071410614895063,0.1768401324748993,-0.11535359621047969,-0.03712644577026358,0.7878814339637756,0.7228689193725586,0.9981061816215515,-0.04664203,0.005661823,-0.013400421,120.0,1740111792.604197,0.06318817287683487,0.06403316557407379,0.1729830652475357,0.1480744183063507,-0.04937509447336197,-0.05826040729880333,0.03602512180805206,0.23988275229930878,0.2231692522764206,0.07742023468017578,0.1252950131893158,0.2725709080696106,0.1579633206129074,-0.035488855093717575,0.22114714980125427,0.04064090922474861,0.1965319812297821,0.06218576803803444,-0.08986300230026245,0.09082803875207901,-0.07531191408634186,-0.263609915971756,-0.16247421503067017,0.05528560280799866,0.10929464548826218,-0.06397780030965805,0.2527470588684082,-0.02806556224822998,-0.0488380528986454,0.23158639669418335,-0.13192547857761383,0.014751838520169258
0.07591104507446289,0.5835264325141907,1.365770697593689,-0.03186995190531687,-0.027444713755603697,0.08380224457743173,0.013034852628220326,0.0026825205683737668,0.004609338761664045,0.17640251517295838,-0.11607409715652461,-0.034989023208618075,0.7878814339637756,0.7228689193725586,0.9981061816215515,-0.04422965,0.0049557015,-0.014506981,121.0,1740111792.6369803,0.06542768329381943,0.0636327937245369,0.17581060528755188,0.1485227793455124,-0.05058233439922333,-0.05683911591768265,0.036628637462854385,0.24249675869941711,0.2262422889471054,0.0773525983095169,0.12535037100315094,0.27572840452194214,0.15991650521755219,-0.03465534746646881,0.22461163997650146,0.043248265981674194,0.19896119832992554,0.06249957159161568,-0.09078069031238556,0.09204418212175369,-0.07490196079015732,-0.26475197076797485,-0.16447678208351135,0.055372633039951324,0.11216506361961365,-0.06530531495809555,0.2537304162979126,-0.02725764736533165,-0.047840263694524765,0.23538193106651306,-0.135678231716156,0.013928160071372986
0.0742255449295044,0.5824418067932129,1.3669459819793701,-0.03186995190531687,-0.027444713755603697,0.08380224457743173,0.008904763932572134,0.0048702107321662086,0.0066271933797835475,0.1752544105052948,-0.11719084978103633,-0.03364994525909415,0.7878814339637756,0.7228689193725586,0.9981061816215515,-0.055530258,0.0059038103,-0.014506318,122.0,1740111792.669846,0.06683678179979324,0.06381358206272125,0.17540189623832703,0.1455063670873642,-0.04868698865175247,-0.0572633370757103,0.03506441414356232,0.24014192819595337,0.22718840837478638,0.07678407430648804,0.12436901032924652,0.2733304500579834,0.15858954191207886,-0.03404132276773453,0.2245604693889618,0.04326368123292923,0.19902446866035461,0.060979824513196945,-0.08929316699504852,0.08946678787469864,-0.07515491545200348,-0.2634235620498657,-0.16346347332000732,0.054325610399246216,0.11401798576116562,-0.06394675374031067,0.2524583339691162,-0.026548393070697784,-0.04817643389105797,0.23315143585205078,-0.13562601804733276,0.016943419352173805
0.07340836524963379,0.5821529626846313,1.3681154251098633,-0.03683090627512945,-0.028473906550401964,0.05024807038306229,0.008765858679558687,0.00300553014950349,0.0041979695601914065,0.17381997257471085,-0.11785901784896846,-0.03254821300506583,0.7878814339637756,0.7228689193725586,0.9981061816215515,-0.055294063,0.005343087,-0.019317143,123.0,1740111792.7036388,0.06612329185009003,0.06378092616796494,0.17234930396080017,0.1421557068824768,-0.04614099860191345,-0.0587429478764534,0.033515576273202896,0.23523740470409393,0.22501905262470245,0.07574820518493652,0.12240099906921387,0.268482506275177,0.15635041892528534,-0.034646786749362946,0.22124218940734863,0.0413927361369133,0.19718404114246368,0.05955226346850395,-0.0873163640499115,0.08653978258371353,-0.07649101316928864,-0.26045846939086914,-0.16113536059856415,0.05344565957784653,0.11370565742254257,-0.06203378736972809,0.2505112290382385,-0.02745034545660019,-0.048668112605810165,0.2276037335395813,-0.13226589560508728,0.019845008850097656
0.07298067957162857,0.5811296701431274,1.3689335584640503,-0.03683090627512945,-0.028473906550401964,0.05024807038306229,0.01386698338551104,0.00025939891496976926,0.005915023402383958,0.17346871495246888,-0.11854196786880489,-0.03129842281341544,0.7878814339637756,0.7228689193725586,0.9981061816215515,-0.055294063,0.005343087,-0.019317143,124.0,1740111792.7377925,0.06612329185009003,0.06378092616796494,0.17234930396080017,0.1421557068824768,-0.04614099860191345,-0.0587429478764534,0.033515576273202896,0.23523740470409393,0.22501905262470245,0.07574820518493652,0.12240099906921387,0.268482506275177,0.15635041892528534,-0.034646786749362946,0.22124218940734863,0.0413927361369133,0.19718404114246368,0.05955226346850395,-0.0873163640499115,0.08653978258371353,-0.07649101316928864,-0.26045846939086914,-0.16113536059856415,0.05344565957784653,0.11370565742254257,-0.06203378736972809,0.2505112290382385,-0.02745034545660019,-0.048668112605810165,0.2276037335395813,-0.13226589560508728,0.019845008850097656
0.07194685190916061,0.5804018974304199,1.3694953918457031,-0.03683090627512945,-0.028473906550401964,0.05024807038306229,0.013508885619899448,0.00038284450703812624,0.004291410050678987,0.17251403480768204,-0.11930794715881343,-0.030626916885375888,0.7878814339637756,0.7228689193725586,0.9981061816215515,-0.052209996,0.0049394146,-0.022868246,125.0,1740111792.7769935,0.06691181659698486,0.0638851746916771,0.17316913604736328,0.14255401492118835,-0.04602639377117157,-0.058525025844573975,0.03390560671687126,0.23594948649406433,0.2261892557144165,0.07644025981426239,0.12294106185436249,0.26981234550476074,0.1569780558347702,-0.03463185578584671,0.22240224480628967,0.04199277237057686,0.19800810515880585,0.05968547984957695,-0.08741876482963562,0.08716323226690292,-0.07669351994991302,-0.2614777088165283,-0.16197915375232697,0.05375804752111435,0.11435513198375702,-0.062218762934207916,0.2511012852191925,-0.02778240293264389,-0.04874980077147484,0.22852224111557007,-0.13311327993869781,0.019931193441152573
0.07112829387187958,0.5798012614250183,1.369842767715454,-0.022432905759578434,-0.019499628427114092,0.019926837894870705,0.013902871383740792,0.0013569023802903527,0.003991509212934221,0.17152022421360016,-0.11991674900054927,-0.030389928817748935,0.7878814339637756,0.7228689193725586,0.9981061816215515,-0.04851798,0.0058515295,-0.02353625,126.0,1740111792.8108172,0.0692729651927948,0.06430518627166748,0.17663848400115967,0.1452779620885849,-0.04705221951007843,-0.05814911797642708,0.035389602184295654,0.24035950005054474,0.23107334971427917,0.07835482060909271,0.12533554434776306,0.27578672766685486,0.16039280593395233,-0.03527974709868431,0.22754859924316406,0.04435940831899643,0.20178960263729095,0.061201099306344986,-0.08969821035861969,0.08985551446676254,-0.078249990940094,-0.2656201124191284,-0.16558846831321716,0.05551253259181976,0.11735502630472183,-0.0635400339961052,0.2545977532863617,-0.029164843261241913,-0.04929497465491295,0.23291084170341492,-0.13718537986278534,0.019983455538749695
0.07012537866830826,0.5791245698928833,1.3698288202285767,-0.022432905759578434,-0.019499628427114092,0.019926837894870705,0.014022214924091751,0.002298742619505249,0.004221970628557265,0.17068532705307007,-0.12058122158050533,-0.030169153213500888,0.7878814339637756,0.7228689193725586,0.9981061816215515,-0.044482633,0.0051636025,-0.026895396,127.0,1740111792.8377612,0.06887447834014893,0.06424027681350708,0.17528410255908966,0.1440013349056244,-0.046129822731018066,-0.058565109968185425,0.0350898839533329,0.23849670588970184,0.23008140921592712,0.07814063131809235,0.12468969821929932,0.274138867855072,0.1596231907606125,-0.035466864705085754,0.2261759638786316,0.04393887519836426,0.20074740052223206,0.060638826340436935,-0.0888620913028717,0.08885880559682846,-0.0784878358244896,-0.2643761932849884,-0.16469606757164001,0.05527115613222122,0.11717628687620163,-0.06273212283849716,0.2534886598587036,-0.029454819858074188,-0.04929004982113838,0.23090606927871704,-0.135886549949646,0.020758917555212975
0.06902860850095749,0.5783151388168335,1.3693974018096924,-0.022432905759578434,-0.019499628427114092,0.019926837894870705,0.013488898171341648,0.004369356245093691,0.0086625862916309,0.16972552090883256,-0.12114645242691036,-0.030292057991027743,0.7878814339637756,0.7228689193725586,0.9981061816215515,-0.04389045,0.0051243454,-0.02666688,128.0,1740111792.8710184,0.06834909319877625,0.06398351490497589,0.1742323786020279,0.14294153451919556,-0.04561711102724075,-0.058626092970371246,0.03492077440023422,0.23695386946201324,0.22894905507564545,0.0778740793466568,0.1240578293800354,0.27262696623802185,0.1588905304670334,-0.03528362885117531,0.224796861410141,0.043733175843954086,0.19953523576259613,0.060041408985853195,-0.08791480958461761,0.08827906101942062,-0.0780516192317009,-0.2632209062576294,-0.16374322772026062,0.05493393540382385,0.1166076809167862,-0.06217235326766968,0.25226330757141113,-0.029276028275489807,-0.048947494477033615,0.22974783182144165,-0.1347578912973404,0.020792681723833084
0.06822457909584045,0.5777819752693176,1.3690497875213623,-0.022432905759578434,-0.019499628427114092,0.019926837894870705,0.01323168557293317,0.005483121457173774,0.008437716085791564,0.1689346045255661,-0.12165416479110713,-0.03053107261657706,0.7878814339637756,0.7228689193725586,0.9981061816215515,-0.04389045,0.0051243454,-0.02666688,129.0,1740111792.904535,0.06834909319877625,0.06398351490497589,0.1742323786020279,0.14294153451919556,-0.04561711102724075,-0.058626092970371246,0.03492077440023422,0.23695386946201324,0.22894905507564545,0.0778740793466568,0.1240578293800354,0.27262696623802185,0.1588905304670334,-0.03528362885117531,0.224796861410141,0.043733175843954086,0.19953523576259613,0.060041408985853195,-0.08791480958461761,0.08827906101942062,-0.0780516192317009,-0.2632209062576294,-0.16374322772026062,0.05493393540382385,0.1166076809167862,-0.06217235326766968,0.25226330757141113,-0.029276028275489807,-0.048947494477033615,0.22974783182144165,-0.1347578912973404,0.020792681723833084
0.06768712401390076,0.5774694085121155,1.3688591718673706,-0.02785110365302698,-0.01963638530051335,-0.008368499965247094,0.013013035807234313,0.004512032565515384,0.003672664611403161,0.16778457760810853,-0.1225562214851379,-0.031161928176879794,0.7878814339637756,0.7228689193725586,0.9981061816215515,-0.039852563,0.0044671297,-0.029456869,130.0,1740111792.9364498,0.06813972443342209,0.06375369429588318,0.17358408868312836,0.1424400359392166,-0.04598405957221985,-0.05871088057756424,0.03466486930847168,0.23617516458034515,0.22835974395275116,0.07737857103347778,0.12355707585811615,0.27171874046325684,0.15841726958751678,-0.035178784281015396,0.2240884006023407,0.04362883046269417,0.19890548288822174,0.059839148074388504,-0.08755607903003693,0.08795707672834396,-0.07758461683988571,-0.2625390589237213,-0.16302645206451416,0.05454636365175247,0.11607189476490021,-0.06194360554218292,0.25171589851379395,-0.028700195252895355,-0.04859098419547081,0.22928890585899353,-0.13428597152233124,0.02063274383544922
0.0669885128736496,0.5769556164741516,1.3682425022125244,-0.02785110365302698,-0.01963638530051335,-0.008368499965247094,0.013780577266719085,0.004874348432568544,0.002729288500821685,0.1672590732574463,-0.12272084951400752,-0.031401777267455966,0.7878814339637756,0.7228689193725586,0.9981061816215515,-0.036259867,0.0038890317,-0.03125274,131.0,1740111792.9699924,0.06797228008508682,0.06327840685844421,0.17324906587600708,0.14109891653060913,-0.04638831317424774,-0.05760613828897476,0.03457965329289436,0.23503565788269043,0.2271278351545334,0.07617522776126862,0.12216150760650635,0.2700558304786682,0.15791696310043335,-0.033839888870716095,0.22303330898284912,0.044475752860307693,0.19735141098499298,0.05911565199494362,-0.0864272266626358,0.08750156313180923,-0.075562983751297,-0.26049789786338806,-0.16195902228355408,0.05346979200839996,0.11590533703565598,-0.061789534986019135,0.25009241700172424,-0.02683781087398529,-0.04707156494259834,0.22977927327156067,-0.13419732451438904,0.01970474049448967
0.06614888459444046,0.5765030980110168,1.3675764799118042,-0.02785110365302698,-0.01963638530051335,-0.008368499965247094,0.01220130980336734,0.00681794116394694,0.0017857116644968726,0.1663035809993744,-0.12354279756546016,-0.03232386112213126,0.7878814339637756,0.7228689193725586,0.9981061816215515,-0.034149885,0.0037497208,-0.03159319,132.0,1740111793.0030005,0.06858249008655548,0.06317196041345596,0.17421332001686096,0.14109817147254944,-0.04677632451057434,-0.05706704780459404,0.03449606895446777,0.23600465059280396,0.22770199179649353,0.0759655088186264,0.12222670018672943,0.2705426812171936,0.15825201570987701,-0.032969553023576736,0.22387996315956116,0.04503321647644043,0.19770972430706024,0.05890229716897011,-0.08636735379695892,0.08757209032773972,-0.07469768822193146,-0.26092004776000977,-0.16214479506015778,0.0533154234290123,0.11627765744924545,-0.062084026634693146,0.2502122223377228,-0.0260455422103405,-0.04667599871754646,0.2311820387840271,-0.1351795494556427,0.019417598843574524
0.06552143394947052,0.5758005976676941,1.3672157526016235,-0.022008807038956458,-0.015201647699371146,-0.01786437946669082,0.013972860275080294,0.006220975551829453,-0.0014198615936952567,0.16558336317539216,-0.12407661676406856,-0.0329486370086669,0.7878814339637756,0.7228689193725586,0.9981061816215515,-0.034040816,0.0035189763,-0.03257738,133.0,1740111793.03596,0.06942690163850784,0.06321641802787781,0.17546705901622772,0.141407310962677,-0.04748019576072693,-0.056270796805620193,0.03467325121164322,0.2377644181251526,0.22883325815200806,0.0760313868522644,0.12237682938575745,0.2718256413936615,0.15866719186306,-0.032066814601421356,0.22529631853103638,0.04588255286216736,0.1985175609588623,0.05891506001353264,-0.08659543097019196,0.08780144900083542,-0.07388875633478165,-0.26155930757522583,-0.16250456869602203,0.05322590470314026,0.11686193197965622,-0.06264077872037888,0.2503827214241028,-0.02513577789068222,-0.04643167182803154,0.23314091563224792,-0.1367827206850052,0.01900637522339821
0.06493876129388809,0.5754191875457764,1.366387963294983,-0.022008807038956458,-0.015201647699371146,-0.01786437946669082,0.012158081623103393,0.007899618328372998,0.00043057636806114033,0.16520450860261918,-0.12424845695495601,-0.03328993320465079,0.7878814339637756,0.7228689193725586,0.9981061816215515,-0.034040816,0.0035189763,-0.03257738,134.0,1740111793.06986,0.06942690163850784,0.06321641802787781,0.17546705901622772,0.141407310962677,-0.04748019576072693,-0.056270796805620193,0.03467325121164322,0.2377644181251526,0.22883325815200806,0.0760313868522644,0.12237682938575745,0.2718256413936615,0.15866719186306,-0.032066814601421356,0.22529631853103638,0.04588255286216736,0.1985175609588623,0.05891506001353264,-0.08659543097019196,0.08780144900083542,-0.07388875633478165,-0.26155930757522583,-0.16250456869602203,0.05322590470314026,0.11686193197965622,-0.06264077872037888,0.2503827214241028,-0.02513577789068222,-0.04643167182803154,0.23314091563224792,-0.1367827206850052,0.01900637522339821
0.06412112712860107,0.574583888053894,1.365472674369812,-0.022008807038956458,-0.015201647699371146,-0.01786437946669082,0.01233889442986761,0.009137022911105205,0.004873184791620786,0.16441627442836762,-0.1251354336738586,-0.034172797203063876,0.7878814339637756,0.7228689193725586,0.9981061816215515,-0.033275113,0.0036394,-0.03284435,135.0,1740111793.103666,0.06975498050451279,0.06347687542438507,0.1752728819847107,0.1409577876329422,-0.04741634428501129,-0.05695171654224396,0.034211166203022,0.23729340732097626,0.22937050461769104,0.07562822103500366,0.12190259993076324,0.2713793218135834,0.15844781696796417,-0.032862912863492966,0.2256401777267456,0.045679088681936264,0.19905486702919006,0.05900762602686882,-0.08679705858230591,0.08708419650793076,-0.07503216713666916,-0.2612977623939514,-0.16227088868618011,0.05304250866174698,0.11757922172546387,-0.06252209097146988,0.2507263123989105,-0.025227755308151245,-0.047045912593603134,0.23225346207618713,-0.13690538704395294,0.020472317934036255
0.06374805420637131,0.574142575263977,1.3648500442504883,-0.016697526880787475,-0.016201680198344094,-0.020027461026382976,0.012776372724240414,0.007374604426991281,0.004814105719628894,0.16390143930912018,-0.12564594745635982,-0.03482642173767081,0.7878814339637756,0.7228689193725586,0.9981061816215515,-0.03641279,0.0033707619,-0.033015117,136.0,1740111793.139063,0.06983042508363724,0.06384602189064026,0.17545834183692932,0.14147593080997467,-0.04803786426782608,-0.056967850774526596,0.033861417323350906,0.2382078617811203,0.23001380264759064,0.07502858340740204,0.12163443863391876,0.2717355489730835,0.1586192101240158,-0.03341588377952576,0.22617781162261963,0.04562653601169586,0.20002461969852448,0.05955002084374428,-0.08791095018386841,0.0867803618311882,-0.07570978999137878,-0.26098528504371643,-0.16260267794132233,0.05301148444414139,0.118253193795681,-0.0629618912935257,0.2511758804321289,-0.0250338576734066,-0.047395337373018265,0.23216232657432556,-0.13773110508918762,0.02073584496974945
0.06357350945472717,0.5738402009010315,1.364365816116333,-0.016697526880787475,-0.016201680198344094,-0.020027461026382976,0.012573681699930358,0.006117722625198852,0.0012374416102157448,0.1636991709470749,-0.12584758996963497,-0.03532197475433341,0.7878814339637756,0.7228689193725586,0.9981061816215515,-0.036442295,0.003365457,-0.032798305,137.0,1740111793.1716566,0.06994655728340149,0.06398824602365494,0.17561185359954834,0.1419106274843216,-0.04839619994163513,-0.056677721440792084,0.03393153101205826,0.23891231417655945,0.23043477535247803,0.07499854266643524,0.12154954671859741,0.2722920775413513,0.15877419710159302,-0.03357363119721413,0.22652441263198853,0.045838531106710434,0.2004988044500351,0.05991343781352043,-0.08843527734279633,0.08691874891519547,-0.07578001916408539,-0.2608831226825714,-0.16289404034614563,0.053076863288879395,0.11853764951229095,-0.06327954679727554,0.25120893120765686,-0.024890966713428497,-0.04744964465498924,0.23253411054611206,-0.13846105337142944,0.02053101360797882
0.06313204765319824,0.5732892751693726,1.3635448217391968,-0.016697526880787475,-0.016201680198344094,-0.020027461026382976,0.012915069684448463,0.0072145128769466275,0.0016801563032034271,0.16330731511116028,-0.1264495968818664,-0.03599336147308341,0.7878814339637756,0.7228689193725586,0.9981061816215515,-0.03742156,0.0030888692,-0.033970743,138.0,1740111793.2030954,0.06996672600507736,0.06414949893951416,0.17584346234798431,0.14244049787521362,-0.04888550937175751,-0.05672285705804825,0.03393658995628357,0.23956061899662018,0.23074299097061157,0.07493725419044495,0.12161815166473389,0.27273598313331604,0.1588865965604782,-0.03379803150892258,0.22696104645729065,0.04583103954792023,0.20093397796154022,0.06020156666636467,-0.08896514773368835,0.08703667670488358,-0.07606928795576096,-0.2610848844051361,-0.16308514773845673,0.05319187790155411,0.11864608526229858,-0.0635322853922844,0.25158947706222534,-0.024928748607635498,-0.04771469905972481,0.23277071118354797,-0.13884717226028442,0.020467214286327362
0.06289227306842804,0.5727922916412354,1.3628978729248047,-0.008557758330889557,-0.013502752525433145,-0.019521592244768533,0.013376606420259994,0.006414024251075358,0.0009604045732987429,0.16277897953987122,-0.12721945047378536,-0.03690149784088126,0.7878814339637756,0.7228689193725586,0.9981061816215515,-0.03742156,0.0030888692,-0.033970743,139.0,1740111793.2372203,0.06996672600507736,0.06414949893951416,0.17584346234798431,0.14244049787521362,-0.04888550937175751,-0.05672285705804825,0.03393658995628357,0.23956061899662018,0.23074299097061157,0.07493725419044495,0.12161815166473389,0.27273598313331604,0.1588865965604782,-0.03379803150892258,0.22696104645729065,0.04583103954792023,0.20093397796154022,0.06020156666636467,-0.08896514773368835,0.08703667670488358,-0.07606928795576096,-0.2610848844051361,-0.16308514773845673,0.05319187790155411,0.11864608526229858,-0.0635322853922844,0.25158947706222534,-0.024928748607635498,-0.04771469905972481,0.23277071118354797,-0.13884717226028442,0.020467214286327362
0.0625695288181305,0.5722662806510925,1.3622143268585205,-0.008557758330889557,-0.013502752525433145,-0.019521592244768533,0.01269256288722471,0.006600265966419406,0.0004346597584263537,0.1627458244562149,-0.12750740051269527,-0.03744485378265372,0.7878814339637756,0.7228689193725586,0.9981061816215515,-0.041001245,0.003337726,-0.03268729,140.0,1740111793.2702687,0.06877393275499344,0.06405570358037949,0.17582720518112183,0.14508262276649475,-0.0505107119679451,-0.056465983390808105,0.03506755083799362,0.2414354532957077,0.229921355843544,0.07532007992267609,0.12217378616333008,0.27430960536003113,0.15977492928504944,-0.03453165665268898,0.22661593556404114,0.045650120824575424,0.20094987750053406,0.06144632771611214,-0.09057040512561798,0.08915742486715317,-0.07606532424688339,-0.26163485646247864,-0.1639765501022339,0.05405697226524353,0.117096446454525,-0.06448456645011902,0.2525242269039154,-0.025663644075393677,-0.047453638166189194,0.23396480083465576,-0.13885672390460968,0.017901146784424782
0.06201774999499321,0.5720871090888977,1.3615491390228271,-0.008557758330889557,-0.013502752525433145,-0.019521592244768533,0.007217337134675507,0.008876814984754637,-0.000844510615528798,0.16199906021356583,-0.1276918768882751,-0.03812208175659171,0.7878814339637756,0.7228689193725586,0.9981061816215515,-0.031791985,0.0028661937,-0.03240232,141.0,1740111793.3028018,0.06906524300575256,0.06455884873867035,0.17482571303844452,0.1440846472978592,-0.05019870400428772,-0.057194784283638,0.034190744161605835,0.23969332873821259,0.23040588200092316,0.07488037645816803,0.12094533443450928,0.27262064814567566,0.15874281525611877,-0.03557577356696129,0.22631216049194336,0.04512450098991394,0.20150476694107056,0.06150595471262932,-0.0906466543674469,0.0878303274512291,-0.07753927260637283,-0.25995615124702454,-0.16341625154018402,0.053626902401447296,0.11832122504711151,-0.06383685767650604,0.25226491689682007,-0.025677703320980072,-0.04818166419863701,0.23147612810134888,-0.138527050614357,0.019744176417589188
0.061859130859375,0.5712649822235107,1.3608466386795044,-0.008557758330889557,-0.013502752525433145,-0.019521592244768533,0.008866736943942861,0.009580883799538463,0.0020641595496994503,0.16175848469138146,-0.1286277294158935,-0.038925909996032626,0.7878814339637756,0.7228689193725586,0.9981061816215515,-0.031791985,0.0028661937,-0.03240232,142.0,1740111793.3361897,0.06906524300575256,0.06455884873867035,0.17482571303844452,0.1440846472978592,-0.05019870400428772,-0.057194784283638,0.034190744161605835,0.23969332873821259,0.23040588200092316,0.07488037645816803,0.12094533443450928,0.27262064814567566,0.15874281525611877,-0.03557577356696129,0.22631216049194336,0.04512450098991394,0.20150476694107056,0.06150595471262932,-0.0906466543674469,0.0878303274512291,-0.07753927260637283,-0.25995615124702454,-0.16341625154018402,0.053626902401447296,0.11832122504711151,-0.06383685767650604,0.25226491689682007,-0.025677703320980072,-0.04818166419863701,0.23147612810134888,-0.138527050614357,0.019744176417589188
0.062034159898757935,0.5705601572990417,1.3602882623672485,-0.006797578770135551,-0.016381448191101343,-0.019531459409231428,0.01289647627547994,0.006539663785870148,0.00481470665596057,0.16207602471113206,-0.12917478084564205,-0.039447450637817294,0.7878814339637756,0.7228689193725586,0.9981061816215515,-0.03429237,0.003279172,-0.03269051,143.0,1740111793.3691342,0.07003282755613327,0.06520839035511017,0.17108014225959778,0.13481810688972473,-0.04321722686290741,-0.06071129068732262,0.02901613898575306,0.22910968959331512,0.22831843793392181,0.07332462072372437,0.11847436428070068,0.2616487145423889,0.15283460915088654,-0.034168727695941925,0.22179177403450012,0.0414959080517292,0.1981389820575714,0.05580298230051994,-0.08408099412918091,0.07929735630750656,-0.07818195223808289,-0.2563527822494507,-0.1578325629234314,0.05058034509420395,0.11944150924682617,-0.05853848159313202,0.2482561618089676,-0.024769626557826996,-0.05031198635697365,0.22128590941429138,-0.13228009641170502,0.028971321880817413
0.06200660020112991,0.5700125694274902,1.3597804307937622,-0.006797578770135551,-0.016381448191101343,-0.019531459409231428,0.01296608892495016,0.0071959629173050065,0.005068734060225265,0.1623030960559845,-0.12944765090942378,-0.039738917350768954,0.7878814339637756,0.7228689193725586,0.9981061816215515,-0.03429237,0.003279172,-0.03269051,144.0,1740111793.4020174,0.07003282755613327,0.06520839035511017,0.17108014225959778,0.13481810688972473,-0.04321722686290741,-0.06071129068732262,0.02901613898575306,0.22910968959331512,0.22831843793392181,0.07332462072372437,0.11847436428070068,0.2616487145423889,0.15283460915088654,-0.034168727695941925,0.22179177403450012,0.0414959080517292,0.1981389820575714,0.05580298230051994,-0.08408099412918091,0.07929735630750656,-0.07818195223808289,-0.2563527822494507,-0.1578325629234314,0.05058034509420395,0.11944150924682617,-0.05853848159313202,0.2482561618089676,-0.024769626557826996,-0.05031198635697365,0.22128590941429138,-0.13228009641170502,0.028971321880817413
0.06205477565526962,0.5695390105247498,1.3593175411224365,-0.006797578770135551,-0.016381448191101343,-0.019531459409231428,0.013850490255511732,0.007790843643381022,0.0051423087628146395,0.16199482083320618,-0.13021923303604122,-0.04044058322906485,0.7878814339637756,0.7228689193725586,0.9981061816215515,-0.03429237,0.003279172,-0.03269051,145.0,1740111793.4396224,0.07003282755613327,0.06520839035511017,0.17108014225959778,0.13481810688972473,-0.04321722686290741,-0.06071129068732262,0.02901613898575306,0.22910968959331512,0.22831843793392181,0.07332462072372437,0.11847436428070068,0.2616487145423889,0.15283460915088654,-0.034168727695941925,0.22179177403450012,0.0414959080517292,0.1981389820575714,0.05580298230051994,-0.08408099412918091,0.07929735630750656,-0.07818195223808289,-0.2563527822494507,-0.1578325629234314,0.05058034509420395,0.11944150924682617,-0.05853848159313202,0.2482561618089676,-0.024769626557826996,-0.05031198635697365,0.22128590941429138,-0.13228009641170502,0.028971321880817413
0.0625196248292923,0.5692331194877625,1.3594251871109009,0.00370151763528609,-0.01328490402003752,-0.009407011142787228,0.014610631482303054,0.006589468038265182,-0.0007365487643264739,0.16214139983057976,-0.13068009614944454,-0.04088678359985343,0.7878814339637756,0.7228689193725586,0.9981061816215515,-0.033426583,0.0031442344,-0.03160417,146.0,1740111793.472391,0.06969521939754486,0.06507392227649689,0.17144054174423218,0.13657495379447937,-0.04449084401130676,-0.05992204695940018,0.029819902032613754,0.23090074956417084,0.22845835983753204,0.07350452244281769,0.11874189972877502,0.26329314708709717,0.1535862237215042,-0.03448204696178436,0.2222278118133545,0.04195046424865723,0.19871465861797333,0.05699346587061882,-0.08552113175392151,0.08071049302816391,-0.07798713445663452,-0.25645923614501953,-0.15879981219768524,0.05101689696311951,0.11927858740091324,-0.05944066494703293,0.24864177405834198,-0.024843331426382065,-0.04984092339873314,0.22270476818084717,-0.1334633231163025,0.027080602943897247
0.06265898048877716,0.5690097808837891,1.3587833642959595,0.00370151763528609,-0.01328490402003752,-0.009407011142787228,0.013017734169984438,0.007165794405895383,0.004095312070343391,0.16261295080184937,-0.13077361583709712,-0.04096391201019278,0.7878814339637756,0.7228689193725586,0.9981061816215515,-0.035254754,0.0032159984,-0.029024161,147.0,1740111793.5027711,0.0679599940776825,0.06456348299980164,0.17127007246017456,0.13919168710708618,-0.046409107744693756,-0.05889235809445381,0.031518954783678055,0.2328411042690277,0.2265648990869522,0.0737266093492508,0.11904118955135345,0.2649048864841461,0.15454870462417603,-0.03469271585345268,0.22121506929397583,0.0420532152056694,0.1978016346693039,0.05847344920039177,-0.08687785267829895,0.08324479311704636,-0.07700666785240173,-0.256430059671402,-0.15942779183387756,0.05164074897766113,0.11696714907884598,-0.0606796070933342,0.24894247949123383,-0.02513030543923378,-0.04872909560799599,0.22470036149024963,-0.13334301114082336,0.023224972188472748
0.062152087688446045,0.5684778094291687,1.3582332134246826,0.00370151763528609,-0.01328490402003752,-0.009407011142787228,0.010870880673791428,0.009660419251351228,0.0044226831604914345,0.1620565116405487,-0.1313709735870361,-0.04159786701202384,0.7878814339637756,0.7228689193725586,0.9981061816215515,-0.035254754,0.0032159984,-0.029024161,148.0,1740111793.5353534,0.0679599940776825,0.06456348299980164,0.17127007246017456,0.13919168710708618,-0.046409107744693756,-0.05889235809445381,0.031518954783678055,0.2328411042690277,0.2265648990869522,0.0737266093492508,0.11904118955135345,0.2649048864841461,0.15454870462417603,-0.03469271585345268,0.22121506929397583,0.0420532152056694,0.1978016346693039,0.05847344920039177,-0.08687785267829895,0.08324479311704636,-0.07700666785240173,-0.256430059671402,-0.15942779183387756,0.05164074897766113,0.11696714907884598,-0.0606796070933342,0.24894247949123383,-0.02513030543923378,-0.04872909560799599,0.22470036149024963,-0.13334301114082336,0.023224972188472748
0.06284517049789429,0.5678557753562927,1.3580348491668701,0.00370151763528609,-0.01328490402003752,-0.009407011142787228,0.013877754198647046,0.008262483472673015,0.0064349853663657735,0.16234338134527207,-0.13178176879882808,-0.04187729358673087,0.7878814339637756,0.7228689193725586,0.9981061816215515,-0.036219254,0.003423795,-0.028061017,149.0,1740111793.5694213,0.0683601126074791,0.06450210511684418,0.1727493405342102,0.1404043436050415,-0.04708664119243622,-0.057645734399557114,0.03211568295955658,0.2352169305086136,0.22721725702285767,0.0743514895439148,0.12002779543399811,0.26692748069763184,0.15534347295761108,-0.03351496532559395,0.22241255640983582,0.042886409908533096,0.19827532768249512,0.058738354593515396,-0.08716374635696411,0.0843907967209816,-0.07552170008420944,-0.25776979327201843,-0.16037969291210175,0.05196615308523178,0.1166820228099823,-0.06143631786108017,0.24921607971191406,-0.0245107039809227,-0.04820339009165764,0.2274288535118103,-0.13483577966690063,0.02159581333398819
0.06314758956432343,0.5674368143081665,1.357881784439087,0.004346444434343303,-0.014166850651740066,-0.013525067425118074,0.013948508285576682,0.009261818152728392,0.005591493597160172,0.16299837678670884,-0.13232733011245723,-0.042064571380615146,0.7878814339637756,0.7228689193725586,0.9981061816215515,-0.036219254,0.003423795,-0.028061017,150.0,1740111793.603937,0.0683601126074791,0.06450210511684418,0.1727493405342102,0.1404043436050415,-0.04708664119243622,-0.057645734399557114,0.03211568295955658,0.2352169305086136,0.22721725702285767,0.0743514895439148,0.12002779543399811,0.26692748069763184,0.15534347295761108,-0.03351496532559395,0.22241255640983582,0.042886409908533096,0.19827532768249512,0.058738354593515396,-0.08716374635696411,0.0843907967209816,-0.07552170008420944,-0.25776979327201843,-0.16037969291210175,0.05196615308523178,0.1166820228099823,-0.06143631786108017,0.24921607971191406,-0.0245107039809227,-0.04820339009165764,0.2274288535118103,-0.13483577966690063,0.02159581333398819
0.06348001956939697,0.5671327114105225,1.3577251434326172,0.004346444434343303,-0.014166850651740066,-0.013525067425118074,0.012802649670859107,0.010036975871446098,0.004647455896176538,0.1633232742547989,-0.13272018432617183,-0.04220750331878653,0.7878814339637756,0.7228689193725586,0.9981061816215515,-0.0350272,0.0029035434,-0.02706144,151.0,1740111793.6391509,0.06760856509208679,0.06426425278186798,0.17229080200195312,0.14150862395763397,-0.04821108281612396,-0.056681111454963684,0.0327058769762516,0.23606908321380615,0.22645819187164307,0.07399985194206238,0.11965374648571014,0.26747050881385803,0.1557280719280243,-0.03363601863384247,0.22179076075553894,0.04330817982554436,0.19807416200637817,0.059536274522542953,-0.08820328116416931,0.0853477343916893,-0.07484550774097443,-0.25674647092819214,-0.16085989773273468,0.052030980587005615,0.11618879437446594,-0.06210055202245712,0.24875859916210175,-0.024225983768701553,-0.04730157181620598,0.2280454933643341,-0.13532684743404388,0.019392410293221474
0.0642620176076889,0.5671635270118713,1.3579227924346924,0.004346444434343303,-0.014166850651740066,-0.013525067425118074,0.01301608599476005,0.007293004493572734,0.0009572936440405046,0.16376992166042328,-0.1329729080200195,-0.04230465888977042,0.7878814339637756,0.7228689193725586,0.9981061816215515,-0.039170258,0.0028845444,-0.025038995,152.0,1740111793.669473,0.06743097305297852,0.06422270834445953,0.1708204597234726,0.14024116098880768,-0.048196956515312195,-0.0568794310092926,0.03199645131826401,0.23460274934768677,0.22582517564296722,0.07289040088653564,0.11811099946498871,0.26569414138793945,0.15468743443489075,-0.033986907452344894,0.22076740860939026,0.04308868199586868,0.19767066836357117,0.05918439105153084,-0.08809621632099152,0.08388784527778625,-0.0752551406621933,-0.25466644763946533,-0.1598059982061386,0.05139745771884918,0.11669431626796722,-0.06155192852020264,0.24750076234340668,-0.02392590045928955,-0.047333974391222,0.22601190209388733,-0.13468009233474731,0.020146775990724564
0.06445556879043579,0.5665334463119507,1.3577067852020264,0.012156030474076549,-0.009503508436955537,-0.0019073645353508836,0.013573953739765048,0.00893417463717048,0.0050637733244039565,0.1644683688879013,-0.13296915292739864,-0.04208996295928946,0.7878814339637756,0.7228689193725586,0.9981061816215515,-0.038195252,0.0024712607,-0.026204944,153.0,1740111793.7021937,0.06740424036979675,0.0643114298582077,0.17046305537223816,0.1402023583650589,-0.04829646646976471,-0.05696892365813255,0.031687282025814056,0.2345728576183319,0.22580523788928986,0.07247574627399445,0.1178518533706665,0.26554226875305176,0.15471874177455902,-0.034249745309352875,0.22067657113075256,0.04305025562644005,0.1979004144668579,0.05933308228850365,-0.08849793672561646,0.08354263007640839,-0.07556229084730148,-0.254299134016037,-0.15984250605106354,0.051383696496486664,0.11689042299985886,-0.061649590730667114,0.24747689068317413,-0.023995988070964813,-0.047382157295942307,0.22545704245567322,-0.1347619891166687,0.020328830927610397
0.06504730880260468,0.566210925579071,1.3578672409057617,0.012156030474076549,-0.009503508436955537,-0.0019073645353508836,0.01392081160776441,0.00924711845883148,0.0067705619089690715,0.16476310640573502,-0.13359231948852535,-0.0422330141067504,0.7878814339637756,0.7228689193725586,0.9981061816215515,-0.038195252,0.0024712607,-0.026204944,154.0,1740111793.7356467,0.06740424036979675,0.0643114298582077,0.17046305537223816,0.1402023583650589,-0.04829646646976471,-0.05696892365813255,0.031687282025814056,0.2345728576183319,0.22580523788928986,0.07247574627399445,0.1178518533706665,0.26554226875305176,0.15471874177455902,-0.034249745309352875,0.22067657113075256,0.04305025562644005,0.1979004144668579,0.05933308228850365,-0.08849793672561646,0.08354263007640839,-0.07556229084730148,-0.254299134016037,-0.15984250605106354,0.051383696496486664,0.11689042299985886,-0.061649590730667114,0.24747689068317413,-0.023995988070964813,-0.047382157295942307,0.22545704245567322,-0.1347619891166687,0.020328830927610397
0.06568406522274017,0.5659686923027039,1.3580870628356934,0.012156030474076549,-0.009503508436955537,-0.0019073645353508836,0.013477255986161786,0.009014796737794137,0.0067987783427383396,0.16534189730882645,-0.13392872810363765,-0.0420421600341796,0.7878814339637756,0.7228689193725586,0.9981061816215515,-0.038195252,0.0024712607,-0.026204944,155.0,1740111793.7714288,0.06740424036979675,0.0643114298582077,0.17046305537223816,0.1402023583650589,-0.04829646646976471,-0.05696892365813255,0.031687282025814056,0.2345728576183319,0.22580523788928986,0.07247574627399445,0.1178518533706665,0.26554226875305176,0.15471874177455902,-0.034249745309352875,0.22067657113075256,0.04305025562644005,0.1979004144668579,0.05933308228850365,-0.08849793672561646,0.08354263007640839,-0.07556229084730148,-0.254299134016037,-0.15984250605106354,0.051383696496486664,0.11689042299985886,-0.061649590730667114,0.24747689068317413,-0.023995988070964813,-0.047382157295942307,0.22545704245567322,-0.1347619891166687,0.020328830927610397
0.06659889221191406,0.5660051703453064,1.3586524724960327,0.021423090396516922,-0.005280259467291345,0.009452397236606621,0.012543215871935583,0.00698161595847097,0.002349853513474286,0.16568406522274018,-0.1340313076972961,-0.04191293716430655,0.7878814339637756,0.7228689193725586,0.9981061816215515,-0.042122293,0.0024723932,-0.024053067,156.0,1740111793.8052108,0.06706587225198746,0.06414633989334106,0.17042391002178192,0.14098678529262543,-0.04872871935367584,-0.056547507643699646,0.03181891515851021,0.23531192541122437,0.22533495724201202,0.07244662940502167,0.11806517839431763,0.2659936249256134,0.1549418419599533,-0.03397369384765625,0.22035348415374756,0.04303606227040291,0.19782927632331848,0.05951608344912529,-0.08890680968761444,0.08406905829906464,-0.07488669455051422,-0.25450053811073303,-0.16011767089366913,0.051578864455223083,0.11619874835014343,-0.06198285520076752,0.24742062389850616,-0.024041518568992615,-0.046990495175123215,0.22596734762191772,-0.13481660187244415,0.019123341888189316
0.06704786419868469,0.5654986500740051,1.358609676361084,0.021423090396516922,-0.005280259467291345,0.009452397236606621,0.012714923876046128,0.008553376873333499,0.008560161175905117,0.16689096987247468,-0.13409126996994014,-0.04127337932586661,0.7878814339637756,0.7228689193725586,0.9981061816215515,-0.048992895,0.0025144368,-0.023081936,157.0,1740111793.8359172,0.06566227227449417,0.06376141309738159,0.16902783513069153,0.14107343554496765,-0.048958420753479004,-0.05650503188371658,0.0325516015291214,0.23465117812156677,0.22353902459144592,0.07213205099105835,0.11741495132446289,0.2653416693210602,0.15469181537628174,-0.03428106755018234,0.21851123869419098,0.042778100818395615,0.19641153514385223,0.05970074608922005,-0.08893847465515137,0.08450154215097427,-0.07478603720664978,-0.25319746136665344,-0.15942829847335815,0.051576174795627594,0.11488569527864456,-0.0619574636220932,0.24644574522972107,-0.024394702166318893,-0.046463269740343094,0.22506290674209595,-0.13348470628261566,0.0177768524736166
0.06778467446565628,0.5652155876159668,1.3588732481002808,0.021423090396516922,-0.005280259467291345,0.009452397236606621,0.013082977435751165,0.00910900915455861,0.007883667765592253,0.16765302270650864,-0.13436467647552486,-0.04099693298339835,0.7878814339637756,0.7228689193725586,0.9981061816215515,-0.048992895,0.0025144368,-0.023081936,158.0,1740111793.8701398,0.06566227227449417,0.06376141309738159,0.16902783513069153,0.14107343554496765,-0.048958420753479004,-0.05650503188371658,0.0325516015291214,0.23465117812156677,0.22353902459144592,0.07213205099105835,0.11741495132446289,0.2653416693210602,0.15469181537628174,-0.03428106755018234,0.21851123869419098,0.042778100818395615,0.19641153514385223,0.05970074608922005,-0.08893847465515137,0.08450154215097427,-0.07478603720664978,-0.25319746136665344,-0.15942829847335815,0.051576174795627594,0.11488569527864456,-0.0619574636220932,0.24644574522972107,-0.024394702166318893,-0.046463269740343094,0.22506290674209595,-0.13348470628261566,0.0177768524736166
0.0685645192861557,0.5649794340133667,1.359173059463501,0.021423090396516922,-0.005280259467291345,0.009452397236606621,0.012873185141821307,0.010169538564215017,0.007122491671060284,0.16778467446565629,-0.13478441238403316,-0.04112675189971915,0.7878814339637756,0.7228689193725586,0.9981061816215515,-0.050038107,0.0022474155,-0.024937317,159.0,1740111793.9031441,0.06485384702682495,0.06356283277273178,0.1682875007390976,0.14122015237808228,-0.04888756573200226,-0.056576475501060486,0.03277323767542839,0.23406849801540375,0.22241933643817902,0.07207383215427399,0.11732801795005798,0.2648073136806488,0.15457162261009216,-0.03447876125574112,0.21740089356899261,0.042398758232593536,0.19563910365104675,0.05977683886885643,-0.08887316286563873,0.08478813618421555,-0.07467200607061386,-0.25275668501853943,-0.15920767188072205,0.05165225267410278,0.11393750458955765,-0.06190098822116852,0.24613937735557556,-0.024776559323072433,-0.04619817063212395,0.2244240641593933,-0.13254468142986298,0.0171017087996006
0.06941084563732147,0.5647933483123779,1.359494924545288,0.020246092356182847,-0.008779189628513658,0.006126352931847916,0.011997030526065926,0.009128642667598632,0.0085956412772909,0.1690339431166649,-0.1350507259368896,-0.04061069488525382,0.7878814339637756,0.7228689193725586,0.9981061816215515,-0.050038107,0.0022474155,-0.024937317,160.0,1740111793.9371026,0.06485384702682495,0.06356283277273178,0.1682875007390976,0.14122015237808228,-0.04888756573200226,-0.056576475501060486,0.03277323767542839,0.23406849801540375,0.22241933643817902,0.07207383215427399,0.11732801795005798,0.2648073136806488,0.15457162261009216,-0.03447876125574112,0.21740089356899261,0.042398758232593536,0.19563910365104675,0.05977683886885643,-0.08887316286563873,0.08478813618421555,-0.07467200607061386,-0.25275668501853943,-0.15920767188072205,0.05165225267410278,0.11393750458955765,-0.06190098822116852,0.24613937735557556,-0.024776559323072433,-0.04619817063212395,0.2244240641593933,-0.13254468142986298,0.0171017087996006
0.0702456533908844,0.5646615028381348,1.3597368001937866,0.020246092356182847,-0.008779189628513658,0.006126352931847916,0.012221946416131337,0.008246957923831092,0.00944350880416423,0.16979570537805558,-0.1352467060089111,-0.04037501811981192,0.7878814339637756,0.7228689193725586,0.9981061816215515,-0.05278548,0.0020034015,-0.0260351,161.0,1740111793.9709306,0.06477082520723343,0.06337754428386688,0.16848257184028625,0.14106157422065735,-0.04881654679775238,-0.056226909160614014,0.03282187506556511,0.23420663177967072,0.22206418216228485,0.07215800881385803,0.11771060526371002,0.2648194134235382,0.15465404093265533,-0.03369304537773132,0.21718282997608185,0.0425947904586792,0.19512028992176056,0.0594819001853466,-0.08839620649814606,0.08495120704174042,-0.07367130368947983,-0.2530234456062317,-0.15910376608371735,0.051583826541900635,0.11334545910358429,-0.061868444085121155,0.24581778049468994,-0.02438768371939659,-0.0457007996737957,0.22506871819496155,-0.13238875567913055,0.01653912290930748
0.07082274556159973,0.5645577907562256,1.360063910484314,0.020246092356182847,-0.008779189628513658,0.006126352931847916,0.011036049367594006,0.010930787767161648,0.007080337393619946,0.1702456533908844,-0.1353384971618652,-0.04026319980621329,0.7878814339637756,0.7228689193725586,0.9981061816215515,-0.05501821,0.0018774346,-0.02545923,162.0,1740111794.0040224,0.06361154466867447,0.06291131675243378,0.16872768104076385,0.1428145468235016,-0.04978208988904953,-0.055209819227457047,0.03400737792253494,0.2355879545211792,0.22093118727207184,0.0724930465221405,0.1185549944639206,0.2661457359790802,0.15568070113658905,-0.03332190960645676,0.21656444668769836,0.04314040392637253,0.19427843391895294,0.06016389653086662,-0.08925066888332367,0.08701794594526291,-0.07233761996030807,-0.2533341646194458,-0.1600303202867508,0.05200366675853729,0.11195813864469528,-0.06259439140558243,0.24601709842681885,-0.024349935352802277,-0.044390272349119186,0.2269262969493866,-0.1324138045310974,0.013343747705221176
0.07208693027496338,0.5642723441123962,1.3604326248168945,0.02751779071691512,-0.0061014395894623515,0.009403856526719115,0.012155255385688409,0.008580358430671016,0.009630156143073734,0.17122068107128144,-0.13549001216888423,-0.039803051948547274,0.7878814339637756,0.7228689193725586,0.9981061816215515,-0.054498784,0.0016197488,-0.026870139,163.0,1740111794.0399728,0.06290262192487717,0.06263907253742218,0.1688229739665985,0.14400401711463928,-0.05027150362730026,-0.05478452146053314,0.03468359634280205,0.23618671298027039,0.22012586891651154,0.07289837300777435,0.1191972941160202,0.26687881350517273,0.15629981458187103,-0.033274900168180466,0.21612180769443512,0.04327378422021866,0.19378799200057983,0.060643088072538376,-0.08969232439994812,0.08838576823472977,-0.07162555307149887,-0.2537139356136322,-0.16068720817565918,0.05240090191364288,0.11091326922178268,-0.06298388540744781,0.24632388353347778,-0.02455836534500122,-0.04367930069565773,0.22789207100868225,-0.13225752115249634,0.011500073596835136
0.0730934739112854,0.5644986629486084,1.3611127138137817,0.02751779071691512,-0.0061014395894623515,0.009403856526719115,0.011109438780805322,0.005465371811193225,0.0064520134289676,0.1724388435482979,-0.1357613921165466,-0.039395594596862704,0.7878814339637756,0.7228689193725586,0.9981061816215515,-0.05426243,0.0016656816,-0.026780993,164.0,1740111794.0701714,0.06234424561262131,0.062472425401210785,0.16897329688072205,0.1445600390434265,-0.050164274871349335,-0.05418676882982254,0.035109322518110275,0.23656079173088074,0.2193955034017563,0.07340215146541595,0.1198824942111969,0.26726192235946655,0.1565953642129898,-0.03267143294215202,0.21562524139881134,0.04337450861930847,0.1931343525648117,0.060630638152360916,-0.08949480950832367,0.08917929977178574,-0.07052820920944214,-0.25405699014663696,-0.1610531210899353,0.05266423523426056,0.10996638238430023,-0.06315838545560837,0.24604254961013794,-0.024574749171733856,-0.04310072585940361,0.22868376970291138,-0.13194988667964935,0.010086441412568092
0.07310231775045395,0.5640401244163513,1.3613450527191162,0.02751779071691512,-0.0061014395894623515,0.009403856526719115,0.005095506952399155,-0.055084293476050254,0.1240245899349723,0.1734873339533806,-0.13549776077270503,-0.038751864433288485,0.7878814339637756,0.7228689193725586,0.9981061816215515,-0.05426243,0.0016656816,-0.026780993,165.0,1740111794.1112223,0.06234424561262131,0.062472425401210785,0.16897329688072205,0.1445600390434265,-0.050164274871349335,-0.05418676882982254,0.035109322518110275,0.23656079173088074,0.2193955034017563,0.07340215146541595,0.1198824942111969,0.26726192235946655,0.1565953642129898,-0.03267143294215202,0.21562524139881134,0.04337450861930847,0.1931343525648117,0.060630638152360916,-0.08949480950832367,0.08917929977178574,-0.07052820920944214,-0.25405699014663696,-0.1610531210899353,0.05266423523426056,0.10996638238430023,-0.06315838545560837,0.24604254961013794,-0.024574749171733856,-0.04310072585940361,0.22868376970291138,-0.13194988667964935,0.010086441412568092
0.07384835183620453,0.5640788674354553,1.3617684841156006,0.02751779071691512,-0.0061014395894623515,0.009403856526719115,0.004725974979790967,-0.060935716466208524,0.13846193288183037,0.17438269257545472,-0.1355934858322143,-0.03829469680786124,0.7878814339637756,0.7228689193725586,0.9981061816215515,-0.05488493,0.0020020083,-0.025329292,166.0,1740111794.1450121,0.06188376247882843,0.06225398927927017,0.16912776231765747,0.14548000693321228,-0.050627097487449646,-0.05316883325576782,0.035606808960437775,0.23757411539554596,0.21898764371871948,0.07363209128379822,0.12020756304264069,0.2680807113647461,0.15700729191303253,-0.032179154455661774,0.21539665758609772,0.043917831033468246,0.19286735355854034,0.06092603877186775,-0.0900963544845581,0.09012214094400406,-0.06942139565944672,-0.25392284989356995,-0.16172149777412415,0.05284726619720459,0.10958103090524673,-0.06355217099189758,0.24570730328559875,-0.024360600858926773,-0.042302828282117844,0.22973471879959106,-0.13233919441699982,0.008115163072943687
0.07482413947582245,0.5640321969985962,1.3621705770492554,0.024275932535460638,-0.0011647910903769486,0.012258159057969559,0.013532899598163528,0.011111652334041466,0.013150628084448474,0.17497018575668336,-0.1358659982681274,-0.03811147212982169,0.7878814339637756,0.7228689193725586,0.9981061816215515,-0.057597987,0.002450332,-0.022196144,167.0,1740111794.1790242,0.060088150203228,0.06192173808813095,0.16729018092155457,0.14582306146621704,-0.04995126277208328,-0.05336760729551315,0.03625776991248131,0.23625674843788147,0.21694216132164001,0.0739143043756485,0.12019200623035431,0.26728910207748413,0.1569727659225464,-0.032909296452999115,0.21296069025993347,0.043135154992341995,0.191400408744812,0.06119859591126442,-0.09015585482120514,0.09080859273672104,-0.06972093135118484,-0.25302112102508545,-0.16158249974250793,0.053368180990219116,0.10804285109043121,-0.06322149187326431,0.24503327906131744,-0.025863170623779297,-0.0418517030775547,0.2279299795627594,-0.13022753596305847,0.006712599191814661
0.07622501254081726,0.5641435384750366,1.3625494241714478,0.024275932535460638,-0.0011647910903769486,0.012258159057969559,0.011938500761602163,0.01265690172288777,0.015222722167516,0.17482413947582245,-0.13596780300140376,-0.03782942295074454,0.7878814339637756,0.7228689193725586,0.9981061816215515,-0.054389946,0.0025764257,-0.022608638,168.0,1740111794.2066202,0.05954964458942413,0.06206776946783066,0.16603361070156097,0.14462177455425262,-0.04830852150917053,-0.05436808988451958,0.03582996875047684,0.23427744209766388,0.21603205800056458,0.07431359589099884,0.12017811834812164,0.2656751871109009,0.15594464540481567,-0.03334985300898552,0.21154436469078064,0.04189199581742287,0.19058112800121307,0.06056876853108406,-0.08899280428886414,0.08971794694662094,-0.07060663402080536,-0.25269338488578796,-0.16060441732406616,0.053381070494651794,0.10739456117153168,-0.062282949686050415,0.2443627268075943,-0.026859432458877563,-0.04270201548933983,0.2254776656627655,-0.12830951809883118,0.008217889815568924
0.0766383707523346,0.5643492937088013,1.3630337715148926,0.024275932535460638,-0.0011647910903769486,0.012258159057969559,0.00857843474354766,0.014226160013068515,0.01384442387697955,0.17627667486667634,-0.13570411205291744,-0.037210488319396884,0.7878814339637756,0.7228689193725586,0.9981061816215515,-0.053213388,0.0028333217,-0.02098535,169.0,1740111794.2444234,0.06044431030750275,0.06230711191892624,0.1679227352142334,0.14640948176383972,-0.0495796874165535,-0.053521670401096344,0.03650665655732155,0.23761500418186188,0.21799655258655548,0.07505618035793304,0.1211184710264206,0.26882728934288025,0.15703065693378448,-0.033131204545497894,0.21407663822174072,0.043053943663835526,0.19227169454097748,0.061443474143743515,-0.09048895537853241,0.09096399694681168,-0.07045883685350418,-0.2543357014656067,-0.16205145418643951,0.053971655666828156,0.10833590477705002,-0.06336487829685211,0.24546277523040771,-0.02669236809015274,-0.04297526553273201,0.22837474942207336,-0.13079121708869934,0.007251637056469917
0.0779297724366188,0.5642979145050049,1.36392343044281,0.02225192619848487,0.000683954438799737,0.01431188322409268,0.010691020528329091,0.010015487013987402,0.014860768338220736,0.17726383209228516,-0.13576568365097041,-0.03668513298034659,0.7878814339637756,0.7228689193725586,0.9981061816215515,-0.053213388,0.0028333217,-0.02098535,170.0,1740111794.2786977,0.06044431030750275,0.06230711191892624,0.1679227352142334,0.14640948176383972,-0.0495796874165535,-0.053521670401096344,0.03650665655732155,0.23761500418186188,0.21799655258655548,0.07505618035793304,0.1211184710264206,0.26882728934288025,0.15703065693378448,-0.033131204545497894,0.21407663822174072,0.043053943663835526,0.19227169454097748,0.061443474143743515,-0.09048895537853241,0.09096399694681168,-0.07045883685350418,-0.2543357014656067,-0.16205145418643951,0.053971655666828156,0.10833590477705002,-0.06336487829685211,0.24546277523040771,-0.02669236809015274,-0.04297526553273201,0.22837474942207336,-0.13079121708869934,0.007251637056469917
0.07857808470726013,0.5646315813064575,1.3644678592681885,0.02225192619848487,0.000683954438799737,0.01431188322409268,0.010953099871218968,0.006110253172928073,0.012109613522086652,0.1779297724366188,-0.13570208549499507,-0.03607656955718985,0.7878814339637756,0.7228689193725586,0.9981061816215515,-0.053213388,0.0028333217,-0.02098535,171.0,1740111794.3125756,0.06044431030750275,0.06230711191892624,0.1679227352142334,0.14640948176383972,-0.0495796874165535,-0.053521670401096344,0.03650665655732155,0.23761500418186188,0.21799655258655548,0.07505618035793304,0.1211184710264206,0.26882728934288025,0.15703065693378448,-0.033131204545497894,0.21407663822174072,0.043053943663835526,0.19227169454097748,0.061443474143743515,-0.09048895537853241,0.09096399694681168,-0.07045883685350418,-0.2543357014656067,-0.16205145418643951,0.053971655666828156,0.10833590477705002,-0.06336487829685211,0.24546277523040771,-0.02669236809015274,-0.04297526553273201,0.22837474942207336,-0.13079121708869934,0.007251637056469917
0.07915730774402618,0.5648467540740967,1.3650648593902588,0.02225192619848487,0.000683954438799737,0.01431188322409268,0.010024031050278825,0.006175334020068566,0.011195192712549464,0.17883335649967194,-0.1352626800537109,-0.035173559188842685,0.7878814339637756,0.7228689193725586,0.9981061816215515,-0.05528009,0.0034261122,-0.01990211,172.0,1740111794.3446267,0.06170089542865753,0.0625104010105133,0.16922815144062042,0.14593665301799774,-0.04939185082912445,-0.053237054497003555,0.036645788699388504,0.238660529255867,0.21989573538303375,0.07496610283851624,0.12058675289154053,0.26958775520324707,0.15704557299613953,-0.032935887575149536,0.21568016707897186,0.043790049850940704,0.19346098601818085,0.06144588813185692,-0.09068004786968231,0.09054482728242874,-0.07089831680059433,-0.25439000129699707,-0.162160262465477,0.05348307639360428,0.11038770526647568,-0.06349256634712219,0.245712012052536,-0.026247259229421616,-0.04312746599316597,0.2292064130306244,-0.13268889486789703,0.008290577679872513
0.07927994430065155,0.5653189420700073,1.3655509948730469,0.016268997958251808,0.010943935913238714,0.019300789964914106,0.005542996199832374,0.008857481188806476,0.00833960671754962,0.17896295189857483,-0.13513762950897212,-0.034900450706481845,0.7878814339637756,0.7228689193725586,0.9981061816215515,-0.05528009,0.0034261122,-0.01990211,173.0,1740111794.3746693,0.06170089542865753,0.0625104010105133,0.16922815144062042,0.14593665301799774,-0.04939185082912445,-0.053237054497003555,0.036645788699388504,0.238660529255867,0.21989573538303375,0.07496610283851624,0.12058675289154053,0.26958775520324707,0.15704557299613953,-0.032935887575149536,0.21568016707897186,0.043790049850940704,0.19346098601818085,0.06144588813185692,-0.09068004786968231,0.09054482728242874,-0.07089831680059433,-0.25439000129699707,-0.162160262465477,0.05348307639360428,0.11038770526647568,-0.06349256634712219,0.245712012052536,-0.026247259229421616,-0.04312746599316597,0.2292064130306244,-0.13268889486789703,0.008290577679872513
0.0797518715262413,0.5650215744972229,1.3657419681549072,0.016268997958251808,0.010943935913238714,0.019300789964914106,0.008512822555847468,0.01389863605879927,0.011212557409136265,0.1794598162174225,-0.13509829044342037,-0.034497761726379306,0.7878814339637756,0.7228689193725586,0.9981061816215515,-0.058463156,0.006678082,-0.00044053793,174.0,1740111794.411219,0.06662778556346893,0.0637667328119278,0.16599145531654358,0.13236860930919647,-0.040956445038318634,-0.05757932737469673,0.02904539369046688,0.2260199934244156,0.22189831733703613,0.07168260216712952,0.11606152355670929,0.2569354176521301,0.15051500499248505,-0.030956991016864777,0.21392323076725006,0.04178896173834801,0.19276314973831177,0.053139787167310715,-0.08313043415546417,0.0784851536154747,-0.0731072872877121,-0.250047892332077,-0.15577711164951324,0.04915528744459152,0.11644254624843597,-0.05670095980167389,0.24138036370277405,-0.024432115256786346,-0.046491462737321854,0.21732503175735474,-0.1278868168592453,0.023324333131313324
0.08036768436431885,0.5652377605438232,1.366209626197815,0.016268997958251808,0.010943935913238714,0.019300789964914106,0.008541472358362131,0.014596477458943994,0.010884983779067919,0.18000388741493226,-0.1349303841590881,-0.03407862186431876,0.7878814339637756,0.7228689193725586,0.9981061816215515,-0.058463156,0.006678082,-0.00044053793,175.0,1740111794.4378545,0.06662778556346893,0.0637667328119278,0.16599145531654358,0.13236860930919647,-0.040956445038318634,-0.05757932737469673,0.02904539369046688,0.2260199934244156,0.22189831733703613,0.07168260216712952,0.11606152355670929,0.2569354176521301,0.15051500499248505,-0.030956991016864777,0.21392323076725006,0.04178896173834801,0.19276314973831177,0.053139787167310715,-0.08313043415546417,0.0784851536154747,-0.0731072872877121,-0.250047892332077,-0.15577711164951324,0.04915528744459152,0.11644254624843597,-0.05670095980167389,0.24138036370277405,-0.024432115256786346,-0.046491462737321854,0.21732503175735474,-0.1278868168592453,0.023324333131313324
0.08120100945234299,0.5652483701705933,1.3666861057281494,0.016268997958251808,0.010943935913238714,0.019300789964914106,0.011129184287717421,0.013160024757724898,0.012295254808676543,0.18055242151021958,-0.1347625374794006,-0.03361084461212149,0.7878814339637756,0.7228689193725586,0.9981061816215515,-0.06325535,0.0061395764,-0.012710936,176.0,1740111794.4693947,0.06660928577184677,0.06336712837219238,0.16681422293186188,0.13364386558532715,-0.04237435758113861,-0.056316640228033066,0.029804076999425888,0.22808848321437836,0.22225216031074524,0.07148410379886627,0.11621829867362976,0.2585201561450958,0.15166272222995758,-0.030335646122694016,0.2145637720823288,0.043067168444395065,0.19310544431209564,0.05366770550608635,-0.08428384363651276,0.08000008761882782,-0.07186520844697952,-0.2500407099723816,-0.1567603200674057,0.049321383237838745,0.1164625957608223,-0.05762788653373718,0.24158629775047302,-0.023664284497499466,-0.04521523788571358,0.2197466492652893,-0.12940986454486847,0.02088814042508602
0.08165919035673141,0.5654480457305908,1.3671433925628662,0.019230316354549234,0.00035838645970480215,0.012089858637655049,0.01105120348372117,0.010724830926399769,0.013241847330961318,0.1813971981406212,-0.13464159965515132,-0.03311791419982901,0.7878814339637756,0.7228689193725586,0.9981061816215515,-0.064870805,0.005290933,-0.021984838,177.0,1740111794.5057242,0.06826277822256088,0.0636880174279213,0.17024049162864685,0.1365816295146942,-0.044950246810913086,-0.05494837462902069,0.03091750666499138,0.23329749703407288,0.22580096125602722,0.07188113033771515,0.11727170646190643,0.26350054144859314,0.15387879312038422,-0.030199982225894928,0.21873986721038818,0.045298825949430466,0.19601452350616455,0.0553128756582737,-0.08685967326164246,0.08228745311498642,-0.07151728868484497,-0.25244930386543274,-0.15917591750621796,0.049814678728580475,0.11842948198318481,-0.05949500948190689,0.24402116239070892,-0.02282218262553215,-0.04500340297818184,0.22512269020080566,-0.13402147591114044,0.01922987401485443
0.08217601478099823,0.565769612789154,1.3676010370254517,0.019230316354549234,0.00035838645970480215,0.012089858637655049,0.010919761434494494,0.008226640562354247,0.015186285926783347,0.18194256573915482,-0.13437349796295162,-0.0326051950454711,0.7878814339637756,0.7228689193725586,0.9981061816215515,-0.06810613,0.004729174,-0.022548944,178.0,1740111794.5401983,0.06715399026870728,0.06331521272659302,0.17007212340831757,0.13785320520401,-0.04571862518787384,-0.054437749087810516,0.031602807343006134,0.23421186208724976,0.22437168657779694,0.07192519307136536,0.11771582067012787,0.2639988958835602,0.15445537865161896,-0.029972806572914124,0.21784363687038422,0.045281581580638885,0.1952449381351471,0.05587444081902504,-0.0875011533498764,0.08359924703836441,-0.0705716535449028,-0.25247445702552795,-0.1596033126115799,0.05018880218267441,0.11678293347358704,-0.06010046601295471,0.24405115842819214,-0.02296372875571251,-0.04409212991595268,0.2260819971561432,-0.13373595476150513,0.017012327909469604
0.08227580785751343,0.566277027130127,1.3678690195083618,0.019230316354549234,0.00035838645970480215,0.012089858637655049,0.008069963987632798,0.008940928468930198,0.01513194407587417,0.1824558511376381,-0.13405908346176143,-0.03221275806426993,0.7878814339637756,0.7228689193725586,0.9981061816215515,-0.069315866,0.004780799,-0.02259881,179.0,1740111794.5731382,0.06632619351148605,0.0632258802652359,0.1689622700214386,0.13765893876552582,-0.04591597616672516,-0.05474499985575676,0.03190149366855621,0.2330929934978485,0.22342582046985626,0.07150602340698242,0.11673671007156372,0.26300951838493347,0.15403272211551666,-0.030927278101444244,0.2166762799024582,0.04484415426850319,0.1945042610168457,0.05621859058737755,-0.08740365505218506,0.08355800807476044,-0.07122668623924255,-0.251232773065567,-0.1588314026594162,0.049920231103897095,0.11635740101337433,-0.05996348708868027,0.24370652437210083,-0.02313004806637764,-0.04406163468956947,0.22495213150978088,-0.13284851610660553,0.016882847994565964
0.08300046622753143,0.5663533210754395,1.3679710626602173,0.013225148988061286,0.007596369652109872,0.009920517846879391,0.01048580557141954,0.00902812974921611,0.01787256381427107,0.18227580785751343,-0.133722972869873,-0.032130980491638095,0.7878814339637756,0.7228689193725586,0.9981061816215515,-0.069315866,0.004780799,-0.02259881,180.0,1740111794.6063118,0.06632619351148605,0.0632258802652359,0.1689622700214386,0.13765893876552582,-0.04591597616672516,-0.05474499985575676,0.03190149366855621,0.2330929934978485,0.22342582046985626,0.07150602340698242,0.11673671007156372,0.26300951838493347,0.15403272211551666,-0.030927278101444244,0.2166762799024582,0.04484415426850319,0.1945042610168457,0.05621859058737755,-0.08740365505218506,0.08355800807476044,-0.07122668623924255,-0.251232773065567,-0.1588314026594162,0.049920231103897095,0.11635740101337433,-0.05996348708868027,0.24370652437210083,-0.02313004806637764,-0.04406163468956947,0.22495213150978088,-0.13284851610660553,0.016882847994565964
0.0833585113286972,0.5666462779045105,1.3679026365280151,0.013225148988061286,0.007596369652109872,0.009920517846879391,0.010385954065885163,0.012030805434233367,0.01845361110702863,0.1832103192806244,-0.13347942829132076,-0.03202142715454093,0.7878814339637756,0.7228689193725586,0.9981061816215515,-0.070103884,0.004875444,-0.021982864,181.0,1740111794.63835,0.06630895286798477,0.06296230107545853,0.1697537899017334,0.13907326757907867,-0.04724453389644623,-0.05387508496642113,0.03272094950079918,0.23506589233875275,0.22382903099060059,0.07148543000221252,0.1169884204864502,0.26481902599334717,0.1551997810602188,-0.030763443559408188,0.21757327020168304,0.045788638293743134,0.19515077769756317,0.057037245482206345,-0.08871030807495117,0.08493293076753616,-0.07078096270561218,-0.25157785415649414,-0.15990740060806274,0.05037226527929306,0.11659454554319382,-0.060970984399318695,0.24424023926258087,-0.02295994758605957,-0.04330678656697273,0.22699210047721863,-0.13430799543857574,0.01513614784926176
0.08377497643232346,0.5670225024223328,1.36775541305542,0.013225148988061286,0.007596369652109872,0.009920517846879391,0.010328494979932415,0.014444950778459021,0.0170055381506209,0.18354145288467408,-0.13314814567565914,-0.03216114044189444,0.7878814339637756,0.7228689193725586,0.9981061816215515,-0.069085605,0.0047094747,-0.019083388,182.0,1740111794.6700888,0.06690282374620438,0.0633726716041565,0.17154668271541595,0.1409236341714859,-0.04862000793218613,-0.05308041349053383,0.03310365602374077,0.23808814585208893,0.22566159069538116,0.07191450893878937,0.11775863170623779,0.26741302013397217,0.156218484044075,-0.0306607224047184,0.21972033381462097,0.04664045572280884,0.19674941897392273,0.05792425200343132,-0.09023819863796234,0.0861862376332283,-0.0705290362238884,-0.2528935670852661,-0.1613236516714096,0.05082543194293976,0.11731059104204178,-0.06198476254940033,0.24562306702136993,-0.02265787124633789,-0.043396059423685074,0.22979414463043213,-0.13659903407096863,0.014010012149810791
0.08405952155590057,0.5674163699150085,1.3674860000610352,0.01071180634113929,0.010247253466954676,-0.0037962052237117553,0.010247855462229135,0.01619887574507487,0.015759476992302804,0.18377497643232346,-0.1329774975776672,-0.03224458694457999,0.7878814339637756,0.7228689193725586,0.9981061816215515,-0.071003534,0.0049762055,-0.0131890625,183.0,1740111794.702855,0.06721895188093185,0.06329302489757538,0.17324961721897125,0.1436866819858551,-0.050540246069431305,-0.052719198167324066,0.0344606377184391,0.24132505059242249,0.22725777328014374,0.07260680198669434,0.11878709495067596,0.27095600962638855,0.15802466869354248,-0.031366631388664246,0.22207942605018616,0.04761749505996704,0.19848951697349548,0.05965186282992363,-0.09231147170066833,0.08861171454191208,-0.07100149244070053,-0.25491198897361755,-0.1631735861301422,0.051833875477313995,0.11761871725320816,-0.06345097720623016,0.24784541130065918,-0.023295875638723373,-0.04318154230713844,0.2329612672328949,-0.1388290375471115,0.012322928756475449
0.08419402688741684,0.5675472617149353,1.3673715591430664,0.01071180634113929,0.010247253466954676,-0.0037962052237117553,0.010352266140071972,0.016105262734836496,0.016056184528523077,0.18419402688741685,-0.13245273828506465,-0.032628440856933505,0.7878814339637756,0.7228689193725586,0.9981061816215515,-0.071003534,0.0049762055,-0.0131890625,184.0,1740111794.7367365,0.06721895188093185,0.06329302489757538,0.17324961721897125,0.1436866819858551,-0.050540246069431305,-0.052719198167324066,0.0344606377184391,0.24132505059242249,0.22725777328014374,0.07260680198669434,0.11878709495067596,0.27095600962638855,0.15802466869354248,-0.031366631388664246,0.22207942605018616,0.04761749505996704,0.19848951697349548,0.05965186282992363,-0.09231147170066833,0.08861171454191208,-0.07100149244070053,-0.25491198897361755,-0.1631735861301422,0.051833875477313995,0.11761871725320816,-0.06345097720623016,0.24784541130065918,-0.023295875638723373,-0.04318154230713844,0.2329612672328949,-0.1388290375471115,0.012322928756475449
0.08421073853969574,0.5682402849197388,1.3672300577163696,0.01071180634113929,0.010247253466954676,-0.0037962052237117553,0.008390131147845106,0.015169458898325215,0.0119203718552835,0.18402452617883683,-0.13202376365661617,-0.03276374340057364,0.7878814339637756,0.7228689193725586,0.9981061816215515,-0.071003534,0.0049762055,-0.0131890625,185.0,1740111794.7702405,0.06721895188093185,0.06329302489757538,0.17324961721897125,0.1436866819858551,-0.050540246069431305,-0.052719198167324066,0.0344606377184391,0.24132505059242249,0.22725777328014374,0.07260680198669434,0.11878709495067596,0.27095600962638855,0.15802466869354248,-0.031366631388664246,0.22207942605018616,0.04761749505996704,0.19848951697349548,0.05965186282992363,-0.09231147170066833,0.08861171454191208,-0.07100149244070053,-0.25491198897361755,-0.1631735861301422,0.051833875477313995,0.11761871725320816,-0.06345097720623016,0.24784541130065918,-0.023295875638723373,-0.04318154230713844,0.2329612672328949,-0.1388290375471115,0.012322928756475449
0.08442354202270508,0.5686177015304565,1.3673912286758423,0.004651602397901511,0.012783058474342758,-0.0017574196739878023,0.008915699627253328,0.012952896056417978,0.010710720586949897,0.18421073853969575,-0.13175971508026119,-0.03276994228363028,0.7878814339637756,0.7228689193725586,0.9981061816215515,-0.07507521,0.0050411522,-0.013491996,186.0,1740111794.811892,0.06709510833024979,0.06334839016199112,0.17276336252689362,0.14277687668800354,-0.04987771809101105,-0.052815042436122894,0.03417647257447243,0.24033232033252716,0.22682780027389526,0.07251410186290741,0.11854326725006104,0.26986345648765564,0.15751443803310394,-0.031065531075000763,0.22139865159988403,0.04736659303307533,0.19786641001701355,0.05909324809908867,-0.09155572950839996,0.08786626905202866,-0.07072950154542923,-0.25439250469207764,-0.16257883608341217,0.051572948694229126,0.11750824004411697,-0.06297330558300018,0.24711719155311584,-0.02314973622560501,-0.04312673583626747,0.23214977979660034,-0.138140469789505,0.01286466047167778
0.08486351370811462,0.5689387321472168,1.3677951097488403,0.004651602397901511,0.012783058474342758,-0.0017574196739878023,0.0114353933587149,0.009617841101645022,0.012432626772580778,0.18428368717432023,-0.13142849206924434,-0.032352352142333896,0.7878814339637756,0.7228689193725586,0.9981061816215515,-0.07590428,0.0050481707,-0.012556151,187.0,1740111794.8387775,0.06791899353265762,0.06370478123426437,0.17326432466506958,0.14239278435707092,-0.04936672002077103,-0.05260138586163521,0.0339619405567646,0.24045996367931366,0.2277686595916748,0.07273554801940918,0.11837968230247498,0.27015262842178345,0.15719160437583923,-0.030754454433918,0.2221089005470276,0.047603901475667953,0.19843478500843048,0.058876682072877884,-0.09129458665847778,0.08732136338949203,-0.07075252383947372,-0.2545112073421478,-0.16268940269947052,0.05136963725090027,0.11851511150598526,-0.062761090695858,0.24694953858852386,-0.023051276803016663,-0.043391015380620956,0.23218408226966858,-0.13883380591869354,0.013635064475238323
0.0844949334859848,0.569309413433075,1.3684415817260742,0.004651602397901511,0.012783058474342758,-0.0017574196739878023,0.011917228086002823,0.01009562355830202,0.012308230957346056,0.18494604378938675,-0.1308787584304809,-0.03193774223327628,0.7878814339637756,0.7228689193725586,0.9981061816215515,-0.075083196,0.005233392,-0.013431013,188.0,1740111794.869348,0.06733810156583786,0.0637630820274353,0.17233341932296753,0.14220508933067322,-0.04905800521373749,-0.05369304493069649,0.033778440207242966,0.23904290795326233,0.22697152197360992,0.0725565254688263,0.1182265430688858,0.2690635621547699,0.15670938789844513,-0.03176487237215042,0.22130140662193298,0.046578701585531235,0.1980459839105606,0.05889076367020607,-0.09115082025527954,0.0868133082985878,-0.07198279350996017,-0.254386842250824,-0.1621159464120865,0.051419153809547424,0.11806324124336243,-0.06238820403814316,0.24716348946094513,-0.023862425237894058,-0.04406246170401573,0.23040816187858582,-0.1373973935842514,0.014593072235584259
0.08510243892669678,0.5698626041412354,1.36930251121521,0.004651602397901511,0.012783058474342758,-0.0017574196739878023,0.010670706170593292,0.00819756275156787,0.012481835956436258,0.1844949334859848,-0.130690586566925,-0.03155841827392569,0.7878814339637756,0.7228689193725586,0.9981061816215515,-0.07506919,0.00528311,-0.013000831,189.0,1740111794.9023585,0.06639070063829422,0.06341073662042618,0.17334748804569244,0.1450510174036026,-0.050639018416404724,-0.05294554680585861,0.03549955040216446,0.2417110949754715,0.22649399936199188,0.0734277069568634,0.11957857012748718,0.271833598613739,0.15824991464614868,-0.031822461634874344,0.22169747948646545,0.04699893295764923,0.1979394257068634,0.06021357700228691,-0.09237818419933319,0.08968489617109299,-0.07130240648984909,-0.2559676468372345,-0.16341108083724976,0.05238562822341919,0.1163720116019249,-0.06363731622695923,0.2484494000673294,-0.024422500282526016,-0.04336884990334511,0.23332464694976807,-0.1379627287387848,0.011386161670088768
0.08559352159500122,0.5707487463951111,1.3707433938980103,0.009150064890024822,0.015219841044282225,0.022725420791439684,0.010575361037701058,0.006407937788108331,0.009584389736914594,0.18552120625972748,-0.12955648899078365,-0.02988257408142081,0.7878814339637756,0.7228689193725586,0.9981061816215515,-0.07506919,0.00528311,-0.013000831,190.0,1740111794.9448528,0.06639070063829422,0.06341073662042618,0.17334748804569244,0.1450510174036026,-0.050639018416404724,-0.05294554680585861,0.03549955040216446,0.2417110949754715,0.22649399936199188,0.0734277069568634,0.11957857012748718,0.271833598613739,0.15824991464614868,-0.031822461634874344,0.22169747948646545,0.04699893295764923,0.1979394257068634,0.06021357700228691,-0.09237818419933319,0.08968489617109299,-0.07130240648984909,-0.2559676468372345,-0.16341108083724976,0.05238562822341919,0.1163720116019249,-0.06363731622695923,0.2484494000673294,-0.024422500282526016,-0.04336884990334511,0.23332464694976807,-0.1379627287387848,0.011386161670088768
0.0853860080242157,0.5709542036056519,1.3719265460968018,0.009150064890024822,0.015219841044282225,0.022725420791439684,0.010175381871093226,0.010060555333762,0.012931677731659494,0.18562660962343216,-0.12893326282501216,-0.02859761714935294,0.7878814339637756,0.7228689193725586,0.9981061816215515,-0.07579255,0.0054119006,-0.010808267,191.0,1740111794.9703286,0.06616659462451935,0.06342006474733353,0.17321625351905823,0.1451590657234192,-0.05052640289068222,-0.05276847258210182,0.03566836193203926,0.24156032502651215,0.22612474858760834,0.07361137866973877,0.1196286678314209,0.271747887134552,0.1581648886203766,-0.03175991028547287,0.22134211659431458,0.0469525121152401,0.1976955682039261,0.06027091667056084,-0.09220241010189056,0.08983475714921951,-0.07105652242898941,-0.2558322846889496,-0.16335850954055786,0.05239216983318329,0.11608043313026428,-0.0636293888092041,0.24813446402549744,-0.024448037147521973,-0.04326455667614937,0.23323476314544678,-0.13784419000148773,0.011033128947019577
0.08560275286436081,0.5719305276870728,1.3738255500793457,0.009150064890024822,0.015219841044282225,0.022725420791439684,0.010167963382716923,0.009801035879923807,0.007431757164373354,0.1853860080242157,-0.1290457963943481,-0.028073453903198153,0.7878814339637756,0.7228689193725586,0.9981061816215515,-0.066137895,0.005531065,-0.0062438324,192.0,1740111795.0038462,0.06561756134033203,0.06319329142570496,0.17355816066265106,0.14620831608772278,-0.051172614097595215,-0.052153825759887695,0.03632296249270439,0.24278365075588226,0.22572757303714752,0.07365840673446655,0.11998553574085236,0.2726912200450897,0.15883339941501617,-0.03143277391791344,0.22119244933128357,0.04735376313328743,0.19733834266662598,0.060601893812417984,-0.09271594882011414,0.09101330488920212,-0.0701795145869255,-0.2560167908668518,-0.16386882960796356,0.052606724202632904,0.11537395417690277,-0.06413476169109344,0.24828554689884186,-0.024361073970794678,-0.04247090592980385,0.23467886447906494,-0.13819535076618195,0.009179951623082161
0.08515188843011856,0.5720341205596924,1.374333381652832,-0.003693120182530392,0.015905845216325695,0.04215889394593229,0.010285408183796864,0.014692957470206498,0.0116676047177603,0.18515188843011857,-0.12796587944030757,-0.02566661834716788,0.7878814339637756,0.7228689193725586,0.9981061816215515,-0.05936467,0.00568977,-0.008284301,193.0,1740111795.0373297,0.06558288633823395,0.06299607455730438,0.1742309033870697,0.146835058927536,-0.05151613801717758,-0.05168282613158226,0.03680732473731041,0.2437327653169632,0.22573913633823395,0.07402357459068298,0.12073960900306702,0.27361610531806946,0.15934467315673828,-0.030882075428962708,0.22152745723724365,0.047694504261016846,0.19717657566070557,0.06071403995156288,-0.09265397489070892,0.09183036535978317,-0.06933507323265076,-0.25676679611206055,-0.1643252819776535,0.05282185226678848,0.11483705788850784,-0.06448684632778168,0.24846719205379486,-0.024163872003555298,-0.042000968009233475,0.2361164689064026,-0.13854900002479553,0.008172674104571342
0.0855659693479538,0.5728311538696289,1.3768302202224731,-0.003693120182530392,0.015905845216325695,0.04215889394593229,0.010709328299073345,0.01754767706911523,0.014574201221749216,0.18547481149435044,-0.12749512195587154,-0.023999953269958407,0.7878814339637756,0.7228689193725586,0.9981061816215515,-0.053385846,0.0056060627,-0.011007175,194.0,1740111795.0701509,0.06527812033891678,0.06267372518777847,0.17442914843559265,0.1482924520969391,-0.0526265949010849,-0.05133657157421112,0.037673220038414,0.24498818814754486,0.22596849501132965,0.07402412593364716,0.12078455090522766,0.2750381827354431,0.1601353883743286,-0.031469687819480896,0.2219334840774536,0.04823724180459976,0.1975032091140747,0.06155052408576012,-0.09386089444160461,0.09317293018102646,-0.0696844831109047,-0.256786584854126,-0.16510775685310364,0.053202249109745026,0.11494675278663635,-0.06506464630365372,0.24899284541606903,-0.02452065423130989,-0.04155426099896431,0.237250417470932,-0.13931600749492645,0.006719379685819149
0.08559118211269379,0.5733817219734192,1.3783336877822876,-0.003693120182530392,0.015905845216325695,0.04215889394593229,0.010682308819583677,0.018184163983162825,0.018250719328675526,0.1855659693479538,-0.12716884613037105,-0.023169779777526767,0.7878814339637756,0.7228689193725586,0.9981061816215515,-0.053385846,0.0056060627,-0.011007175,195.0,1740111795.1035907,0.06527812033891678,0.06267372518777847,0.17442914843559265,0.1482924520969391,-0.0526265949010849,-0.05133657157421112,0.037673220038414,0.24498818814754486,0.22596849501132965,0.07402412593364716,0.12078455090522766,0.2750381827354431,0.1601353883743286,-0.031469687819480896,0.2219334840774536,0.04823724180459976,0.1975032091140747,0.06155052408576012,-0.09386089444160461,0.09317293018102646,-0.0696844831109047,-0.256786584854126,-0.16510775685310364,0.053202249109745026,0.11494675278663635,-0.06506464630365372,0.24899284541606903,-0.02452065423130989,-0.04155426099896431,0.237250417470932,-0.13931600749492645,0.006719379685819149
0.08571083098649979,0.5740615725517273,1.3792352676391602,0.00558588835728718,0.02026168941328962,0.0489878388166673,0.010884376458045771,0.01695311346556251,0.013281187805053999,0.1857108309864998,-0.12593842744827266,-0.020764732360839755,0.7878814339637756,0.7228689193725586,0.9981061816215515,-0.051016785,0.0059228167,-0.012470201,196.0,1740111795.1370418,0.0682910904288292,0.06341275572776794,0.17360273003578186,0.14248134195804596,-0.04908517003059387,-0.05267060175538063,0.03430646285414696,0.2403407245874405,0.22836565971374512,0.07274238765239716,0.11839619278907776,0.2704795300960541,0.15752491354942322,-0.03065336123108864,0.22241118550300598,0.048079103231430054,0.19838100671768188,0.05854294076561928,-0.0908077210187912,0.08756659179925919,-0.07085993885993958,-0.25481048226356506,-0.16277238726615906,0.05135156214237213,0.11914802342653275,-0.06235934793949127,0.24687767028808594,-0.023444194346666336,-0.043024081736803055,0.23251041769981384,-0.13899771869182587,0.013659241609275341
0.08528323471546173,0.574451208114624,1.3807801008224487,0.00558588835728718,0.02026168941328962,0.0489878388166673,0.011252503678142288,0.020720023999771776,0.016475519077638907,0.18528749644756318,-0.1257685542106628,-0.019818925857543856,0.7878814339637756,0.7228689193725586,0.9981061816215515,-0.042151365,0.006700583,-0.00692185,197.0,1740111795.1693408,0.07424021512269974,0.06479483842849731,0.17401725053787231,0.1335272192955017,-0.043959617614746094,-0.054034143686294556,0.029671531170606613,0.234010249376297,0.23448911309242249,0.07108356058597565,0.1148577481508255,0.2652947008609772,0.15449517965316772,-0.029899530112743378,0.22562700510025024,0.0493689589202404,0.20144060254096985,0.0547025166451931,-0.08650559186935425,0.07940565049648285,-0.07346785813570023,-0.2521897852420807,-0.16053535044193268,0.048498429358005524,0.12796586751937866,-0.05895795673131943,0.24458204209804535,-0.02154933661222458,-0.04519626125693321,0.2270151972770691,-0.14090050756931305,0.024919668212532997
0.08512141555547714,0.5748588442802429,1.3818416595458984,0.00558588835728718,0.02026168941328962,0.0489878388166673,0.01032240020880193,0.02117269964258689,0.014996755545018468,0.18528323471546174,-0.12554879188537593,-0.01921989917755118,0.7878814339637756,0.7228689193725586,0.9981061816215515,-0.04293261,0.0065576956,-0.01433856,198.0,1740111795.2059407,0.07469490170478821,0.06430040299892426,0.1764133870601654,0.138095423579216,-0.047909900546073914,-0.052364300936460495,0.03256790339946747,0.23923949897289276,0.2369074523448944,0.07158516347408295,0.1156339943408966,0.27148914337158203,0.15771599113941193,-0.030781324952840805,0.22908127307891846,0.05224808305501938,0.20388826727867126,0.057523783296346664,-0.09013330936431885,0.0841568112373352,-0.07377836853265762,-0.2538176476955414,-0.16360875964164734,0.04972531646490097,0.12889093160629272,-0.06162754446268082,0.2471495419740677,-0.021759778261184692,-0.04407443478703499,0.23292583227157593,-0.14489634335041046,0.020652515813708305
0.0850495919585228,0.5749776363372803,1.382297158241272,0.00558588835728718,0.02026168941328962,0.0489878388166673,0.010736739438458924,0.020720975334984446,0.016599234309487596,0.1850495919585228,-0.12502236366271968,-0.01770284175872794,0.7878814339637756,0.7228689193725586,0.9981061816215515,-0.041892536,0.006597452,-0.014413141,199.0,1740111795.235671,0.07536868751049042,0.06421558558940887,0.17507992684841156,0.13331227004528046,-0.04458048939704895,-0.05258577689528465,0.031033305451273918,0.23506790399551392,0.2359592765569687,0.0710158497095108,0.11401998996734619,0.26706305146217346,0.15569840371608734,-0.029119864106178284,0.22698795795440674,0.051725514233112335,0.20215022563934326,0.05504733696579933,-0.08653487265110016,0.08069024235010147,-0.07279961556196213,-0.2515786588191986,-0.16123202443122864,0.04835639148950577,0.12965914607048035,-0.0596420094370842,0.24416592717170715,-0.020916786044836044,-0.04381894692778587,0.22951707243919373,-0.1432361751794815,0.02383032627403736
0.08464828133583069,0.5752694606781006,1.383867621421814,-0.005822542195288284,0.008914742553567985,0.030023321980519286,0.009983315965289926,0.018975347619453683,0.013387257991846363,0.18483610302209855,-0.12475253343582149,-0.01672174930572501,0.7878814339637756,0.7228689193725586,0.9981061816215515,-0.041892536,0.006597452,-0.014413141,200.0,1740111795.2690108,0.07536868751049042,0.06421558558940887,0.17507992684841156,0.13331227004528046,-0.04458048939704895,-0.05258577689528465,0.031033305451273918,0.23506790399551392,0.2359592765569687,0.0710158497095108,0.11401998996734619,0.26706305146217346,0.15569840371608734,-0.029119864106178284,0.22698795795440674,0.051725514233112335,0.20215022563934326,0.05504733696579933,-0.08653487265110016,0.08069024235010147,-0.07279961556196213,-0.2515786588191986,-0.16123202443122864,0.04835639148950577,0.12965914607048035,-0.0596420094370842,0.24416592717170715,-0.020916786044836044,-0.04381894692778587,0.22951707243919373,-0.1432361751794815,0.02383032627403736
0.08464847505092621,0.5758084058761597,1.3851313591003418,-0.005822542195288284,0.008914742553567985,0.030023321980519286,0.011636146258616016,0.0129184077514248,0.008690347117126683,0.1846482813358307,-0.12473053932189937,-0.016132378578185946,0.7878814339637756,0.7228689193725586,0.9981061816215515,-0.032585636,0.006825559,-0.016123094,201.0,1740111795.3023348,0.07705457508563995,0.06415079534053802,0.17454276978969574,0.12848705053329468,-0.041239023208618164,-0.05392501503229141,0.02999958209693432,0.23056258261203766,0.23704950511455536,0.07086394727230072,0.11331026256084442,0.2640085518360138,0.15508492290973663,-0.028454970568418503,0.22699439525604248,0.052250493317842484,0.2015237659215927,0.05302072688937187,-0.08308754861354828,0.07806769758462906,-0.07349615544080734,-0.2509424388408661,-0.15972261130809784,0.04750175029039383,0.131620854139328,-0.057586006820201874,0.24316519498825073,-0.02088366076350212,-0.043984245508909225,0.2270568609237671,-0.1423078328371048,0.02853696048259735
0.08430472016334534,0.5757477879524231,1.385838508605957,-0.005822542195288284,0.008914742553567985,0.030023321980519286,0.012145889310361141,0.0102240972780336,0.005936284615925557,0.18430472016334534,-0.12425221204757686,-0.01416149139404288,0.7878814339637756,0.7228689193725586,0.9981061816215515,-0.032585636,0.006825559,-0.016123094,202.0,1740111795.3369007,0.07705457508563995,0.06415079534053802,0.17454276978969574,0.12848705053329468,-0.041239023208618164,-0.05392501503229141,0.02999958209693432,0.23056258261203766,0.23704950511455536,0.07086394727230072,0.11331026256084442,0.2640085518360138,0.15508492290973663,-0.028454970568418503,0.22699439525604248,0.052250493317842484,0.2015237659215927,0.05302072688937187,-0.08308754861354828,0.07806769758462906,-0.07349615544080734,-0.2509424388408661,-0.15972261130809784,0.04750175029039383,0.131620854139328,-0.057586006820201874,0.24316519498825073,-0.02088366076350212,-0.043984245508909225,0.2270568609237671,-0.1423078328371048,0.02853696048259735
0.08363345265388489,0.5759539604187012,1.3871196508407593,-0.011260713395672384,0.006197245668591737,0.03325459687293452,0.010477459071778791,0.008182102318062877,0.013257599185060996,0.18377372473478318,-0.12418760061264034,-0.013505840301513583,0.7878814339637756,0.7228689193725586,0.9981061816215515,-0.04526589,0.0032278076,-0.037274837,203.0,1740111795.3698497,0.07469083368778229,0.06277729570865631,0.18242238461971283,0.144752636551857,-0.051293402910232544,-0.05109766125679016,0.03831770271062851,0.24604114890098572,0.23890922963619232,0.07526750862598419,0.12141312658786774,0.28173133730888367,0.1647653430700302,-0.031094267964363098,0.23480761051177979,0.05559954047203064,0.20557940006256104,0.06173195317387581,-0.09218582510948181,0.09308559447526932,-0.07351644337177277,-0.26193517446517944,-0.16915634274482727,0.05324415862560272,0.12698975205421448,-0.06588656455278397,0.25340986251831055,-0.02398020029067993,-0.042366039007902145,0.24374905228614807,-0.14928308129310608,0.015401974320411682
0.08326813578605652,0.5761426687240601,1.3884063959121704,-0.011260713395672384,0.006197245668591737,0.03325459687293452,0.009867782679774336,0.0055247356091370015,0.013485484589387494,0.1836334526538849,-0.12404603958129878,-0.012880349159240634,0.7878814339637756,0.7228689193725586,0.9981061816215515,-0.05153265,0.0033634007,-0.03602542,204.0,1740111795.402434,0.07465018332004547,0.06260164827108383,0.18237796425819397,0.14474280178546906,-0.05200938880443573,-0.04976688325405121,0.03858744353055954,0.24690432846546173,0.2387658655643463,0.07475784420967102,0.12075851857662201,0.2818012833595276,0.16473649442195892,-0.030186764895915985,0.2344706952571869,0.056419484317302704,0.2053241729736328,0.06180218234658241,-0.09248137474060059,0.093140609562397,-0.07211459428071976,-0.2606115937232971,-0.16914072632789612,0.05284097045660019,0.12723934650421143,-0.06618034094572067,0.25222522020339966,-0.022917497903108597,-0.04122531786561012,0.24454918503761292,-0.15027037262916565,0.013955025002360344
0.08309914171695709,0.5762640833854675,1.3891297578811646,-0.011260713395672384,0.006197245668591737,0.03325459687293452,0.009515859613455836,0.004865088995754741,0.014128517865816564,0.1830991417169571,-0.12373591661453243,-0.01087024211883536,0.7878814339637756,0.7228689193725586,0.9981061816215515,-0.05153265,0.0033634007,-0.03602542,205.0,1740111795.4358916,0.07465018332004547,0.06260164827108383,0.18237796425819397,0.14474280178546906,-0.05200938880443573,-0.04976688325405121,0.03858744353055954,0.24690432846546173,0.2387658655643463,0.07475784420967102,0.12075851857662201,0.2818012833595276,0.16473649442195892,-0.030186764895915985,0.2344706952571869,0.056419484317302704,0.2053241729736328,0.06180218234658241,-0.09248137474060059,0.093140609562397,-0.07211459428071976,-0.2606115937232971,-0.16914072632789612,0.05284097045660019,0.12723934650421143,-0.06618034094572067,0.25222522020339966,-0.022917497903108597,-0.04122531786561012,0.24454918503761292,-0.15027037262916565,0.013955025002360344
0.08225619792938232,0.576450765132904,1.3914389610290527,-0.01264639541190893,0.005319857024496178,0.04120778139609738,0.010075132839369297,0.006300701798830116,0.013284246300140978,0.18272837102413178,-0.12347592115402217,-0.009369516372680575,0.7878814339637756,0.7228689193725586,0.9981061816215515,-0.056141824,0.0024776086,-0.03962016,206.0,1740111795.4706476,0.07533901184797287,0.06261191517114639,0.1833188384771347,0.14559616148471832,-0.0531671941280365,-0.04862959682941437,0.0387759655714035,0.24889107048511505,0.2398621290922165,0.07457900047302246,0.12068614363670349,0.28315404057502747,0.16537541151046753,-0.02945811301469803,0.23557448387145996,0.05760827660560608,0.2062748521566391,0.06222395971417427,-0.09346605837345123,0.09392990916967392,-0.0709860697388649,-0.26052433252334595,-0.16999804973602295,0.05271933227777481,0.12794595956802368,-0.066895991563797,0.2522614598274231,-0.02183537930250168,-0.04035978391766548,0.24657058715820312,-0.15232984721660614,0.012569049373269081
0.08210192620754242,0.5770072340965271,1.3935546875,-0.01264639541190893,0.005319857024496178,0.04120778139609738,0.012616606947060672,0.005533986067337691,0.005203732465985997,0.18225619792938233,-0.1235492348670959,-0.008561038970947177,0.7878814339637756,0.7228689193725586,0.9981061816215515,-0.064041376,0.0027403012,-0.04096639,207.0,1740111795.5065742,0.0767780989408493,0.06285050511360168,0.18515139818191528,0.14670270681381226,-0.05377776920795441,-0.04867749661207199,0.03880893811583519,0.25046902894973755,0.24239487946033478,0.07499141991138458,0.12157413363456726,0.2853544056415558,0.1665562242269516,-0.02975395694375038,0.2384275496006012,0.05858394876122475,0.20851275324821472,0.06269679963588715,-0.09426404535770416,0.09465552121400833,-0.07179509103298187,-0.26263415813446045,-0.1713646501302719,0.05319108068943024,0.12952092289924622,-0.0674920603632927,0.2540316581726074,-0.02210676297545433,-0.04102124646306038,0.2484605610370636,-0.15441595017910004,0.013228223659098148
0.0815117135643959,0.5771878361701965,1.3948785066604614,-0.01264639541190893,0.005319857024496178,0.04120778139609738,0.011243316443353545,0.01141266730895301,0.010591567494060965,0.18201098442077637,-0.12276507616043086,-0.005478525161743075,0.7878814339637756,0.7228689193725586,0.9981061816215515,-0.06505449,0.0028758869,-0.039410397,208.0,1740111795.5462034,0.07773589342832565,0.06302547454833984,0.18593621253967285,0.14637364447116852,-0.05370301753282547,-0.04879796504974365,0.03847023472189903,0.2506226897239685,0.2439025491476059,0.07488822937011719,0.12149569392204285,0.2857043743133545,0.16663731634616852,-0.029880020767450333,0.23974496126174927,0.059018511325120926,0.20956002175807953,0.06258994340896606,-0.09428928792476654,0.09414597600698471,-0.07230393588542938,-0.2630985975265503,-0.17154790461063385,0.05300833284854889,0.13099586963653564,-0.0674838125705719,0.2543949484825134,-0.021771177649497986,-0.04141863062977791,0.2487480640411377,-0.15548169612884521,0.014391584321856499
0.08112982660531998,0.5775206089019775,1.3966610431671143,-0.011251813043913175,0.010687134711842124,0.05216564969490847,0.010507132512589458,0.014094926593991138,0.01144145381607372,0.1812426507472992,-0.12273217439651485,-0.004099512100219638,0.7878814339637756,0.7228689193725586,0.9981061816215515,-0.062833354,0.003025055,-0.03739032,209.0,1740111795.579504,0.07772163301706314,0.06289850920438766,0.18643660843372345,0.14738373458385468,-0.054797954857349396,-0.04813309758901596,0.039316192269325256,0.2519506514072418,0.24438732862472534,0.0748225748538971,0.12131805717945099,0.2870875895023346,0.16730789840221405,-0.03001321107149124,0.24031448364257812,0.05983160063624382,0.21003295481204987,0.06339617073535919,-0.0951405018568039,0.09520994871854782,-0.07210860401391983,-0.2630358934402466,-0.17211930453777313,0.05309220403432846,0.13131140172481537,-0.06826765090227127,0.2546083629131317,-0.02152564376592636,-0.040835779160261154,0.2501322627067566,-0.15669244527816772,0.013034351170063019
0.08032761514186859,0.578070342540741,1.398306131362915,-0.011251813043913175,0.010687134711842124,0.05216564969490847,0.00832461614312532,0.014297434427768138,0.011429414555926755,0.18112982660531998,-0.12247939109802242,-0.0033389568328856534,0.7878814339637756,0.7228689193725586,0.9981061816215515,-0.062833354,0.003025055,-0.03739032,210.0,1740111795.6052976,0.07772163301706314,0.06289850920438766,0.18643660843372345,0.14738373458385468,-0.054797954857349396,-0.04813309758901596,0.039316192269325256,0.2519506514072418,0.24438732862472534,0.0748225748538971,0.12131805717945099,0.2870875895023346,0.16730789840221405,-0.03001321107149124,0.24031448364257812,0.05983160063624382,0.21003295481204987,0.06339617073535919,-0.0951405018568039,0.09520994871854782,-0.07210860401391983,-0.2630358934402466,-0.17211930453777313,0.05309220403432846,0.13131140172481537,-0.06826765090227127,0.2546083629131317,-0.02152564376592636,-0.040835779160261154,0.2501322627067566,-0.15669244527816772,0.013034351170063019
0.08023280650377274,0.5779521465301514,1.39918851852417,-0.011251813043913175,0.010687134711842124,0.05216564969490847,0.010558549844671923,0.012307288519608484,0.013071460464871518,0.18023280650377274,-0.12204785346984859,-0.0008114814758299893,0.7878814339637756,0.7228689193725586,0.9981061816215515,-0.05912952,0.0028612316,-0.03823778,211.0,1740111795.6363158,0.07808493077754974,0.06281489878892899,0.18742279708385468,0.14810150861740112,-0.05540686100721359,-0.04771287739276886,0.03971685841679573,0.2533244788646698,0.24510151147842407,0.07515838742256165,0.12197788059711456,0.28841862082481384,0.16810941696166992,-0.02954145520925522,0.24139848351478577,0.060671452432870865,0.2104712873697281,0.0635177493095398,-0.09552033245563507,0.09608267992734909,-0.07151830941438675,-0.26400142908096313,-0.17283104360103607,0.05340323597192764,0.13139060139656067,-0.06876090914011002,0.2551595866680145,-0.021314240992069244,-0.04056337848305702,0.25184527039527893,-0.15767011046409607,0.012252643704414368
0.07961912453174591,0.5786482095718384,1.4012372493743896,-0.011251813043913175,0.010687134711842124,0.05216564969490847,0.010090369370687276,0.010015350899815265,0.015207503873324367,0.18010464906692505,-0.12124581336975093,0.0008120298385621005,0.7878814339637756,0.7228689193725586,0.9981061816215515,-0.06391239,0.0038979724,-0.037163615,212.0,1740111795.6792235,0.077496737241745,0.062410868704319,0.1885547786951065,0.15035061538219452,-0.0567936897277832,-0.047418057918548584,0.041059039533138275,0.2556720972061157,0.24510277807712555,0.07559658586978912,0.12307904660701752,0.2906683683395386,0.16979607939720154,-0.029479455202817917,0.24206337332725525,0.06131478771567345,0.21063292026519775,0.06423889100551605,-0.09675692021846771,0.09828756004571915,-0.0710596814751625,-0.26575157046318054,-0.17393386363983154,0.05423522740602493,0.13053640723228455,-0.06981825828552246,0.25660592317581177,-0.02185170352458954,-0.03990047797560692,0.25435885787010193,-0.15831978619098663,0.009812774136662483
0.0792059376835823,0.5790131092071533,1.402347445487976,-0.014172554112812315,0.010641142636740845,0.04305167035470807,0.01002268401662826,0.010593809238095437,0.01512270478147302,0.17961912453174592,-0.12135179042816158,0.0012372493743897373,0.7878814339637756,0.7228689193725586,0.9981061816215515,-0.0638998,0.0045354143,-0.0394177,213.0,1740111795.7059984,0.07835840433835983,0.06243837997317314,0.18964242935180664,0.15072055160999298,-0.05728086829185486,-0.04803744703531265,0.04095451906323433,0.256725013256073,0.24678073823451996,0.075580894947052,0.12382535636425018,0.2918330729007721,0.17106902599334717,-0.029739107936620712,0.24386638402938843,0.06177243962883949,0.21201051771640778,0.06446501612663269,-0.09746958315372467,0.09840390831232071,-0.07201232761144638,-0.26751214265823364,-0.17470674216747284,0.05475553125143051,0.1315225064754486,-0.0702698826789856,0.25837409496307373,-0.022272560745477676,-0.04025191441178322,0.2553250193595886,-0.15928871929645538,0.010805971920490265
0.07802510261535645,0.5789215564727783,1.4028671979904175,-0.014172554112812315,0.010641142636740845,0.04305167035470807,0.012004052019035781,0.013205799382246638,0.014255440160916238,0.17802510261535645,-0.12107844352722164,0.0028671979904175693,0.7878814339637756,0.7228689193725586,0.9981061816215515,-0.0638998,0.0045354143,-0.0394177,214.0,1740111795.7367568,0.07835840433835983,0.06243837997317314,0.18964242935180664,0.15072055160999298,-0.05728086829185486,-0.04803744703531265,0.04095451906323433,0.256725013256073,0.24678073823451996,0.075580894947052,0.12382535636425018,0.2918330729007721,0.17106902599334717,-0.029739107936620712,0.24386638402938843,0.06177243962883949,0.21201051771640778,0.06446501612663269,-0.09746958315372467,0.09840390831232071,-0.07201232761144638,-0.26751214265823364,-0.17470674216747284,0.05475553125143051,0.1315225064754486,-0.0702698826789856,0.25837409496307373,-0.022272560745477676,-0.04025191441178322,0.2553250193595886,-0.15928871929645538,0.010805971920490265
0.07782961428165436,0.5796155333518982,1.4035087823867798,-0.014172554112812315,0.010641142636740845,0.04305167035470807,0.010566103368904102,0.010849618461633799,0.01568106331856103,0.1779971480369568,-0.12070561647415157,0.0034181833267212802,0.7878814339637756,0.7228689193725586,0.9981061816215515,-0.0638998,0.0045354143,-0.0394177,215.0,1740111795.7728584,0.07835840433835983,0.06243837997317314,0.18964242935180664,0.15072055160999298,-0.05728086829185486,-0.04803744703531265,0.04095451906323433,0.256725013256073,0.24678073823451996,0.075580894947052,0.12382535636425018,0.2918330729007721,0.17106902599334717,-0.029739107936620712,0.24386638402938843,0.06177243962883949,0.21201051771640778,0.06446501612663269,-0.09746958315372467,0.09840390831232071,-0.07201232761144638,-0.26751214265823364,-0.17470674216747284,0.05475553125143051,0.1315225064754486,-0.0702698826789856,0.25837409496307373,-0.022272560745477676,-0.04025191441178322,0.2553250193595886,-0.15928871929645538,0.010805971920490265
0.07706712931394577,0.5797987580299377,1.403679370880127,-0.021496883926112126,0.00911561409482581,0.01688004389722324,0.010141221487574069,0.013031206244158954,0.01581781147196289,0.17782961428165436,-0.12038446664810176,0.003508782386779874,0.7878814339637756,0.7228689193725586,0.9981061816215515,-0.062475927,0.0040811896,-0.040333614,216.0,1740111795.8033106,0.07880088686943054,0.0625883936882019,0.1902342438697815,0.15075799822807312,-0.0571022629737854,-0.04791494831442833,0.04079180583357811,0.2572198808193207,0.2476806491613388,0.07571244239807129,0.12433527410030365,0.29235705733299255,0.17157426476478577,-0.02946215495467186,0.2446606159210205,0.062168460339307785,0.21260644495487213,0.06431801617145538,-0.09755240380764008,0.09843770414590836,-0.07196301966905594,-0.26819688081741333,-0.17523805797100067,0.05497148633003235,0.1321600377559662,-0.07034075260162354,0.2587461471557617,-0.022313527762889862,-0.040299851447343826,0.25591450929641724,-0.15986405313014984,0.011075051501393318
0.07678847014904022,0.5800859332084656,1.403564691543579,-0.021496883926112126,0.00911561409482581,0.01688004389722324,0.009921487915093584,0.01372955362811859,0.015822402089499296,0.17678847014904023,-0.11991406679153438,0.0035646915435791904,0.7878814339637756,0.7228689193725586,0.9981061816215515,-0.056458198,0.0038402975,-0.04297714,217.0,1740111795.8375597,0.07935942709445953,0.06261220574378967,0.1902722418308258,0.1495712399482727,-0.05606994777917862,-0.048789069056510925,0.04005337506532669,0.2560656666755676,0.24850960075855255,0.07543477416038513,0.1243148148059845,0.29141613841056824,0.1715961992740631,-0.02998155727982521,0.24515724182128906,0.06195458397269249,0.21316467225551605,0.06386645138263702,-0.09717348217964172,0.09719251841306686,-0.07316622883081436,-0.26849135756492615,-0.17501962184906006,0.05492837727069855,0.1335630714893341,-0.06982491910457611,0.2590336203575134,-0.02277984470129013,-0.04097079858183861,0.2546178996562958,-0.15983358025550842,0.013125140219926834
0.07507549226284027,0.5805931687355042,1.4029737710952759,-0.021496883926112126,0.00911561409482581,0.01688004389722324,0.0073261433032988715,0.014021913316192963,0.014749333030127725,0.17595131546258927,-0.11967773437499996,0.0031988382339478427,0.7878814339637756,0.7228689193725586,0.9981061816215515,-0.05461528,0.0037630796,-0.0441494,218.0,1740111795.8692498,0.07959915697574615,0.06265177577733994,0.19082701206207275,0.15004919469356537,-0.05628284066915512,-0.04892396181821823,0.040123824030160904,0.2566324770450592,0.2490886002779007,0.0756266862154007,0.1248045563697815,0.2921212613582611,0.17204657196998596,-0.03011063113808632,0.24582791328430176,0.06196673586964607,0.2137089967727661,0.0640919953584671,-0.09737372398376465,0.09755099564790726,-0.07343219965696335,-0.2694554924964905,-0.17534273862838745,0.05519656836986542,0.1335430145263672,-0.07010503858327866,0.2597694993019104,-0.02295064926147461,-0.041231486946344376,0.25520649552345276,-0.16021965444087982,0.01325647346675396
0.0746602863073349,0.5807953476905823,1.4023174047470093,-0.02406776443465366,0.009965620991698494,-0.013619284668678865,0.010057760433644128,0.011708188458148737,0.01458932962007819,0.17507549226284028,-0.1194068312644958,0.0029737710952759677,0.7878814339637756,0.7228689193725586,0.9981061816215515,-0.05323419,0.0036617666,-0.04607889,219.0,1740111795.9030426,0.08013634383678436,0.0628322958946228,0.19167567789554596,0.1504027247428894,-0.05635014921426773,-0.0492582693696022,0.0399351641535759,0.25742247700691223,0.2500658929347992,0.07569317519664764,0.12520678341388702,0.29280781745910645,0.1723802089691162,-0.03025033324956894,0.24688827991485596,0.06201525405049324,0.2145119160413742,0.06414254009723663,-0.09775376319885254,0.0975709781050682,-0.07391171157360077,-0.2704760432243347,-0.17571407556533813,0.05538380146026611,0.13416722416877747,-0.07019626349210739,0.26064562797546387,-0.02318412810564041,-0.04171539470553398,0.2557176947593689,-0.16086676716804504,0.01379123330116272
0.07365278154611588,0.580882728099823,1.4015401601791382,-0.02406776443465366,0.009965620991698494,-0.013619284668678865,0.010283297220151902,0.011269726971618169,0.013557968719405133,0.1742620974779129,-0.1190314412117004,0.0019597768783570224,0.7878814339637756,0.7228689193725586,0.9981061816215515,-0.05323419,0.0036617666,-0.04607889,220.0,1740111795.9383914,0.08013634383678436,0.0628322958946228,0.19167567789554596,0.1504027247428894,-0.05635014921426773,-0.0492582693696022,0.0399351641535759,0.25742247700691223,0.2500658929347992,0.07569317519664764,0.12520678341388702,0.29280781745910645,0.1723802089691162,-0.03025033324956894,0.24688827991485596,0.06201525405049324,0.2145119160413742,0.06414254009723663,-0.09775376319885254,0.0975709781050682,-0.07391171157360077,-0.2704760432243347,-0.17571407556533813,0.05538380146026611,0.13416722416877747,-0.07019626349210739,0.26064562797546387,-0.02318412810564041,-0.04171539470553398,0.2557176947593689,-0.16086676716804504,0.01379123330116272
0.0724402591586113,0.5813891887664795,1.4003187417984009,-0.02406776443465366,0.009965620991698494,-0.013619284668678865,0.008578439225890855,0.0133618659171067,0.011951248743573482,0.17343345135450364,-0.11880321502685542,0.0009947776794434482,0.7878814339637756,0.7228689193725586,0.9981061816215515,-0.0514708,0.0036144182,-0.04674326,221.0,1740111795.9701438,0.08014845848083496,0.06278543174266815,0.19140642881393433,0.14997024834156036,-0.05620327591896057,-0.049361590296030045,0.03974851965904236,0.25701606273651123,0.24987846612930298,0.07549330592155457,0.12489338219165802,0.2923050820827484,0.17208613455295563,-0.030160751193761826,0.2466052770614624,0.061941858381032944,0.2143007516860962,0.06381221115589142,-0.09756381809711456,0.09717727452516556,-0.0739419013261795,-0.2700839936733246,-0.17536763846874237,0.05522219091653824,0.1342540979385376,-0.0699574202299118,0.26033079624176025,-0.023149680346250534,-0.04176141694188118,0.2552299499511719,-0.16057397425174713,0.014006202109158039
0.07182702422142029,0.5814463496208191,1.3989720344543457,-0.028304439940168822,0.006503544139783921,-0.03342042834549647,0.010507616609578713,0.013326710693346216,0.01162699374791219,0.1724402591586113,-0.11861081123352046,0.0003187417984009677,0.7878814339637756,0.7228689193725586,0.9981061816215515,-0.052591924,0.0036347955,-0.04663706,222.0,1740111796.0056338,0.08023226261138916,0.0628923624753952,0.19053244590759277,0.14875496923923492,-0.055451199412345886,-0.0500989705324173,0.03906717151403427,0.25540924072265625,0.24935846030712128,0.07522857189178467,0.12425437569618225,0.2907484471797943,0.17087699472904205,-0.03047800436615944,0.2458932101726532,0.060889583081007004,0.2140137255191803,0.06344336271286011,-0.09668274223804474,0.09578704088926315,-0.07467840611934662,-0.2694392502307892,-0.1742497682571411,0.05487456172704697,0.13414610922336578,-0.06934549659490585,0.2596595883369446,-0.023407820612192154,-0.04261477664113045,0.2532082200050354,-0.15960471332073212,0.015542839653789997
0.07070241868495941,0.5814681053161621,1.3974229097366333,-0.028304439940168822,0.006503544139783921,-0.03342042834549647,0.009959697492915212,0.015398009222983308,0.010571613703091795,0.17127052545547486,-0.11851323843002315,-0.0018332242965697354,0.7878814339637756,0.7228689193725586,0.9981061816215515,-0.05314763,0.0032881275,-0.04566112,223.0,1740111796.038397,0.07967130839824677,0.06271351128816605,0.18906274437904358,0.1476893424987793,-0.0549321323633194,-0.05003685504198074,0.039044398814439774,0.25375765562057495,0.2480916529893875,0.07482607662677765,0.12327675521373749,0.28919917345046997,0.17002683877944946,-0.030426204204559326,0.24427077174186707,0.06054789200425148,0.21291521191596985,0.0630696564912796,-0.09606164693832397,0.0950537696480751,-0.07459530234336853,-0.26758137345314026,-0.1733652800321579,0.05447125434875488,0.13381800055503845,-0.06879869103431702,0.2582414746284485,-0.023434143513441086,-0.042292725294828415,0.2515013813972473,-0.15844370424747467,0.015592599287629128
0.06975547224283218,0.5815650820732117,1.3957558870315552,-0.028304439940168822,0.006503544139783921,-0.03342042834549647,0.009809014930944304,0.014548656528961817,0.008871709840823479,0.17035401463508607,-0.11829591989517207,-0.003445529937744052,0.7878814339637756,0.7228689193725586,0.9981061816215515,-0.052920222,0.0033762231,-0.044984803,224.0,1740111796.0698528,0.07898568361997604,0.0626419261097908,0.187297061085701,0.14677448570728302,-0.054352134466171265,-0.05062217637896538,0.03885683789849281,0.2516944110393524,0.24682138860225677,0.07433003187179565,0.12223663926124573,0.28736793994903564,0.16904999315738678,-0.03121218830347061,0.2425985336303711,0.05960600823163986,0.21212224662303925,0.06303587555885315,-0.095766082406044,0.09411019831895828,-0.07560839504003525,-0.26578229665756226,-0.17247723042964935,0.05416691303253174,0.13364064693450928,-0.06820441037416458,0.25728142261505127,-0.02400544285774231,-0.04246274009346962,0.2488914430141449,-0.1569816619157791,0.016425998881459236
0.06839610636234283,0.5819962620735168,1.3938857316970825,-0.028304439940168822,0.006503544139783921,-0.03342042834549647,0.005909889104833111,0.012349068070143264,0.008338761600556022,0.1697554722428322,-0.11843491792678829,-0.004244112968444735,0.7878814339637756,0.7228689193725586,0.9981061816215515,-0.052920222,0.0033762231,-0.044984803,225.0,1740111796.1039305,0.07898568361997604,0.0626419261097908,0.187297061085701,0.14677448570728302,-0.054352134466171265,-0.05062217637896538,0.03885683789849281,0.2516944110393524,0.24682138860225677,0.07433003187179565,0.12223663926124573,0.28736793994903564,0.16904999315738678,-0.03121218830347061,0.2425985336303711,0.05960600823163986,0.21212224662303925,0.06303587555885315,-0.095766082406044,0.09411019831895828,-0.07560839504003525,-0.26578229665756226,-0.17247723042964935,0.05416691303253174,0.13364064693450928,-0.06820441037416458,0.25728142261505127,-0.02400544285774231,-0.04246274009346962,0.2488914430141449,-0.1569816619157791,0.016425998881459236
0.06766089051961899,0.5818500518798828,1.3930104970932007,-0.03472747358777048,0.0033651247277294623,-0.04969334785442867,0.01374954686722242,0.01560344814039996,0.005454394356871298,0.167660890519619,-0.11814994812011714,-0.006989502906799228,0.7878814339637756,0.7228689193725586,0.9981061816215515,-0.05278097,0.003927186,-0.042054698,226.0,1740111796.1370378,0.07886169105768204,0.06274514645338058,0.1861984133720398,0.14652372896671295,-0.054009631276130676,-0.05096159875392914,0.03849541395902634,0.250997930765152,0.24633020162582397,0.07422825694084167,0.12181618809700012,0.2868492305278778,0.16849005222320557,-0.031707651913166046,0.2419380247592926,0.058883946388959885,0.21220305562019348,0.06319332122802734,-0.09600390493869781,0.0934307798743248,-0.0764189139008522,-0.2650132179260254,-0.17230871319770813,0.05428779125213623,0.13360799849033356,-0.06790924072265625,0.2568508982658386,-0.024677760899066925,-0.042939987033605576,0.24723371863365173,-0.15635310113430023,0.017134860157966614
0.06632696837186813,0.5827344059944153,1.389691948890686,-0.03472747358777048,0.0033651247277294623,-0.04969334785442867,0.000900108227344566,0.014297804387605315,0.006154584643130027,0.16731254607439042,-0.11807669401168819,-0.009141588211059481,0.7878814339637756,0.7228689193725586,0.9981061816215515,-0.053781748,0.004841283,-0.036860332,227.0,1740111796.1695342,0.07735326886177063,0.06238090991973877,0.18498195707798004,0.1471298485994339,-0.05314256250858307,-0.0514204204082489,0.03965209051966667,0.2500400245189667,0.24412496387958527,0.07556761801242828,0.12264226377010345,0.2869879901409149,0.16856060922145844,-0.03240694850683212,0.24034807085990906,0.05789598822593689,0.2106095850467682,0.0634102076292038,-0.0954548716545105,0.09458314627408981,-0.0771048441529274,-0.2652023136615753,-0.172390878200531,0.05533450096845627,0.1317054033279419,-0.06767406314611435,0.25651875138282776,-0.026548583060503006,-0.043347764760255814,0.24625563621520996,-0.15401853621006012,0.016354458406567574
0.06628699600696564,0.582349419593811,1.3877501487731934,-0.03472747358777048,0.0033651247277294623,-0.04969334785442867,0.009609069812125861,0.014251160211134295,0.003017159317426188,0.16632696837186814,-0.11726559400558467,-0.010308051109313876,0.7878814339637756,0.7228689193725586,0.9981061816215515,-0.050637078,0.00444258,-0.036262274,228.0,1740111796.2036965,0.07743513584136963,0.0622713603079319,0.18491247296333313,0.14663566648960114,-0.05263597518205643,-0.050731152296066284,0.0397462472319603,0.24980312585830688,0.24387063086032867,0.07580174505710602,0.12243500351905823,0.2868480384349823,0.1683763563632965,-0.031761735677719116,0.2401091754436493,0.05832337960600853,0.21027031540870667,0.06304669380187988,-0.09495490789413452,0.09449472278356552,-0.07636170834302902,-0.26460757851600647,-0.17246536910533905,0.0552418977022171,0.13186195492744446,-0.0675826445221901,0.2555896043777466,-0.026208363473415375,-0.04294557496905327,0.24644097685813904,-0.15407906472682953,0.015969227999448776
0.06572681665420532,0.5821657180786133,1.386082649230957,-0.03472747358777048,0.0033651247277294623,-0.04969334785442867,0.009582319365195704,0.018555111822694634,0.010374272822918602,0.16572681665420533,-0.11783428192138667,-0.01391735076904288,0.7878814339637756,0.7228689193725586,0.9981061816215515,-0.04881362,0.0043661,-0.034727544,229.0,1740111796.2364407,0.07618869096040726,0.06206929683685303,0.18279294669628143,0.14534229040145874,-0.051989637315273285,-0.051002804189920425,0.03944806754589081,0.24716834723949432,0.24140684306621552,0.07529237866401672,0.12120100855827332,0.28433549404144287,0.16697543859481812,-0.0320437029004097,0.2373923361301422,0.05743369460105896,0.20828649401664734,0.06262259185314178,-0.09389093518257141,0.09367629140615463,-0.07617891579866409,-0.26227807998657227,-0.17104372382164001,0.05460464209318161,0.13052552938461304,-0.0668148472905159,0.25385230779647827,-0.026023004204034805,-0.0426296703517437,0.24399691820144653,-0.15178273618221283,0.01589275524020195
0.06411207467317581,0.5825146436691284,1.3823597431182861,-0.019793789072982616,0.0029469352866925745,-0.06809358631588364,0.007244862572626173,0.01819746524409805,0.005734498300956199,0.16439489126205445,-0.11761177778244014,-0.016417050361633212,0.7878814339637756,0.7228689193725586,0.9981061816215515,-0.04881362,0.0043661,-0.034727544,230.0,1740111796.2708058,0.07618869096040726,0.06206929683685303,0.18279294669628143,0.14534229040145874,-0.051989637315273285,-0.051002804189920425,0.03944806754589081,0.24716834723949432,0.24140684306621552,0.07529237866401672,0.12120100855827332,0.28433549404144287,0.16697543859481812,-0.0320437029004097,0.2373923361301422,0.05743369460105896,0.20828649401664734,0.06262259185314178,-0.09389093518257141,0.09367629140615463,-0.07617891579866409,-0.26227807998657227,-0.17104372382164001,0.05460464209318161,0.13052552938461304,-0.0668148472905159,0.25385230779647827,-0.026023004204034805,-0.0426296703517437,0.24399691820144653,-0.15178273618221283,0.01589275524020195
0.06288723647594452,0.5827118754386902,1.3802754878997803,-0.019793789072982616,0.0029469352866925745,-0.06809358631588364,0.003209292225243658,0.011434870719595211,-0.00014195297089542093,0.16411207467317582,-0.11748535633087154,-0.01764025688171378,0.7878814339637756,0.7228689193725586,0.9981061816215515,-0.044356357,0.0035995096,-0.039642572,231.0,1740111796.3036587,0.07514442503452301,0.061460185796022415,0.182284414768219,0.14524835348129272,-0.05212397873401642,-0.050740763545036316,0.03986823931336403,0.24592341482639313,0.23950724303722382,0.07513545453548431,0.1211044043302536,0.2834030091762543,0.16698721051216125,-0.03162363916635513,0.2356533706188202,0.057243138551712036,0.20649567246437073,0.06238432601094246,-0.09297195076942444,0.09460032731294632,-0.07502180337905884,-0.2617494463920593,-0.1704826056957245,0.05435590445995331,0.12874171137809753,-0.06676890701055527,0.25334638357162476,-0.025484982877969742,-0.04142548516392708,0.24431636929512024,-0.15042249858379364,0.014218195341527462
0.06291672587394714,0.5820619463920593,1.3785791397094727,-0.019793789072982616,0.0029469352866925745,-0.06809358631588364,0.011243747431227968,0.013571313088678745,0.009135295900019085,0.16291672587394715,-0.11793805360794063,-0.021420860290527255,0.7878814339637756,0.7228689193725586,0.9981061816215515,-0.044356357,0.0035995096,-0.039642572,232.0,1740111796.337057,0.07514442503452301,0.061460185796022415,0.182284414768219,0.14524835348129272,-0.05212397873401642,-0.050740763545036316,0.03986823931336403,0.24592341482639313,0.23950724303722382,0.07513545453548431,0.1211044043302536,0.2834030091762543,0.16698721051216125,-0.03162363916635513,0.2356533706188202,0.057243138551712036,0.20649567246437073,0.06238432601094246,-0.09297195076942444,0.09460032731294632,-0.07502180337905884,-0.2617494463920593,-0.1704826056957245,0.05435590445995331,0.12874171137809753,-0.06676890701055527,0.25334638357162476,-0.025484982877969742,-0.04142548516392708,0.24431636929512024,-0.15042249858379364,0.014218195341527462
0.06195438280701637,0.5822352170944214,1.3746670484542847,-0.03181929857220784,0.004883412847531885,-0.07953837029084014,0.010212103036661521,0.01244214965301897,0.008651423774734377,0.16178215891122819,-0.11725862026214595,-0.023917222023010165,0.7878814339637756,0.7228689193725586,0.9981061816215515,-0.04752148,0.003903322,-0.031094372,233.0,1740111796.3699863,0.06981433182954788,0.06027612090110779,0.17459984123706818,0.14037935435771942,-0.0495738610625267,-0.051374830305576324,0.03888743370771408,0.23706446588039398,0.22822658717632294,0.07414035499095917,0.1179841160774231,0.27262529730796814,0.1608951985836029,-0.0295322984457016,0.22412174940109253,0.05244322493672371,0.19677545130252838,0.05934866890311241,-0.08646710216999054,0.09137142449617386,-0.07045041024684906,-0.2549746036529541,-0.16329266130924225,0.052099987864494324,0.11945648491382599,-0.06355617195367813,0.2461501657962799,-0.02356009930372238,-0.0399763397872448,0.2368749976158142,-0.1408458650112152,0.012832189910113811
0.06120193749666214,0.5821049809455872,1.3721108436584473,-0.03181929857220784,0.004883412847531885,-0.07953837029084014,0.010797477802115025,0.012080568382617717,0.009296759957816578,0.16195438280701638,-0.11776478290557857,-0.025332951545715243,0.7878814339637756,0.7228689193725586,0.9981061816215515,-0.044686556,0.0045256093,-0.026659943,234.0,1740111796.4029121,0.07120409607887268,0.06092698499560356,0.17518529295921326,0.14039450883865356,-0.050342708826065063,-0.05193956196308136,0.038074638694524765,0.23808473348617554,0.23049701750278473,0.07392510771751404,0.11784639954566956,0.27366724610328674,0.16118855774402618,-0.03052917867898941,0.22622790932655334,0.05268706753849983,0.19900117814540863,0.06000683829188347,-0.08761808276176453,0.09079628437757492,-0.0719316229224205,-0.2554711401462555,-0.1638091802597046,0.05217224359512329,0.12120290845632553,-0.06392253190279007,0.24735844135284424,-0.02304750308394432,-0.041050780564546585,0.23713532090187073,-0.14244958758354187,0.014601562172174454
0.060697801411151886,0.5820609927177429,1.3708869218826294,-0.03181929857220784,0.004883412847531885,-0.07953837029084014,0.010397497403181518,0.01362119302852194,0.00848285031788288,0.1606978014111519,-0.11793900728225704,-0.029113078117370517,0.7878814339637756,0.7228689193725586,0.9981061816215515,-0.044686556,0.0045256093,-0.026659943,235.0,1740111796.4364765,0.07120409607887268,0.06092698499560356,0.17518529295921326,0.14039450883865356,-0.050342708826065063,-0.05193956196308136,0.038074638694524765,0.23808473348617554,0.23049701750278473,0.07392510771751404,0.11784639954566956,0.27366724610328674,0.16118855774402618,-0.03052917867898941,0.22622790932655334,0.05268706753849983,0.19900117814540863,0.06000683829188347,-0.08761808276176453,0.09079628437757492,-0.0719316229224205,-0.2554711401462555,-0.1638091802597046,0.05217224359512329,0.12120290845632553,-0.06392253190279007,0.24735844135284424,-0.02304750308394432,-0.041050780564546585,0.23713532090187073,-0.14244958758354187,0.014601562172174454
0.05995747819542885,0.5823037624359131,1.3676904439926147,-0.015228136801744618,-0.0036521984822135644,-0.07003943697843501,0.010114073887133453,0.010276187924314678,0.00416322831340306,0.16019077822566033,-0.11768562793731685,-0.031203532218933017,0.7878814339637756,0.7228689193725586,0.9981061816215515,-0.03731498,0.004686065,-0.023518316,236.0,1740111796.4714382,0.07105603069067001,0.0609220527112484,0.1754102110862732,0.14134013652801514,-0.05086401104927063,-0.05192497372627258,0.038340259343385696,0.23882798850536346,0.23042787611484528,0.074128657579422,0.11816288530826569,0.2744854986667633,0.16184939444065094,-0.03086058795452118,0.22652971744537354,0.05273566395044327,0.19936323165893555,0.060556668788194656,-0.08824896812438965,0.09165928512811661,-0.0718112587928772,-0.25624340772628784,-0.1644330769777298,0.052676670253276825,0.12069225311279297,-0.06445126235485077,0.24825875461101532,-0.023210223764181137,-0.040947604924440384,0.23783624172210693,-0.14250673353672028,0.013834943994879723
0.05862406641244888,0.5822056531906128,1.3653924465179443,-0.015228136801744618,-0.0036521984822135644,-0.07003943697843501,0.0077073462097446074,0.012539969524034786,0.005081572255262965,0.15995747819542885,-0.11769623756408687,-0.032309556007385165,0.7878814339637756,0.7228689193725586,0.9981061816215515,-0.04195309,0.0049766973,-0.024187513,237.0,1740111796.5041008,0.07169103622436523,0.06205625832080841,0.17706938087940216,0.14214299619197845,-0.0512482151389122,-0.05226226896047592,0.03710005804896355,0.24073858559131622,0.23165227472782135,0.07416340708732605,0.11864389479160309,0.2748481035232544,0.16108711063861847,-0.03132520616054535,0.22821059823036194,0.0514509417116642,0.20096661150455475,0.060541365295648575,-0.08908134698867798,0.09045828133821487,-0.07251996546983719,-0.2575582265853882,-0.16459859907627106,0.052384115755558014,0.12126392126083374,-0.06498152762651443,0.2494608461856842,-0.022516798228025436,-0.042722079902887344,0.23819780349731445,-0.14341118931770325,0.015485294163227081
0.05805851146578789,0.5825679898262024,1.3636817932128906,-0.015228136801744618,-0.0036521984822135644,-0.07003943697843501,0.006799883752893425,0.009481491347752169,0.0010924745090958158,0.15837937816977501,-0.11735613346099849,-0.03538062572479239,0.7878814339637756,0.7228689193725586,0.9981061816215515,-0.050439842,0.0051140934,-0.018355355,238.0,1740111796.538877,0.07004393637180328,0.062321797013282776,0.17626279592514038,0.1431150883436203,-0.05160213261842728,-0.0529165156185627,0.03689323738217354,0.2413395196199417,0.229838564991951,0.07420653104782104,0.11941836774349213,0.2743585407733917,0.16067227721214294,-0.031778424978256226,0.22664573788642883,0.049782294780015945,0.19982919096946716,0.060858797281980515,-0.08965827524662018,0.0904620960354805,-0.07241056859493256,-0.25789403915405273,-0.16417428851127625,0.052570782601833344,0.11894428730010986,-0.06505820900201797,0.24966296553611755,-0.022675249725580215,-0.04312799498438835,0.23732662200927734,-0.14181192219257355,0.01467970758676529
0.05733991786837578,0.5826290845870972,1.3616917133331299,-0.026167829605176912,0.003252255365804245,-0.059969491485025804,0.007415649511961737,0.008104869880292773,0.0037775400590401025,0.15758674815297127,-0.1173776507377624,-0.03732564449310294,0.7878814339637756,0.7228689193725586,0.9981061816215515,-0.049778067,0.0047641993,-0.019159824,239.0,1740111796.5691025,0.06717878580093384,0.06214427575469017,0.1731547862291336,0.1427314281463623,-0.050779059529304504,-0.05375500023365021,0.03641819953918457,0.23888714611530304,0.22548632323741913,0.07371574640274048,0.1190744936466217,0.2709568738937378,0.15875649452209473,-0.03202042356133461,0.22205570340156555,0.047164496034383774,0.1966468244791031,0.06026925519108772,-0.08875003457069397,0.08943792432546616,-0.07189645618200302,-0.2560385763645172,-0.16198500990867615,0.05227470397949219,0.115266814827919,-0.06400672346353531,0.24779582023620605,-0.023360759019851685,-0.043284494429826736,0.2336379587650299,-0.1376957893371582,0.013937232084572315
0.05649832636117935,0.5822437405586243,1.3597904443740845,-0.026167829605176912,0.003252255365804245,-0.059969491485025804,0.00971971737689801,0.009838238607167761,0.006578577185687372,0.15733991786837578,-0.11737091541290279,-0.03830828666687003,0.7878814339637756,0.7228689193725586,0.9981061816215515,-0.049778067,0.0047641993,-0.019159824,240.0,1740111796.6126025,0.06717878580093384,0.06214427575469017,0.1731547862291336,0.1427314281463623,-0.050779059529304504,-0.05375500023365021,0.03641819953918457,0.23888714611530304,0.22548632323741913,0.07371574640274048,0.1190744936466217,0.2709568738937378,0.15875649452209473,-0.03202042356133461,0.22205570340156555,0.047164496034383774,0.1966468244791031,0.06026925519108772,-0.08875003457069397,0.08943792432546616,-0.07189645618200302,-0.2560385763645172,-0.16198500990867615,0.05227470397949219,0.115266814827919,-0.06400672346353531,0.24779582023620605,-0.023360759019851685,-0.043284494429826736,0.2336379587650299,-0.1376957893371582,0.013937232084572315
0.0565681979060173,0.5825902223587036,1.3584208488464355,-0.026167829605176912,0.003252255365804245,-0.059969491485025804,0.011694424943907544,0.006730420816375997,0.007155842995290917,0.156756179779768,-0.11748988628387447,-0.04080977439880362,0.7878814339637756,0.7228689193725586,0.9981061816215515,-0.04816136,0.004380353,-0.023421139,241.0,1740111796.6404328,0.06608187407255173,0.06244777888059616,0.17304682731628418,0.14472828805446625,-0.05187280476093292,-0.054094575345516205,0.036611538380384445,0.24014058709144592,0.2248397022485733,0.07375553250312805,0.11973118782043457,0.2718498408794403,0.15918567776679993,-0.03300662338733673,0.22178509831428528,0.04638839140534401,0.19694069027900696,0.061312753707170486,-0.09048856794834137,0.09041257947683334,-0.07247769087553024,-0.25650331377983093,-0.16275878250598907,0.05291660875082016,0.11430849134922028,-0.06475577503442764,0.2488999366760254,-0.024017244577407837,-0.04362775757908821,0.23368209600448608,-0.13738541305065155,0.012575244531035423
0.05590755492448807,0.5828680992126465,1.3569878339767456,-0.026167829605176912,0.003252255365804245,-0.059969491485025804,0.009838938731175624,0.008129915713311165,0.005304014568129902,0.15596119910478592,-0.1175871610641479,-0.0425384283065795,0.7878814339637756,0.7228689193725586,0.9981061816215515,-0.047856137,0.0038075969,-0.028282441,242.0,1740111796.6712914,0.06668438762426376,0.06294196844100952,0.1728493720293045,0.1439320296049118,-0.05169367045164108,-0.05425942689180374,0.035883162170648575,0.23949579894542694,0.2258177250623703,0.0733756572008133,0.11898195743560791,0.2711164951324463,0.1586156040430069,-0.033289238810539246,0.22219955921173096,0.0465373769402504,0.19757896661758423,0.061184730380773544,-0.09049271047115326,0.08932692557573318,-0.07309257239103317,-0.25560760498046875,-0.16250525414943695,0.0525350347161293,0.11566504091024399,-0.06437485665082932,0.248575359582901,-0.023517411202192307,-0.04406401142477989,0.23266294598579407,-0.137812077999115,0.01374872773885727
0.055334076285362244,0.5831429362297058,1.3555591106414795,-0.014294361685858759,0.0032968822615817885,-0.04486639682545988,0.009730451295759213,0.00850128807260645,0.006706456608225663,0.15590755492448807,-0.11713190078735347,-0.043012166023254306,0.7878814339637756,0.7228689193725586,0.9981061816215515,-0.045172382,0.0031161085,-0.029170424,243.0,1740111796.7118554,0.06740285456180573,0.06346632540225983,0.17164605855941772,0.14139288663864136,-0.05031094700098038,-0.055383387953042984,0.03411203622817993,0.23703528940677643,0.22626332938671112,0.07265017926692963,0.1176968514919281,0.2683650851249695,0.15663693845272064,-0.03364503011107445,0.221747487783432,0.045534875243902206,0.19775134325027466,0.06024337187409401,-0.08930462598800659,0.0862349197268486,-0.07437918335199356,-0.2541990280151367,-0.16079743206501007,0.05165688693523407,0.11687135696411133,-0.06300175935029984,0.24747321009635925,-0.023295588791370392,-0.04537513479590416,0.2293899655342102,-0.13693583011627197,0.017333267256617546
0.05476788058876991,0.583332359790802,1.3543425798416138,-0.014294361685858759,0.0032968822615817885,-0.04486639682545988,0.011225073278319475,0.0073409409345924865,0.006736744517765493,0.15453656986355782,-0.11648244857788081,-0.04503812789916983,0.7878814339637756,0.7228689193725586,0.9981061816215515,-0.04521793,0.0028969198,-0.029797494,244.0,1740111796.7458706,0.06578247994184494,0.06320969760417938,0.17032498121261597,0.14234240353107452,-0.05085937678813934,-0.05552162230014801,0.03436645492911339,0.23653057217597961,0.22398574650287628,0.07249578833580017,0.11776654422283173,0.26760345697402954,0.15637914836406708,-0.03401167318224907,0.21974515914916992,0.04463060945272446,0.19647864997386932,0.06063111498951912,-0.08967523276805878,0.08692076057195663,-0.07391208410263062,-0.2535772919654846,-0.16058357059955597,0.05187652260065079,0.11477138847112656,-0.06312806159257889,0.2471359819173813,-0.02377915382385254,-0.044929806143045425,0.22855442762374878,-0.13532091677188873,0.01558989379554987
0.05365699902176857,0.5839418172836304,1.3532181978225708,-0.014294361685858759,0.0032968822615817885,-0.04486639682545988,0.00661538546244915,0.008550935743409812,0.004841411737792043,0.15393467471003533,-0.11623115539550777,-0.04618384838104239,0.7878814339637756,0.7228689193725586,0.9981061816215515,-0.04521793,0.0028969198,-0.029797494,245.0,1740111796.779178,0.06578247994184494,0.06320969760417938,0.17032498121261597,0.14234240353107452,-0.05085937678813934,-0.05552162230014801,0.03436645492911339,0.23653057217597961,0.22398574650287628,0.07249578833580017,0.11776654422283173,0.26760345697402954,0.15637914836406708,-0.03401167318224907,0.21974515914916992,0.04463060945272446,0.19647864997386932,0.06063111498951912,-0.08967523276805878,0.08692076057195663,-0.07391208410263062,-0.2535772919654846,-0.16058357059955597,0.05187652260065079,0.11477138847112656,-0.06312806159257889,0.2471359819173813,-0.02377915382385254,-0.044929806143045425,0.22855442762374878,-0.13532091677188873,0.01558989379554987
0.053296737372875214,0.5837484002113342,1.3521400690078735,-0.02443254068418972,0.0064211248219992285,-0.03756113939544032,0.011545278266033847,0.0090173167106725,0.009758743590441555,0.15365699902176858,-0.11605818271636958,-0.04678180217742911,0.7878814339637756,0.7228689193725586,0.9981061816215515,-0.046427608,0.0032995641,-0.02730111,246.0,1740111796.8120584,0.06450654566287994,0.0630335658788681,0.16905082762241364,0.14271049201488495,-0.051273807883262634,-0.05558258295059204,0.03444034978747368,0.2358541637659073,0.22207164764404297,0.0719621330499649,0.11710065603256226,0.2663942873477936,0.15567797422409058,-0.03439021110534668,0.21791481971740723,0.04386169835925102,0.19527393579483032,0.060754839330911636,-0.08998571336269379,0.08695939928293228,-0.07376576960086823,-0.25221073627471924,-0.15992191433906555,0.051654890179634094,0.11350300908088684,-0.06302118301391602,0.24647800624370575,-0.023949161171913147,-0.044678155332803726,0.2274397611618042,-0.1340995728969574,0.014548072591423988
0.05291524901986122,0.5839655995368958,1.3516994714736938,-0.02443254068418972,0.0064211248219992285,-0.03756113939544032,0.010574002356315148,0.00921514790389658,0.009836505882052055,0.15291524901986123,-0.1160344004631042,-0.048300528526306064,0.7878814339637756,0.7228689193725586,0.9981061816215515,-0.0483341,0.0042605847,-0.02214744,247.0,1740111796.8374217,0.06331361085176468,0.06282788515090942,0.17052163183689117,0.14654427766799927,-0.053379736840724945,-0.054777637124061584,0.036421094089746475,0.23948881030082703,0.22157850861549377,0.07319149374961853,0.11898285150527954,0.2697036862373352,0.15752609074115753,-0.03434409201145172,0.2184685617685318,0.04405764490365982,0.1953728348016739,0.06240835413336754,-0.0916425883769989,0.09051308780908585,-0.07273031026124954,-0.25445225834846497,-0.16149510443210602,0.05294530838727951,0.11120710521936417,-0.06464477628469467,0.24835534393787384,-0.024373136460781097,-0.04404589906334877,0.23120534420013428,-0.1349470317363739,0.010553873144090176
0.05222377926111221,0.584854781627655,1.3509008884429932,-0.02443254068418972,0.0064211248219992285,-0.03756113939544032,0.011347171939655464,0.006754100566255188,0.005572795345393312,0.15257654190063477,-0.11535049676895137,-0.04881587028503409,0.7878814339637756,0.7228689193725586,0.9981061816215515,-0.05167079,0.0048025027,-0.019929968,248.0,1740111796.8724883,0.06291112303733826,0.06273086369037628,0.17108125984668732,0.14792223274707794,-0.05418757349252701,-0.05416736751794815,0.037245314568281174,0.24108396470546722,0.2215440422296524,0.0735320895910263,0.11942799389362335,0.2711069881916046,0.15830960869789124,-0.03421695902943611,0.21872976422309875,0.04438527300953865,0.1955067217350006,0.06305314600467682,-0.09227581322193146,0.09177707880735397,-0.0722409337759018,-0.25508052110671997,-0.1621360331773758,0.053449779748916626,0.11062339693307877,-0.06534526497125626,0.24880678951740265,-0.024515319615602493,-0.04363125190138817,0.23273026943206787,-0.13550657033920288,0.008786014281213284
0.050952646881341934,0.5856513381004333,1.3502538204193115,-0.020269201762254226,0.018069404234709503,-0.020871657765624965,0.005391821412736473,0.008854735903395479,0.00407818106255528,0.15222377926111222,-0.11514521837234493,-0.04909911155700675,0.7878814339637756,0.7228689193725586,0.9981061816215515,-0.055745736,0.0055317953,-0.016265713,249.0,1740111796.9025822,0.061750926077365875,0.062446918338537216,0.17068395018577576,0.14899908006191254,-0.05482179671525955,-0.05379196256399155,0.03824259713292122,0.2415931224822998,0.22013892233371735,0.0738355815410614,0.11965477466583252,0.27154260873794556,0.15865255892276764,-0.03424779325723648,0.21762822568416595,0.044249195605516434,0.19447359442710876,0.06357035040855408,-0.09252141416072845,0.09307046979665756,-0.07149817049503326,-0.2549794316291809,-0.16219624876976013,0.05374903976917267,0.1090049147605896,-0.06578581035137177,0.24868270754814148,-0.024674784392118454,-0.0429624505341053,0.23346588015556335,-0.13488605618476868,0.006691219285130501
0.05033391714096069,0.5856605172157288,1.3497110605239868,-0.020269201762254226,0.018069404234709503,-0.020871657765624965,0.008466615882355802,0.0126875475679168,0.005475790930261683,0.15066244676709176,-0.11459363698959346,-0.05010190010070792,0.7878814339637756,0.7228689193725586,0.9981061816215515,-0.055745736,0.0055317953,-0.016265713,250.0,1740111796.9388607,0.061750926077365875,0.062446918338537216,0.17068395018577576,0.14899908006191254,-0.05482179671525955,-0.05379196256399155,0.03824259713292122,0.2415931224822998,0.22013892233371735,0.0738355815410614,0.11965477466583252,0.27154260873794556,0.15865255892276764,-0.03424779325723648,0.21762822568416595,0.044249195605516434,0.19447359442710876,0.06357035040855408,-0.09252141416072845,0.09307046979665756,-0.07149817049503326,-0.2549794316291809,-0.16219624876976013,0.05374903976917267,0.1090049147605896,-0.06578581035137177,0.24868270754814148,-0.024674784392118454,-0.0429624505341053,0.23346588015556335,-0.13488605618476868,0.006691219285130501
0.04963836818933487,0.586799144744873,1.3495237827301025,-0.020269201762254226,0.018069404234709503,-0.020871657765624965,0.00462355742293014,0.011225113454530119,0.0023466870968893855,0.15012522265315056,-0.11360837221145625,-0.05028071403503409,0.7878814339637756,0.7228689193725586,0.9981061816215515,-0.054319732,0.0062920004,-0.014050737,251.0,1740111796.9720936,0.061099737882614136,0.062338948249816895,0.17080669105052948,0.15038584172725677,-0.055376872420310974,-0.05325610190629959,0.038934554904699326,0.2425822913646698,0.2194855958223343,0.07426498830318451,0.12022532522678375,0.2725314497947693,0.15924760699272156,-0.03417641296982765,0.21732982993125916,0.044195521622896194,0.19427603483200073,0.06418369710445404,-0.09298764169216156,0.09438858181238174,-0.07095091044902802,-0.25542309880256653,-0.16278517246246338,0.0542651042342186,0.107847198843956,-0.06626911461353302,0.24905619025230408,-0.024969816207885742,-0.04257843270897865,0.23451799154281616,-0.13475579023361206,0.004970273468643427
0.049037519842386246,0.5873270630836487,1.3491774797439575,-0.019132358370350964,0.01674070192571068,-0.010752777810858769,0.005801479475036032,0.0111853543725267,0.0035121207642386347,0.14963836818933487,-0.11320085525512691,-0.05047621726989737,0.7878814339637756,0.7228689193725586,0.9981061816215515,-0.046777125,0.006036058,-0.012947492,252.0,1740111797.005533,0.06092245131731033,0.062373220920562744,0.17050158977508545,0.15068192780017853,-0.05517549067735672,-0.05297473445534706,0.0388835072517395,0.24267888069152832,0.21919533610343933,0.0744284987449646,0.12032841145992279,0.27249062061309814,0.15917746722698212,-0.03410722687840462,0.2168145626783371,0.04398428648710251,0.19417747855186462,0.06419573724269867,-0.09327429533004761,0.094538114964962,-0.07061078399419785,-0.2550625205039978,-0.16303344070911407,0.054196082055568695,0.10774093866348267,-0.06623351573944092,0.24874350428581238,-0.024827007204294205,-0.04230472072958946,0.2343110740184784,-0.13464125990867615,0.004416431300342083
0.04849229007959366,0.5871984362602234,1.3487725257873535,-0.019132358370350964,0.01674070192571068,-0.010752777810858769,0.009449603898585993,0.013158828279608981,0.007123872674007982,0.14887602478265763,-0.11260933876037593,-0.050914430618286044,0.7878814339637756,0.7228689193725586,0.9981061816215515,-0.0430294,0.005822204,-0.012486152,253.0,1740111797.038377,0.05998314917087555,0.0621032677590847,0.16977356374263763,0.15162071585655212,-0.05563388764858246,-0.052694760262966156,0.03946360945701599,0.24288299679756165,0.21813935041427612,0.0744553953409195,0.1204477846622467,0.27277058362960815,0.1596197634935379,-0.03430001810193062,0.21586200594902039,0.043971773236989975,0.19360783696174622,0.06467092037200928,-0.09375683963298798,0.09552028030157089,-0.07028644531965256,-0.25475630164146423,-0.16326476633548737,0.05458594858646393,0.10654553025960922,-0.06652041524648666,0.24865320324897766,-0.025236979126930237,-0.04171079024672508,0.23438629508018494,-0.13402853906154633,0.002730981446802616
0.04816106706857681,0.5875186324119568,1.3485838174819946,-0.019132358370350964,0.01674070192571068,-0.010752777810858769,0.011929479071357675,0.011570406816068333,0.009170988647394011,0.1482475832104683,-0.11213595867156978,-0.05111052989959708,0.7878814339637756,0.7228689193725586,0.9981061816215515,-0.04070545,0.0059447065,-0.00959526,254.0,1740111797.0699763,0.059239596128463745,0.06219342723488808,0.16917409002780914,0.15245069563388824,-0.05591002106666565,-0.053482428193092346,0.03984183818101883,0.24256448447704315,0.21768692135810852,0.0745336264371872,0.12044063210487366,0.2728278934955597,0.15973661839962006,-0.0357208251953125,0.21542136371135712,0.043404534459114075,0.19352617859840393,0.06534761190414429,-0.09453745186328888,0.09605865925550461,-0.07164683938026428,-0.25468161702156067,-0.16340117156505585,0.05493002384901047,0.10622653365135193,-0.06661462783813477,0.24932315945625305,-0.02624046429991722,-0.04218759015202522,0.23354387283325195,-0.13333313167095184,0.002694789320230484
0.047505803406238556,0.5878792405128479,1.3484736680984497,-0.019132358370350964,0.01674070192571068,-0.010752777810858769,0.012346149677570653,0.012503944726979375,0.008618784597312858,0.14816106706857682,-0.11248136758804317,-0.05141618251800528,0.7878814339637756,0.7228689193725586,0.9981061816215515,-0.04070545,0.0059447065,-0.00959526,255.0,1740111797.104264,0.059239596128463745,0.06219342723488808,0.16917409002780914,0.15245069563388824,-0.05591002106666565,-0.053482428193092346,0.03984183818101883,0.24256448447704315,0.21768692135810852,0.0745336264371872,0.12044063210487366,0.2728278934955597,0.15973661839962006,-0.0357208251953125,0.21542136371135712,0.043404534459114075,0.19352617859840393,0.06534761190414429,-0.09453745186328888,0.09605865925550461,-0.07164683938026428,-0.25468161702156067,-0.16340117156505585,0.05493002384901047,0.10622653365135193,-0.06661462783813477,0.24932315945625305,-0.02624046429991722,-0.04218759015202522,0.23354387283325195,-0.13333313167095184,0.002694789320230484
0.0466524213552475,0.5889536142349243,1.3485935926437378,-0.018163307513439926,0.007525861297983763,-0.0064789880059225105,0.006650510002351869,0.012838828014863923,0.003327158374897668,0.14685857892036439,-0.11177010536193843,-0.051599764823913485,0.7878814339637756,0.7228689193725586,0.9981061816215515,-0.036592223,0.0057605132,-0.008578882,256.0,1740111797.13851,0.0598357617855072,0.06226957589387894,0.16974103450775146,0.15270188450813293,-0.05604935437440872,-0.052945345640182495,0.039628077298402786,0.24357959628105164,0.2184106409549713,0.07466711103916168,0.1208200752735138,0.2736756503582001,0.1599806696176529,-0.035073988139629364,0.21609078347682953,0.04372828081250191,0.19419172406196594,0.06538189947605133,-0.09467825293540955,0.09606089442968369,-0.0710180401802063,-0.25527796149253845,-0.16383682191371918,0.0549730584025383,0.10641784220933914,-0.06680931895971298,0.2493520826101303,-0.02579035609960556,-0.042042557150125504,0.2343624234199524,-0.13418221473693848,0.002410401590168476
0.04580600932240486,0.5893309116363525,1.3484801054000854,-0.018163307513439926,0.007525861297983763,-0.0064789880059225105,0.0032654245724008336,0.01435164552541918,0.005614362487467953,0.1463072769343853,-0.11084718704223628,-0.05144526958465567,0.7878814339637756,0.7228689193725586,0.9981061816215515,-0.03225345,0.005654834,-0.008041866,257.0,1740111797.171395,0.05913916230201721,0.06262490153312683,0.1667717695236206,0.14993391931056976,-0.05405651777982712,-0.05526117980480194,0.03847210109233856,0.2386941760778427,0.2171623557806015,0.07387076318264008,0.11907947063446045,0.26957085728645325,0.15782500803470612,-0.036979109048843384,0.21369177103042603,0.04196053743362427,0.1929778903722763,0.0645345002412796,-0.09321053326129913,0.09336883574724197,-0.07366567105054855,-0.25285711884498596,-0.1615113914012909,0.05438413470983505,0.10665386915206909,-0.06497501581907272,0.24817614257335663,-0.02712993696331978,-0.043512891978025436,0.228815495967865,-0.13108660280704498,0.006081896368414164
0.045866310596466064,0.5892863869667053,1.3485288619995117,-0.018163307513439926,0.007525861297983763,-0.0064789880059225105,0.012107921266620195,0.014397009658733344,0.006268529394005004,0.14580600932240487,-0.11066908836364742,-0.05151989459991446,0.7878814339637756,0.7228689193725586,0.9981061816215515,-0.03028436,0.0055813864,-0.008255988,258.0,1740111797.212306,0.05970700830221176,0.06300032138824463,0.16692137718200684,0.14907829463481903,-0.05322244018316269,-0.05597496032714844,0.03792477026581764,0.23801809549331665,0.21799057722091675,0.07389596104621887,0.11901083588600159,0.2690342366695404,0.1573982983827591,-0.03728136420249939,0.21418073773384094,0.04165210202336311,0.19336535036563873,0.06407591700553894,-0.09278115630149841,0.09232509881258011,-0.07466064393520355,-0.2530933916568756,-0.16114506125450134,0.05423466116189957,0.10758906602859497,-0.06446471065282822,0.2483934611082077,-0.027391117066144943,-0.044416215270757675,0.227857768535614,-0.1310107409954071,0.007919658906757832
0.045225560665130615,0.5895949602127075,1.3485257625579834,-0.013615883731609425,0.011381730786433765,0.00104663020855076,0.01147982490416253,0.01493485810538354,0.005502661509515412,0.1455177053809166,-0.11059303283691402,-0.05149796009063712,0.7878814339637756,0.7228689193725586,0.9981061816215515,-0.028955325,0.005360797,-0.005566269,259.0,1740111797.2457733,0.05925142019987106,0.06299637258052826,0.16718730330467224,0.15011589229106903,-0.053572602570056915,-0.055654484778642654,0.03827841952443123,0.23896747827529907,0.21757204830646515,0.07437308132648468,0.1197214126586914,0.2697826623916626,0.15772134065628052,-0.03711657598614693,0.21410737931728363,0.04149317368865013,0.19328917562961578,0.06452015042304993,-0.09318874776363373,0.09314651042222977,-0.07419367134571075,-0.25373193621635437,-0.16164100170135498,0.05463606119155884,0.10666053742170334,-0.06487743556499481,0.24866871535778046,-0.027629569172859192,-0.04425378516316414,0.2285909652709961,-0.13114143908023834,0.006797808222472668
0.04412735626101494,0.5901731848716736,1.3485345840454102,-0.013615883731609425,0.011381730786433765,0.00104663020855076,0.00556652338515232,0.01618911415800209,0.004410741876070999,0.14447558522224427,-0.10989542007446285,-0.05150535106658927,0.7878814339637756,0.7228689193725586,0.9981061816215515,-0.029681087,0.005194366,-0.005101308,260.0,1740111797.2730668,0.05878157168626785,0.06306630373001099,0.1662624180316925,0.1492817997932434,-0.05277235805988312,-0.055777717381715775,0.03804812952876091,0.2376382201910019,0.21682508289813995,0.0741688460111618,0.11907346546649933,0.2684173882007599,0.15688081085681915,-0.037271302193403244,0.21297457814216614,0.04106204956769943,0.19252054393291473,0.06411944329738617,-0.09261021018028259,0.09231594949960709,-0.07437668740749359,-0.25258955359458923,-0.16089436411857605,0.05434802919626236,0.10662683099508286,-0.06432344764471054,0.2476523369550705,-0.027894940227270126,-0.04438229277729988,0.22701194882392883,-0.13025055825710297,0.007200326770544052
0.04340977221727371,0.589870810508728,1.3484503030776978,-0.013615883731609425,0.011381730786433765,0.00104663020855076,0.009062568071362364,0.016025313825665598,0.006953852074248182,0.14412735626101494,-0.10982681512832637,-0.051465415954589755,0.7878814339637756,0.7228689193725586,0.9981061816215515,-0.039137274,0.0063882098,0.0025608167,261.0,1740111797.3030193,0.05467212200164795,0.0621674619615078,0.16411590576171875,0.151838481426239,-0.05496688932180405,-0.054208122193813324,0.040444307029247284,0.23843595385551453,0.21283282339572906,0.0731378048658371,0.11761578917503357,0.2680095136165619,0.15739846229553223,-0.038128599524497986,0.20908713340759277,0.040894828736782074,0.18945683538913727,0.06582525372505188,-0.09440627694129944,0.09472548216581345,-0.07362528145313263,-0.24919316172599792,-0.16017134487628937,0.054739780724048615,0.10366353392601013,-0.06525187194347382,0.24626955389976501,-0.02861972153186798,-0.04208315536379814,0.22715049982070923,-0.12859199941158295,0.001044086180627346
0.043088048696517944,0.589913010597229,1.3485124111175537,-0.013615883731609425,0.011381730786433765,0.00104663020855076,0.008946151914147762,0.015845747853110423,0.0062782854092312285,0.14308804869651795,-0.11008698940277095,-0.0514875888824462,0.7878814339637756,0.7228689193725586,0.9981061816215515,-0.039137274,0.0063882098,0.0025608167,262.0,1740111797.3368983,0.05467212200164795,0.0621674619615078,0.16411590576171875,0.151838481426239,-0.05496688932180405,-0.054208122193813324,0.040444307029247284,0.23843595385551453,0.21283282339572906,0.0731378048658371,0.11761578917503357,0.2680095136165619,0.15739846229553223,-0.038128599524497986,0.20908713340759277,0.040894828736782074,0.18945683538913727,0.06582525372505188,-0.09440627694129944,0.09472548216581345,-0.07362528145313263,-0.24919316172599792,-0.16017134487628937,0.054739780724048615,0.10366353392601013,-0.06525187194347382,0.24626955389976501,-0.02861972153186798,-0.04208315536379814,0.22715049982070923,-0.12859199941158295,0.001044086180627346
0.04267985001206398,0.5901006460189819,1.3490560054779053,-0.024323720325091554,0.008495042140620336,0.0024090506398078445,0.01231014607011233,0.009130756060211243,0.005200596178384136,0.14246435686945916,-0.10952950716018672,-0.051077866554260165,0.7878814339637756,0.7228689193725586,0.9981061816215515,-0.026948646,0.005282603,-0.0106714815,263.0,1740111797.3696146,0.058275945484638214,0.06355991959571838,0.1616145670413971,0.14124813675880432,-0.04620381444692612,-0.05846547335386276,0.034858062863349915,0.22751593589782715,0.21430842578411102,0.07323436439037323,0.11629374325275421,0.25894689559936523,0.15171049535274506,-0.0371682308614254,0.20783206820487976,0.03802155703306198,0.18875500559806824,0.05982954427599907,-0.08677464723587036,0.08526179939508438,-0.07598330825567245,-0.24793021380901337,-0.1557847112417221,0.052245765924453735,0.10749086737632751,-0.059504903852939606,0.24288038909435272,-0.02857380360364914,-0.046255867928266525,0.21684199571609497,-0.12401007115840912,0.014597664587199688
0.042144834995269775,0.5901677012443542,1.3494428396224976,-0.024323720325091554,0.008495042140620336,0.0024090506398078445,0.011696522364445865,0.008472687138533736,0.004650865207217186,0.14267985001206399,-0.10989935398101802,-0.05094399452209464,0.7878814339637756,0.7228689193725586,0.9981061816215515,-0.029275171,0.005233936,-0.0109868795,264.0,1740111797.4062848,0.058032408356666565,0.06337589025497437,0.16143469512462616,0.14151693880558014,-0.04673406481742859,-0.05818268656730652,0.035126831382513046,0.22793033719062805,0.21413035690784454,0.07313457131385803,0.11622171103954315,0.25914591550827026,0.15182019770145416,-0.03700950741767883,0.20762331783771515,0.038296107202768326,0.18861667811870575,0.059992510825395584,-0.08712087571620941,0.0855984315276146,-0.07550400495529175,-0.24765722453594208,-0.15586186945438385,0.052305445075035095,0.10722552239894867,-0.059696413576602936,0.24264542758464813,-0.028419800102710724,-0.04580047354102135,0.21708598732948303,-0.12418857216835022,0.013758867047727108
0.04168374091386795,0.5899817943572998,1.3494328260421753,-0.024323720325091554,0.008495042140620336,0.0024090506398078445,0.011720078055403838,0.010433611703301447,0.0071641194841368435,0.14168374091386796,-0.11001820564270015,-0.05056717395782462,0.7878814339637756,0.7228689193725586,0.9981061816215515,-0.029275171,0.005233936,-0.0109868795,265.0,1740111797.4364548,0.058032408356666565,0.06337589025497437,0.16143469512462616,0.14151693880558014,-0.04673406481742859,-0.05818268656730652,0.035126831382513046,0.22793033719062805,0.21413035690784454,0.07313457131385803,0.11622171103954315,0.25914591550827026,0.15182019770145416,-0.03700950741767883,0.20762331783771515,0.038296107202768326,0.18861667811870575,0.059992510825395584,-0.08712087571620941,0.0855984315276146,-0.07550400495529175,-0.24765722453594208,-0.15586186945438385,0.052305445075035095,0.10722552239894867,-0.059696413576602936,0.24264542758464813,-0.028419800102710724,-0.04580047354102135,0.21708598732948303,-0.12418857216835022,0.013758867047727108
0.04026827588677406,0.5906468629837036,1.3502689599990845,-0.01806286820354782,0.0017651991157670067,0.011766179176966384,0.002970162079800274,0.008000176726398632,0.0037439636855104604,0.14080000892281533,-0.10935677289962764,-0.04994370937347403,0.7878814339637756,0.7228689193725586,0.9981061816215515,-0.027818814,0.005034603,-0.012181662,266.0,1740111797.470866,0.058285102248191833,0.06336735188961029,0.16274544596672058,0.143893763422966,-0.048520565032958984,-0.057367149740457535,0.036199916154146194,0.23092485964298248,0.2154577225446701,0.07368746399879456,0.11704781651496887,0.26223018765449524,0.15317757427692413,-0.037233296781778336,0.20947962999343872,0.03943275287747383,0.19007089734077454,0.06130652502179146,-0.0890285074710846,0.08756817132234573,-0.07556414604187012,-0.24878525733947754,-0.15745633840560913,0.05307839810848236,0.10761276632547379,-0.060978032648563385,0.24383467435836792,-0.02863573282957077,-0.04554532840847969,0.21977630257606506,-0.1263474076986313,0.01185302808880806
0.039861295372247696,0.5906842947006226,1.3508249521255493,-0.01806286820354782,0.0017651991157670067,0.011766179176966384,0.006054872819683587,0.009123847170916926,0.0038126802637746347,0.14026827588677407,-0.10935313701629634,-0.04973104000091544,0.7878814339637756,0.7228689193725586,0.9981061816215515,-0.028956085,0.0048485696,-0.012406364,267.0,1740111797.5049553,0.05691119283437729,0.06295032799243927,0.1605333387851715,0.14208810031414032,-0.047335587441921234,-0.05755091458559036,0.035843778401613235,0.22780343890190125,0.21296551823616028,0.07294772565364838,0.11622586846351624,0.2590319812297821,0.15207034349441528,-0.03682539239525795,0.2063681036233902,0.03871592506766319,0.18757390975952148,0.06029975786805153,-0.0875159502029419,0.0865161195397377,-0.07462617754936218,-0.24651633203029633,-0.15590378642082214,0.05237603187561035,0.1062445268034935,-0.05979161709547043,0.24183529615402222,-0.028362073004245758,-0.044525403529405594,0.2172328531742096,-0.12382489442825317,0.011661222204566002
0.03960244730114937,0.5907695293426514,1.35112464427948,-0.01806286820354782,0.0017651991157670067,0.011766179176966384,0.005455486176273953,0.009215057268354157,0.004979445926745071,0.13960244730114937,-0.10923047065734859,-0.04887535572051993,0.7878814339637756,0.7228689193725586,0.9981061816215515,-0.030276097,0.004668765,-0.012952156,268.0,1740111797.5367,0.05576402693986893,0.06237754598259926,0.158267080783844,0.13962016999721527,-0.045875370502471924,-0.057495445013046265,0.03521977365016937,0.22436019778251648,0.2100960910320282,0.07198645174503326,0.1149047315120697,0.25529757142066956,0.15071414411067963,-0.0358877032995224,0.20295238494873047,0.038039252161979675,0.1848980337381363,0.058886777609586716,-0.08555750548839569,0.08507959544658661,-0.07313857227563858,-0.24393582344055176,-0.15413253009319305,0.05143916606903076,0.10495324432849884,-0.058559440076351166,0.23931840062141418,-0.02775641903281212,-0.04321826621890068,0.21457001566886902,-0.12118752300739288,0.01144484430551529
0.0391753688454628,0.5903868079185486,1.3523904085159302,-0.01355508153855029,-0.002139417195304621,0.019474564706678046,0.0120560094645966,0.0047941204235410805,0.0077076098221854975,0.1394604243338108,-0.10957731008529659,-0.04801752567291251,0.7878814339637756,0.7228689193725586,0.9981061816215515,-0.032486275,0.0048335567,-0.009356819,269.0,1740111797.5695386,0.05481909215450287,0.06200195103883743,0.15723927319049835,0.13876666128635406,-0.045129723846912384,-0.05751665309071541,0.03554758056998253,0.22269360721111298,0.20855113863945007,0.0718148946762085,0.1145373284816742,0.2538388967514038,0.15040583908557892,-0.035723425447940826,0.20114533603191376,0.0377315990626812,0.18335670232772827,0.058540042489767075,-0.08462594449520111,0.08506094664335251,-0.07258153706789017,-0.24296826124191284,-0.1534005105495453,0.05119957774877548,0.10398100316524506,-0.05813492089509964,0.23836368322372437,-0.027828633785247803,-0.04250025376677513,0.21357333660125732,-0.11979198455810547,0.010946609079837799
0.038571275770664215,0.5902007818222046,1.353635549545288,-0.01355508153855029,-0.002139417195304621,0.019474564706678046,0.013504759775525498,0.004799112272896569,0.005437722525814836,0.1391753688454628,-0.10961319208145137,-0.047609591484069735,0.7878814339637756,0.7228689193725586,0.9981061816215515,-0.032486275,0.0048335567,-0.009356819,270.0,1740111797.603988,0.05481909215450287,0.06200195103883743,0.15723927319049835,0.13876666128635406,-0.045129723846912384,-0.05751665309071541,0.03554758056998253,0.22269360721111298,0.20855113863945007,0.0718148946762085,0.1145373284816742,0.2538388967514038,0.15040583908557892,-0.035723425447940826,0.20114533603191376,0.0377315990626812,0.18335670232772827,0.058540042489767075,-0.08462594449520111,0.08506094664335251,-0.07258153706789017,-0.24296826124191284,-0.1534005105495453,0.05119957774877548,0.10398100316524506,-0.05813492089509964,0.23836368322372437,-0.027828633785247803,-0.04250025376677513,0.21357333660125732,-0.11979198455810547,0.010946609079837799
0.03740738332271576,0.5908304452896118,1.3544721603393555,-0.01355508153855029,-0.002139417195304621,0.019474564706678046,0.0060184491277356115,0.007857258426230999,0.005256568108494846,0.13825855627655984,-0.10978443622589107,-0.04585447311401358,0.7878814339637756,0.7228689193725586,0.9981061816215515,-0.033585474,0.0048349276,-0.008128896,271.0,1740111797.6378171,0.05449264496564865,0.0619339793920517,0.15809494256973267,0.1409338265657425,-0.046495042741298676,-0.057085923850536346,0.03647154942154884,0.22471053898334503,0.20879223942756653,0.07225695252418518,0.11536844074726105,0.2558498680591583,0.15150028467178345,-0.036103591322898865,0.20196308195590973,0.03807474672794342,0.1839711219072342,0.05961808189749718,-0.08593149483203888,0.08691396564245224,-0.07245048135519028,-0.24409958720207214,-0.15452983975410461,0.05189152806997299,0.1033245325088501,-0.05912794917821884,0.23957905173301697,-0.028150811791419983,-0.04226558282971382,0.21548667550086975,-0.12071196734905243,0.009080854244530201
0.03667492792010307,0.5903723239898682,1.3554819822311401,-0.024996923831383654,-0.00014479592712295856,0.030906482090591006,0.00987706254612089,0.010187986307230638,0.007496800973933223,0.13705205768346787,-0.10957158803939815,-0.04510667324066153,0.7878814339637756,0.7228689193725586,0.9981061816215515,-0.033293545,0.004459776,-0.009389922,272.0,1740111797.672095,0.055392228066921234,0.061710987240076065,0.15896569192409515,0.1403442621231079,-0.04637734591960907,-0.05658308044075966,0.036280348896980286,0.22495026886463165,0.2094220668077469,0.07198260724544525,0.11514432728290558,0.25580549240112305,0.15178239345550537,-0.03518500551581383,0.20269963145256042,0.03878675028681755,0.18433833122253418,0.059074338525533676,-0.0855376273393631,0.08678928762674332,-0.07163041830062866,-0.24430550634860992,-0.154683455824852,0.051568977534770966,0.10399888455867767,-0.05919353663921356,0.2395588457584381,-0.027370139956474304,-0.041718851774930954,0.21637219190597534,-0.12164714932441711,0.00931507721543312
0.03644895553588867,0.5903034806251526,1.3567384481430054,-0.024996923831383654,-0.00014479592712295856,0.030906482090591006,0.011209514048461112,0.009486192821682494,0.010443521511417631,0.13667492792010308,-0.10962767601013179,-0.044518017768859774,0.7878814339637756,0.7228689193725586,0.9981061816215515,-0.033035472,0.003998667,-0.008067459,273.0,1740111797.7068605,0.05596618354320526,0.06193269416689873,0.15884341299533844,0.1383461356163025,-0.045189253985881805,-0.05746833607554436,0.035145293921232224,0.22314254939556122,0.2095077782869339,0.07146494090557098,0.1146419495344162,0.25379472970962524,0.1507892906665802,-0.03491795063018799,0.20243199169635773,0.03810549154877663,0.18390591442584991,0.05783698335289955,-0.08399362862110138,0.0849352553486824,-0.07189014554023743,-0.24419283866882324,-0.15350300073623657,0.050801314413547516,0.10435328632593155,-0.05825061351060867,0.23922297358512878,-0.026925742626190186,-0.042363736778497696,0.21487882733345032,-0.12069551646709442,0.011766120791435242
0.03632088378071785,0.5906493067741394,1.357600212097168,-0.024996923831383654,-0.00014479592712295856,0.030906482090591006,0.010601109364602006,0.007943238838217525,0.007039139406031853,0.13632088378071786,-0.10935069322586055,-0.04239978790283194,0.7878814339637756,0.7228689193725586,0.9981061816215515,-0.037710972,0.0036364421,-0.01076594,274.0,1740111797.7368798,0.057264044880867004,0.062016189098358154,0.16037167608737946,0.13860881328582764,-0.04576379060745239,-0.05727998539805412,0.03481330722570419,0.2247791588306427,0.2111964076757431,0.07137328386306763,0.11499160528182983,0.2550118863582611,0.15132877230644226,-0.03429447486996651,0.20435753464698792,0.03876781091094017,0.185232475399971,0.057747695595026016,-0.08447559177875519,0.08491250872612,-0.07167202979326248,-0.24544787406921387,-0.15414179861545563,0.05079267919063568,0.10537290573120117,-0.05858781188726425,0.24020299315452576,-0.026293490082025528,-0.042525049299001694,0.2164973020553589,-0.12231221795082092,0.012136995792388916
0.03458855301141739,0.5905263423919678,1.3593703508377075,-0.020860337271364174,0.0015399321571684318,0.03887732747873058,0.008134174000129618,0.011632895367332535,0.005859369712591538,0.13491352126002312,-0.10943658351898189,-0.0413019895553588,0.7878814339637756,0.7228689193725586,0.9981061816215515,-0.037710972,0.0036364421,-0.01076594,275.0,1740111797.7709703,0.057264044880867004,0.062016189098358154,0.16037167608737946,0.13860881328582764,-0.04576379060745239,-0.05727998539805412,0.03481330722570419,0.2247791588306427,0.2111964076757431,0.07137328386306763,0.11499160528182983,0.2550118863582611,0.15132877230644226,-0.03429447486996651,0.20435753464698792,0.03876781091094017,0.185232475399971,0.057747695595026016,-0.08447559177875519,0.08491250872612,-0.07167202979326248,-0.24544787406921387,-0.15414179861545563,0.05079267919063568,0.10537290573120117,-0.05858781188726425,0.24020299315452576,-0.026293490082025528,-0.042525049299001694,0.2164973020553589,-0.12231221795082092,0.012136995792388916
0.03409633785486221,0.5909314751625061,1.360897183418274,-0.020860337271364174,0.0015399321571684318,0.03887732747873058,0.006155566769830771,0.009743084901236834,0.0035216781838607178,0.1345885530114174,-0.10947365760803218,-0.04062964916229239,0.7878814339637756,0.7228689193725586,0.9981061816215515,-0.03873682,0.0033253431,-0.015508488,276.0,1740111797.8035634,0.058610111474990845,0.062387168407440186,0.16114817559719086,0.13839760422706604,-0.04592175781726837,-0.0573759488761425,0.03421454504132271,0.22529739141464233,0.21316026151180267,0.07093046605587006,0.11443179845809937,0.25554734468460083,0.15139751136302948,-0.03471749648451805,0.20620380342006683,0.03936973214149475,0.1869121491909027,0.05786040797829628,-0.08525636792182922,0.08412931859493256,-0.07297568023204803,-0.24538373947143555,-0.15459731221199036,0.05066198855638504,0.10761857777833939,-0.05866023153066635,0.24085547029972076,-0.026317249983549118,-0.04321622475981712,0.21648555994033813,-0.12391501665115356,0.013797999359667301
0.03355376794934273,0.5911231637001038,1.361624836921692,-0.020860337271364174,0.0015399321571684318,0.03887732747873058,0.003771781075872157,0.010668478346091682,0.002073845430968662,0.13355376794934273,-0.1088768362998962,-0.03837516307830802,0.7878814339637756,0.7228689193725586,0.9981061816215515,-0.033816338,0.0026773512,-0.02524522,277.0,1740111797.8361113,0.061148740351200104,0.06296571344137192,0.16276657581329346,0.1375407576560974,-0.04575467109680176,-0.05793679505586624,0.03348097205162048,0.22573885321617126,0.217070534825325,0.07065512239933014,0.11414752900600433,0.25673893094062805,0.15191243588924408,-0.035362064838409424,0.2096790075302124,0.04071662947535515,0.18967261910438538,0.05780993774533272,-0.08590240776538849,0.08306054770946503,-0.07508578896522522,-0.24612896144390106,-0.155424103140831,0.05059908330440521,0.11146463453769684,-0.05859469622373581,0.24219021201133728,-0.02633751556277275,-0.0443313829600811,0.21674546599388123,-0.12648989260196686,0.017146321013569832
0.032046541571617126,0.5898089408874512,1.363633394241333,-0.025412928525631095,-0.007171987062297849,0.04261838307325247,0.013189699391506441,0.015184930550268818,0.004697394622592049,0.13301602974534035,-0.10922892093658443,-0.037085318565368564,0.7878814339637756,0.7228689193725586,0.9981061816215515,-0.03114491,0.0024028346,-0.028476201,278.0,1740111797.8707023,0.06132826954126358,0.06279551982879639,0.16284732520580292,0.13739192485809326,-0.04546641558408737,-0.05786401033401489,0.03387753665447235,0.22548918426036835,0.21716123819351196,0.07098907232284546,0.11428812146186829,0.25694748759269714,0.15205839276313782,-0.035146843641996384,0.20979651808738708,0.04096706211566925,0.1895826905965805,0.0576850064098835,-0.08538103103637695,0.08337058126926422,-0.07493963837623596,-0.24648261070251465,-0.15536342561244965,0.05081656575202942,0.1113443449139595,-0.0585218146443367,0.24215228855609894,-0.026699896901845932,-0.04413990303874016,0.21696403622627258,-0.12647578120231628,0.01702774316072464
0.0325772687792778,0.5902242064476013,1.3651254177093506,-0.025412928525631095,-0.007171987062297849,0.04261838307325247,0.01023353283274231,0.010508346496027787,0.005833720129896086,0.13204654157161713,-0.11019105911254878,-0.0363666057586669,0.7878814339637756,0.7228689193725586,0.9981061816215515,-0.03156142,0.0023863167,-0.030050054,279.0,1740111797.9024708,0.06215965747833252,0.062893345952034,0.16303589940071106,0.13646627962589264,-0.04521840065717697,-0.057724546641111374,0.033526401966810226,0.22513370215892792,0.2181064635515213,0.07071858644485474,0.11374768614768982,0.25662633776664734,0.1515939086675644,-0.03492826968431473,0.21037481725215912,0.04142215475440025,0.1899690181016922,0.057279158383607864,-0.08502483367919922,0.08252739161252975,-0.07504007965326309,-0.24592454731464386,-0.15505298972129822,0.050332210958004,0.11259852349758148,-0.05819478631019592,0.24161823093891144,-0.026159830391407013,-0.04428655281662941,0.2167559266090393,-0.1272137314081192,0.01804315112531185
0.031638119369745255,0.5905320048332214,1.3658058643341064,-0.025412928525631095,-0.007171987062297849,0.04261838307325247,0.004447683796978346,0.01247062042652723,0.0013103721791592668,0.13163811936974526,-0.10946799516677852,-0.034194135665893466,0.7878814339637756,0.7228689193725586,0.9981061816215515,-0.03156142,0.0023863167,-0.030050054,280.0,1740111797.936431,0.06215965747833252,0.062893345952034,0.16303589940071106,0.13646627962589264,-0.04521840065717697,-0.057724546641111374,0.033526401966810226,0.22513370215892792,0.2181064635515213,0.07071858644485474,0.11374768614768982,0.25662633776664734,0.1515939086675644,-0.03492826968431473,0.21037481725215912,0.04142215475440025,0.1899690181016922,0.057279158383607864,-0.08502483367919922,0.08252739161252975,-0.07504007965326309,-0.24592454731464386,-0.15505298972129822,0.050332210958004,0.11259852349758148,-0.05819478631019592,0.24161823093891144,-0.026159830391407013,-0.04428655281662941,0.2167559266090393,-0.1272137314081192,0.01804315112531185
0.030341152101755142,0.5894051194190979,1.3679890632629395,-0.01705260995036499,-0.004037910466263929,0.043553408890435845,0.013191052013940958,0.012865309849392562,0.003727802926231869,0.13015725687146187,-0.110723865032196,-0.03325595855712882,0.7878814339637756,0.7228689193725586,0.9981061816215515,-0.031826094,0.0022409186,-0.031311855,281.0,1740111797.9698882,0.06298123300075531,0.06297672539949417,0.16476908326148987,0.1373904049396515,-0.045715466141700745,-0.057274576276540756,0.034002698957920074,0.2271161526441574,0.2196512520313263,0.07125712931156158,0.11470203101634979,0.25865164399147034,0.15265770256519318,-0.034465305507183075,0.21232318878173828,0.042410314083099365,0.19097867608070374,0.05749328061938286,-0.08566343784332275,0.08338714390993118,-0.07485920935869217,-0.24739836156368256,-0.15617021918296814,0.05077817291021347,0.11347811669111252,-0.05873233079910278,0.24262025952339172,-0.026024360209703445,-0.044229332357645035,0.21892929077148438,-0.12890273332595825,0.017601409927010536
0.02993357926607132,0.5899141430854797,1.3694487810134888,-0.01705260995036499,-0.004037910466263929,0.043553408890435845,0.0039743127333304335,0.009870652777027578,0.0032087359226426948,0.13034115210175515,-0.11059488058090206,-0.03201093673706046,0.7878814339637756,0.7228689193725586,0.9981061816215515,-0.030857526,0.0028790906,-0.026985548,282.0,1740111798.0032854,0.06274550408124924,0.06259641796350479,0.16538995504379272,0.1376100480556488,-0.04557311534881592,-0.05636017769575119,0.03445610776543617,0.22773614525794983,0.21926940977573395,0.07135701179504395,0.11502690613269806,0.25884267687797546,0.1532125174999237,-0.03341062739491463,0.2121514528989792,0.04296850040555,0.19053784012794495,0.05727432295680046,-0.08565111458301544,0.08401650190353394,-0.07353377342224121,-0.2474517971277237,-0.15663883090019226,0.050816260278224945,0.11323089152574539,-0.058900825679302216,0.24234919250011444,-0.025648541748523712,-0.04305480793118477,0.2200305461883545,-0.1293904036283493,0.01614510454237461
0.029671858996152878,0.5893332362174988,1.37008798122406,-0.01705260995036499,-0.004037910466263929,0.043553408890435845,0.00795682649456275,0.010960775380981613,0.004841924848723413,0.12967185899615288,-0.11066676378250118,-0.029912018775939853,0.7878814339637756,0.7228689193725586,0.9981061816215515,-0.0336314,0.0033861622,-0.024770312,283.0,1740111798.0372849,0.06268195807933807,0.062397848814725876,0.16543595492839813,0.13778212666511536,-0.04573216289281845,-0.05606132000684738,0.03490038216114044,0.22799231112003326,0.21905814111232758,0.07143756747245789,0.11482785642147064,0.2591279149055481,0.15348698198795319,-0.03333565965294838,0.2121695876121521,0.043260104954242706,0.19040004909038544,0.05733445659279823,-0.08579310774803162,0.08433260768651962,-0.07339103519916534,-0.2474043369293213,-0.15678495168685913,0.05092831701040268,0.11339273303747177,-0.05906439572572708,0.24231456220149994,-0.025850608944892883,-0.04270711913704872,0.2204822301864624,-0.1294979602098465,0.015574915334582329
0.02873910777270794,0.5888204574584961,1.3723907470703125,-0.016016639900603057,-0.005845231568660167,0.044006388100970135,0.005445124196148481,0.010512249812575269,0.005420822071087528,0.12909541875123978,-0.11097015142440791,-0.0283400058746337,0.7878814339637756,0.7228689193725586,0.9981061816215515,-0.03148091,0.0035415515,-0.02485241,284.0,1740111798.0774703,0.06326951086521149,0.06230996921658516,0.165815532207489,0.13707280158996582,-0.04558315873146057,-0.05578218400478363,0.035019055008888245,0.22766125202178955,0.21976861357688904,0.07138197124004364,0.11446082592010498,0.2590416967868805,0.1534344106912613,-0.03310955688357353,0.2127336710691452,0.04385463520884514,0.1905713826417923,0.05709586665034294,-0.0852830708026886,0.08406618982553482,-0.07323712855577469,-0.24713225662708282,-0.15668825805187225,0.050587013363838196,0.1143687441945076,-0.0588793084025383,0.2420119047164917,-0.02542037144303322,-0.042519453912973404,0.2208668291568756,-0.13015945255756378,0.016013532876968384
0.02824496291577816,0.5885486006736755,1.3738861083984375,-0.016016639900603057,-0.005845231568660167,0.044006388100970135,0.005743644413078421,0.011797041448393742,0.005377718196317843,0.12873910777270794,-0.11117954254150386,-0.02760925292968741,0.7878814339637756,0.7228689193725586,0.9981061816215515,-0.03148091,0.0035415515,-0.02485241,285.0,1740111798.1051037,0.06326951086521149,0.06230996921658516,0.165815532207489,0.13707280158996582,-0.04558315873146057,-0.05578218400478363,0.035019055008888245,0.22766125202178955,0.21976861357688904,0.07138197124004364,0.11446082592010498,0.2590416967868805,0.1534344106912613,-0.03310955688357353,0.2127336710691452,0.04385463520884514,0.1905713826417923,0.05709586665034294,-0.0852830708026886,0.08406618982553482,-0.07323712855577469,-0.24713225662708282,-0.15668825805187225,0.050587013363838196,0.1143687441945076,-0.0588793084025383,0.2420119047164917,-0.02542037144303322,-0.042519453912973404,0.2208668291568756,-0.13015945255756378,0.016013532876968384
0.027929766103625298,0.5883021354675293,1.3745917081832886,-0.016016639900603057,-0.005845231568660167,0.044006388100970135,0.006226603071746546,0.010471254211002652,0.005924213330773639,0.1279297661036253,-0.11169786453247066,-0.025408291816711337,0.7878814339637756,0.7228689193725586,0.9981061816215515,-0.03284684,0.0036813095,-0.025162056,286.0,1740111798.136871,0.06418334692716599,0.06234637647867203,0.16555394232273102,0.13615736365318298,-0.04541230946779251,-0.0558864064514637,0.0343991182744503,0.22674678266048431,0.22096742689609528,0.07076159119606018,0.11379685997962952,0.25850820541381836,0.15330715477466583,-0.0333671011030674,0.21338899433612823,0.04436230659484863,0.19148734211921692,0.0568922720849514,-0.085365429520607,0.08324785530567169,-0.07370494306087494,-0.24644096195697784,-0.1568031907081604,0.0501946359872818,0.11597313731908798,-0.058555178344249725,0.24186496436595917,-0.025118496268987656,-0.042461659759283066,0.22012102603912354,-0.13086660206317902,0.017186088487505913
0.027056094259023666,0.5876363515853882,1.3766521215438843,-0.016016639900603057,-0.005845231568660167,0.044006388100970135,0.005928757288191978,0.011143340559315165,0.006436999067346242,0.12749794349074364,-0.11201788187026973,-0.02402606010437003,0.7878814339637756,0.7228689193725586,0.9981061816215515,-0.03283143,0.0036210194,-0.026505709,287.0,1740111798.17107,0.06486597657203674,0.06236979365348816,0.16520342230796814,0.13600434362888336,-0.04612202197313309,-0.05534372106194496,0.0339837521314621,0.22704434394836426,0.22191475331783295,0.07009230554103851,0.11297757923603058,0.25862640142440796,0.1529802680015564,-0.033460505306720734,0.21371695399284363,0.04476676508784294,0.19265170395374298,0.05738880857825279,-0.08627483248710632,0.08272907137870789,-0.07360691577196121,-0.2452455759048462,-0.1570592075586319,0.049695663154125214,0.1172064021229744,-0.05870584398508072,0.2414064109325409,-0.024274811148643494,-0.041911523789167404,0.2196999490261078,-0.13223804533481598,0.017041819170117378
0.027332749217748642,0.5875236392021179,1.3780372142791748,-0.01017756454748741,-0.009363134105460497,0.04204796403094863,0.008399760730755755,0.008909138550237129,0.004128149757282504,0.12705609425902367,-0.11236364841461177,-0.023347878456115634,0.7878814339637756,0.7228689193725586,0.9981061816215515,-0.029042259,0.0033919811,-0.029553697,288.0,1740111798.2036068,0.06599701195955276,0.06242797523736954,0.16449344158172607,0.13365823030471802,-0.044791705906391144,-0.056285955011844635,0.03300286456942558,0.2245866060256958,0.22290101647377014,0.06935077905654907,0.11180856823921204,0.2567752003669739,0.15224169194698334,-0.03425917029380798,0.21398185193538666,0.04477201774716377,0.1932954639196396,0.05671544745564461,-0.08569380640983582,0.08068446815013885,-0.07525165379047394,-0.24404169619083405,-0.1563408076763153,0.04912751168012619,0.11943883448839188,-0.05785727500915527,0.24109721183776855,-0.024654358625411987,-0.04244321957230568,0.21728351712226868,-0.13219702243804932,0.020237784832715988
0.02702298015356064,0.5870856642723083,1.3787992000579834,-0.01017756454748741,-0.009363134105460497,0.04204796403094863,0.009457512901226385,0.006517564304385698,0.000976622796604227,0.12702298015356064,-0.1129143357276916,-0.021200799942016513,0.7878814339637756,0.7228689193725586,0.9981061816215515,-0.028829366,0.0027559325,-0.031930745,289.0,1740111798.2363822,0.0649615079164505,0.06207439303398132,0.16288767755031586,0.13267961144447327,-0.04416520893573761,-0.056277044117450714,0.03310595825314522,0.22253373265266418,0.22107423841953278,0.06884868443012238,0.111005499958992,0.2548765242099762,0.15153555572032928,-0.034225769340991974,0.21175771951675415,0.044314511120319366,0.19161830842494965,0.05632046237587929,-0.08474196493625641,0.08033468574285507,-0.07479172945022583,-0.24234086275100708,-0.15533578395843506,0.048589497804641724,0.11836476624011993,-0.05727739632129669,0.23969946801662445,-0.02456425130367279,-0.04172157868742943,0.21574443578720093,-0.13055716454982758,0.019808528944849968
0.026460211724042892,0.5863571763038635,1.3803719282150269,-0.01017756454748741,-0.009363134105460497,0.04204796403094863,0.01042042660696021,0.005560873019217758,0.0006093929439480094,0.12648611180484295,-0.11350394487380977,-0.020505571365356356,0.7878814339637756,0.7228689193725586,0.9981061816215515,-0.028829366,0.0027559325,-0.031930745,290.0,1740111798.2700932,0.0649615079164505,0.06207439303398132,0.16288767755031586,0.13267961144447327,-0.04416520893573761,-0.056277044117450714,0.03310595825314522,0.22253373265266418,0.22107423841953278,0.06884868443012238,0.111005499958992,0.2548765242099762,0.15153555572032928,-0.034225769340991974,0.21175771951675415,0.044314511120319366,0.19161830842494965,0.05632046237587929,-0.08474196493625641,0.08033468574285507,-0.07479172945022583,-0.24234086275100708,-0.15533578395843506,0.048589497804641724,0.11836476624011993,-0.05727739632129669,0.23969946801662445,-0.02456425130367279,-0.04172157868742943,0.21574443578720093,-0.13055716454982758,0.019808528944849968
0.026158813387155533,0.5858535170555115,1.3812540769577026,-0.012368343076452187,-0.016778931419007655,0.03473767385117666,0.010424452814139278,0.004888006258710991,0.000495854027689327,0.1264602117240429,-0.11364282369613643,-0.019628071784973056,0.7878814339637756,0.7228689193725586,0.9981061816215515,-0.024896398,0.0033311099,-0.032186836,291.0,1740111798.3033032,0.06726590543985367,0.06208270043134689,0.16340214014053345,0.131135955452919,-0.042885906994342804,-0.05649067461490631,0.0334792397916317,0.22134143114089966,0.22438716888427734,0.06912629306316376,0.11012901365756989,0.25592976808547974,0.15271791815757751,-0.03525311499834061,0.21403273940086365,0.046243295073509216,0.19373762607574463,0.05644012615084648,-0.0846366286277771,0.08016834408044815,-0.07725885510444641,-0.2420126497745514,-0.15633836388587952,0.04868611693382263,0.1224377304315567,-0.056923240423202515,0.24027061462402344,-0.025424249470233917,-0.04189786687493324,0.21547392010688782,-0.13245992362499237,0.022888831794261932
0.025818608701229095,0.5856375694274902,1.3815823793411255,-0.012368343076452187,-0.016778931419007655,0.03473767385117666,0.009298122858293843,0.006125656145289016,0.0008781522691936379,0.1258186087012291,-0.11436243057250972,-0.018417620658874423,0.7878814339637756,0.7228689193725586,0.9981061816215515,-0.024896398,0.0033311099,-0.032186836,292.0,1740111798.3368366,0.06726590543985367,0.06208270043134689,0.16340214014053345,0.131135955452919,-0.042885906994342804,-0.05649067461490631,0.0334792397916317,0.22134143114089966,0.22438716888427734,0.06912629306316376,0.11012901365756989,0.25592976808547974,0.15271791815757751,-0.03525311499834061,0.21403273940086365,0.046243295073509216,0.19373762607574463,0.05644012615084648,-0.0846366286277771,0.08016834408044815,-0.07725885510444641,-0.2420126497745514,-0.15633836388587952,0.04868611693382263,0.1224377304315567,-0.056923240423202515,0.24027061462402344,-0.025424249470233917,-0.04189786687493324,0.21547392010688782,-0.13245992362499237,0.022888831794261932
0.025006448850035667,0.5845232605934143,1.3822261095046997,-0.012368343076452187,-0.016778931419007655,0.03473767385117666,0.008849751653227574,0.007751073297658215,0.0061426046021411055,0.12563510835170746,-0.11490167379379268,-0.017735385894775302,0.7878814339637756,0.7228689193725586,0.9981061816215515,-0.0166464,0.004337281,-0.03421846,293.0,1740111798.3706965,0.06755633652210236,0.06153826788067818,0.16350285708904266,0.12938927114009857,-0.040714964270591736,-0.058582909405231476,0.03376346826553345,0.21839964389801025,0.22470645606517792,0.06941725313663483,0.110586017370224,0.25500884652137756,0.15346097946166992,-0.03654628247022629,0.21467840671539307,0.04616430774331093,0.19363322854042053,0.055503156036138535,-0.08359384536743164,0.07970442622900009,-0.08001555502414703,-0.24336272478103638,-0.1562374085187912,0.04942520707845688,0.12371169775724411,-0.0561031848192215,0.24183973670005798,-0.028034046292304993,-0.04293349012732506,0.2138444185256958,-0.13096188008785248,0.026195697486400604
0.02287685126066208,0.5840759873390198,1.3831474781036377,-0.032808466881806025,-0.01776925588634159,0.018927576369308797,0.024510572850026727,0.015218252490016368,0.0013616278951944657,0.12500644885003567,-0.11547673940658565,-0.017773890495300204,0.7878814339637756,0.7228689193725586,0.9981061816215515,-0.016065128,0.0040267333,-0.03536141,294.0,1740111798.4118123,0.0678340271115303,0.0615445151925087,0.1651519238948822,0.13170552253723145,-0.042421579360961914,-0.05737923085689545,0.034632302820682526,0.22173833847045898,0.2258334457874298,0.0698581337928772,0.11140692234039307,0.25789874792099,0.15496352314949036,-0.03634481504559517,0.21637339890003204,0.047230064868927,0.19494977593421936,0.05675192549824715,-0.08548788726329803,0.08155925571918488,-0.07946580648422241,-0.24440151453018188,-0.15798471868038177,0.05003838241100311,0.12412399798631668,-0.05742226541042328,0.24291840195655823,-0.027718625962734222,-0.042365435510873795,0.2168419063091278,-0.13335555791854858,0.024090811610221863
0.023875996470451355,0.583499014377594,1.3833996057510376,-0.032808466881806025,-0.01776925588634159,0.018927576369308797,0.009960282613675412,0.009178619064091112,0.0019788241241611914,0.12307245135307313,-0.1164485931396484,-0.01663317680358878,0.7878814339637756,0.7228689193725586,0.9981061816215515,-0.016065128,0.0040267333,-0.03536141,295.0,1740111798.4435487,0.0678340271115303,0.0615445151925087,0.1651519238948822,0.13170552253723145,-0.042421579360961914,-0.05737923085689545,0.034632302820682526,0.22173833847045898,0.2258334457874298,0.0698581337928772,0.11140692234039307,0.25789874792099,0.15496352314949036,-0.03634481504559517,0.21637339890003204,0.047230064868927,0.19494977593421936,0.05675192549824715,-0.08548788726329803,0.08155925571918488,-0.07946580648422241,-0.24440151453018188,-0.15798471868038177,0.05003838241100311,0.12412399798631668,-0.05742226541042328,0.24291840195655823,-0.027718625962734222,-0.042365435510873795,0.2168419063091278,-0.13335555791854858,0.024090811610221863
0.02425461634993553,0.5834508538246155,1.3837149143218994,-0.032808466881806025,-0.01776925588634159,0.018927576369308797,0.006421910240168298,0.008049783450880345,0.00107922177328217,0.1243489369750023,-0.11631311178207393,-0.016487979888915927,0.7878814339637756,0.7228689193725586,0.9981061816215515,-0.01725097,0.0039126948,-0.036615863,296.0,1740111798.4721801,0.06879444420337677,0.061634473502635956,0.16522105038166046,0.13099297881126404,-0.0425243154168129,-0.05673849582672119,0.034314196556806564,0.2219431847333908,0.22681544721126556,0.0693388283252716,0.11045771837234497,0.25789910554885864,0.15483807027339935,-0.035881124436855316,0.2169814109802246,0.04811936989426613,0.19565154612064362,0.05653144046664238,-0.08569894731044769,0.08087108284235,-0.0792461708188057,-0.24336543679237366,-0.1580086648464203,0.049598246812820435,0.12569694221019745,-0.05742931365966797,0.24227701127529144,-0.02697741985321045,-0.04196813330054283,0.21691635251045227,-0.1345621794462204,0.02444276213645935
0.02378733456134796,0.5826585292816162,1.3841817378997803,0.009101955487018636,-0.014170100795351354,0.010339329254486215,0.012587742374748544,0.009399232301754526,0.001020560657292443,0.12425461634993554,-0.11654914617538448,-0.016285085678100497,0.7878814339637756,0.7228689193725586,0.9981061816215515,-0.021045454,0.0030330643,-0.042594418,297.0,1740111798.5046575,0.06848911195993423,0.06143768131732941,0.16631649434566498,0.1341366320848465,-0.04462254047393799,-0.05587397515773773,0.03609439730644226,0.225405752658844,0.2274165004491806,0.07011537253856659,0.11121474206447601,0.2614588439464569,0.15694618225097656,-0.036489419639110565,0.21829724311828613,0.04922869801521301,0.19686459004878998,0.0583752878010273,-0.08807408809661865,0.08375395089387894,-0.07957765460014343,-0.2445475161075592,-0.16000020503997803,0.050943925976753235,0.125493586063385,-0.059027835726737976,0.2437983602285385,-0.02797996625304222,-0.04146451875567436,0.2196851670742035,-0.1363516002893448,0.021697618067264557
0.023437771946191788,0.582650363445282,1.3843480348587036,0.009101955487018636,-0.014170100795351354,0.010339329254486215,-0.001309177912628052,0.007991954644928667,0.003987639671183303,0.12358299680054188,-0.11777008771896358,-0.015611553192138583,0.7878814339637756,0.7228689193725586,0.9981061816215515,-0.021045454,0.0030330643,-0.042594418,298.0,1740111798.5378854,0.06848911195993423,0.06143768131732941,0.16631649434566498,0.1341366320848465,-0.04462254047393799,-0.05587397515773773,0.03609439730644226,0.225405752658844,0.2274165004491806,0.07011537253856659,0.11121474206447601,0.2614588439464569,0.15694618225097656,-0.036489419639110565,0.21829724311828613,0.04922869801521301,0.19686459004878998,0.0583752878010273,-0.08807408809661865,0.08375395089387894,-0.07957765460014343,-0.2445475161075592,-0.16000020503997803,0.050943925976753235,0.125493586063385,-0.059027835726737976,0.2437983602285385,-0.02797996625304222,-0.04146451875567436,0.2196851670742035,-0.1363516002893448,0.021697618067264557
0.024946093559265137,0.5820167064666748,1.3850699663162231,0.009101955487018636,-0.014170100795351354,0.010339329254486215,0.010574673462301419,0.002639615097604967,0.0016972870067118516,0.1233825370669365,-0.11826695203781123,-0.015272521972656161,0.7878814339637756,0.7228689193725586,0.9981061816215515,-0.02324593,0.0026561916,-0.043238223,299.0,1740111798.577561,0.06875041127204895,0.0615057609975338,0.166256383061409,0.13413375616073608,-0.04485412687063217,-0.05553503707051277,0.036013413220644,0.22566257417201996,0.2276884913444519,0.06991831958293915,0.11091925203800201,0.2616731524467468,0.15700605511665344,-0.03636796027421951,0.21846629679203033,0.04961181804537773,0.19707150757312775,0.05838870629668236,-0.08841226994991302,0.08369167149066925,-0.07942864298820496,-0.24413074553012848,-0.16016773879528046,0.05082826316356659,0.12601926922798157,-0.059177741408348083,0.24354557693004608,-0.02769654244184494,-0.04118925705552101,0.21987780928611755,-0.13677111268043518,0.02152501791715622
0.02477279119193554,0.5815565586090088,1.3849157094955444,0.009845843248722017,-0.011009952310851306,0.007333218993716085,0.008032157348313773,0.004773377918751955,0.007735923408291415,0.12494609355926514,-0.11798329353332515,-0.014930033683776767,0.7878814339637756,0.7228689193725586,0.9981061816215515,-0.02324593,0.0026561916,-0.043238223,300.0,1740111798.6040213,0.06875041127204895,0.0615057609975338,0.166256383061409,0.13413375616073608,-0.04485412687063217,-0.05553503707051277,0.036013413220644,0.22566257417201996,0.2276884913444519,0.06991831958293915,0.11091925203800201,0.2616731524467468,0.15700605511665344,-0.03636796027421951,0.21846629679203033,0.04961181804537773,0.19707150757312775,0.05838870629668236,-0.08841226994991302,0.08369167149066925,-0.07942864298820496,-0.24413074553012848,-0.16016773879528046,0.05082826316356659,0.12601926922798157,-0.059177741408348083,0.24354557693004608,-0.02769654244184494,-0.04118925705552101,0.21987780928611755,-0.13677111268043518,0.02152501791715622
0.024318017065525055,0.5814809799194336,1.3849985599517822,0.009845843248722017,-0.011009952310851306,0.007333218993716085,0.004161436887662157,0.005902100425048352,0.007506717116350329,0.12431801706552506,-0.11851902008056636,-0.015001440048217685,0.7878814339637756,0.7228689193725586,0.9981061816215515,-0.022150174,0.00249473,-0.04464197,301.0,1740111798.6370006,0.06928875297307968,0.0616537369787693,0.16690117120742798,0.1347673237323761,-0.045572131872177124,-0.055365100502967834,0.03623102232813835,0.2268396019935608,0.2286311686038971,0.07002195715904236,0.11084766685962677,0.262790322303772,0.1573675274848938,-0.03650751709938049,0.21950939297676086,0.05006251856684685,0.1980552226305008,0.05883587524294853,-0.08908078074455261,0.08400429785251617,-0.0798257440328598,-0.24447397887706757,-0.16066719591617584,0.051035962998867035,0.12672463059425354,-0.05953992158174515,0.24409177899360657,-0.027785785496234894,-0.041415710002183914,0.2206670045852661,-0.13782843947410583,0.021508827805519104
0.024802716448903084,0.5805808901786804,1.3851641416549683,0.009845843248722017,-0.011009952310851306,0.007333218993716085,0.00894727772061872,0.005851762035604952,0.009864392084537706,0.12478217892348767,-0.11921567916870113,-0.014806532859802157,0.7878814339637756,0.7228689193725586,0.9981061816215515,-0.022854187,0.0025320053,-0.04448366,302.0,1740111798.6708872,0.06928681582212448,0.06163045018911362,0.16661924123764038,0.1346503496170044,-0.04550205171108246,-0.05515630543231964,0.03608512133359909,0.22654563188552856,0.22842109203338623,0.06985998153686523,0.11068953573703766,0.26243019104003906,0.15710033476352692,-0.03620400279760361,0.21909624338150024,0.05007943883538246,0.1977546066045761,0.05860588327050209,-0.08880972862243652,0.08399112522602081,-0.07924992591142654,-0.24416282773017883,-0.16046111285686493,0.05071679502725601,0.12646012008190155,-0.05936548858880997,0.24366502463817596,-0.02736377716064453,-0.04109211638569832,0.2205929458141327,-0.137665793299675,0.02110089734196663
0.02493378520011902,0.5801430344581604,1.3851087093353271,0.009845843248722017,-0.011009952310851306,0.007333218993716085,0.008835456685715715,0.005651747541620705,0.011513761384558808,0.12480271644890309,-0.11941910982131954,-0.01483585834503165,0.7878814339637756,0.7228689193725586,0.9981061816215515,-0.020779386,0.0023577437,-0.044573203,303.0,1740111798.7049334,0.06927930563688278,0.06150944530963898,0.16635918617248535,0.13444927334785461,-0.045512109994888306,-0.05520770698785782,0.0361233688890934,0.22619374096393585,0.22854278981685638,0.06949719786643982,0.1102568656206131,0.26215118169784546,0.1571037322282791,-0.03658149391412735,0.21905943751335144,0.050145555287599564,0.1980341225862503,0.058861974626779556,-0.0891156941652298,0.08382588624954224,-0.07978926599025726,-0.2435300052165985,-0.16043870151042938,0.05068739503622055,0.1269049346446991,-0.05940467119216919,0.24361835420131683,-0.027569618076086044,-0.0410274900496006,0.22006309032440186,-0.13791929185390472,0.021372396498918533
0.025108391419053078,0.5800362229347229,1.3851109743118286,0.0028000647993061552,-0.012684849593997287,0.0016291828623489675,0.00914615972389299,0.0052280660914429955,0.010664340896452745,0.12510839141905308,-0.11996377706527706,-0.014889025688171298,0.7878814339637756,0.7228689193725586,0.9981061816215515,-0.020833835,0.0023391694,-0.045378298,304.0,1740111798.7367215,0.07027498632669449,0.061747707426548004,0.1676267832517624,0.13541804254055023,-0.04632820188999176,-0.054973144084215164,0.03606581315398216,0.22782215476036072,0.23014578223228455,0.06969738006591797,0.11092300713062286,0.2638460397720337,0.15790310502052307,-0.03641961142420769,0.2208259403705597,0.050815124064683914,0.19952107965946198,0.05935558304190636,-0.08986946940422058,0.08447492867708206,-0.07979895174503326,-0.24485380947589874,-0.1614285260438919,0.05096261948347092,0.12755024433135986,-0.06000569462776184,0.24475374817848206,-0.02732962742447853,-0.041162218898534775,0.2217101752758026,-0.1395414173603058,0.02129022777080536
0.025014866143465042,0.5801296830177307,1.3851476907730103,0.0028000647993061552,-0.012684849593997287,0.0016291828623489675,0.0016903837434476604,0.005637649598060692,0.0027993561293188076,0.12513663470745087,-0.11947996616363521,-0.014887475967407138,0.7878814339637756,0.7228689193725586,0.9981061816215515,-0.020833835,0.0023391694,-0.045378298,305.0,1740111798.7705784,0.07027498632669449,0.061747707426548004,0.1676267832517624,0.13541804254055023,-0.04632820188999176,-0.054973144084215164,0.03606581315398216,0.22782215476036072,0.23014578223228455,0.06969738006591797,0.11092300713062286,0.2638460397720337,0.15790310502052307,-0.03641961142420769,0.2208259403705597,0.050815124064683914,0.19952107965946198,0.05935558304190636,-0.08986946940422058,0.08447492867708206,-0.07979895174503326,-0.24485380947589874,-0.1614285260438919,0.05096261948347092,0.12755024433135986,-0.06000569462776184,0.24475374817848206,-0.02732962742447853,-0.041162218898534775,0.2217101752758026,-0.1395414173603058,0.02129022777080536
0.025142624974250793,0.5800575613975525,1.3846819400787354,0.0028000647993061552,-0.012684849593997287,0.0016291828623489675,-0.0017657733835563707,0.006707231220912064,0.006053819887472465,0.12501486614346505,-0.11987031698226924,-0.014852309226989657,0.7878814339637756,0.7228689193725586,0.9981061816215515,-0.023752645,0.002164267,-0.044401377,306.0,1740111798.8035953,0.06887369602918625,0.061229318380355835,0.1679447591304779,0.13725802302360535,-0.047441840171813965,-0.054257266223430634,0.03727860376238823,0.2293144315481186,0.2285938262939453,0.07014554738998413,0.11193157732486725,0.26496952772140503,0.15868796408176422,-0.03598358482122421,0.2199699878692627,0.05075288936495781,0.1983964443206787,0.06008879467844963,-0.09030888974666595,0.08658046275377274,-0.07832510769367218,-0.2455439269542694,-0.16191218793392181,0.05139613151550293,0.1252293586730957,-0.06077311933040619,0.24497507512569427,-0.02718430384993553,-0.04010501876473427,0.22368717193603516,-0.13935475051403046,0.018255580216646194
0.025275997817516327,0.5792580842971802,1.384451985359192,0.0016753865288369875,-0.007778241182078169,-0.006587225929456626,0.004028093659050892,0.0075773815040798805,0.008561394056807017,0.12527599781751633,-0.12074191570281978,-0.015548014640808017,0.7878814339637756,0.7228689193725586,0.9981061816215515,-0.023752645,0.002164267,-0.044401377,307.0,1740111798.836431,0.06887369602918625,0.061229318380355835,0.1679447591304779,0.13725802302360535,-0.047441840171813965,-0.054257266223430634,0.03727860376238823,0.2293144315481186,0.2285938262939453,0.07014554738998413,0.11193157732486725,0.26496952772140503,0.15868796408176422,-0.03598358482122421,0.2199699878692627,0.05075288936495781,0.1983964443206787,0.06008879467844963,-0.09030888974666595,0.08658046275377274,-0.07832510769367218,-0.2455439269542694,-0.16191218793392181,0.05139613151550293,0.1252293586730957,-0.06077311933040619,0.24497507512569427,-0.02718430384993553,-0.04010501876473427,0.22368717193603516,-0.13935475051403046,0.018255580216646194
0.02561764046549797,0.5793601870536804,1.3841174840927124,0.0016753865288369875,-0.007778241182078169,-0.006587225929456626,0.0006356254058141544,0.008031992694646294,0.005080137320445639,0.12615348994731904,-0.1208322167396545,-0.015630507469177157,0.7878814339637756,0.7228689193725586,0.9981061816215515,-0.024139404,0.0021665916,-0.04432188,308.0,1740111798.8712873,0.06870172172784805,0.06127823144197464,0.1678638905286789,0.13726910948753357,-0.04744906723499298,-0.05438053607940674,0.03739742934703827,0.2292007952928543,0.22841298580169678,0.07021163403987885,0.11183878779411316,0.2648868262767792,0.15858298540115356,-0.03621947392821312,0.21990492939949036,0.05063844472169876,0.19827519357204437,0.06018258258700371,-0.0903046578168869,0.08653079718351364,-0.07858122885227203,-0.24543365836143494,-0.16178499162197113,0.051423922181129456,0.1251581907272339,-0.060791827738285065,0.2449997514486313,-0.02731901779770851,-0.040322985500097275,0.22349905967712402,-0.1391243189573288,0.01835905760526657
0.025280851870775223,0.5791275501251221,1.384020209312439,0.0016753865288369875,-0.007778241182078169,-0.006587225929456626,-0.002089692816819919,0.009099928353895037,0.003631021260823239,0.12561764046549798,-0.12063981294631954,-0.01588251590728751,0.7878814339637756,0.7228689193725586,0.9981061816215515,-0.025131606,0.0022075549,-0.043558598,309.0,1740111798.9034586,0.06917059421539307,0.06131493300199509,0.16830098628997803,0.1369684934616089,-0.04734334349632263,-0.05401356518268585,0.03725070133805275,0.22941572964191437,0.22891207039356232,0.07028067111968994,0.11194074153900146,0.2650472819805145,0.15855811536312103,-0.03557047247886658,0.22029292583465576,0.051058080047369,0.1983199566602707,0.059839408844709396,-0.08996891975402832,0.08644675463438034,-0.07791493088006973,-0.24558503925800323,-0.1618652641773224,0.051154233515262604,0.1255551129579544,-0.060689859092235565,0.24477249383926392,-0.026660561561584473,-0.04006634280085564,0.22415828704833984,-0.13958223164081573,0.01833077147603035
0.024809177964925766,0.5778993368148804,1.3837262392044067,0.0016753865288369875,-0.007778241182078169,-0.006587225929456626,0.018438138582780504,0.014315686932438334,0.006780965218750591,0.12480917796492577,-0.12210066318511958,-0.016273760795593173,0.7878814339637756,0.7228689193725586,0.9981061816215515,-0.025131606,0.0022075549,-0.043558598,310.0,1740111798.9368951,0.06917059421539307,0.06131493300199509,0.16830098628997803,0.1369684934616089,-0.04734334349632263,-0.05401356518268585,0.03725070133805275,0.22941572964191437,0.22891207039356232,0.07028067111968994,0.11194074153900146,0.2650472819805145,0.15855811536312103,-0.03557047247886658,0.22029292583465576,0.051058080047369,0.1983199566602707,0.059839408844709396,-0.08996891975402832,0.08644675463438034,-0.07791493088006973,-0.24558503925800323,-0.1618652641773224,0.051154233515262604,0.1255551129579544,-0.060689859092235565,0.24477249383926392,-0.026660561561584473,-0.04006634280085564,0.22415828704833984,-0.13958223164081573,0.01833077147603035
0.02609322965145111,0.5782683491706848,1.3832424879074097,-0.004835881983354078,-0.015240204713826136,-0.005561233213903679,-0.0022995809322832413,0.007784680427466059,0.006335102029148733,0.12598680928349495,-0.12154926061630245,-0.01657106876373282,0.7878814339637756,0.7228689193725586,0.9981061816215515,-0.02459035,0.0021900535,-0.043591112,311.0,1740111798.9709237,0.06921280175447464,0.06137979030609131,0.16825535893440247,0.136873260140419,-0.04727279394865036,-0.05416242778301239,0.03703230246901512,0.2292046993970871,0.22891531884670258,0.07014897465705872,0.11190780997276306,0.264813631772995,0.15842430293560028,-0.03562413156032562,0.22024565935134888,0.05090179666876793,0.19835880398750305,0.05987777188420296,-0.08991695940494537,0.08623809367418289,-0.07800557464361191,-0.24555794894695282,-0.16181056201457977,0.05101921409368515,0.1255641132593155,-0.060623347759246826,0.24482209980487823,-0.026566922664642334,-0.04017140343785286,0.22389209270477295,-0.13948185741901398,0.018580235540866852
0.026544377207756042,0.5779975652694702,1.3830664157867432,-0.004835881983354078,-0.015240204713826136,-0.005561233213903679,0.0014962929538117487,0.008902611479134381,0.006268534896380747,0.12609322965145112,-0.12173165082931514,-0.016757512092590243,0.7878814339637756,0.7228689193725586,0.9981061816215515,-0.023419738,0.002322808,-0.042843714,312.0,1740111799.003912,0.06981270760297775,0.06160476803779602,0.16901296377182007,0.1367839276790619,-0.047097980976104736,-0.054273638874292374,0.036641545593738556,0.22966408729553223,0.22969424724578857,0.07041424512863159,0.1123981773853302,0.2651975452899933,0.15837323665618896,-0.03528992831707001,0.22113174200057983,0.05093863978981972,0.19876116514205933,0.05959499999880791,-0.08966434001922607,0.08596313744783401,-0.07783730328083038,-0.24643811583518982,-0.1619499921798706,0.05098646134138107,0.12594859302043915,-0.06048772484064102,0.24513308703899384,-0.02622058615088463,-0.04055565968155861,0.22449976205825806,-0.1398874968290329,0.01918153464794159
0.02672916278243065,0.5776735544204712,1.3829004764556885,0.020320475662240607,0.002428294998522529,-0.008842187038290327,0.0016495845305601253,0.007083466253304764,0.006429520808727576,0.1265708602964878,-0.12210632562637325,-0.01703491210937491,0.7878814339637756,0.7228689193725586,0.9981061816215515,-0.024404764,0.002487287,-0.041975528,313.0,1740111799.0379407,0.06960666179656982,0.06150025129318237,0.16935820877552032,0.13759885728359222,-0.04751218110322952,-0.05424100160598755,0.03724817559123039,0.23022519052028656,0.22980792820453644,0.07067449390888214,0.1127442717552185,0.26606884598731995,0.15894851088523865,-0.03572556748986244,0.2215254008769989,0.05105574429035187,0.19907723367214203,0.06016421690583229,-0.09016355872154236,0.08678428083658218,-0.07819148153066635,-0.24700070917606354,-0.16241461038589478,0.051406241953372955,0.1257735639810562,-0.06097093224525452,0.2458578199148178,-0.02671097218990326,-0.040565039962530136,0.22515183687210083,-0.14013397693634033,0.018640438094735146
0.026769662275910378,0.5768771767616272,1.3825368881225586,0.020320475662240607,0.002428294998522529,-0.008842187038290327,0.005633908337086998,0.006220781519759991,0.009203394246584473,0.12668101713061333,-0.12290121316909786,-0.017356300354003817,0.7878814339637756,0.7228689193725586,0.9981061816215515,-0.023668468,0.0025573,-0.041456193,314.0,1740111799.0700018,0.06934285908937454,0.06135161221027374,0.16946035623550415,0.13801872730255127,-0.047925375401973724,-0.05373218655586243,0.03770054504275322,0.23066872358322144,0.22952750325202942,0.07073430716991425,0.11273394525051117,0.266491562128067,0.15908096730709076,-0.035491883754730225,0.22142669558525085,0.05136058107018471,0.19878536462783813,0.06036602333188057,-0.0902426689863205,0.08733529597520828,-0.07763132452964783,-0.24685786664485931,-0.1625034064054489,0.05140995979309082,0.1254541277885437,-0.06122826039791107,0.24560768902301788,-0.026439402252435684,-0.04015807434916496,0.22590988874435425,-0.140371173620224,0.017619842663407326
0.02725863829255104,0.5764480829238892,1.38236665725708,0.020320475662240607,0.002428294998522529,-0.008842187038290327,0.007605783982089876,0.005429329673138548,0.011104952798768865,0.12676966227591038,-0.12312282323837276,-0.017463111877441317,0.7878814339637756,0.7228689193725586,0.9981061816215515,-0.023668468,0.0025573,-0.041456193,315.0,1740111799.10425,0.06934285908937454,0.06135161221027374,0.16946035623550415,0.13801872730255127,-0.047925375401973724,-0.05373218655586243,0.03770054504275322,0.23066872358322144,0.22952750325202942,0.07073430716991425,0.11273394525051117,0.266491562128067,0.15908096730709076,-0.035491883754730225,0.22142669558525085,0.05136058107018471,0.19878536462783813,0.06036602333188057,-0.0902426689863205,0.08733529597520828,-0.07763132452964783,-0.24685786664485931,-0.1625034064054489,0.05140995979309082,0.1254541277885437,-0.06122826039791107,0.24560768902301788,-0.026439402252435684,-0.04015807434916496,0.22590988874435425,-0.140371173620224,0.017619842663407326
0.027441132813692093,0.5763197541236877,1.3823378086090088,0.020320475662240607,0.002428294998522529,-0.008842187038290327,0.007666607510817966,0.005928147593420137,0.010499040508620557,0.1274411328136921,-0.12368024587631221,-0.017662191390991122,0.7878814339637756,0.7228689193725586,0.9981061816215515,-0.022763267,0.002313204,-0.041961357,316.0,1740111799.1367662,0.06948380917310715,0.061424143612384796,0.16911755502223969,0.1378490924835205,-0.04786588251590729,-0.053677335381507874,0.037225253880023956,0.230501189827919,0.22938929498195648,0.07046779990196228,0.11251883208751678,0.26618725061416626,0.15886421501636505,-0.0351886972784996,0.22111347317695618,0.05129942297935486,0.198692187666893,0.0601075254380703,-0.09013549983501434,0.08705728501081467,-0.07727301120758057,-0.2465985268354416,-0.16244813799858093,0.05114980787038803,0.12532639503479004,-0.061028070747852325,0.2451876699924469,-0.026090536266565323,-0.04001286253333092,0.2256181240081787,-0.1401844471693039,0.01756102778017521
0.027154892683029175,0.5764564275741577,1.3820666074752808,0.00968394272602658,-0.01290243757077299,-0.005050360569759819,-0.001177535119625998,0.00897651936203579,0.00674133718669899,0.1270497053861618,-0.12329508066177364,-0.01780226230621329,0.7878814339637756,0.7228689193725586,0.9981061816215515,-0.021913469,0.0021949634,-0.043197215,317.0,1740111799.1692717,0.06947778910398483,0.0613398551940918,0.1692843735218048,0.1382070779800415,-0.04842156916856766,-0.053304918110370636,0.0374925397336483,0.2309579998254776,0.2293251007795334,0.07039903104305267,0.11239099502563477,0.26657652854919434,0.15888385474681854,-0.03499183803796768,0.22124752402305603,0.05162885785102844,0.19863297045230865,0.06026391312479973,-0.0902908444404602,0.0874025896191597,-0.07678443938493729,-0.24649517238140106,-0.16253569722175598,0.050958454608917236,0.12527576088905334,-0.06125732511281967,0.245054230093956,-0.02558685839176178,-0.039769332855939865,0.22630155086517334,-0.1405268907546997,0.016864273697137833
0.027275923639535904,0.5762083530426025,1.3818855285644531,0.00968394272602658,-0.01290243757077299,-0.005050360569759819,-0.001543745376291731,0.007151533198009956,0.00480477942114965,0.12715489268302918,-0.12354357242584224,-0.01793339252471915,0.7878814339637756,0.7228689193725586,0.9981061816215515,-0.022391722,0.0020976588,-0.042154282,318.0,1740111799.2035441,0.0695086121559143,0.061435092240571976,0.1686778962612152,0.1375899612903595,-0.04813985526561737,-0.053407393395900726,0.036812521517276764,0.2302691638469696,0.22908684611320496,0.06990958750247955,0.11191549897193909,0.2655894160270691,0.15837451815605164,-0.03488403931260109,0.22073355317115784,0.05139338597655296,0.19848543405532837,0.059913117438554764,-0.09019137918949127,0.08657840639352798,-0.07672008126974106,-0.24572758376598358,-0.16222332417964935,0.05056925117969513,0.12550117075443268,-0.06090714782476425,0.2444796860218048,-0.025245826691389084,-0.039739225059747696,0.2252660095691681,-0.14015036821365356,0.017305441200733185
0.02727414481341839,0.5756009817123413,1.3814997673034668,0.00968394272602658,-0.01290243757077299,-0.005050360569759819,0.002237289623545779,0.00826905601366521,0.008376578604403702,0.1272741448134184,-0.12439901828765865,-0.018500232696533114,0.7878814339637756,0.7228689193725586,0.9981061816215515,-0.022682607,0.0020714253,-0.041765586,319.0,1740111799.2366145,0.06907594203948975,0.06132246553897858,0.1676866114139557,0.13653171062469482,-0.047448910772800446,-0.05389748513698578,0.036550313234329224,0.22860224545001984,0.22823087871074677,0.0695822536945343,0.11147427558898926,0.2640795111656189,0.1577671319246292,-0.03508584946393967,0.2195882499217987,0.05089413374662399,0.1975952684879303,0.05945521965622902,-0.0894450843334198,0.08588766306638718,-0.0769253522157669,-0.2448633313179016,-0.16134576499462128,0.05028495937585831,0.1250784993171692,-0.060395248234272,0.24388167262077332,-0.025439731776714325,-0.03975233808159828,0.22384533286094666,-0.1389627903699875,0.01799744740128517
0.02747536264359951,0.5753397941589355,1.381101369857788,-0.002529090555256018,-0.008635884310655813,-0.010822328034766567,0.0015527455542421436,0.006733681229764114,0.008680484941772574,0.127419188991189,-0.124567699432373,-0.018796229362487704,0.7878814339637756,0.7228689193725586,0.9981061816215515,-0.022682607,0.0020714253,-0.041765586,320.0,1740111799.269438,0.06907594203948975,0.06132246553897858,0.1676866114139557,0.13653171062469482,-0.047448910772800446,-0.05389748513698578,0.036550313234329224,0.22860224545001984,0.22823087871074677,0.0695822536945343,0.11147427558898926,0.2640795111656189,0.1577671319246292,-0.03508584946393967,0.2195882499217987,0.05089413374662399,0.1975952684879303,0.05945521965622902,-0.0894450843334198,0.08588766306638718,-0.0769253522157669,-0.2448633313179016,-0.16134576499462128,0.05028495937585831,0.1250784993171692,-0.060395248234272,0.24388167262077332,-0.025439731776714325,-0.03975233808159828,0.22384533286094666,-0.1389627903699875,0.01799744740128517
0.02779902145266533,0.5757319331169128,1.3810365200042725,-0.002529090555256018,-0.008635884310655813,-0.010822328034766567,0.0010845102282373256,0.005264968856810201,0.004530437640470278,0.12747536264359952,-0.12466020584106441,-0.018898630142211825,0.7878814339637756,0.7228689193725586,0.9981061816215515,-0.024108052,0.0017800927,-0.043271035,321.0,1740111799.3030672,0.0692259892821312,0.061380304396152496,0.16718381643295288,0.13507875800132751,-0.04677972197532654,-0.05416169762611389,0.03579259663820267,0.22733692824840546,0.22790202498435974,0.06914256513118744,0.1109047383069992,0.26244616508483887,0.15670323371887207,-0.034678537398576736,0.21891742944717407,0.05047179386019707,0.19703099131584167,0.058723557740449905,-0.08846311271190643,0.08449903130531311,-0.07661812752485275,-0.24405156075954437,-0.1602998673915863,0.0495779886841774,0.12521231174468994,-0.059771545231342316,0.24301578104496002,-0.0247282013297081,-0.039932992309331894,0.22264865040779114,-0.13839881122112274,0.01913086324930191
0.02786353975534439,0.5756151080131531,1.3808435201644897,-0.002529090555256018,-0.008635884310655813,-0.010822328034766567,0.001145202745156485,0.006042648131498184,0.0055187345372289245,0.1278635397553444,-0.12438489198684688,-0.019156479835510165,0.7878814339637756,0.7228689193725586,0.9981061816215515,-0.024108052,0.0017800927,-0.043271035,322.0,1740111799.3371363,0.0692259892821312,0.061380304396152496,0.16718381643295288,0.13507875800132751,-0.04677972197532654,-0.05416169762611389,0.03579259663820267,0.22733692824840546,0.22790202498435974,0.06914256513118744,0.1109047383069992,0.26244616508483887,0.15670323371887207,-0.034678537398576736,0.21891742944717407,0.05047179386019707,0.19703099131584167,0.058723557740449905,-0.08846311271190643,0.08449903130531311,-0.07661812752485275,-0.24405156075954437,-0.1602998673915863,0.0495779886841774,0.12521231174468994,-0.059771545231342316,0.24301578104496002,-0.0247282013297081,-0.039932992309331894,0.22264865040779114,-0.13839881122112274,0.01913086324930191
0.02797047421336174,0.5751551389694214,1.3807222843170166,0.00460040947932832,-0.002312880506147786,-0.0040179459631530775,0.001554870803964686,0.008130808725877856,-0.00014352369897080333,0.12803690731525422,-0.12456322908401485,-0.019414806365966708,0.7878814339637756,0.7228689193725586,0.9981061816215515,-0.025277928,0.0015242323,-0.042495787,323.0,1740111799.3693724,0.07041478902101517,0.062506303191185,0.1646691858768463,0.1270831823348999,-0.040491022169589996,-0.05706831067800522,0.03116518072783947,0.2185835987329483,0.2272057682275772,0.0679500550031662,0.10881548374891281,0.25346076488494873,0.151638001203537,-0.034148916602134705,0.2161438763141632,0.04743298515677452,0.1948486566543579,0.0540132112801075,-0.0825614482164383,0.07682628184556961,-0.0777248814702034,-0.24152643978595734,-0.15562893450260162,0.04675869643688202,0.12693026661872864,-0.05537822097539902,0.2398986518383026,-0.023626822978258133,-0.04266961291432381,0.21435701847076416,-0.13361822068691254,0.02803286537528038
0.02799222432076931,0.5744560360908508,1.3803563117980957,0.00460040947932832,-0.002312880506147786,-0.0040179459631530775,0.008957059845482597,0.01021522871569279,0.004950397506424305,0.12797047421336175,-0.12484486103057857,-0.01927771568298331,0.7878814339637756,0.7228689193725586,0.9981061816215515,-0.025277928,0.0015242323,-0.042495787,324.0,1740111799.4019701,0.07041478902101517,0.062506303191185,0.1646691858768463,0.1270831823348999,-0.040491022169589996,-0.05706831067800522,0.03116518072783947,0.2185835987329483,0.2272057682275772,0.0679500550031662,0.10881548374891281,0.25346076488494873,0.151638001203537,-0.034148916602134705,0.2161438763141632,0.04743298515677452,0.1948486566543579,0.0540132112801075,-0.0825614482164383,0.07682628184556961,-0.0777248814702034,-0.24152643978595734,-0.15562893450260162,0.04675869643688202,0.12693026661872864,-0.05537822097539902,0.2398986518383026,-0.023626822978258133,-0.04266961291432381,0.21435701847076416,-0.13361822068691254,0.02803286537528038
0.0284236092120409,0.5746772289276123,1.3802597522735596,0.00460040947932832,-0.002312880506147786,-0.0040179459631530775,0.004533194614900249,0.009317190465549097,0.004843257180790662,0.1284236092120409,-0.12532277107238765,-0.01974024772644034,0.7878814339637756,0.7228689193725586,0.9981061816215515,-0.025277928,0.0015242323,-0.042495787,325.0,1740111799.4370348,0.07041478902101517,0.062506303191185,0.1646691858768463,0.1270831823348999,-0.040491022169589996,-0.05706831067800522,0.03116518072783947,0.2185835987329483,0.2272057682275772,0.0679500550031662,0.10881548374891281,0.25346076488494873,0.151638001203537,-0.034148916602134705,0.2161438763141632,0.04743298515677452,0.1948486566543579,0.0540132112801075,-0.0825614482164383,0.07682628184556961,-0.0777248814702034,-0.24152643978595734,-0.15562893450260162,0.04675869643688202,0.12693026661872864,-0.05537822097539902,0.2398986518383026,-0.023626822978258133,-0.04266961291432381,0.21435701847076416,-0.13361822068691254,0.02803286537528038
0.029132595285773277,0.5741618275642395,1.380402684211731,0.00460040947932832,-0.002312880506147786,-0.0040179459631530775,0.006152402291612544,0.006767215626239526,0.008905912469115549,0.1285437349230051,-0.1253662228584289,-0.019696497917175204,0.7878814339637756,0.7228689193725586,0.9981061816215515,-0.025276616,0.001463227,-0.042861342,326.0,1740111799.4696867,0.069341741502285,0.06183760613203049,0.16468973457813263,0.12859731912612915,-0.04174601286649704,-0.055905938148498535,0.032657746225595474,0.22009538114070892,0.22591222822666168,0.06813019514083862,0.10902364552021027,0.25479525327682495,0.15263302624225616,-0.03357879817485809,0.2153402715921402,0.048123810440301895,0.19387288391590118,0.054702598601579666,-0.08324705064296722,0.07885819673538208,-0.0762660875916481,-0.24134306609630585,-0.1562044471502304,0.04712880402803421,0.12545232474803925,-0.05621495842933655,0.23952573537826538,-0.023488882929086685,-0.04111925885081291,0.21627554297447205,-0.13385653495788574,0.024716690182685852
0.02960009127855301,0.5742643475532532,1.3804140090942383,0.012054927721130648,-0.00696627317044112,-0.0028107346035087023,0.005483601501629819,0.006932329615764973,0.008612037346933502,0.12913259528577328,-0.12583817243576045,-0.019597315788268954,0.7878814339637756,0.7228689193725586,0.9981061816215515,-0.021326013,0.0021121576,-0.04137504,327.0,1740111799.5036647,0.07124674320220947,0.062252141535282135,0.16750504076480865,0.13022156059741974,-0.042757853865623474,-0.05508994683623314,0.03289816156029701,0.2237221747636795,0.2290380299091339,0.06919613480567932,0.11022546887397766,0.25831732153892517,0.15391327440738678,-0.03311852738261223,0.21909508109092712,0.04946373775601387,0.1965535283088684,0.0553831048309803,-0.08461147546768188,0.07979825884103775,-0.07622652500867844,-0.24376487731933594,-0.15810811519622803,0.04786636680364609,0.1273770034313202,-0.057252995669841766,0.2412400096654892,-0.02315085381269455,-0.04170878604054451,0.21959075331687927,-0.13713563978672028,0.024661816656589508
0.02973220683634281,0.5741919279098511,1.3803961277008057,0.012054927721130648,-0.00696627317044112,-0.0028107346035087023,0.0056824679340531994,0.006858475227776732,0.009062929567968113,0.12973220683634282,-0.12580807209014888,-0.019603872299194247,0.7878814339637756,0.7228689193725586,0.9981061816215515,-0.022819057,0.0026026815,-0.039781287,328.0,1740111799.5373418,0.07082105427980423,0.06215011700987816,0.1681942492723465,0.1320832222700119,-0.04372689127922058,-0.05507702752947807,0.03352798521518707,0.2252749800682068,0.2290087342262268,0.06958609819412231,0.11131379008293152,0.2598879337310791,0.15488721430301666,-0.03347759693861008,0.21968668699264526,0.049487557262182236,0.19686809182167053,0.05605247989296913,-0.08559338748455048,0.08134912699460983,-0.07616162300109863,-0.24519667029380798,-0.1589687317609787,0.04858165979385376,0.12637938559055328,-0.05795343220233917,0.2425273209810257,-0.0236821211874485,-0.04167906567454338,0.2211134433746338,-0.13737645745277405,0.0231853649020195
0.02977786213159561,0.5747053623199463,1.3804346323013306,0.012054927721130648,-0.00696627317044112,-0.0028107346035087023,-0.0009198460690440982,0.008708948451906638,0.005913097700784482,0.12938149124383927,-0.12530149221420284,-0.019670987129211337,0.7878814339637756,0.7228689193725586,0.9981061816215515,-0.024515614,0.002667971,-0.037674025,329.0,1740111799.5701013,0.06938846409320831,0.06187882274389267,0.1668701469898224,0.13222357630729675,-0.04394721984863281,-0.05518757179379463,0.034007977694272995,0.22435492277145386,0.22706393897533417,0.06932766735553741,0.11085076630115509,0.25880688428878784,0.15444955229759216,-0.03396428003907204,0.21778294444084167,0.048692382872104645,0.1955391764640808,0.05631052330136299,-0.08542883396148682,0.08157186210155487,-0.0760711133480072,-0.24412591755390167,-0.15817679464817047,0.04860062897205353,0.1248314380645752,-0.0580005943775177,0.2419237643480301,-0.02412606030702591,-0.04138315096497536,0.22007548809051514,-0.135848268866539,0.02217969298362732
0.029991906136274338,0.5740960836410522,1.3801476955413818,0.0035304148272804416,0.0029038863092457168,-0.0008533480802051849,0.00021125044258672021,0.00959095588680962,0.009962744179407144,0.12977786213159562,-0.12529463768005367,-0.019565367698669345,0.7878814339637756,0.7228689193725586,0.9981061816215515,-0.024515614,0.002667971,-0.037674025,330.0,1740111799.6040075,0.06938846409320831,0.06187882274389267,0.1668701469898224,0.13222357630729675,-0.04394721984863281,-0.05518757179379463,0.034007977694272995,0.22435492277145386,0.22706393897533417,0.06932766735553741,0.11085076630115509,0.25880688428878784,0.15444955229759216,-0.03396428003907204,0.21778294444084167,0.048692382872104645,0.1955391764640808,0.05631052330136299,-0.08542883396148682,0.08157186210155487,-0.0760711133480072,-0.24412591755390167,-0.15817679464817047,0.04860062897205353,0.1248314380645752,-0.0580005943775177,0.2419237643480301,-0.02412606030702591,-0.04138315096497536,0.22007548809051514,-0.135848268866539,0.02217969298362732
0.030060920864343643,0.5745620131492615,1.3801734447479248,0.0035304148272804416,0.0029038863092457168,-0.0008533480802051849,-0.0039054562446963702,0.007607011361823186,0.0091096890827247,0.13006092086434365,-0.12543798685073848,-0.019826555252075106,0.7878814339637756,0.7228689193725586,0.9981061816215515,-0.024820678,0.002829291,-0.035880715,331.0,1740111799.6371176,0.06937001645565033,0.06188005954027176,0.1668909788131714,0.13299569487571716,-0.044746048748493195,-0.05483618006110191,0.03446101024746895,0.225152850151062,0.22718502581119537,0.06936009228229523,0.11068166792392731,0.2597590386867523,0.15469397604465485,-0.034110698848962784,0.21811416745185852,0.04901011660695076,0.19584181904792786,0.05688580498099327,-0.08594845235347748,0.0821874663233757,-0.07615018635988235,-0.24409069120883942,-0.158461332321167,0.04877794533967972,0.12478406727313995,-0.058500371873378754,0.2420043647289276,-0.02416662499308586,-0.041425447911024094,0.22074487805366516,-0.13639527559280396,0.02147325873374939
0.030661720782518387,0.5739960670471191,1.3799750804901123,0.0035304148272804416,0.0029038863092457168,-0.0008533480802051849,0.004102995915743267,0.005285178617785365,0.009979661710088093,0.13025344386696816,-0.1255067110061645,-0.020002150535583407,0.7878814339637756,0.7228689193725586,0.9981061816215515,-0.025065765,0.0025866851,-0.03632304,332.0,1740111799.6709857,0.06885212659835815,0.06170650199055672,0.16656212508678436,0.13295404613018036,-0.04500327259302139,-0.05433221161365509,0.03455480560660362,0.22523705661296844,0.22634655237197876,0.06900312006473541,0.11034190654754639,0.2593030631542206,0.15447035431861877,-0.033792003989219666,0.2173461616039276,0.04893558472394943,0.19519257545471191,0.056920137256383896,-0.08601519465446472,0.08209557831287384,-0.0754508525133133,-0.24318969249725342,-0.15824714303016663,0.04851143807172775,0.12441674619913101,-0.058588020503520966,0.24125204980373383,-0.023723922669887543,-0.04082159325480461,0.22076180577278137,-0.13631680607795715,0.020568491891026497
0.030899396166205406,0.5739527940750122,1.379801869392395,0.010263314295163022,-0.005970052153924555,-0.004525789627766273,0.003943909726420481,0.004131799101008783,0.01074937078800367,0.1306617207825184,-0.12600393295288081,-0.020024919509887606,0.7878814339637756,0.7228689193725586,0.9981061816215515,-0.024376124,0.002491936,-0.037880868,333.0,1740111799.7044556,0.06905108690261841,0.061530277132987976,0.16775621473789215,0.13423265516757965,-0.04588537663221359,-0.053594380617141724,0.035236939787864685,0.22721298038959503,0.22687676548957825,0.06945930421352386,0.11109964549541473,0.261184424161911,0.15554356575012207,-0.033212438225746155,0.21838219463825226,0.049724552780389786,0.19573472440242767,0.05741311237215996,-0.08667890727519989,0.08348692208528519,-0.07464879006147385,-0.24432043731212616,-0.15927036106586456,0.0489891842007637,0.12416906654834747,-0.059326834976673126,0.24192143976688385,-0.02358703315258026,-0.04027385637164116,0.22302687168121338,-0.13755153119564056,0.01903310976922512
0.030812745913863182,0.5739356875419617,1.379713535308838,0.010263314295163022,-0.005970052153924555,-0.004525789627766273,0.0008940728389416534,0.004747680207989048,0.010816530509051894,0.1308127459138632,-0.12606431245803829,-0.02028646469116202,0.7878814339637756,0.7228689193725586,0.9981061816215515,-0.027274542,0.0025002062,-0.037404135,334.0,1740111799.736661,0.06957222521305084,0.061771292239427567,0.16790305078029633,0.13449235260486603,-0.04617758095264435,-0.053664274513721466,0.03484919294714928,0.2276945412158966,0.22746522724628448,0.06931807100772858,0.11096864938735962,0.26154598593711853,0.15546871721744537,-0.0333733893930912,0.21909114718437195,0.04987055063247681,0.19643893837928772,0.057463813573122025,-0.08720916509628296,0.08317873626947403,-0.07506770640611649,-0.24444082379341125,-0.15948215126991272,0.049039170145988464,0.12479014694690704,-0.05939505994319916,0.24218951165676117,-0.02359253168106079,-0.040739286690950394,0.22297370433807373,-0.13800260424613953,0.019465196877717972
0.03112155757844448,0.5739431977272034,1.3793668746948242,0.010263314295163022,-0.005970052153924555,-0.004525789627766273,0.004591857863341041,0.007861864223416028,0.008034822108921615,0.13114762715995312,-0.12611461877822872,-0.020519518852233798,0.7878814339637756,0.7228689193725586,0.9981061816215515,-0.027274542,0.0025002062,-0.037404135,335.0,1740111799.770826,0.06957222521305084,0.061771292239427567,0.16790305078029633,0.13449235260486603,-0.04617758095264435,-0.053664274513721466,0.03484919294714928,0.2276945412158966,0.22746522724628448,0.06931807100772858,0.11096864938735962,0.26154598593711853,0.15546871721744537,-0.0333733893930912,0.21909114718437195,0.04987055063247681,0.19643893837928772,0.057463813573122025,-0.08720916509628296,0.08317873626947403,-0.07506770640611649,-0.24444082379341125,-0.15948215126991272,0.049039170145988464,0.12479014694690704,-0.05939505994319916,0.24218951165676117,-0.02359253168106079,-0.040739286690950394,0.22297370433807373,-0.13800260424613953,0.019465196877717972
0.031889475882053375,0.5736716985702515,1.3791429996490479,0.010263314295163022,-0.005970052153924555,-0.004525789627766273,0.006913331141690242,0.008156252827153392,0.00795330047791648,0.1311215575784445,-0.1260568022727966,-0.020633125305175692,0.7878814339637756,0.7228689193725586,0.9981061816215515,-0.024527185,0.0024733916,-0.037837148,336.0,1740111799.8040028,0.0682973638176918,0.061443448066711426,0.1678341180086136,0.13636550307273865,-0.046860553324222565,-0.05341057851910591,0.036083295941352844,0.22891011834144592,0.22600583732128143,0.07012522220611572,0.11195425689220428,0.2628290057182312,0.1564222276210785,-0.03335382416844368,0.21828433871269226,0.049674540758132935,0.19558069109916687,0.05810744687914848,-0.08765716850757599,0.08534816652536392,-0.07444644719362259,-0.24543648958206177,-0.1600671410560608,0.04997578263282776,0.122434601187706,-0.06011286377906799,0.24274340271949768,-0.02439529448747635,-0.04021782800555229,0.2242821455001831,-0.13718561828136444,0.017019737511873245
0.0324220173060894,0.5739657878875732,1.3792418241500854,0.007530771639022239,-0.004604480442999382,-0.0058671994947137604,0.006309904419956196,0.006369797174073699,0.0018297490441028558,0.13180337697267533,-0.12659991979598995,-0.020902419090270907,0.7878814339637756,0.7228689193725586,0.9981061816215515,-0.024527185,0.0024733916,-0.037837148,337.0,1740111799.8390949,0.0682973638176918,0.061443448066711426,0.1678341180086136,0.13636550307273865,-0.046860553324222565,-0.05341057851910591,0.036083295941352844,0.22891011834144592,0.22600583732128143,0.07012522220611572,0.11195425689220428,0.2628290057182312,0.1564222276210785,-0.03335382416844368,0.21828433871269226,0.049674540758132935,0.19558069109916687,0.05810744687914848,-0.08765716850757599,0.08534816652536392,-0.07444644719362259,-0.24543648958206177,-0.1600671410560608,0.04997578263282776,0.122434601187706,-0.06011286377906799,0.24274340271949768,-0.02439529448747635,-0.04021782800555229,0.2242821455001831,-0.13718561828136444,0.017019737511873245
0.03268404304981232,0.5738075971603394,1.3793150186538696,0.007530771639022239,-0.004604480442999382,-0.0058671994947137604,0.007044515706541168,0.005625069533370744,0.0010153717640102014,0.13249648585915566,-0.12617893218994136,-0.020659708976745517,0.7878814339637756,0.7228689193725586,0.9981061816215515,-0.023314029,0.002409719,-0.038634107,338.0,1740111799.8721292,0.06872645020484924,0.061673153191804886,0.16735665500164032,0.13504157960414886,-0.04590250551700592,-0.05382212996482849,0.03525619953870773,0.2276008278131485,0.22635813057422638,0.06988309323787689,0.11151152849197388,0.2615715563297272,0.15574230253696442,-0.03335772082209587,0.21809004247188568,0.04942258447408676,0.19562296569347382,0.057434920221567154,-0.08696721494197845,0.08404699712991714,-0.07482028007507324,-0.2448761761188507,-0.15954799950122833,0.04960859566926956,0.12321764975786209,-0.059415243566036224,0.24223104119300842,-0.024292167276144028,-0.04059306159615517,0.22286149859428406,-0.13672992587089539,0.018558289855718613
0.032681580632925034,0.5735678672790527,1.3791531324386597,0.007530771639022239,-0.004604480442999382,-0.0058671994947137604,0.006590536774167011,0.0051280956008505464,0.006172789369555076,0.13268404304981232,-0.1261924028396606,-0.020684981346130282,0.7878814339637756,0.7228689193725586,0.9981061816215515,-0.023640506,0.0024070889,-0.03884718,339.0,1740111799.90307,0.06917740404605865,0.06174277141690254,0.16841700673103333,0.13606423139572144,-0.04662490636110306,-0.05332985520362854,0.035719189792871475,0.22918911278247833,0.2271607369184494,0.0702395886182785,0.11188565194606781,0.2631947696208954,0.156382218003273,-0.03321762755513191,0.21933987736701965,0.05001063644886017,0.19643110036849976,0.05800026282668114,-0.08758264780044556,0.0848512202501297,-0.07474354654550552,-0.2457493096590042,-0.1603049486875534,0.04991450160741806,0.12357904016971588,-0.06006202846765518,0.24287191033363342,-0.024212129414081573,-0.040617454797029495,0.22447896003723145,-0.13797269761562347,0.017932210117578506
0.03310375660657883,0.5735904574394226,1.3793288469314575,0.010924470265557972,0.0016828119752377731,0.0012921804622314111,0.006196407209495166,0.004340107554182757,0.00633862666439594,0.13289687260985375,-0.1264314770698547,-0.02077307701110831,0.7878814339637756,0.7228689193725586,0.9981061816215515,-0.023640506,0.0024070889,-0.03884718,340.0,1740111799.9390967,0.06917740404605865,0.06174277141690254,0.16841700673103333,0.13606423139572144,-0.04662490636110306,-0.05332985520362854,0.035719189792871475,0.22918911278247833,0.2271607369184494,0.0702395886182785,0.11188565194606781,0.2631947696208954,0.156382218003273,-0.03321762755513191,0.21933987736701965,0.05001063644886017,0.19643110036849976,0.05800026282668114,-0.08758264780044556,0.0848512202501297,-0.07474354654550552,-0.2457493096590042,-0.1603049486875534,0.04991450160741806,0.12357904016971588,-0.06006202846765518,0.24287191033363342,-0.024212129414081573,-0.040617454797029495,0.22447896003723145,-0.13797269761562347,0.017932210117578506
0.033559054136276245,0.5736747980117798,1.379459261894226,0.010924470265557972,0.0016828119752377731,0.0012921804622314111,0.00581142179694576,0.0038954899769059427,0.00789677461850574,0.13222556412220002,-0.1261887669563293,-0.020505213737487704,0.7878814339637756,0.7228689193725586,0.9981061816215515,-0.020161614,0.0024180189,-0.039695293,341.0,1740111799.9767165,0.06909158825874329,0.061746515333652496,0.16804739832878113,0.1360730528831482,-0.04677136242389679,-0.05339774489402771,0.0357494093477726,0.22905215620994568,0.22701433300971985,0.07020273804664612,0.11163477599620819,0.26318269968032837,0.1562860906124115,-0.03351937234401703,0.21919196844100952,0.04996101185679436,0.19651460647583008,0.05820629373192787,-0.08772541582584381,0.08485720306634903,-0.07504776120185852,-0.24543620645999908,-0.16022978723049164,0.050020746886730194,0.12354910373687744,-0.06015501916408539,0.24277321994304657,-0.024463042616844177,-0.040759433060884476,0.2241228222846985,-0.13788487017154694,0.01801801286637783
0.03336334601044655,0.5736857652664185,1.3795804977416992,0.010924470265557972,0.0016828119752377731,0.0012921804622314111,0.009777428292080451,0.008290208085343984,0.006233775461366313,0.13355905413627625,-0.12632520198822017,-0.020540738105773837,0.7878814339637756,0.7228689193725586,0.9981061816215515,-0.021689422,0.002233781,-0.039720803,342.0,1740111800.0118413,0.0691993236541748,0.061879683285951614,0.16799873113632202,0.1357640027999878,-0.04638834297657013,-0.05370990186929703,0.03530348092317581,0.22878023982048035,0.2269783765077591,0.07027408480644226,0.111795574426651,0.26286011934280396,0.15603475272655487,-0.033306512981653214,0.21909251809120178,0.04963718354701996,0.19641901552677155,0.05784795805811882,-0.0872902125120163,0.08442212641239166,-0.07506577670574188,-0.24573582410812378,-0.15999744832515717,0.04999784380197525,0.12326928228139877,-0.05988575518131256,0.2427108883857727,-0.024455290287733078,-0.04110969230532646,0.22379493713378906,-0.13740307092666626,0.0185752771794796
0.03424413502216339,0.5741365551948547,1.379591941833496,0.01123000879389495,0.004734792026868578,0.0030425882867306585,0.00033368377707869695,0.006642375861052064,0.007833002733609469,0.1339547246694565,-0.12596477270126338,-0.02047123908996573,0.7878814339637756,0.7228689193725586,0.9981061816215515,-0.020589702,0.0021652505,-0.04061936,343.0,1740111800.0383003,0.06940280646085739,0.061880119144916534,0.16822704672813416,0.13611480593681335,-0.046831853687763214,-0.053553856909275055,0.03557424619793892,0.22935310006141663,0.22736036777496338,0.07037259638309479,0.11174044013023376,0.2635178565979004,0.1562986820936203,-0.03348338231444359,0.21955284476280212,0.049940578639507294,0.19680006802082062,0.05818634852766991,-0.08763660490512848,0.08478820323944092,-0.07521572709083557,-0.24582986533641815,-0.1602482944726944,0.050112053751945496,0.12355905771255493,-0.06018606573343277,0.24291571974754333,-0.024449657648801804,-0.04112415388226509,0.224351704120636,-0.13794808089733124,0.018378689885139465
0.03494010865688324,0.5742547512054443,1.3797633647918701,0.01123000879389495,0.004734792026868578,0.0030425882867306585,0.003209919143834142,0.00561884865270733,0.007916797991849134,0.13458849340677262,-0.12583894729614253,-0.020370745658874423,0.7878814339637756,0.7228689193725586,0.9981061816215515,-0.019653901,0.002227001,-0.040870517,344.0,1740111800.069917,0.0692540779709816,0.061932675540447235,0.16889378428459167,0.13720428943634033,-0.047208428382873535,-0.0537283755838871,0.035997550934553146,0.23045231401920319,0.22741995751857758,0.07090653479099274,0.11251385509967804,0.2647212743759155,0.15698197484016418,-0.033821530640125275,0.2201763391494751,0.0498906634747982,0.19707219302654266,0.0586707703769207,-0.08815304934978485,0.08569293469190598,-0.07562585175037384,-0.24701307713985443,-0.160881906747818,0.0507417768239975,0.12314078211784363,-0.060652606189250946,0.2439054250717163,-0.025128554552793503,-0.04146517440676689,0.2253054976463318,-0.1380903124809265,0.018002666532993317
0.03585544973611832,0.5742707252502441,1.379870057106018,0.01123000879389495,0.004734792026868578,0.0030425882867306585,0.005469602202059417,0.001898700233534123,0.009608252668149131,0.13494010865688325,-0.12574524879455562,-0.020236635208129794,0.7878814339637756,0.7228689193725586,0.9981061816215515,-0.019653901,0.002227001,-0.040870517,345.0,1740111800.1042054,0.0692540779709816,0.061932675540447235,0.16889378428459167,0.13720428943634033,-0.047208428382873535,-0.0537283755838871,0.035997550934553146,0.23045231401920319,0.22741995751857758,0.07090653479099274,0.11251385509967804,0.2647212743759155,0.15698197484016418,-0.033821530640125275,0.2201763391494751,0.0498906634747982,0.19707219302654266,0.0586707703769207,-0.08815304934978485,0.08569293469190598,-0.07562585175037384,-0.24701307713985443,-0.160881906747818,0.0507417768239975,0.12314078211784363,-0.060652606189250946,0.2439054250717163,-0.025128554552793503,-0.04146517440676689,0.2253054976463318,-0.1380903124809265,0.018002666532993317
0.03619328886270523,0.5746092200279236,1.379914402961731,0.01123000879389495,0.004734792026868578,0.0030425882867306585,0.004000214973890526,0.0016485219632791195,0.009162232694059236,0.13585830330848694,-0.12547076940536495,-0.02011861801147452,0.7878814339637756,0.7228689193725586,0.9981061816215515,-0.01963763,0.0019095242,-0.042496398,346.0,1740111800.1383257,0.06953541934490204,0.061847031116485596,0.16875553131103516,0.13701887428760529,-0.04740522801876068,-0.05351738631725311,0.03579879179596901,0.23041985929012299,0.22758789360523224,0.07056966423988342,0.11217100918292999,0.26467224955558777,0.15693864226341248,-0.03362173214554787,0.22026780247688293,0.05016130954027176,0.19729092717170715,0.058671560138463974,-0.0882214903831482,0.0855320617556572,-0.07540584355592728,-0.2466331273317337,-0.16087599098682404,0.05055367946624756,0.12338607758283615,-0.06068994849920273,0.24365484714508057,-0.024746574461460114,-0.041243601590394974,0.22533690929412842,-0.1384713500738144,0.017926793545484543
0.03699582815170288,0.5744484663009644,1.3799145221710205,0.02052903926484686,0.004816471976298815,0.0026459960873959493,0.0067328862221580545,0.0027521728190090956,0.01220705720482156,0.13650086373090745,-0.12533397674560542,-0.02011718749999991,0.7878814339637756,0.7228689193725586,0.9981061816215515,-0.017471224,0.0016964301,-0.04450059,347.0,1740111800.1708813,0.06911346316337585,0.06161206215620041,0.16780632734298706,0.13597272336483002,-0.04681151360273361,-0.05353543162345886,0.03562520444393158,0.22909675538539886,0.22649039328098297,0.07031507790088654,0.11159071326255798,0.26333087682724,0.15630587935447693,-0.033252183347940445,0.21891579031944275,0.049875658005476,0.1961478888988495,0.05808105692267418,-0.08717161417007446,0.08498023450374603,-0.07485079765319824,-0.24574828147888184,-0.15998364984989166,0.05020163208246231,0.12269213795661926,-0.06021091341972351,0.24255239963531494,-0.02453531324863434,-0.04089878126978874,0.22442349791526794,-0.1373010277748108,0.017951682209968567
0.03803938627243042,0.5749953389167786,1.3800780773162842,0.02052903926484686,0.004816471976298815,0.0026459960873959493,0.007736684273075629,0.0014959876588218272,0.008548801775500933,0.1369958281517029,-0.1255515336990356,-0.020085477828979403,0.7878814339637756,0.7228689193725586,0.9981061816215515,-0.018450812,0.0018670484,-0.043400154,348.0,1740111800.203759,0.06850875169038773,0.06140497326850891,0.16838331520557404,0.13738399744033813,-0.04722730815410614,-0.053204815834760666,0.03639144450426102,0.2302236258983612,0.22609145939350128,0.07101953029632568,0.1128322184085846,0.26450884342193604,0.15707197785377502,-0.03294314816594124,0.21893951296806335,0.04986473172903061,0.1959068328142166,0.05850451812148094,-0.0875706821680069,0.08648372441530228,-0.07404356449842453,-0.2469809204339981,-0.16071686148643494,0.05069635063409805,0.12146306037902832,-0.06069060415029526,0.24321578443050385,-0.02466372400522232,-0.04046144708991051,0.22589638829231262,-0.1373579204082489,0.016196947544813156
0.038019124418497086,0.5748596787452698,1.379707932472229,0.02052903926484686,0.004816471976298815,0.0026459960873959493,0.00654139467204823,0.00420298399105101,0.01301836572419165,0.1380191244184971,-0.12514032125473018,-0.020292067527770907,0.7878814339637756,0.7228689193725586,0.9981061816215515,-0.025565058,0.0021081418,-0.037441224,349.0,1740111800.2359476,0.06855642795562744,0.06179182976484299,0.16484715044498444,0.13142889738082886,-0.04365609586238861,-0.05416810140013695,0.03344472870230675,0.22425265610218048,0.22430066764354706,0.06957870721817017,0.11021505296230316,0.2576541304588318,0.1529780924320221,-0.031796690076589584,0.21499085426330566,0.04792201146483421,0.19335533678531647,0.055612798780202866,-0.08383201062679291,0.08089791983366013,-0.07333578169345856,-0.242720365524292,-0.15680672228336334,0.04824906587600708,0.12186504900455475,-0.05781420320272446,0.23875220119953156,-0.022759318351745605,-0.040837448090314865,0.2193664014339447,-0.13407592475414276,0.020358143374323845
0.03921001777052879,0.5758622288703918,1.379517674446106,0.022593048566139702,0.009975782543946331,-0.0030450766786693523,0.00556942839455518,0.002232242887288126,0.008685363474134487,0.13899753093719483,-0.1245253205299377,-0.02016558647155753,0.7878814339637756,0.7228689193725586,0.9981061816215515,-0.025565058,0.0021081418,-0.037441224,350.0,1740111800.2742667,0.06855642795562744,0.06179182976484299,0.16484715044498444,0.13142889738082886,-0.04365609586238861,-0.05416810140013695,0.03344472870230675,0.22425265610218048,0.22430066764354706,0.06957870721817017,0.11021505296230316,0.2576541304588318,0.1529780924320221,-0.031796690076589584,0.21499085426330566,0.04792201146483421,0.19335533678531647,0.055612798780202866,-0.08383201062679291,0.08089791983366013,-0.07333578169345856,-0.242720365524292,-0.15680672228336334,0.04824906587600708,0.12186504900455475,-0.05781420320272446,0.23875220119953156,-0.022759318351745605,-0.040837448090314865,0.2193664014339447,-0.13407592475414276,0.020358143374323845
0.039813924580812454,0.5761260986328125,1.379335880279541,0.022593048566139702,0.009975782543946331,-0.0030450766786693523,0.006885013107242218,0.0019952518832180213,0.007714007520559177,0.1392100177705288,-0.12413777112960811,-0.020482325553893954,0.7878814339637756,0.7228689193725586,0.9981061816215515,-0.02327051,0.002232939,-0.03840746,351.0,1740111800.3025622,0.06685822457075119,0.0612519346177578,0.16385340690612793,0.13137251138687134,-0.042889632284641266,-0.054037295281887054,0.03424195945262909,0.222911536693573,0.22189198434352875,0.07013651728630066,0.11059767007827759,0.25662025809288025,0.1527881622314453,-0.03155303746461868,0.21268947422504425,0.04718509688973427,0.1912750005722046,0.055377546697854996,-0.08269321918487549,0.08166582137346268,-0.07222817838191986,-0.24254487454891205,-0.15620583295822144,0.04841235280036926,0.11972026526927948,-0.057526879012584686,0.23790603876113892,-0.023241497576236725,-0.040011029690504074,0.21895653009414673,-0.13192406296730042,0.01852380484342575
0.040192391723394394,0.5761389136314392,1.3791319131851196,0.022593048566139702,0.009975782543946331,-0.0030450766786693523,0.008624309064809937,0.0020750518660218047,0.008326899721465324,0.1401923917233944,-0.12386108636856075,-0.020868086814880282,0.7878814339637756,0.7228689193725586,0.9981061816215515,-0.02327051,0.002232939,-0.03840746,352.0,1740111800.336093,0.06685822457075119,0.0612519346177578,0.16385340690612793,0.13137251138687134,-0.042889632284641266,-0.054037295281887054,0.03424195945262909,0.222911536693573,0.22189198434352875,0.07013651728630066,0.11059767007827759,0.25662025809288025,0.1527881622314453,-0.03155303746461868,0.21268947422504425,0.04718509688973427,0.1912750005722046,0.055377546697854996,-0.08269321918487549,0.08166582137346268,-0.07222817838191986,-0.24254487454891205,-0.15620583295822144,0.04841235280036926,0.11972026526927948,-0.057526879012584686,0.23790603876113892,-0.023241497576236725,-0.040011029690504074,0.21895653009414673,-0.13192406296730042,0.01852380484342575
0.0402849018573761,0.5768576860427856,1.37798273563385,0.010746468310438283,0.009952374482447924,-0.0153460001001137,0.002040059911406626,0.007717977328572261,0.01398382435714792,0.1400390475988388,-0.12342066764831539,-0.021764063835143954,0.7878814339637756,0.7228689193725586,0.9981061816215515,-0.024829239,0.0024762228,-0.0367209,353.0,1740111800.371903,0.06808767467737198,0.061469390988349915,0.16804954409599304,0.1368609517812729,-0.0465933233499527,-0.05422363430261612,0.03622150421142578,0.22874879837036133,0.22529885172843933,0.07116909325122833,0.11301176249980927,0.263784259557724,0.1569012552499771,-0.033306363970041275,0.21829475462436676,0.04904017969965935,0.19532056152820587,0.05810767784714699,-0.08685183525085449,0.08627282828092575,-0.07473234087228775,-0.2474234253168106,-0.16032865643501282,0.050720036029815674,0.12093856185674667,-0.06038930267095566,0.2436811774969101,-0.025310426950454712,-0.04096752032637596,0.22499334812164307,-0.13563930988311768,0.017137741670012474
0.04088316485285759,0.5772931575775146,1.3773976564407349,0.010746468310438283,0.009952374482447924,-0.0153460001001137,0.004313394778682585,0.008981371811089368,0.01280191642791536,0.1402849018573761,-0.12314231395721431,-0.022017264366149814,0.7878814339637756,0.7228689193725586,0.9981061816215515,-0.027880296,0.002691172,-0.03415054,354.0,1740111800.4033406,0.06747443974018097,0.06141582503914833,0.16762711107730865,0.13753226399421692,-0.04709097743034363,-0.0539538636803627,0.036471541970968246,0.22941496968269348,0.22462525963783264,0.07151506841182709,0.11310049891471863,0.26419463753700256,0.15680471062660217,-0.033391911536455154,0.2177082896232605,0.048923853784799576,0.19494132697582245,0.05834498628973961,-0.08727683126926422,0.08666875213384628,-0.07441245764493942,-0.24715036153793335,-0.16037464141845703,0.05091828107833862,0.1202223002910614,-0.06061883270740509,0.243211030960083,-0.025343157351017,-0.04087438806891441,0.2251250147819519,-0.13551785051822662,0.016227014362812042
0.04083699360489845,0.5779069662094116,1.3767329454421997,0.010746468310438283,0.009952374482447924,-0.0153460001001137,-0.002410458608530099,0.007961015250621883,0.01200562586465306,0.14120318591594697,-0.1224804043769836,-0.022940897941589267,0.7878814339637756,0.7228689193725586,0.9981061816215515,-0.027880296,0.002691172,-0.03415054,355.0,1740111800.437946,0.06747443974018097,0.06141582503914833,0.16762711107730865,0.13753226399421692,-0.04709097743034363,-0.0539538636803627,0.036471541970968246,0.22941496968269348,0.22462525963783264,0.07151506841182709,0.11310049891471863,0.26419463753700256,0.15680471062660217,-0.033391911536455154,0.2177082896232605,0.048923853784799576,0.19494132697582245,0.05834498628973961,-0.08727683126926422,0.08666875213384628,-0.07441245764493942,-0.24715036153793335,-0.16037464141845703,0.05091828107833862,0.1202223002910614,-0.06061883270740509,0.243211030960083,-0.025343157351017,-0.04087438806891441,0.2251250147819519,-0.13551785051822662,0.016227014362812042
0.0417637936770916,0.5780844688415527,1.3758870363235474,0.010746468310438283,0.009952374482447924,-0.0153460001001137,0.005579888782274726,0.007882770622199577,0.011840203427654732,0.14126383736729622,-0.1216600656509399,-0.023726367950439364,0.7878814339637756,0.7228689193725586,0.9981061816215515,-0.028182216,0.0027587712,-0.034234673,356.0,1740111800.4700572,0.06664906442165375,0.06137046217918396,0.1671159863471985,0.13740456104278564,-0.04638227820396423,-0.05411013960838318,0.03648090362548828,0.22885331511497498,0.22332413494586945,0.07207253575325012,0.11347523331642151,0.26346808671951294,0.1562192440032959,-0.03322696313261986,0.21652771532535553,0.04803122952580452,0.19379091262817383,0.05797375366091728,-0.08654488623142242,0.08647262305021286,-0.07400505989789963,-0.2472987323999405,-0.15988129377365112,0.05097569525241852,0.11899807304143906,-0.060266368091106415,0.24267297983169556,-0.025680936872959137,-0.04108310863375664,0.22442224621772766,-0.13415934145450592,0.015958445146679878
0.0418480783700943,0.5786361694335938,1.375648021697998,0.013014020500279874,0.014806529601149667,-0.019437353860078842,-0.00013005360310336682,0.006754720928477193,0.00868319979134283,0.1417637936770916,-0.12191553115844722,-0.024112963676452548,0.7878814339637756,0.7228689193725586,0.9981061816215515,-0.028410584,0.0030090585,-0.034062043,357.0,1740111800.5052714,0.06707782298326492,0.061430588364601135,0.1677914708852768,0.13726849853992462,-0.04581979662179947,-0.053761858493089676,0.03658253327012062,0.22964461147785187,0.22420084476470947,0.0725230723619461,0.11360594630241394,0.26418226957321167,0.15641596913337708,-0.033166904002428055,0.21720729768276215,0.048387158662080765,0.1942002922296524,0.057889070361852646,-0.0865650326013565,0.08631890267133713,-0.07417789846658707,-0.24754053354263306,-0.1602642685174942,0.05108771473169327,0.12008555978536606,-0.060354143381118774,0.24252018332481384,-0.025821778923273087,-0.04121159389615059,0.22492742538452148,-0.13507716357707977,0.016329457983374596
0.04225558787584305,0.5786288976669312,1.374212384223938,0.013014020500279874,0.014806529601149667,-0.019437353860078842,0.009397703377938537,0.009313575455408849,0.010527502041749997,0.14253143444657326,-0.12081934213638301,-0.025273942947387606,0.7878814339637756,0.7228689193725586,0.9981061816215515,-0.02946446,0.003430657,-0.032310337,358.0,1740111800.5384495,0.06669830530881882,0.06175260245800018,0.1687859743833542,0.1395483911037445,-0.04683191329240799,-0.05425247550010681,0.03693590313196182,0.23213361203670502,0.22451236844062805,0.07334533333778381,0.11504876613616943,0.2664029598236084,0.1573074609041214,-0.033997438848018646,0.21830140054225922,0.04776211082935333,0.19517655670642853,0.058901455253362656,-0.0879690945148468,0.0875547006726265,-0.07500618696212769,-0.24981717765331268,-0.1613408923149109,0.052113331854343414,0.11912193894386292,-0.061345502734184265,0.2444240152835846,-0.026828262954950333,-0.04224288836121559,0.22623160481452942,-0.13541434705257416,0.015784146264195442
0.04307464882731438,0.5798463225364685,1.3733417987823486,0.013014020500279874,0.014806529601149667,-0.019437353860078842,0.0008545981040465257,0.005516244556492102,0.006937040404822512,0.14286602884531022,-0.12081278562545772,-0.026348853111267,0.7878814339637756,0.7228689193725586,0.9981061816215515,-0.030753806,0.0034079328,-0.03295444,359.0,1740111800.5699046,0.06600487232208252,0.061820127069950104,0.16783946752548218,0.13895973563194275,-0.046287842094898224,-0.05477374792098999,0.036311037838459015,0.23109617829322815,0.22336240112781525,0.07288669049739838,0.11473818123340607,0.2648274600505829,0.15637147426605225,-0.034041061997413635,0.21693401038646698,0.046721599996089935,0.19430284202098846,0.058484915643930435,-0.08756616711616516,0.08656618744134903,-0.07505667954683304,-0.24912136793136597,-0.16042771935462952,0.05176014453172684,0.11830269545316696,-0.06085669994354248,0.24382153153419495,-0.02687600627541542,-0.042531903833150864,0.2245621383190155,-0.13410690426826477,0.01622432842850685
0.04355704039335251,0.5802826881408691,1.3725138902664185,0.015554812007395577,0.014986458803513767,-0.028526570257977155,0.0010427851644254588,0.00556981378674452,0.004142833011724672,0.14307464882731438,-0.12015367746353145,-0.02665820121765128,0.7878814339637756,0.7228689193725586,0.9981061816215515,-0.030753806,0.0034079328,-0.03295444,360.0,1740111800.6026995,0.06600487232208252,0.061820127069950104,0.16783946752548218,0.13895973563194275,-0.046287842094898224,-0.05477374792098999,0.036311037838459015,0.23109617829322815,0.22336240112781525,0.07288669049739838,0.11473818123340607,0.2648274600505829,0.15637147426605225,-0.034041061997413635,0.21693401038646698,0.046721599996089935,0.19430284202098846,0.058484915643930435,-0.08756616711616516,0.08656618744134903,-0.07505667954683304,-0.24912136793136597,-0.16042771935462952,0.05176014453172684,0.11830269545316696,-0.06085669994354248,0.24382153153419495,-0.02687600627541542,-0.042531903833150864,0.2245621383190155,-0.13410690426826477,0.01622432842850685
0.04368050396442413,0.5799709558486938,1.3717803955078125,0.015554812007395577,0.014986458803513767,-0.028526570257977155,0.005158362267689227,0.006827316350792621,0.009678452245786139,0.14368050396442414,-0.12002904415130611,-0.02821960449218741,0.7878814339637756,0.7228689193725586,0.9981061816215515,-0.028874896,0.0030750036,-0.034891427,361.0,1740111800.6371067,0.06506634503602982,0.06199655681848526,0.16738320887088776,0.1399173140525818,-0.04667576402425766,-0.05540619418025017,0.0363723449409008,0.23108914494514465,0.2223997265100479,0.0729437917470932,0.11525048315525055,0.26481232047080994,0.1563689112663269,-0.0346691720187664,0.21626746654510498,0.045800309628248215,0.19388669729232788,0.05883819982409477,-0.08789733052253723,0.08706993609666824,-0.07550693303346634,-0.24964158236980438,-0.16035333275794983,0.05205625295639038,0.11675572395324707,-0.06102365255355835,0.24449963867664337,-0.02743789553642273,-0.04305706545710564,0.2240903079509735,-0.13289900124073029,0.015847695991396904
0.04473089799284935,0.5805953741073608,1.3707646131515503,0.015554812007395577,0.014986458803513767,-0.028526570257977155,0.0072334067511309105,0.0035025816958531037,0.005886437309903913,0.14402923211455346,-0.11968679428100581,-0.029183173179626376,0.7878814339637756,0.7228689193725586,0.9981061816215515,-0.026817605,0.003037177,-0.03422016,362.0,1740111800.6708705,0.0644720196723938,0.06203623116016388,0.16785286366939545,0.14205238223075867,-0.04794183373451233,-0.055776532739400864,0.03656860068440437,0.2327001392841339,0.22219420969486237,0.0731862485408783,0.11654606461524963,0.2661321461200714,0.1570877581834793,-0.035285256803035736,0.21656009554862976,0.04514600336551666,0.19429980218410492,0.05987652763724327,-0.08919273316860199,0.08848220854997635,-0.07556411623954773,-0.25125280022621155,-0.16110646724700928,0.0526578426361084,0.11526107043027878,-0.061730556190013885,0.24610616266727448,-0.02774132415652275,-0.043353717774152756,0.22518345713615417,-0.13308939337730408,0.014583472162485123
0.04456090182065964,0.581049382686615,1.369497299194336,0.010038312714719283,0.007666715143654799,-0.030165004541737494,0.005279100345417738,0.005774215670697616,0.010519096609829174,0.14473089799284936,-0.11940462589263912,-0.029235386848449618,0.7878814339637756,0.7228689193725586,0.9981061816215515,-0.027713694,0.0028492212,-0.034285456,363.0,1740111800.7034724,0.06470493972301483,0.06201779842376709,0.1686670035123825,0.14259791374206543,-0.04868960380554199,-0.05539385974407196,0.03666476905345917,0.2339949756860733,0.22258201241493225,0.07333511114120483,0.1170782744884491,0.2669539749622345,0.1574321687221527,-0.03478884696960449,0.21725788712501526,0.04537811875343323,0.19468067586421967,0.060131970793008804,-0.0894569456577301,0.08893350511789322,-0.07482889294624329,-0.251970112323761,-0.16138534247875214,0.0526619628071785,0.11498764157295227,-0.06220231205224991,0.24647237360477448,-0.027006495743989944,-0.04317952319979668,0.22657278180122375,-0.13393829762935638,0.013898156583309174
0.04480674862861633,0.5812666416168213,1.3691014051437378,0.010038312714719283,0.007666715143654799,-0.030165004541737494,0.005304133201688634,0.004293947802420532,0.011146259953695703,0.14480674862861634,-0.11873335838317867,-0.030898594856262118,0.7878814339637756,0.7228689193725586,0.9981061816215515,-0.02903527,0.0029849336,-0.031557903,364.0,1740111800.7352808,0.06539224833250046,0.06259049475193024,0.16857627034187317,0.14284005761146545,-0.04936537891626358,-0.05582081899046898,0.03565872460603714,0.23437823355197906,0.22388409078121185,0.07251791656017303,0.11643220484256744,0.26703354716300964,0.1570892482995987,-0.03580060228705406,0.21821846067905426,0.04516562819480896,0.19625501334667206,0.060628268867731094,-0.09073324501514435,0.08799535781145096,-0.07624740898609161,-0.2514888048171997,-0.16148385405540466,0.05242285132408142,0.11636776477098465,-0.06232026219367981,0.24703051149845123,-0.02680467814207077,-0.044104497879743576,0.2256554663181305,-0.13495825231075287,0.015299192629754543
0.04570420831441879,0.5818402171134949,1.3677570819854736,0.010038312714719283,0.007666715143654799,-0.030165004541737494,0.007549626919881947,0.0037048279069819565,0.013265763372203691,0.1450156256556511,-0.11831457614898677,-0.03180029392242423,0.7878814339637756,0.7228689193725586,0.9981061816215515,-0.02903527,0.0029849336,-0.031557903,365.0,1740111800.7711606,0.06539224833250046,0.06259049475193024,0.16857627034187317,0.14284005761146545,-0.04936537891626358,-0.05582081899046898,0.03565872460603714,0.23437823355197906,0.22388409078121185,0.07251791656017303,0.11643220484256744,0.26703354716300964,0.1570892482995987,-0.03580060228705406,0.21821846067905426,0.04516562819480896,0.19625501334667206,0.060628268867731094,-0.09073324501514435,0.08799535781145096,-0.07624740898609161,-0.2514888048171997,-0.16148385405540466,0.05242285132408142,0.11636776477098465,-0.06232026219367981,0.24703051149845123,-0.02680467814207077,-0.044104497879743576,0.2256554663181305,-0.13495825231075287,0.015299192629754543
0.04573012888431549,0.5829153656959534,1.3669847249984741,0.011677581448621053,0.018636387448268635,-0.025094176084275093,0.002108004793336804,0.004130628828729312,0.008740301128827673,0.1457042083144188,-0.11815978288650508,-0.03224291801452628,0.7878814339637756,0.7228689193725586,0.9981061816215515,-0.029833913,0.004003659,-0.027592972,366.0,1740111800.809391,0.06581529229879379,0.06289447098970413,0.1691555678844452,0.14216387271881104,-0.0488525852560997,-0.05577480420470238,0.03487683832645416,0.2346287965774536,0.2241903841495514,0.07274983823299408,0.11677737534046173,0.2665315568447113,0.15643106400966644,-0.034880395978689194,0.21838301420211792,0.044609878212213516,0.19625841081142426,0.06003056839108467,-0.08983945846557617,0.08703870326280594,-0.07543360441923141,-0.2520970404148102,-0.16094821691513062,0.052069731056690216,0.11620323359966278,-0.061987802386283875,0.2467292845249176,-0.025935973972082138,-0.04451252892613411,0.225760817527771,-0.13489273190498352,0.015918653458356857
0.04596397280693054,0.5829105377197266,1.365973949432373,0.011677581448621053,0.018636387448268635,-0.025094176084275093,0.004205421692645661,0.007284339270693103,0.00927903519663211,0.14584497213363648,-0.11690021753311153,-0.03348495960235587,0.7878814339637756,0.7228689193725586,0.9981061816215515,-0.029645756,0.0043801516,-0.026237965,367.0,1740111800.839509,0.06537720561027527,0.06296752393245697,0.16820156574249268,0.14087413251399994,-0.04835249483585358,-0.05614357069134712,0.03441932797431946,0.23314644396305084,0.2233394831418991,0.07229630649089813,0.116129070520401,0.26484841108322144,0.15566956996917725,-0.03485012799501419,0.2172531932592392,0.04409725219011307,0.19531673192977905,0.05943674221634865,-0.08904805779457092,0.08596407622098923,-0.07536616921424866,-0.2510329782962799,-0.1599247008562088,0.05159015953540802,0.11600653827190399,-0.06144755333662033,0.24585607647895813,-0.025549031794071198,-0.04446293041110039,0.22442373633384705,-0.13365963101387024,0.0165383443236351
0.04633648321032524,0.5838518738746643,1.3654028177261353,0.011677581448621053,0.018636387448268635,-0.025094176084275093,0.000529800991666053,0.006084234979676196,0.0064297877233319995,0.14620128870010377,-0.11642898321151729,-0.034226083755493075,0.7878814339637756,0.7228689193725586,0.9981061816215515,-0.031997383,0.0046001,-0.026512042,368.0,1740111800.8713243,0.0652003064751625,0.06289982050657272,0.16876845061779022,0.14196720719337463,-0.049154214560985565,-0.055929217487573624,0.03480669483542442,0.23423676192760468,0.22340737283229828,0.07240995764732361,0.11666913330554962,0.26585185527801514,0.1562740057706833,-0.03493305295705795,0.217667356133461,0.04425407946109772,0.19555339217185974,0.059988390654325485,-0.08964277803897858,0.08693230897188187,-0.07514244318008423,-0.25175389647483826,-0.16044853627681732,0.05187014490365982,0.11556235700845718,-0.061957940459251404,0.24659521877765656,-0.025508813560009003,-0.04427604749798775,0.2257174551486969,-0.13411489129066467,0.01550803892314434
0.046623338013887405,0.5842706561088562,1.364754319190979,0.011677581448621053,0.018636387448268635,-0.025094176084275093,0.0007878009846795053,0.005383336934408682,0.0064135316420036075,0.14633648321032525,-0.11614812612533565,-0.03459718227386466,0.7878814339637756,0.7228689193725586,0.9981061816215515,-0.032238014,0.0041652173,-0.02994746,369.0,1740111800.9023998,0.0651535764336586,0.06293061375617981,0.1695600152015686,0.14272303879261017,-0.04968024045228958,-0.05561134219169617,0.034729596227407455,0.23537896573543549,0.2232639491558075,0.07247108221054077,0.11742442846298218,0.26642975211143494,0.1566493809223175,-0.03431577607989311,0.217940092086792,0.044237107038497925,0.1955830603837967,0.06006256118416786,-0.08983537554740906,0.08748739212751389,-0.07418576627969742,-0.25263261795043945,-0.1608544886112213,0.051922716200351715,0.11476100236177444,-0.062326058745384216,0.2471277117729187,-0.024999156594276428,-0.04395977780222893,0.22703179717063904,-0.13434311747550964,0.01444858405739069
0.046746253967285156,0.5844623446464539,1.3643510341644287,0.00847767168929335,0.012906658710030335,-0.02197324581033368,0.0007044825296085827,0.006201705579412139,0.007289756103478835,0.14674625396728516,-0.1155376553535461,-0.0356489658355712,0.7878814339637756,0.7228689193725586,0.9981061816215515,-0.032238014,0.0041652173,-0.02994746,370.0,1740111800.9358764,0.0651535764336586,0.06293061375617981,0.1695600152015686,0.14272303879261017,-0.04968024045228958,-0.05561134219169617,0.034729596227407455,0.23537896573543549,0.2232639491558075,0.07247108221054077,0.11742442846298218,0.26642975211143494,0.1566493809223175,-0.03431577607989311,0.217940092086792,0.044237107038497925,0.1955830603837967,0.06006256118416786,-0.08983537554740906,0.08748739212751389,-0.07418576627969742,-0.25263261795043945,-0.1608544886112213,0.051922716200351715,0.11476100236177444,-0.062326058745384216,0.2471277117729187,-0.024999156594276428,-0.04395977780222893,0.22703179717063904,-0.13434311747550964,0.01444858405739069
0.04703318327665329,0.5850304961204529,1.3630356788635254,0.00847767168929335,0.012906658710030335,-0.02197324581033368,0.0015476806967927783,0.00897847880356692,0.007191746129866607,0.14691841080784798,-0.1151598215103149,-0.03646078109741202,0.7878814339637756,0.7228689193725586,0.9981061816215515,-0.034090817,0.0036631972,-0.03339243,371.0,1740111800.977736,0.06465350091457367,0.06278764456510544,0.16930201649665833,0.1427815556526184,-0.04984791576862335,-0.055423200130462646,0.034820958971977234,0.23531249165534973,0.22255770862102509,0.0724184513092041,0.11754758656024933,0.26615309715270996,0.1567017138004303,-0.034057628363370895,0.2172699272632599,0.04416175186634064,0.19502553343772888,0.060087818652391434,-0.08982433378696442,0.08777346462011337,-0.07348489761352539,-0.2524239122867584,-0.16085919737815857,0.05188850313425064,0.11407741904258728,-0.0624067485332489,0.24690347909927368,-0.024649541825056076,-0.04343309625983238,0.2271762192249298,-0.1339351236820221,0.013545340858399868
0.04720392823219299,0.5848590731620789,1.3620681762695312,0.00847767168929335,0.012906658710030335,-0.02197324581033368,0.005047961032308338,0.012160135328782193,0.009019677436353676,0.1470331832766533,-0.11496950387954707,-0.03696432113647452,0.7878814339637756,0.7228689193725586,0.9981061816215515,-0.044578724,0.0033066645,-0.034351036,372.0,1740111801.0037403,0.06308628618717194,0.06240284442901611,0.16791090369224548,0.14153620600700378,-0.04887084662914276,-0.05552837625145912,0.03485210984945297,0.23304888606071472,0.21970945596694946,0.07222345471382141,0.11738762259483337,0.26362308859825134,0.15561284124851227,-0.03320062905550003,0.21437528729438782,0.04316882789134979,0.19226300716400146,0.0592355914413929,-0.08791162073612213,0.08735208958387375,-0.07202189415693283,-0.25127556920051575,-0.15930503606796265,0.05133512616157532,0.11163987964391708,-0.06162359565496445,0.24526968598365784,-0.02428469806909561,-0.042647745460271835,0.22582104802131653,-0.1313239187002182,0.012832541950047016
0.04796633869409561,0.5853333473205566,1.3613704442977905,0.004514945956174635,0.0054781706266275034,-0.027318255173497223,0.006879314067058479,0.008831530678439068,0.007863587573856058,0.14719849303364754,-0.11498893499374385,-0.03838529586791983,0.7878814339637756,0.7228689193725586,0.9981061816215515,-0.044578724,0.0033066645,-0.034351036,373.0,1740111801.0387278,0.06308628618717194,0.06240284442901611,0.16791090369224548,0.14153620600700378,-0.04887084662914276,-0.05552837625145912,0.03485210984945297,0.23304888606071472,0.21970945596694946,0.07222345471382141,0.11738762259483337,0.26362308859825134,0.15561284124851227,-0.03320062905550003,0.21437528729438782,0.04316882789134979,0.19226300716400146,0.0592355914413929,-0.08791162073612213,0.08735208958387375,-0.07202189415693283,-0.25127556920051575,-0.15930503606796265,0.05133512616157532,0.11163987964391708,-0.06162359565496445,0.24526968598365784,-0.02428469806909561,-0.042647745460271835,0.22582104802131653,-0.1313239187002182,0.012832541950047016
0.0479593351483345,0.5853460431098938,1.360278606414795,0.004514945956174635,0.0054781706266275034,-0.027318255173497223,0.006652506362230234,0.01021807849278739,0.011432734859319092,0.14796633869409562,-0.11466665267944331,-0.038629555702209384,0.7878814339637756,0.7228689193725586,0.9981061816215515,-0.044089124,0.0032386482,-0.03411393,374.0,1740111801.0693696,0.06320557743310928,0.06255711615085602,0.1669275462627411,0.14025363326072693,-0.04831375181674957,-0.056201834231615067,0.03402428328990936,0.23137295246124268,0.21954816579818726,0.07157188653945923,0.11645583808422089,0.26198646426200867,0.15458723902702332,-0.03365205228328705,0.21380726993083954,0.04262956976890564,0.19216643273830414,0.0588189922273159,-0.08746576309204102,0.08585945516824722,-0.0728573128581047,-0.2501336932182312,-0.15836316347122192,0.05089162290096283,0.11222425848245621,-0.06096894294023514,0.24463661015033722,-0.024426307529211044,-0.043196629732847214,0.22376540303230286,-0.1306593120098114,0.014528926461935043
0.04775587469339371,0.5857293605804443,1.3593053817749023,0.004514945956174635,0.0054781706266275034,-0.027318255173497223,0.004670540144201223,0.01159854619103453,0.009600657284152663,0.1479593351483345,-0.11465395689010616,-0.03972139358520499,0.7878814339637756,0.7228689193725586,0.9981061816215515,-0.044089124,0.0032386482,-0.03411393,375.0,1740111801.1059148,0.06320557743310928,0.06255711615085602,0.1669275462627411,0.14025363326072693,-0.04831375181674957,-0.056201834231615067,0.03402428328990936,0.23137295246124268,0.21954816579818726,0.07157188653945923,0.11645583808422089,0.26198646426200867,0.15458723902702332,-0.03365205228328705,0.21380726993083954,0.04262956976890564,0.19216643273830414,0.0588189922273159,-0.08746576309204102,0.08585945516824722,-0.0728573128581047,-0.2501336932182312,-0.15836316347122192,0.05089162290096283,0.11222425848245621,-0.06096894294023514,0.24463661015033722,-0.024426307529211044,-0.043196629732847214,0.22376540303230286,-0.1306593120098114,0.014528926461935043
0.04777661710977554,0.5864458084106445,1.3586562871932983,0.004823177008224846,0.011969785875543268,-0.024681498572835137,-0.002325952993992292,0.0080805910079017,0.006810038566362992,0.1477273315191269,-0.11415935754775997,-0.041127467155456454,0.7878814339637756,0.7228689193725586,0.9981061816215515,-0.043246254,0.0029440299,-0.033550605,376.0,1740111801.139456,0.06300318986177444,0.06268660724163055,0.1661575436592102,0.13958695530891418,-0.04781012982130051,-0.05656083673238754,0.033555347472429276,0.2302926480770111,0.21905361115932465,0.07138381898403168,0.1160535216331482,0.26090583205223083,0.15389356017112732,-0.03378172218799591,0.21312400698661804,0.042126186192035675,0.1917807161808014,0.05848563835024834,-0.08704334497451782,0.08506616204977036,-0.07309336960315704,-0.2495764046907425,-0.15783461928367615,0.05070120841264725,0.112075574696064,-0.06052311509847641,0.24413079023361206,-0.024541284888982773,-0.04353472962975502,0.22242870926856995,-0.12984056770801544,0.01526741310954094
0.04858290031552315,0.586037278175354,1.3576823472976685,0.004823177008224846,0.011969785875543268,-0.024681498572835137,0.006813164183493041,0.008659708890571015,0.01174720940164885,0.14777661710977555,-0.11355419158935542,-0.04134371280670157,0.7878814339637756,0.7228689193725586,0.9981061816215515,-0.04807642,0.0024270043,-0.03596151,377.0,1740111801.1706402,0.06454179435968399,0.06292932480573654,0.16781818866729736,0.14014244079589844,-0.04902958869934082,-0.056052371859550476,0.033386990427970886,0.23221547901630402,0.22173714637756348,0.0713602602481842,0.11616303026676178,0.2627016007900238,0.15469934046268463,-0.03365185111761093,0.21595259010791779,0.043352287262678146,0.19396044313907623,0.05909505859017372,-0.08811165392398834,0.08534247428178787,-0.07342496514320374,-0.2504003047943115,-0.15891294181346893,0.050832897424697876,0.11421085894107819,-0.06115696579217911,0.24533040821552277,-0.023895375430583954,-0.043780673295259476,0.2244476079940796,-0.13249239325523376,0.015745017677545547
0.04860677570104599,0.5861261487007141,1.3572523593902588,0.004823177008224846,0.011969785875543268,-0.024681498572835137,0.006882584634090634,0.008918744313802268,0.012209166601710108,0.14858290031552315,-0.11396272182464595,-0.042317652702331454,0.7878814339637756,0.7228689193725586,0.9981061816215515,-0.045297578,0.0023508817,-0.03550221,378.0,1740111801.2047856,0.0641591027379036,0.06299055367708206,0.16687706112861633,0.13930708169937134,-0.04852727800607681,-0.05655095726251602,0.03301152214407921,0.2309315949678421,0.22093115746974945,0.07119965553283691,0.11575588583946228,0.26142364740371704,0.15393850207328796,-0.033795300871133804,0.21500767767429352,0.04276800900697708,0.19322772324085236,0.0586882121860981,-0.08745524287223816,0.08457016944885254,-0.07361862063407898,-0.24979542195796967,-0.15810029208660126,0.050626158714294434,0.11369120329618454,-0.06066279113292694,0.2447202354669571,-0.024015255272388458,-0.04410285875201225,0.22304406762123108,-0.13130757212638855,0.016484394669532776
0.04813484102487564,0.5868263840675354,1.3565647602081299,0.004823177008224846,0.011969785875543268,-0.024681498572835137,-0.00212242949989136,0.008718763635122076,0.008818320463126125,0.14813484102487565,-0.11317361593246456,-0.04343523979187003,0.7878814339637756,0.7228689193725586,0.9981061816215515,-0.044217158,0.0029450282,-0.031420663,379.0,1740111801.23647,0.06312502920627594,0.0628906786441803,0.16565483808517456,0.13912509381771088,-0.04834428429603577,-0.056480523198843,0.03312071040272713,0.23007835447788239,0.21932238340377808,0.0709732174873352,0.11526522040367126,0.2602941691875458,0.15319904685020447,-0.03382834047079086,0.21322350203990936,0.04210958257317543,0.19208191335201263,0.05860724672675133,-0.08708401024341583,0.08430010825395584,-0.07324960082769394,-0.2485964596271515,-0.15726885199546814,0.050436221063137054,0.11250143498182297,-0.06043858826160431,0.2435797154903412,-0.024039577692747116,-0.04385542497038841,0.22189292311668396,-0.13012996315956116,0.01591062918305397
0.04845699667930603,0.5864576697349548,1.3554422855377197,0.0032510118702262776,0.0038020887147410167,-0.023839801619787153,0.002069582072587612,0.00992396117140431,0.012185739905319027,0.14825165867805482,-0.11369104385375972,-0.043922805786132724,0.7878814339637756,0.7228689193725586,0.9981061816215515,-0.044217158,0.0029450282,-0.031420663,380.0,1740111801.2725637,0.06312502920627594,0.0628906786441803,0.16565483808517456,0.13912509381771088,-0.04834428429603577,-0.056480523198843,0.03312071040272713,0.23007835447788239,0.21932238340377808,0.0709732174873352,0.11526522040367126,0.2602941691875458,0.15319904685020447,-0.03382834047079086,0.21322350203990936,0.04210958257317543,0.19208191335201263,0.05860724672675133,-0.08708401024341583,0.08430010825395584,-0.07324960082769394,-0.2485964596271515,-0.15726885199546814,0.050436221063137054,0.11250143498182297,-0.06043858826160431,0.2435797154903412,-0.024039577692747116,-0.04385542497038841,0.22189292311668396,-0.13012996315956116,0.01591062918305397
0.04858457297086716,0.5865961313247681,1.354762315750122,0.0032510118702262776,0.0038020887147410167,-0.023839801619787153,0.0049598257854215,0.008844445262533394,0.012996652699462694,0.14845699667930604,-0.11354233026504512,-0.044557714462280185,0.7878814339637756,0.7228689193725586,0.9981061816215515,-0.046298333,0.0036452562,-0.027033903,381.0,1740111801.3110967,0.06289256364107132,0.06281077861785889,0.16594193875789642,0.14057154953479767,-0.04966038465499878,-0.05543723702430725,0.03375890478491783,0.23202770948410034,0.21947453916072845,0.07100988924503326,0.11547777056694031,0.26201382279396057,0.1540205180644989,-0.03372354432940483,0.21359677612781525,0.04274400323629379,0.19273896515369415,0.059652555733919144,-0.08834698796272278,0.08544468134641647,-0.07250067591667175,-0.24861635267734528,-0.1582087278366089,0.050833456218242645,0.11232428252696991,-0.06145935505628586,0.24360859394073486,-0.023644082248210907,-0.0431724451482296,0.2235366404056549,-0.13133427500724792,0.013839137740433216
0.04865854233503342,0.5871201157569885,1.3542983531951904,0.0032510118702262776,0.0038020887147410167,-0.023839801619787153,0.0020551579688400006,0.004910933764401139,0.010206374902664697,0.1486983396112919,-0.11285151243209834,-0.04535164833068839,0.7878814339637756,0.7228689193725586,0.9981061816215515,-0.046298333,0.0036452562,-0.027033903,382.0,1740111801.344778,0.06289256364107132,0.06281077861785889,0.16594193875789642,0.14057154953479767,-0.04966038465499878,-0.05543723702430725,0.03375890478491783,0.23202770948410034,0.21947453916072845,0.07100988924503326,0.11547777056694031,0.26201382279396057,0.1540205180644989,-0.03372354432940483,0.21359677612781525,0.04274400323629379,0.19273896515369415,0.059652555733919144,-0.08834698796272278,0.08544468134641647,-0.07250067591667175,-0.24861635267734528,-0.1582087278366089,0.050833456218242645,0.11232428252696991,-0.06145935505628586,0.24360859394073486,-0.023644082248210907,-0.0431724451482296,0.2235366404056549,-0.13133427500724792,0.013839137740433216
0.04865579679608345,0.5872777700424194,1.3537603616714478,0.004746108287813103,0.0036485544899157924,-0.0175858305054113,0.001350076391868903,0.004085996678046566,0.010969800805070151,0.14865854233503342,-0.11287988424301143,-0.04570164680480948,0.7878814339637756,0.7228689193725586,0.9981061816215515,-0.046895362,0.004284151,-0.022569403,383.0,1740111801.3781729,0.06297478824853897,0.06274761259555817,0.16794590651988983,0.14399577677249908,-0.05124621093273163,-0.05504806339740753,0.03439200296998024,0.23525641858577728,0.21964119374752045,0.07198242843151093,0.11756633222103119,0.26526397466659546,0.15587523579597473,-0.03336722403764725,0.21559388935565948,0.04316142573952675,0.19388708472251892,0.06038913503289223,-0.09005120396614075,0.08832042664289474,-0.07175010442733765,-0.2520551383495331,-0.1603456288576126,0.052208513021469116,0.11087997257709503,-0.06278768926858902,0.24642729759216309,-0.02443474531173706,-0.04337405040860176,0.2270541787147522,-0.13223150372505188,0.011479274369776249
0.048360079526901245,0.5874446630477905,1.353237509727478,0.004746108287813103,0.0036485544899157924,-0.0175858305054113,-0.002771442410162595,0.0038751498028153507,0.01201551331634588,0.14865579679608346,-0.11272222995758052,-0.04623963832855216,0.7878814339637756,0.7228689193725586,0.9981061816215515,-0.053673103,0.004649274,-0.02081421,384.0,1740111801.4107993,0.0627022311091423,0.0627528727054596,0.16811473667621613,0.14423993229866028,-0.05168640613555908,-0.05520704761147499,0.034749578684568405,0.23596607148647308,0.21946419775485992,0.07203643023967743,0.1177494078874588,0.26569798588752747,0.15593929588794708,-0.03355012089014053,0.21558700501918793,0.042966410517692566,0.19363319873809814,0.0605587400496006,-0.09004847705364227,0.08835285156965256,-0.0718061551451683,-0.2523259222507477,-0.16000409424304962,0.05224338173866272,0.11038529127836227,-0.06301366537809372,0.2464573234319687,-0.024259764701128006,-0.04362248256802559,0.22752434015274048,-0.13212981820106506,0.011329300701618195
0.048408761620521545,0.5876176357269287,1.3530014753341675,0.004746108287813103,0.0036485544899157924,-0.0175858305054113,0.00025167429021372736,0.000975085772847757,0.009114892293756713,0.14852625355124474,-0.11246259212493892,-0.04687812328338614,0.7878814339637756,0.7228689193725586,0.9981061816215515,-0.053673103,0.004649274,-0.02081421,385.0,1740111801.4444716,0.0627022311091423,0.0627528727054596,0.16811473667621613,0.14423993229866028,-0.05168640613555908,-0.05520704761147499,0.034749578684568405,0.23596607148647308,0.21946419775485992,0.07203643023967743,0.1177494078874588,0.26569798588752747,0.15593929588794708,-0.03355012089014053,0.21558700501918793,0.042966410517692566,0.19363319873809814,0.0605587400496006,-0.09004847705364227,0.08835285156965256,-0.0718061551451683,-0.2523259222507477,-0.16000409424304962,0.05224338173866272,0.11038529127836227,-0.06301366537809372,0.2464573234319687,-0.024259764701128006,-0.04362248256802559,0.22752434015274048,-0.13212981820106506,0.011329300701618195
0.04816505312919617,0.5879109501838684,1.3526703119277954,-0.004352203680442974,0.005862065968072113,-0.01241736605804043,-0.0011693383567306015,-0.0010330431789394299,0.009895560345947203,0.14840876162052155,-0.11238236427307124,-0.04699852466583243,0.7878814339637756,0.7228689193725586,0.9981061816215515,-0.053267173,0.004681818,-0.021241672,386.0,1740111801.4716897,0.06240903586149216,0.0626101940870285,0.1682834029197693,0.14518840610980988,-0.05282452702522278,-0.05497252196073532,0.035613108426332474,0.2369968742132187,0.2194816917181015,0.07198846340179443,0.11766821146011353,0.26686400175094604,0.15654543042182922,-0.03399872034788132,0.21588553488254547,0.04342317208647728,0.19378356635570526,0.06141766533255577,-0.09088560938835144,0.08935924619436264,-0.07201352715492249,-0.25222259759902954,-0.1603064239025116,0.05245192348957062,0.1102498471736908,-0.06367647647857666,0.24681568145751953,-0.024241231381893158,-0.0433565191924572,0.2285773754119873,-0.13276134431362152,0.010293606668710709
0.04819640889763832,0.5880551338195801,1.3525587320327759,-0.004352203680442974,0.005862065968072113,-0.01241736605804043,-0.0005793968212588557,-0.0021496233672297126,0.010101820098815694,0.14816505312919617,-0.11208904981613155,-0.0473296880722045,0.7878814339637756,0.7228689193725586,0.9981061816215515,-0.056928832,0.005305767,-0.020709343,387.0,1740111801.503249,0.06133551895618439,0.062400639057159424,0.16877466440200806,0.14732132852077484,-0.053632646799087524,-0.05403473228216171,0.03696206212043762,0.23887895047664642,0.21840892732143402,0.07293921709060669,0.11874432861804962,0.2685825228691101,0.15743647515773773,-0.033641766756772995,0.21549394726753235,0.04348229616880417,0.19333207607269287,0.062405478209257126,-0.09146443009376526,0.0914900079369545,-0.07080317288637161,-0.25317493081092834,-0.1611555814743042,0.05323919653892517,0.10827815532684326,-0.06464170664548874,0.24724078178405762,-0.024513211101293564,-0.04265613481402397,0.2306067943572998,-0.1328933984041214,0.007283560931682587
0.04776955023407936,0.5885004997253418,1.3518955707550049,-0.004352203680442974,0.005862065968072113,-0.01241736605804043,-0.00044132505210099215,0.0015015474065599131,0.009484633817501744,0.14851044714450837,-0.11203182935714717,-0.047832393646240146,0.7878814339637756,0.7228689193725586,0.9981061816215515,-0.060142614,0.005054526,-0.021354258,388.0,1740111801.5387266,0.06157154589891434,0.062462642788887024,0.1694604754447937,0.14834840595722198,-0.05426565557718277,-0.05311354994773865,0.03704232722520828,0.2405119091272354,0.21895837783813477,0.07311923801898956,0.1190805733203888,0.26966196298599243,0.1578611135482788,-0.03309653699398041,0.21616016328334808,0.0439562164247036,0.1940256804227829,0.06275530159473419,-0.09226997196674347,0.09210909157991409,-0.07007630169391632,-0.2534489333629608,-0.1619892716407776,0.053406283259391785,0.10844685882329941,-0.06512754410505295,0.24741606414318085,-0.02411837875843048,-0.04229464754462242,0.23194220662117004,-0.13408944010734558,0.006087503395974636
0.0474618636071682,0.5888791680335999,1.3514355421066284,-0.007028031256180584,0.009676858226044355,-0.012340913260941569,-0.0001278049558422903,0.0028792057836493938,0.00935072854633312,0.14776955023407937,-0.11149950027465816,-0.04810442924499503,0.7878814339637756,0.7228689193725586,0.9981061816215515,-0.059264272,0.004821405,-0.0187639,389.0,1740111801.5704632,0.06034429371356964,0.06209421157836914,0.16793425381183624,0.14780855178833008,-0.05436039716005325,-0.05281262844800949,0.037273284047842026,0.23931832611560822,0.21696442365646362,0.07244180142879486,0.11796534061431885,0.26804137229919434,0.15711525082588196,-0.03308844193816185,0.21397387981414795,0.04355311393737793,0.19241152703762054,0.06272570788860321,-0.09201483428478241,0.0918455645442009,-0.0694536566734314,-0.2513238489627838,-0.1610192209482193,0.05289752781391144,0.1074824258685112,-0.06485328078269958,0.24593733251094818,-0.023730792105197906,-0.04141896590590477,0.23070260882377625,-0.1328369677066803,0.004981598351150751
0.047235824167728424,0.5890471339225769,1.351163625717163,-0.007028031256180584,0.009676858226044355,-0.012340913260941569,0.0002423815313134957,0.003837521706454984,0.010022110351092305,0.1474618636071682,-0.1111208319664001,-0.04856445789337149,0.7878814339637756,0.7228689193725586,0.9981061816215515,-0.059264272,0.004821405,-0.0187639,390.0,1740111801.6064358,0.06034429371356964,0.06209421157836914,0.16793425381183624,0.14780855178833008,-0.05436039716005325,-0.05281262844800949,0.037273284047842026,0.23931832611560822,0.21696442365646362,0.07244180142879486,0.11796534061431885,0.26804137229919434,0.15711525082588196,-0.03308844193816185,0.21397387981414795,0.04355311393737793,0.19241152703762054,0.06272570788860321,-0.09201483428478241,0.0918455645442009,-0.0694536566734314,-0.2513238489627838,-0.1610192209482193,0.05289752781391144,0.1074824258685112,-0.06485328078269958,0.24593733251094818,-0.023730792105197906,-0.04141896590590477,0.23070260882377625,-0.1328369677066803,0.004981598351150751
0.046682678163051605,0.5898545980453491,1.3504228591918945,-0.007028031256180584,0.009676858226044355,-0.012340913260941569,-8.466764541456196e-05,0.0016673010389330663,0.011068692309287882,0.14667992889881135,-0.11041439771652217,-0.04939582347869864,0.7878814339637756,0.7228689193725586,0.9981061816215515,-0.05824066,0.004831806,-0.011187308,391.0,1740111801.6381466,0.059796735644340515,0.06186925619840622,0.16826122999191284,0.14916890859603882,-0.05503695458173752,-0.05225629732012749,0.03814127296209335,0.24047300219535828,0.21655233204364777,0.07292312383651733,0.11861579120159149,0.2692493796348572,0.1578148454427719,-0.03286709636449814,0.21392464637756348,0.04388069361448288,0.19216914474964142,0.06327700614929199,-0.09250371158123016,0.09333779662847519,-0.06873148679733276,-0.25184357166290283,-0.1617019772529602,0.053339578211307526,0.10649441927671432,-0.06539281457662582,0.2462262511253357,-0.023834750056266785,-0.040818218141794205,0.2321004569530487,-0.13298122584819794,0.0030443165451288223
0.04674319177865982,0.5900445580482483,1.3500761985778809,-0.007028031256180584,0.009676858226044355,-0.012340913260941569,0.005775933675945526,-0.0027497662522797204,0.012816338523205364,0.1466826781630516,-0.11014540195465083,-0.04957714080810538,0.7878814339637756,0.7228689193725586,0.9981061816215515,-0.05478508,0.0045764297,-0.00855501,392.0,1740111801.671367,0.05830194056034088,0.06181216239929199,0.16617849469184875,0.1486348956823349,-0.05429878085851669,-0.052978381514549255,0.03797593712806702,0.23806236684322357,0.21447201073169708,0.07242462038993835,0.11785000562667847,0.2671041488647461,0.15710797905921936,-0.033768653869628906,0.21141159534454346,0.04266536235809326,0.19072818756103516,0.06320710480213165,-0.09215797483921051,0.09290189296007156,-0.06948895752429962,-0.2502520978450775,-0.16085651516914368,0.05324786156415939,0.10528651624917984,-0.06478911638259888,0.24555103480815887,-0.02479492500424385,-0.04073944315314293,0.2293543517589569,-0.13055828213691711,0.003146161325275898
0.04640870913863182,0.5904088020324707,1.3498384952545166,-0.0087809362886393,0.012753702415266872,-0.013315773779942352,0.005419079806446533,-0.003373413358009239,0.012507279130371243,0.14674319177865983,-0.10995544195175166,-0.04992380142211905,0.7878814339637756,0.7228689193725586,0.9981061816215515,-0.052063458,0.0046313703,-0.009444803,393.0,1740111801.7046492,0.05884440243244171,0.0619560107588768,0.1671457141637802,0.14944127202033997,-0.05493614822626114,-0.05291583016514778,0.0381619893014431,0.23940657079219818,0.21558062732219696,0.07268887758255005,0.11830514669418335,0.26844683289527893,0.15759994089603424,-0.033942751586437225,0.212747722864151,0.04302910715341568,0.19168879091739655,0.0636281669139862,-0.09279865026473999,0.09335636347532272,-0.0697496086359024,-0.25119128823280334,-0.1614471822977066,0.0534975528717041,0.10585173964500427,-0.06522583961486816,0.24638548493385315,-0.024718135595321655,-0.04110812023282051,0.2305547595024109,-0.13169561326503754,0.0030980249866843224
0.04522021859884262,0.5909295082092285,1.3490852117538452,-0.0087809362886393,0.012753702415266872,-0.013315773779942352,0.0026392264488685336,0.001110562441535802,0.014787653592572562,0.14522021859884263,-0.10907049179077144,-0.050914788246154696,0.7878814339637756,0.7228689193725586,0.9981061816215515,-0.049533397,0.0044053197,-0.011660434,394.0,1740111801.7362278,0.05832332372665405,0.06185974180698395,0.16542130708694458,0.14775286614894867,-0.05377507209777832,-0.05350746214389801,0.03734304755926132,0.23688004910945892,0.21431778371334076,0.07202126085758209,0.11734884977340698,0.2658490538597107,0.1565455049276352,-0.03406141698360443,0.21091851592063904,0.04224982112646103,0.190631702542305,0.06285901367664337,-0.09191703796386719,0.09191427379846573,-0.06994318217039108,-0.2495747059583664,-0.1603270173072815,0.05305589735507965,0.10564419627189636,-0.06426027417182922,0.24523533880710602,-0.02491559460759163,-0.0410061813890934,0.22787269949913025,-0.12997204065322876,0.004097563214600086
0.04448642209172249,0.5917940735816956,1.3481521606445312,-0.0087809362886393,0.012753702415266872,-0.013315773779942352,0.005334520854604426,0.001959851963607063,0.017221828325982694,0.14443394765257836,-0.10854358673095699,-0.051041388511657626,0.7878814339637756,0.7228689193725586,0.9981061816215515,-0.049533397,0.0044053197,-0.011660434,395.0,1740111801.7715895,0.05832332372665405,0.06185974180698395,0.16542130708694458,0.14775286614894867,-0.05377507209777832,-0.05350746214389801,0.03734304755926132,0.23688004910945892,0.21431778371334076,0.07202126085758209,0.11734884977340698,0.2658490538597107,0.1565455049276352,-0.03406141698360443,0.21091851592063904,0.04224982112646103,0.190631702542305,0.06285901367664337,-0.09191703796386719,0.09191427379846573,-0.06994318217039108,-0.2495747059583664,-0.1603270173072815,0.05305589735507965,0.10564419627189636,-0.06426027417182922,0.24523533880710602,-0.02491559460759163,-0.0410061813890934,0.22787269949913025,-0.12997204065322876,0.004097563214600086
0.044101834297180176,0.592212438583374,1.3477535247802734,-0.023054369335131476,0.01802512318557418,-0.020836708824566588,0.0042328459135091015,0.00317155956705669,0.017448228718349564,0.1444864220917225,-0.1082059264183044,-0.05184783935546866,0.7878814339637756,0.7228689193725586,0.9981061816215515,-0.050672673,0.004604943,-0.0042038783,396.0,1740111801.804793,0.056643128395080566,0.061747051775455475,0.1627669632434845,0.1461402326822281,-0.052464745938777924,-0.054047420620918274,0.03693418204784393,0.2335832417011261,0.21143244206905365,0.07149448990821838,0.11610855162143707,0.2623158097267151,0.15441516041755676,-0.03450290858745575,0.20751851797103882,0.04072394594550133,0.1880653351545334,0.06210090592503548,-0.09049232304096222,0.0903879776597023,-0.06990189105272293,-0.24683786928653717,-0.1581427901983261,0.05227109044790268,0.10416243225336075,-0.06301463395357132,0.24289728701114655,-0.025026150047779083,-0.041079726070165634,0.22432932257652283,-0.12710656225681305,0.0044933585450053215
0.0426398329436779,0.5941341519355774,1.346956491470337,-0.023054369335131476,0.01802512318557418,-0.020836708824566588,-0.0006958460884353545,0.003170753844631296,0.008633717238321757,0.14309534281492234,-0.10637296438217159,-0.05268182754516593,0.7878814339637756,0.7228689193725586,0.9981061816215515,-0.04956107,0.004232995,-0.005501054,397.0,1740111801.8393867,0.05518082529306412,0.06154080480337143,0.16083252429962158,0.14561700820922852,-0.05190688371658325,-0.054424889385700226,0.036687154322862625,0.2317119538784027,0.20913220942020416,0.07092475891113281,0.11539657413959503,0.26018470525741577,0.1535739004611969,-0.0347963310778141,0.20491112768650055,0.03957682102918625,0.18639564514160156,0.0616992749273777,-0.09005627036094666,0.08985961228609085,-0.06982329487800598,-0.24524520337581635,-0.15708857774734497,0.052020132541656494,0.10258804261684418,-0.06243589520454407,0.24186068773269653,-0.025456726551055908,-0.04082323983311653,0.22209516167640686,-0.12483702600002289,0.0041089970618486404
0.041757822036743164,0.5945302844047546,1.3462409973144531,-0.023054369335131476,0.01802512318557418,-0.020836708824566588,0.0022813914827181647,0.003798131352028534,0.011104526785294225,0.1426398329436779,-0.10586584806442256,-0.053043508529663,0.7878814339637756,0.7228689193725586,0.9981061816215515,-0.04966964,0.004290357,-0.008024789,398.0,1740111801.8722684,0.055182039737701416,0.06153367459774017,0.16200338304042816,0.1477256417274475,-0.053303271532058716,-0.05405788496136665,0.037560053169727325,0.2340904176235199,0.2098110318183899,0.07144658267498016,0.11634014546871185,0.26258909702301025,0.15475736558437347,-0.035119179636240005,0.20618686079978943,0.040022965520620346,0.18728746473789215,0.06270962953567505,-0.09144701063632965,0.09160306304693222,-0.06983517110347748,-0.24668122828006744,-0.15833023190498352,0.052697502076625824,0.10237542539834976,-0.0634462907910347,0.24323230981826782,-0.02566935122013092,-0.040790434926748276,0.22438007593154907,-0.12609872221946716,0.0026145875453948975
0.041107140481472015,0.5954883098602295,1.346189022064209,-0.029935618545767404,0.0327463303375446,-0.015639113513461984,-0.0029929323462680054,6.102009080367232e-05,0.006377257649955175,0.14175782203674317,-0.10546971559524532,-0.053759002685546786,0.7878814339637756,0.7228689193725586,0.9981061816215515,-0.04932169,0.004304014,-0.0066510662,399.0,1740111801.9050834,0.053890861570835114,0.06136505305767059,0.16058562695980072,0.14740301668643951,-0.052635446190834045,-0.05454879254102707,0.037487514317035675,0.23247696459293365,0.20792214572429657,0.07129840552806854,0.11612902581691742,0.2609836757183075,0.15407927334308624,-0.03546930104494095,0.2042171061038971,0.03897671774029732,0.18584410846233368,0.06241028383374214,-0.09093798696994781,0.09137012809515,-0.0698503628373146,-0.24586141109466553,-0.15751899778842926,0.0526997447013855,0.10097333788871765,-0.06292901933193207,0.24260835349559784,-0.026203248649835587,-0.04075775668025017,0.22276198863983154,-0.12414368987083435,0.0023500127717852592
0.04086482152342796,0.5961719751358032,1.3455052375793457,-0.029935618545767404,0.0327463303375446,-0.015639113513461984,0.004322855756671577,-0.0007234391245930162,0.009104309965782693,0.14086482152342797,-0.10382802486419673,-0.05449476242065421,0.7878814339637756,0.7228689193725586,0.9981061816215515,-0.046865754,0.0042792186,-0.0051221326,400.0,1740111801.9369469,0.05325573682785034,0.061450421810150146,0.15931035578250885,0.146489217877388,-0.05218920856714249,-0.055194299668073654,0.03747064247727394,0.23062646389007568,0.206831693649292,0.07106177508831024,0.11541081964969635,0.2595043182373047,0.15302595496177673,-0.03632458671927452,0.2030232846736908,0.0383027046918869,0.18484246730804443,0.06222731992602348,-0.09028665721416473,0.09062696248292923,-0.07066670805215836,-0.24448366463184357,-0.1563418060541153,0.052419207990169525,0.10060778260231018,-0.06233803927898407,0.24176755547523499,-0.026547029614448547,-0.041265491396188736,0.22099116444587708,-0.12284354865550995,0.003349645994603634
0.038992054760456085,0.5982869863510132,1.344331979751587,-0.029935618545767404,0.0327463303375446,-0.015639113513461984,-0.0015095296712684411,0.00020870753692852793,0.007217226495863582,0.140533684194088,-0.1033008217811584,-0.0548670530319213,0.7878814339637756,0.7228689193725586,0.9981061816215515,-0.046865754,0.0042792186,-0.0051221326,401.0,1740111801.971119,0.05325573682785034,0.061450421810150146,0.15931035578250885,0.146489217877388,-0.05218920856714249,-0.055194299668073654,0.03747064247727394,0.23062646389007568,0.206831693649292,0.07106177508831024,0.11541081964969635,0.2595043182373047,0.15302595496177673,-0.03632458671927452,0.2030232846736908,0.0383027046918869,0.18484246730804443,0.06222731992602348,-0.09028665721416473,0.09062696248292923,-0.07066670805215836,-0.24448366463184357,-0.1563418060541153,0.052419207990169525,0.10060778260231018,-0.06233803927898407,0.24176755547523499,-0.026547029614448547,-0.041265491396188736,0.22099116444587708,-0.12284354865550995,0.003349645994603634
0.0379791185259819,0.5981914401054382,1.3431146144866943,-0.029935618545767404,0.0327463303375446,-0.015639113513461984,-0.024571517197360702,0.09582451477830316,-0.15060953903069646,0.1389920547604561,-0.10171301364898677,-0.055668020248413,0.7878814339637756,0.7228689193725586,0.9981061816215515,-0.045603707,0.004278414,-0.0058819354,402.0,1740111802.004302,0.052246399223804474,0.06139831990003586,0.1594945341348648,0.1479235738515854,-0.05218176543712616,-0.05556543171405792,0.03796127066016197,0.2312500774860382,0.20588399469852448,0.07189145684242249,0.11692103743553162,0.2601509690284729,0.15364986658096313,-0.03633425757288933,0.20244289934635162,0.03752301633358002,0.18424181640148163,0.06245061382651329,-0.09038221836090088,0.09189864248037338,-0.07038263231515884,-0.24617405235767365,-0.15677964687347412,0.053211577236652374,0.09856116026639938,-0.0625213012099266,0.2427459955215454,-0.027384977787733078,-0.041357580572366714,0.22150498628616333,-0.12164917588233948,0.002149190753698349
0.03752683475613594,0.6000267267227173,1.3425545692443848,-0.03550978295428577,0.03281319860502548,-0.022413981539439826,-0.0005518684439774959,0.0011874128001956503,0.010586508059851856,0.13752683475613595,-0.09997327327728267,-0.057445430755615146,0.7878814339637756,0.7228689193725586,0.9981061816215515,-0.04853517,0.0042635426,-0.010598622,403.0,1740111802.0363138,0.05221150815486908,0.061725884675979614,0.1601228266954422,0.14760558307170868,-0.05112650245428085,-0.05641629546880722,0.03791933134198189,0.23090270161628723,0.20621950924396515,0.07270851731300354,0.11799651384353638,0.26008230447769165,0.15343797206878662,-0.03655734285712242,0.20271798968315125,0.036893971264362335,0.18397434055805206,0.062131788581609726,-0.08954824507236481,0.09161544591188431,-0.07093428075313568,-0.24748635292053223,-0.15651816129684448,0.053393542766571045,0.09832197427749634,-0.062081582844257355,0.24328352510929108,-0.027905769646167755,-0.042306605726480484,0.22124230861663818,-0.12110421061515808,0.003451448865234852
0.035984668880701065,0.6019887924194336,1.3408547639846802,-0.03550978295428577,0.03281319860502548,-0.022413981539439826,-0.001013528562718911,0.0031755246853039437,0.004540518595697256,0.13678222745656968,-0.09932107925415035,-0.0581554412841796,0.7878814339637756,0.7228689193725586,0.9981061816215515,-0.046288796,0.004151888,-0.009676829,404.0,1740111802.072315,0.05155539512634277,0.061688706278800964,0.15990017354488373,0.1477164775133133,-0.05078040808439255,-0.0566839873790741,0.03844345360994339,0.23060885071754456,0.20563055574893951,0.07321541011333466,0.1185484230518341,0.26012733578681946,0.15345163643360138,-0.03670846298336983,0.20214350521564484,0.03658392280340195,0.18309354782104492,0.06208932772278786,-0.08908221125602722,0.09195148199796677,-0.07099476456642151,-0.24781399965286255,-0.1562669277191162,0.05355461686849594,0.0975329726934433,-0.06187600642442703,0.24314133822917938,-0.02822016179561615,-0.042421575635671616,0.221188485622406,-0.1202627569437027,0.0032662181183695793
0.03555872663855553,0.6026501059532166,1.3397599458694458,-0.03550978295428577,0.03281319860502548,-0.022413981539439826,0.00042825389692832997,0.0039302082431600235,0.009326312282613781,0.13598466888070107,-0.09801120758056636,-0.059145236015319735,0.7878814339637756,0.7228689193725586,0.9981061816215515,-0.047617264,0.0041526332,-0.009273842,405.0,1740111802.1031141,0.05115461349487305,0.06182165443897247,0.15888497233390808,0.14743950963020325,-0.05051550269126892,-0.05710231512784958,0.038308002054691315,0.22953864932060242,0.20524221658706665,0.07305032014846802,0.1181519478559494,0.25939029455184937,0.15311168134212494,-0.03760593384504318,0.20144280791282654,0.03620334714651108,0.18291154503822327,0.06235434487462044,-0.0892433375120163,0.09162489324808121,-0.0718875303864479,-0.24685412645339966,-0.15604433417320251,0.05351666361093521,0.09758420288562775,-0.06162640452384949,0.24288220703601837,-0.028752945363521576,-0.04260518029332161,0.2197466492652893,-0.11962699890136719,0.003820989280939102
0.034593209624290466,0.6042351722717285,1.3384169340133667,-0.020489496078405868,0.04373422907832783,-0.04621584592839243,-0.0020585793134542756,0.005546558308655822,0.006677726062495615,0.13459320962429047,-0.09576482772827144,-0.06158306598663321,0.7878814339637756,0.7228689193725586,0.9981061816215515,-0.047617264,0.0041526332,-0.009273842,406.0,1740111802.136692,0.05115461349487305,0.06182165443897247,0.15888497233390808,0.14743950963020325,-0.05051550269126892,-0.05710231512784958,0.038308002054691315,0.22953864932060242,0.20524221658706665,0.07305032014846802,0.1181519478559494,0.25939029455184937,0.15311168134212494,-0.03760593384504318,0.20144280791282654,0.03620334714651108,0.18291154503822327,0.06235434487462044,-0.0892433375120163,0.09162489324808121,-0.0718875303864479,-0.24685412645339966,-0.15604433417320251,0.05351666361093521,0.09758420288562775,-0.06162640452384949,0.24288220703601837,-0.028752945363521576,-0.04260518029332161,0.2197466492652893,-0.11962699890136719,0.003820989280939102
0.03301684558391571,0.6063510179519653,1.3363221883773804,-0.020489496078405868,0.04373422907832783,-0.04621584592839243,-0.001315871471324362,0.005946244600790881,0.004182813452576224,0.133964354544878,-0.09508062601089473,-0.06220343112945548,0.7878814339637756,0.7228689193725586,0.9981061816215515,-0.048548363,0.0040874854,-0.0076492056,407.0,1740111802.172611,0.05046069622039795,0.06176864355802536,0.15766450762748718,0.1469927430152893,-0.050540074706077576,-0.05700390785932541,0.03847265988588333,0.2286207228899002,0.20442530512809753,0.07278984785079956,0.11746752262115479,0.25853052735328674,0.15236720442771912,-0.03800082206726074,0.20034445822238922,0.03608424961566925,0.18207207322120667,0.06246260181069374,-0.08906175196170807,0.09123953431844711,-0.07197075337171555,-0.24526050686836243,-0.1553405523300171,0.05317223072052002,0.09732195734977722,-0.06130173057317734,0.2417355626821518,-0.028546035289764404,-0.042482901364564896,0.21871572732925415,-0.11907008290290833,0.0036885812878608704
0.03256393224000931,0.6070746183395386,1.3356049060821533,-0.020489496078405868,0.04373422907832783,-0.04621584592839243,-0.001024242115219056,0.006094872097828715,0.00453420245817489,0.13301684558391572,-0.09364898204803462,-0.06367781162261954,0.7878814339637756,0.7228689193725586,0.9981061816215515,-0.046480484,0.0034765527,-0.012695909,408.0,1740111802.2071922,0.04982655495405197,0.061746686697006226,0.15667976438999176,0.14597874879837036,-0.04958049952983856,-0.057193588465452194,0.03859435021877289,0.22699081897735596,0.20394402742385864,0.0730021744966507,0.11726158857345581,0.2573065459728241,0.15189705789089203,-0.03806796297430992,0.1991388350725174,0.035875312983989716,0.18115217983722687,0.06204402819275856,-0.08819915354251862,0.09078340977430344,-0.07209531217813492,-0.24442119896411896,-0.1547103226184845,0.05321088433265686,0.09709392488002777,-0.060631074011325836,0.2408675253391266,-0.029120735824108124,-0.04230886325240135,0.2172660231590271,-0.11791019141674042,0.003929167054593563
0.03214076906442642,0.6083201766014099,1.3341045379638672,-0.020489496078405868,0.04373422907832783,-0.04621584592839243,0.004810264254380734,0.003336894668376727,0.008373723873755285,0.13214076906442643,-0.09167982339859004,-0.06589546203613272,0.7878814339637756,0.7228689193725586,0.9981061816215515,-0.05059138,0.0032415316,-0.010555677,409.0,1740111802.2373497,0.049034200608730316,0.061529360711574554,0.1553659588098526,0.1458471119403839,-0.049605563282966614,-0.05668254569172859,0.03895087167620659,0.22612211108207703,0.20275382697582245,0.0729188621044159,0.1165047436952591,0.25656136870384216,0.15134429931640625,-0.03810019791126251,0.19763784110546112,0.035891249775886536,0.1801818609237671,0.06216820701956749,-0.08803300559520721,0.09100175648927689,-0.07156651467084885,-0.2427900731563568,-0.15433141589164734,0.0530240461230278,0.0964568704366684,-0.06042078137397766,0.2395848035812378,-0.028972461819648743,-0.04162347689270973,0.21646031737327576,-0.11723731458187103,0.002838670276105404
0.03011578693985939,0.6104423999786377,1.3315839767456055,-0.028731902766468732,0.04305304549877862,-0.042234822155581594,0.0026451385950371693,0.006952230472172363,0.010522034781847968,0.131143918633461,-0.09059627056121822,-0.06665339469909659,0.7878814339637756,0.7228689193725586,0.9981061816215515,-0.050158694,0.0030300245,-0.010155931,410.0,1740111802.2701883,0.047613032162189484,0.061121098697185516,0.15490221977233887,0.14764581620693207,-0.050647154450416565,-0.056334543973207474,0.04010749235749245,0.22681814432144165,0.20122961699962616,0.0730726569890976,0.11694870889186859,0.257382333278656,0.1520642638206482,-0.03860289603471756,0.19656826555728912,0.035757213830947876,0.17940731346607208,0.06309431791305542,-0.08899588882923126,0.09295902401208878,-0.07118987292051315,-0.24278093874454498,-0.15489470958709717,0.053641460835933685,0.09466862678527832,-0.06105642020702362,0.23993214964866638,-0.029516741633415222,-0.04083886370062828,0.2172616720199585,-0.11661307513713837,0.00033307261765003204
0.029621589928865433,0.6112251877784729,1.3307230472564697,-0.028731902766468732,0.04305304549877862,-0.042234822155581594,0.0018831334940038196,0.00984848887634931,0.01134369725581649,0.1301157869398594,-0.08955760002136226,-0.06841602325439444,0.7878814339637756,0.7228689193725586,0.9981061816215515,-0.047350924,0.0033125952,-0.012403943,411.0,1740111802.3034956,0.045755334198474884,0.06033417955040932,0.15541589260101318,0.1529286503791809,-0.05440225452184677,-0.05512286722660065,0.043003298342227936,0.23089517652988434,0.20041978359222412,0.07352025806903839,0.11786091327667236,0.26163482666015625,0.15448398888111115,-0.039865732192993164,0.19700807332992554,0.036717817187309265,0.17992089688777924,0.06560869514942169,-0.0926721841096878,0.09774646908044815,-0.07116317003965378,-0.24382877349853516,-0.15709808468818665,0.05527833104133606,0.09279784560203552,-0.06333507597446442,0.24193741381168365,-0.030876435339450836,-0.03973491117358208,0.22093164920806885,-0.11783160269260406,-0.00521173607558012
0.028672955930233,0.6130427122116089,1.3292328119277954,-0.028731902766468732,0.04305304549877862,-0.042234822155581594,-2.99410467900403e-05,0.011566685346242611,0.008280826648169292,0.128672955930233,-0.08695728778839107,-0.0707671880722045,0.7878814339637756,0.7228689193725586,0.9981061816215515,-0.047350924,0.0033125952,-0.012403943,412.0,1740111802.3373675,0.045755334198474884,0.06033417955040932,0.15541589260101318,0.1529286503791809,-0.05440225452184677,-0.05512286722660065,0.043003298342227936,0.23089517652988434,0.20041978359222412,0.07352025806903839,0.11786091327667236,0.26163482666015625,0.15448398888111115,-0.039865732192993164,0.19700807332992554,0.036717817187309265,0.17992089688777924,0.06560869514942169,-0.0926721841096878,0.09774646908044815,-0.07116317003965378,-0.24382877349853516,-0.15709808468818665,0.05527833104133606,0.09279784560203552,-0.06333507597446442,0.24193741381168365,-0.030876435339450836,-0.03973491117358208,0.22093164920806885,-0.11783160269260406,-0.00521173607558012
0.02713032253086567,0.6148821711540222,1.3266160488128662,-0.024756628966234113,0.04123166931698165,-0.050155323556969056,0.002428711952075385,0.01427899518188896,0.011746632240897227,0.1286681577563286,-0.08647294044494624,-0.07166912555694571,0.7878814339637756,0.7228689193725586,0.9981061816215515,-0.043710843,0.0024889484,-0.008971885,413.0,1740111802.3712208,0.04555453360080719,0.06028859689831734,0.14635100960731506,0.13484475016593933,-0.04145321995019913,-0.05747389793395996,0.03548368439078331,0.21101516485214233,0.19329005479812622,0.07013119757175446,0.1117815226316452,0.2408832609653473,0.14381805062294006,-0.03528529778122902,0.18537293374538422,0.03227531537413597,0.1704465001821518,0.055609915405511856,-0.07969855517148972,0.08340231329202652,-0.06792151182889938,-0.23262418806552887,-0.14665177464485168,0.049005672335624695,0.09277309477329254,-0.05379582196474075,0.2296779304742813,-0.026810146868228912,-0.039469074457883835,0.20320558547973633,-0.10644365847110748,0.006293721031397581
0.027067188173532486,0.6157000064849854,1.3260159492492676,-0.024756628966234113,0.04123166931698165,-0.050155323556969056,0.004701568077061575,0.012542605481855072,0.010781248755083081,0.12713032253086567,-0.08511782884597774,-0.0733839511871337,0.7878814339637756,0.7228689193725586,0.9981061816215515,-0.04252464,0.0027644858,-0.0020159632,414.0,1740111802.403687,0.046110838651657104,0.06058825924992561,0.14504842460155487,0.1333201676607132,-0.041297994554042816,-0.058782901614904404,0.03487113490700722,0.20892001688480377,0.1942693293094635,0.06913034617900848,0.11028219759464264,0.2396371215581894,0.14330950379371643,-0.03724638745188713,0.18571455776691437,0.0320298969745636,0.1716184914112091,0.056102048605680466,-0.08000852167606354,0.08166033774614334,-0.07091067731380463,-0.2309257686138153,-0.14590460062026978,0.048936910927295685,0.09470074623823166,-0.053428493440151215,0.22975751757621765,-0.02771301195025444,-0.04064938798546791,0.20029929280281067,-0.10634325444698334,0.009505277499556541
0.025439070537686348,0.6168495416641235,1.3245482444763184,-0.024756628966234113,0.04123166931698165,-0.050155323556969056,0.004192313604960765,0.015319250220052703,0.010261116293121049,0.12543907053768635,-0.08315045833587642,-0.07545175552368155,0.7878814339637756,0.7228689193725586,0.9981061816215515,-0.04545442,0.0027400851,0.0016010404,415.0,1740111802.4355621,0.045621298253536224,0.060347285121679306,0.14559784531593323,0.13585752248764038,-0.043323785066604614,-0.05804234743118286,0.03627945855259895,0.2113179713487625,0.194364994764328,0.06937304139137268,0.11046944558620453,0.24221688508987427,0.14484281837940216,-0.037986621260643005,0.18651457130908966,0.032682519406080246,0.1724769026041031,0.05788341537117958,-0.08201513439416885,0.08403648436069489,-0.07122555375099182,-0.23140805959701538,-0.14732970297336578,0.04981032758951187,0.09424251317977905,-0.05486726015806198,0.23103538155555725,-0.028289049863815308,-0.04007190838456154,0.2025410234928131,-0.10753338038921356,0.0069607035256922245
0.02404022216796875,0.6194798946380615,1.3233195543289185,-0.03023843097166314,0.041413919428489605,-0.038296924472164325,-0.0007253993235275631,0.01274830314444489,0.0046488117455374305,0.12507231757044793,-0.08184654712676998,-0.07577350139617911,0.7878814339637756,0.7228689193725586,0.9981061816215515,-0.04545442,0.0027400851,0.0016010404,416.0,1740111802.4704084,0.045621298253536224,0.060347285121679306,0.14559784531593323,0.13585752248764038,-0.043323785066604614,-0.05804234743118286,0.03627945855259895,0.2113179713487625,0.194364994764328,0.06937304139137268,0.11046944558620453,0.24221688508987427,0.14484281837940216,-0.037986621260643005,0.18651457130908966,0.032682519406080246,0.1724769026041031,0.05788341537117958,-0.08201513439416885,0.08403648436069489,-0.07122555375099182,-0.23140805959701538,-0.14732970297336578,0.04981032758951187,0.09424251317977905,-0.05486726015806198,0.23103538155555725,-0.028289049863815308,-0.04007190838456154,0.2025410234928131,-0.10753338038921356,0.0069607035256922245
0.023402009159326553,0.6201038956642151,1.3230267763137817,-0.03023843097166314,0.041413919428489605,-0.038296924472164325,0.00026143980646902695,0.013095017438897348,0.0022011648681098997,0.12404022216796876,-0.08052010536193843,-0.07668044567108145,0.7878814339637756,0.7228689193725586,0.9981061816215515,-0.044069942,0.0028471276,-0.0003876984,417.0,1740111802.5032113,0.0460355207324028,0.06042589619755745,0.14787431061267853,0.1389773190021515,-0.04560597240924835,-0.05735761299729347,0.03753143921494484,0.21533045172691345,0.19547590613365173,0.0705459713935852,0.11208389699459076,0.24623191356658936,0.14647872745990753,-0.038021575659513474,0.18896006047725677,0.03340764343738556,0.17398719489574432,0.05963132157921791,-0.0837828665971756,0.08691910654306412,-0.07094546407461166,-0.23393790423870087,-0.14915405213832855,0.05083804577589035,0.0934741348028183,-0.05650690943002701,0.23324960470199585,-0.02820499986410141,-0.04024825617671013,0.20681443810462952,-0.1097482442855835,0.004841429181396961
0.021812468767166138,0.6219133734703064,1.3226664066314697,-0.03023843097166314,0.041413919428489605,-0.038296924472164325,0.0001710217678001771,0.017087025433758233,0.000956251644677778,0.12214871719479561,-0.07846642732620235,-0.07735242843627921,0.7878814339637756,0.7228689193725586,0.9981061816215515,-0.03253057,0.0024584904,-0.0032070056,418.0,1740111802.538504,0.04688169062137604,0.06075102090835571,0.1486324816942215,0.13848330080509186,-0.04559299349784851,-0.05841701477766037,0.03682685270905495,0.21553650498390198,0.1965855360031128,0.07059380412101746,0.11253859102725983,0.24621832370758057,0.14630097150802612,-0.03827535733580589,0.19031429290771484,0.03309742733836174,0.1747598499059677,0.05940256640315056,-0.08364632725715637,0.08601456135511398,-0.0719669833779335,-0.23492661118507385,-0.14896941184997559,0.05092419683933258,0.0939682200551033,-0.05630979686975479,0.2341354340314865,-0.028155073523521423,-0.04142444208264351,0.20675984025001526,-0.11002542078495026,0.006923932582139969
0.020346347242593765,0.6232019662857056,1.3225831985473633,-0.037856845221075304,0.04053603255844985,-0.01124081434249278,-0.004328167100798682,0.021912400534347717,0.0031375033100426897,0.12181246876716614,-0.07808662652969356,-0.07733359336853018,0.7878814339637756,0.7228689193725586,0.9981061816215515,-0.03324663,0.0021353588,0.0036059916,419.0,1740111802.5782604,0.0460289791226387,0.060505449771881104,0.14789743721485138,0.13833807408809662,-0.04541712999343872,-0.05825730413198471,0.03741611912846565,0.21499694883823395,0.19541428983211517,0.07075957953929901,0.11239680647850037,0.24570131301879883,0.1459713727235794,-0.0382796935737133,0.18921512365341187,0.032876189798116684,0.17355139553546906,0.059391919523477554,-0.08313003182411194,0.08627761155366898,-0.0716732069849968,-0.2341548204421997,-0.14833968877792358,0.05095555633306503,0.09295592457056046,-0.056216418743133545,0.23323364555835724,-0.028263069689273834,-0.04121187701821327,0.20652982592582703,-0.10928227007389069,0.0064235711470246315
0.019642919301986694,0.6241166591644287,1.3229126930236816,-0.037856845221075304,0.04053603255844985,-0.01124081434249278,-0.0014694220065294356,0.02158756195171761,0.007231266270085441,0.12034634724259377,-0.07679803371429439,-0.07741680145263663,0.7878814339637756,0.7228689193725586,0.9981061816215515,-0.038869843,0.0020141155,0.0076745525,420.0,1740111802.6133454,0.04634399712085724,0.060744330286979675,0.14865022897720337,0.13965138792991638,-0.0462239608168602,-0.05797572433948517,0.037668924778699875,0.2165553867816925,0.1962364763021469,0.07111938297748566,0.11282049119472504,0.24727985262870789,0.14645670354366302,-0.038585513830184937,0.19035953283309937,0.03312768042087555,0.17454034090042114,0.06014477089047432,-0.08410553634166718,0.08716214448213577,-0.07197661697864532,-0.23488464951515198,-0.14911973476409912,0.051319852471351624,0.09315042197704315,-0.056842140853405,0.23410730063915253,-0.028317458927631378,-0.04158173128962517,0.20783203840255737,-0.11045277118682861,0.006029591895639896
