mav_pos_x,mav_pos_y,mav_pos_z,mav_vel_x,mav_vel_y,mav_vel_z,mav_yaw,mav_pitch,mav_roll,delta_x,delta_y,delta_z,init_pos_x,init_pos_y,init_pos_z,control_x,control_y,control_z,index_image,timestamp,encoding_1,encoding_2,encoding_3,encoding_4,encoding_5,encoding_6,encoding_7,encoding_8,encoding_9,encoding_10,encoding_11,encoding_12,encoding_13,encoding_14,encoding_15,encoding_16,encoding_17,encoding_18,encoding_19,encoding_20,encoding_21,encoding_22,encoding_23,encoding_24,encoding_25,encoding_26,encoding_27,encoding_28,encoding_29,encoding_30,encoding_31,encoding_32
0.6662052869796753,0.6834043264389038,1.490262746810913,0.24677928733166488,-0.013092003336908593,0.007059945179358837,-0.039906249649224346,0.008812681959485846,-0.02208239070646735,0.758584713935852,-0.01610113382339473,0.0912060499191285,0.6531272530555725,0.6840800642967224,1.4902000427246094,-0.2924293,0.018756695,0.0030673742,2.0,1740111865.3083568,0.00780879519879818,0.01681837998330593,0.27933287620544434,0.35878172516822815,-0.19027309119701385,0.06400065869092941,0.18608200550079346,0.4741203188896179,0.18382175266742706,0.13001613318920135,0.2068428248167038,0.5024822354316711,0.284536749124527,0.01329345628619194,0.26022812724113464,0.1238984689116478,0.1888369470834732,0.15161792933940887,-0.17938117682933807,0.32702648639678955,0.05518205091357231,-0.35411855578422546,-0.27295809984207153,0.10549794882535934,-0.0002847835421562195,-0.18160121142864227,0.30533382296562195,-0.012958325445652008,0.05933099612593651,0.5299898982048035,-0.24498233199119568,-0.30126598477363586
0.6704387664794922,0.683407723903656,1.4900586605072021,0.24677928733166488,-0.013092003336908593,0.007059945179358837,-0.038792779420329576,0.00722449723207453,-0.0192974337305847,0.7662052869796753,-0.016595673561096147,0.09026274681091317,0.6531272530555725,0.6840800642967224,1.4902000427246094,-0.30268842,0.01752679,-0.008718446,3.0,1740111865.3356183,0.006571820005774498,0.016908418387174606,0.28679323196411133,0.3702671527862549,-0.1961919367313385,0.06755202263593674,0.19052505493164062,0.48767319321632385,0.18576796352863312,0.13361196219921112,0.21280203759670258,0.5145038962364197,0.2907353639602661,0.014433853328227997,0.2648913562297821,0.12676745653152466,0.1913832575082779,0.15625405311584473,-0.18531255424022675,0.33773377537727356,0.059856612235307693,-0.36194539070129395,-0.27988529205322266,0.10824695974588394,-0.003981061279773712,-0.18676075339317322,0.31168511509895325,-0.012340173125267029,0.062210362404584885,0.5444534420967102,-0.25122955441474915,-0.31321170926094055
0.6800698041915894,0.683233916759491,1.4905580282211304,0.2521779896275792,-0.008955559267567095,-0.0029599977727930767,-0.038265619115948224,0.012270170899974842,-0.008637633975905475,0.7760876178741455,-0.016688179969787553,0.09098861217498788,0.6531272530555725,0.6840800642967224,1.4902000427246094,-0.31560373,0.018179446,-0.0047979057,4.0,1740111865.366235,0.002966664731502533,0.01680622808635235,0.28886765241622925,0.378390908241272,-0.20122148096561432,0.07087600231170654,0.1949547678232193,0.49424251914024353,0.18330396711826324,0.13468168675899506,0.21492823958396912,0.5210084319114685,0.2938886880874634,0.0142389927059412,0.26496651768684387,0.12886303663253784,0.1898949146270752,0.15968844294548035,-0.1889033168554306,0.34497153759002686,0.06330899894237518,-0.36274242401123047,-0.28273165225982666,0.10904604941606522,-0.008339017629623413,-0.19064867496490479,0.313209593296051,-0.011173836886882782,0.06543686985969543,0.5530407428741455,-0.25375616550445557,-0.32347723841667175
0.6811951994895935,0.6759666800498962,1.4946941137313843,0.2521779896275792,-0.008955559267567095,-0.0029599977727930767,2.110631161308169,-0.08662351044431604,-3.0642955919339157,0.7825820803642273,-0.023100745677947954,0.0938136339187623,0.6531272530555725,0.6840800642967224,1.4902000427246094,-0.31560373,0.018179446,-0.0047979057,5.0,1740111865.4009762,0.002966664731502533,0.01680622808635235,0.28886765241622925,0.378390908241272,-0.20122148096561432,0.07087600231170654,0.1949547678232193,0.49424251914024353,0.18330396711826324,0.13468168675899506,0.21492823958396912,0.5210084319114685,0.2938886880874634,0.0142389927059412,0.26496651768684387,0.12886303663253784,0.1898949146270752,0.15968844294548035,-0.1889033168554306,0.34497153759002686,0.06330899894237518,-0.36274242401123047,-0.28273165225982666,0.10904604941606522,-0.008339017629623413,-0.19064867496490479,0.313209593296051,-0.011173836886882782,0.06543686985969543,0.5530407428741455,-0.25375616550445557,-0.32347723841667175
0.6946374773979187,0.6732667684555054,1.4929547309875488,0.2521779896275792,-0.008955559267567095,-0.0029599977727930767,2.058324574439295,-0.08476596952677401,-3.085860949742753,0.7914774179458618,-0.023384702205657915,0.09363732337951669,0.6531272530555725,0.6840800642967224,1.4902000427246094,-0.31878936,0.017557308,-0.010286555,6.0,1740111865.4326417,0.0071250032633543015,0.01702590472996235,0.298301637172699,0.38343337178230286,-0.20328278839588165,0.0772612914443016,0.19567424058914185,0.5069373846054077,0.18883907794952393,0.13768422603607178,0.21970438957214355,0.5315461754798889,0.2983059287071228,0.022444572299718857,0.2728549838066101,0.1339019238948822,0.19413384795188904,0.15923328697681427,-0.19057542085647583,0.34953737258911133,0.07191294431686401,-0.37020087242126465,-0.2879788875579834,0.1099768802523613,-0.00742359459400177,-0.19419734179973602,0.315403014421463,-0.006516449153423309,0.06800055503845215,0.5677556395530701,-0.26316317915916443,-0.3305749297142029
0.703197181224823,0.6731958389282227,1.4930189847946167,0.2521779896275792,-0.008955559267567095,-0.0029599977727930767,2.0624519884387817,-0.09431524663509859,-3.0926749718900357,0.8002764344215393,-0.023507666587829545,0.09376261234283456,0.6531272530555725,0.6840800642967224,1.4902000427246094,-0.31878936,0.017557308,-0.010286555,7.0,1740111865.4668076,0.0071250032633543015,0.01702590472996235,0.298301637172699,0.38343337178230286,-0.20328278839588165,0.0772612914443016,0.19567424058914185,0.5069373846054077,0.18883907794952393,0.13768422603607178,0.21970438957214355,0.5315461754798889,0.2983059287071228,0.022444572299718857,0.2728549838066101,0.1339019238948822,0.19413384795188904,0.15923328697681427,-0.19057542085647583,0.34953737258911133,0.07191294431686401,-0.37020087242126465,-0.2879788875579834,0.1099768802523613,-0.00742359459400177,-0.19419734179973602,0.315403014421463,-0.006516449153423309,0.06800055503845215,0.5677556395530701,-0.26316317915916443,-0.3305749297142029
0.708868145942688,0.676185667514801,1.4937293529510498,0.2621112728961376,-0.0641504152281422,0.028864160614194792,0.02130024726169535,0.04359676104350941,0.0010594007582324719,0.808868145942688,-0.02381433248519893,0.0937293529510499,0.6531272530555725,0.6840800642967224,1.4902000427246094,-0.31058455,0.016077995,0.010735996,8.0,1740111865.5022829,0.014229713007807732,0.017549019306898117,0.27628350257873535,0.3534809350967407,-0.18937210738658905,0.0774121806025505,0.1811453104019165,0.4759211540222168,0.1851915866136551,0.12728936970233917,0.19678670167922974,0.49920567870140076,0.2800388038158417,0.023755870759487152,0.2569238245487213,0.1299046128988266,0.1923581212759018,0.14901165664196014,-0.17862926423549652,0.3226810693740845,0.07009787112474442,-0.33943888545036316,-0.27280181646347046,0.0993768498301506,0.005189046263694763,-0.18321551382541656,0.29118987917900085,0.0015240050852298737,0.07017430663108826,0.5308144092559814,-0.25549957156181335,-0.309784471988678
0.708868145942688,0.676185667514801,1.4937293529510498,0.2621112728961376,-0.0641504152281422,0.028864160614194792,0.02130024726169535,0.04359676104350941,0.0010594007582324719,0.808868145942688,-0.02381433248519893,0.0937293529510499,0.6531272530555725,0.6840800642967224,1.4902000427246094,-0.31565884,0.015444927,-0.000499174,9.0,1740111865.5340493,0.011475590988993645,0.016520678997039795,0.2705357074737549,0.34781724214553833,-0.18927958607673645,0.07524047791957855,0.18038244545459747,0.468152791261673,0.18053849041461945,0.12291586399078369,0.19187523424625397,0.49090802669525146,0.27563196420669556,0.020771540701389313,0.2518775761127472,0.1278000771999359,0.18862584233283997,0.147931307554245,-0.1769368052482605,0.31710660457611084,0.06688579171895981,-0.3313630223274231,-0.26732945442199707,0.09695344418287277,0.005783446133136749,-0.18103207647800446,0.2863716185092926,0.001782972365617752,0.06942704319953918,0.522467851638794,-0.25043174624443054,-0.3056185841560364
0.7205114364624023,0.6775117516517639,1.4951386451721191,0.2621112728961376,-0.0641504152281422,0.028864160614194792,-0.029774162861290185,0.03510153562989601,0.021147396216193385,0.8205114364624023,-0.02248824834823604,0.09513864517211923,0.6531272530555725,0.6840800642967224,1.4902000427246094,-0.31565884,0.015444927,-0.000499174,10.0,1740111865.568649,0.011475590988993645,0.016520678997039795,0.2705357074737549,0.34781724214553833,-0.18927958607673645,0.07524047791957855,0.18038244545459747,0.468152791261673,0.18053849041461945,0.12291586399078369,0.19187523424625397,0.49090802669525146,0.27563196420669556,0.020771540701389313,0.2518775761127472,0.1278000771999359,0.18862584233283997,0.147931307554245,-0.1769368052482605,0.31710660457611084,0.06688579171895981,-0.3313630223274231,-0.26732945442199707,0.09695344418287277,0.005783446133136749,-0.18103207647800446,0.2863716185092926,0.001782972365617752,0.06942704319953918,0.522467851638794,-0.25043174624443054,-0.3056185841560364
0.7302653789520264,0.6769400238990784,1.4941277503967285,0.17812393940175808,0.006279733964746955,0.0033165093094475856,-0.0315287127711689,0.027508066100344404,0.08341735114185606,0.8205114364624023,-0.02248824834823604,0.09513864517211923,0.6531272530555725,0.6840800642967224,1.4902000427246094,-0.31915274,0.015522204,-0.00017189234,11.0,1740111865.6020877,0.01234888844192028,0.01603497751057148,0.27259108424186707,0.3469706177711487,-0.18970438838005066,0.07537221908569336,0.1798444390296936,0.4693329334259033,0.18117187917232513,0.12219223380088806,0.19205978512763977,0.4910559356212616,0.2745899558067322,0.02178793027997017,0.25351354479789734,0.12795104086399078,0.18877145648002625,0.14740176498889923,-0.1766279935836792,0.3159600496292114,0.06717886030673981,-0.33199647068977356,-0.26678088307380676,0.09624845534563065,0.00690324604511261,-0.1808190792798996,0.28623542189598083,0.0025027617812156677,0.06842902302742004,0.5242546796798706,-0.25152313709259033,-0.30404162406921387
0.7337573766708374,0.6768423914909363,1.4945292472839355,0.17812393940175808,0.006279733964746955,0.0033165093094475856,-0.030967911168286115,0.024800700154719395,0.08457451280339864,0.8337573766708374,-0.023157608509063676,0.09452924728393564,0.6531272530555725,0.6840800642967224,1.4902000427246094,-0.33642262,0.015557572,-0.017699696,12.0,1740111865.6376162,0.006041502580046654,0.015294825658202171,0.27857741713523865,0.36424481868743896,-0.20388421416282654,0.08141476660966873,0.19092729687690735,0.48607608675956726,0.17895232141017914,0.12392891943454742,0.19671304523944855,0.50584876537323,0.28191056847572327,0.018462562933564186,0.2559797465801239,0.13226163387298584,0.18797647953033447,0.15699340403079987,-0.18736043572425842,0.3318006694316864,0.07229097932577133,-0.3350730538368225,-0.2749384343624115,0.09875335544347763,0.001810271292924881,-0.18858881294727325,0.2916805148124695,0.002319488674402237,0.07443468272686005,0.5425992608070374,-0.25874972343444824,-0.32486817240715027
0.7451642155647278,0.6766095161437988,1.4957139492034912,0.17812393940175808,0.006279733964746955,0.0033165093094475856,-0.024979779018474153,0.010409119091830092,0.10278939427559372,0.8403421998023987,-0.023062181472778276,0.09548053741455087,0.6531272530555725,0.6840800642967224,1.4902000427246094,-0.33821967,0.015790023,-0.016246185,13.0,1740111865.676939,0.0017204880714416504,0.01466701552271843,0.28497451543807983,0.38060617446899414,-0.2150966078042984,0.08706776052713394,0.19931292533874512,0.5022906064987183,0.17705799639225006,0.12725549936294556,0.20210078358650208,0.521084189414978,0.2890452444553375,0.017888469621539116,0.259403795003891,0.13529527187347412,0.1890045702457428,0.1651686429977417,-0.19554583728313446,0.3465842604637146,0.07760158181190491,-0.3412659168243408,-0.2820078134536743,0.10189760476350784,-0.005942575633525848,-0.19679595530033112,0.29777079820632935,0.0029981285333633423,0.07889823615550995,0.5602399110794067,-0.26611998677253723,-0.343088835477829
0.7496214509010315,0.6764103174209595,1.4958558082580566,0.16145761862429822,-0.004418517700919004,0.014414500414655538,-0.024188415439394408,0.010756116051480401,0.10701655694516758,0.8451642155647278,-0.023390483856201127,0.0957139492034913,0.6531272530555725,0.6840800642967224,1.4902000427246094,-0.33421057,0.014093354,-0.0248252,14.0,1740111865.708508,0.0008238889276981354,0.014131579548120499,0.29210057854652405,0.3903859257698059,-0.22090183198451996,0.09208030253648758,0.20419742166996002,0.513531506061554,0.17782054841518402,0.1300005316734314,0.20719419419765472,0.5320307612419128,0.2940618395805359,0.02157674729824066,0.26424866914749146,0.13919924199581146,0.18946409225463867,0.1682036817073822,-0.19934900104999542,0.35558179020881653,0.08338090777397156,-0.3467521369457245,-0.28710827231407166,0.10346675664186478,-0.008783392608165741,-0.20148903131484985,0.3012371063232422,0.005383569747209549,0.08187912404537201,0.5749921202659607,-0.2722588777542114,-0.35477596521377563
0.7614958882331848,0.6820159554481506,1.4942833185195923,0.16145761862429822,-0.004418517700919004,0.014414500414655538,0.3311890095615616,0.754690270296445,0.775984016647159,0.8496214509010315,-0.023589682579040483,0.09585580825805673,0.6531272530555725,0.6840800642967224,1.4902000427246094,-0.33421057,0.014093354,-0.0248252,15.0,1740111865.7423282,0.0008238889276981354,0.014131579548120499,0.29210057854652405,0.3903859257698059,-0.22090183198451996,0.09208030253648758,0.20419742166996002,0.513531506061554,0.17782054841518402,0.1300005316734314,0.20719419419765472,0.5320307612419128,0.2940618395805359,0.02157674729824066,0.26424866914749146,0.13919924199581146,0.18946409225463867,0.1682036817073822,-0.19934900104999542,0.35558179020881653,0.08338090777397156,-0.3467521369457245,-0.28710827231407166,0.10346675664186478,-0.008783392608165741,-0.20148903131484985,0.3012371063232422,0.005383569747209549,0.08187912404537201,0.5749921202659607,-0.2722588777542114,-0.35477596521377563
0.7614958882331848,0.6820159554481506,1.4942833185195923,0.16145761862429822,-0.004418517700919004,0.014414500414655538,0.3311890095615616,0.754690270296445,0.775984016647159,0.8614958882331848,-0.01798404455184932,0.09428331851959237,0.6531272530555725,0.6840800642967224,1.4902000427246094,-0.33450395,0.014004566,-0.021280244,16.0,1740111865.7683702,0.0014513656497001648,0.013651223853230476,0.2985896170139313,0.3984730541706085,-0.22463776171207428,0.09690266102552414,0.20788857340812683,0.5254392623901367,0.17916716635227203,0.13375474512577057,0.21133506298065186,0.5420817732810974,0.29894691705703735,0.025609586387872696,0.2689985930919647,0.14181677997112274,0.19183772802352905,0.1703176200389862,-0.20249958336353302,0.3631500005722046,0.08875533938407898,-0.3536803126335144,-0.29213035106658936,0.10576503723859787,-0.01180204376578331,-0.20651239156723022,0.305101215839386,0.006357003003358841,0.08388964831829071,0.5874065160751343,-0.2780674993991852,-0.36415135860443115
0.7614958882331848,0.6820159554481506,1.4942833185195923,0.16145761862429822,-0.004418517700919004,0.014414500414655538,0.3311890095615616,0.754690270296445,0.775984016647159,0.8614958882331848,-0.01798404455184932,0.09428331851959237,0.6531272530555725,0.6840800642967224,1.4902000427246094,-0.34927076,0.015401848,-0.017940104,17.0,1740111865.802555,-0.0014254823327064514,0.011808333918452263,0.3008773922920227,0.4112076163291931,-0.23562656342983246,0.10187406092882156,0.21515856683254242,0.5379410982131958,0.17658159136772156,0.13505353033542633,0.21326009929180145,0.5537827014923096,0.30441462993621826,0.024319808930158615,0.2713618278503418,0.1437898725271225,0.19422252476215363,0.17776845395565033,-0.21086238324642181,0.37385737895965576,0.09081510454416275,-0.35657188296318054,-0.2974322438240051,0.10967712849378586,-0.016730938106775284,-0.21402046084403992,0.30874398350715637,0.0053887683898210526,0.08685687929391861,0.5989097952842712,-0.2841649651527405,-0.3788382411003113
0.7656534314155579,0.6813836097717285,1.494081735610962,0.16023209264642807,0.049705714149549635,-0.017731020349806986,0.2828985429013468,0.7134010997297097,0.7077739835867618,0.8656534314155578,-0.01861639022827144,0.094081735610962,0.6531272530555725,0.6840800642967224,1.4902000427246094,-0.352112,0.014665149,-0.02150175,18.0,1740111865.8436518,-0.003140699118375778,0.010490382090210915,0.30471304059028625,0.4215579032897949,-0.24292705953121185,0.10571769624948502,0.22090700268745422,0.5488904118537903,0.1765509694814682,0.13745412230491638,0.2165149748325348,0.5647996068000793,0.3102582097053528,0.023773789405822754,0.27487754821777344,0.14647318422794342,0.19695499539375305,0.18355228006839752,-0.21750454604625702,0.3837127983570099,0.09241853654384613,-0.3609907329082489,-0.3032331168651581,0.11320868879556656,-0.020053498446941376,-0.21986228227615356,0.3131398856639862,0.004438286647200584,0.0895019993185997,0.6099319458007812,-0.28965267539024353,-0.3900145888328552
0.7656534314155579,0.6813836097717285,1.494081735610962,0.16023209264642807,0.049705714149549635,-0.017731020349806986,0.2828985429013468,0.7134010997297097,0.7077739835867618,0.8656534314155578,-0.01861639022827144,0.094081735610962,0.6531272530555725,0.6840800642967224,1.4902000427246094,-0.35259628,0.015308507,-0.017472655,19.0,1740111865.8752236,-0.00450199656188488,0.009799215942621231,0.30457502603530884,0.4231339693069458,-0.24522234499454498,0.10625164955854416,0.22197140753269196,0.5501904487609863,0.17463918030261993,0.13685548305511475,0.21648269891738892,0.5652103424072266,0.3104470670223236,0.023337338119745255,0.27436551451683044,0.14615805447101593,0.19642116129398346,0.18479351699352264,-0.21902035176753998,0.3849446773529053,0.09262212365865707,-0.36033329367637634,-0.30324485898017883,0.11348030716180801,-0.02158977836370468,-0.22100229561328888,0.3132964074611664,0.004510741680860519,0.08996614068746567,0.611074686050415,-0.2896275818347931,-0.3920212686061859
0.7656534314155579,0.6813836097717285,1.494081735610962,0.16023209264642807,0.049705714149549635,-0.017731020349806986,0.2828985429013468,0.7134010997297097,0.7077739835867618,0.8656534314155578,-0.01861639022827144,0.094081735610962,0.6531272530555725,0.6840800642967224,1.4902000427246094,-0.35259628,0.015308507,-0.017472655,20.0,1740111865.9020693,-0.00450199656188488,0.009799215942621231,0.30457502603530884,0.4231339693069458,-0.24522234499454498,0.10625164955854416,0.22197140753269196,0.5501904487609863,0.17463918030261993,0.13685548305511475,0.21648269891738892,0.5652103424072266,0.3104470670223236,0.023337338119745255,0.27436551451683044,0.14615805447101593,0.19642116129398346,0.18479351699352264,-0.21902035176753998,0.3849446773529053,0.09262212365865707,-0.36033329367637634,-0.30324485898017883,0.11348030716180801,-0.02158977836370468,-0.22100229561328888,0.3132964074611664,0.004510741680860519,0.08996614068746567,0.611074686050415,-0.2896275818347931,-0.3920212686061859
0.7656534314155579,0.6813836097717285,1.494081735610962,0.16023209264642807,0.049705714149549635,-0.017731020349806986,0.2828985429013468,0.7134010997297097,0.7077739835867618,0.8656534314155578,-0.01861639022827144,0.094081735610962,0.6531272530555725,0.6840800642967224,1.4902000427246094,-0.33443654,0.01316496,-0.023026183,21.0,1740111865.9327798,0.00013553351163864136,0.0108716432005167,0.2976120412349701,0.40572693943977356,-0.23388074338436127,0.10325226932764053,0.21128061413764954,0.5353730320930481,0.1763119101524353,0.1318112015724182,0.2080744057893753,0.5481268763542175,0.30192190408706665,0.02500072866678238,0.2695642411708832,0.14416369795799255,0.1958887130022049,0.17546609044075012,-0.21187745034694672,0.36822983622550964,0.09087316691875458,-0.3502558767795563,-0.29560843110084534,0.10770022124052048,-0.012859128415584564,-0.21317437291145325,0.3041602671146393,0.007920347154140472,0.0880756825208664,0.5931867957115173,-0.28450870513916016,-0.3755022883415222
0.7656534314155579,0.6813836097717285,1.494081735610962,0.16023209264642807,0.049705714149549635,-0.017731020349806986,0.2828985429013468,0.7134010997297097,0.7077739835867618,0.8656534314155578,-0.01861639022827144,0.094081735610962,0.6531272530555725,0.6840800642967224,1.4902000427246094,-0.33387965,0.013424844,-0.019622624,22.0,1740111865.9668157,0.002428485080599785,0.011375846341252327,0.2872888743877411,0.3887101113796234,-0.22539474070072174,0.09998769313097,0.20320050418376923,0.5180137753486633,0.17431938648223877,0.1259000301361084,0.19693966209888458,0.5301474332809448,0.2918843626976013,0.024432044476270676,0.2621287405490875,0.14164124429225922,0.19303388893604279,0.16834910213947296,-0.20453891158103943,0.35242658853530884,0.08707365393638611,-0.3361039161682129,-0.2857024073600769,0.10224895924329758,-0.005869794636964798,-0.20574268698692322,0.2932671308517456,0.01002216711640358,0.08600219339132309,0.573290228843689,-0.2781432569026947,-0.3606666028499603
0.7486958503723145,0.6729358434677124,1.4918538331985474,-0.08481235221238727,-0.04225101029192041,-0.011142723930652656,-0.028538810121934807,0.05384111455264322,0.10187293379369833,0.8656534314155578,-0.01861639022827144,0.094081735610962,0.6531272530555725,0.6840800642967224,1.4902000427246094,-0.33387965,0.013424844,-0.019622624,23.0,1740111866.0084126,0.002428485080599785,0.011375846341252327,0.2872888743877411,0.3887101113796234,-0.22539474070072174,0.09998769313097,0.20320050418376923,0.5180137753486633,0.17431938648223877,0.1259000301361084,0.19693966209888458,0.5301474332809448,0.2918843626976013,0.024432044476270676,0.2621287405490875,0.14164124429225922,0.19303388893604279,0.16834910213947296,-0.20453891158103943,0.35242658853530884,0.08707365393638611,-0.3361039161682129,-0.2857024073600769,0.10224895924329758,-0.005869794636964798,-0.20574268698692322,0.2932671308517456,0.01002216711640358,0.08600219339132309,0.573290228843689,-0.2781432569026947,-0.3606666028499603
0.7486958503723145,0.6729358434677124,1.4918538331985474,-0.08481235221238727,-0.04225101029192041,-0.011142723930652656,-0.028538810121934807,0.05384111455264322,0.10187293379369833,0.8486958503723144,-0.027064156532287553,0.09185383319854745,0.6531272530555725,0.6840800642967224,1.4902000427246094,-0.30472273,0.010770701,-0.016720906,24.0,1740111866.034427,0.009846197441220284,0.013522526249289513,0.2774328887462616,0.3646251857280731,-0.20752200484275818,0.09537460654973984,0.18603509664535522,0.49625593423843384,0.17669148743152618,0.11965897679328918,0.18584786355495453,0.5057152509689331,0.2798368036746979,0.027830559760332108,0.25467178225517273,0.13753899931907654,0.1927647739648819,0.15449035167694092,-0.19437871873378754,0.328590989112854,0.08391320705413818,-0.3228991627693176,-0.27614524960517883,0.09536952525377274,0.007310554385185242,-0.19330023229122162,0.28100350499153137,0.012579333037137985,0.08226966857910156,0.5455151200294495,-0.27076470851898193,-0.33676576614379883
0.751261293888092,0.6787629723548889,1.4926609992980957,-0.08481235221238727,-0.04225101029192041,-0.011142723930652656,0.08461896742986495,0.4650729670769572,0.4056295377244257,0.8449017167091369,-0.02725727558135982,0.09492681026458749,0.6531272530555725,0.6840800642967224,1.4902000427246094,-0.30472273,0.010770701,-0.016720906,25.0,1740111866.0659266,0.009846197441220284,0.013522526249289513,0.2774328887462616,0.3646251857280731,-0.20752200484275818,0.09537460654973984,0.18603509664535522,0.49625593423843384,0.17669148743152618,0.11965897679328918,0.18584786355495453,0.5057152509689331,0.2798368036746979,0.027830559760332108,0.25467178225517273,0.13753899931907654,0.1927647739648819,0.15449035167694092,-0.19437871873378754,0.328590989112854,0.08391320705413818,-0.3228991627693176,-0.27614524960517883,0.09536952525377274,0.007310554385185242,-0.19330023229122162,0.28100350499153137,0.012579333037137985,0.08226966857910156,0.5455151200294495,-0.27076470851898193,-0.33676576614379883
0.7347030639648438,0.6719380021095276,1.4944071769714355,-0.13986063979868074,-0.009973619743012925,0.02552117093072025,-0.03266902866631219,0.0416005374621292,0.05240260779316473,0.848092770576477,-0.021866035461425737,0.09073672294616708,0.6531272530555725,0.6840800642967224,1.4902000427246094,-0.29747975,0.01041536,-0.013077363,26.0,1740111866.1091208,0.01558355800807476,0.013804011046886444,0.2744963467121124,0.3516606092453003,-0.1987602859735489,0.09723510593175888,0.17982608079910278,0.48677170276641846,0.18011733889579773,0.11807967722415924,0.1792726218700409,0.49576637148857117,0.27354851365089417,0.03322717174887657,0.253762811422348,0.1404394656419754,0.19249959290027618,0.14763541519641876,-0.18760958313941956,0.31837260723114014,0.08693251013755798,-0.31482571363449097,-0.27132999897003174,0.091423399746418,0.015445265918970108,-0.18794861435890198,0.27193909883499146,0.01692911423742771,0.08302955329418182,0.5371246337890625,-0.27164503931999207,-0.3276291787624359
0.7347030639648438,0.6719380021095276,1.4944071769714355,-0.13986063979868074,-0.009973619743012925,0.02552117093072025,-0.03266902866631219,0.0416005374621292,0.05240260779316473,0.8347030639648437,-0.028061997890472368,0.09440717697143564,0.6531272530555725,0.6840800642967224,1.4902000427246094,-0.28588155,0.008915193,-0.015073635,27.0,1740111866.1360626,0.0196255873888731,0.015455767512321472,0.2721138000488281,0.3421659469604492,-0.19180995225906372,0.09495381265878677,0.17408648133277893,0.4780704975128174,0.18330779671669006,0.11589905619621277,0.17557311058044434,0.4875611662864685,0.26931414008140564,0.0343502014875412,0.2532338798046112,0.14048238098621368,0.1927143782377243,0.14216352999210358,-0.18281404674053192,0.3095403015613556,0.08506044745445251,-0.3105666935443878,-0.2679349482059479,0.08807694911956787,0.02217835746705532,-0.18298327922821045,0.26848676800727844,0.018535170704126358,0.0812598168849945,0.5284262299537659,-0.2700355052947998,-0.31721973419189453
0.7347030639648438,0.6719380021095276,1.4944071769714355,-0.13986063979868074,-0.009973619743012925,0.02552117093072025,-0.03266902866631219,0.0416005374621292,0.05240260779316473,0.8347030639648437,-0.028061997890472368,0.09440717697143564,0.6531272530555725,0.6840800642967224,1.4902000427246094,-0.2788816,0.0073976964,-0.017901793,28.0,1740111866.1675897,0.02147597260773182,0.01631905511021614,0.2680276036262512,0.3336772322654724,-0.18589448928833008,0.09351035207509995,0.16994580626487732,0.4694080352783203,0.18311050534248352,0.11412757635116577,0.171117901802063,0.47910580039024353,0.2643899917602539,0.03540118783712387,0.24962443113327026,0.13891947269439697,0.19129019975662231,0.1381426602602005,-0.17764881253242493,0.30183324217796326,0.08427165448665619,-0.3051982820034027,-0.2636013925075531,0.08542542159557343,0.025668460875749588,-0.178858682513237,0.26329752802848816,0.01940307393670082,0.08026033639907837,0.5189512968063354,-0.26691505312919617,-0.3094883859157562
0.7217658758163452,0.6710625290870667,1.4941210746765137,-0.13986063979868074,-0.009973619743012925,0.02552117093072025,-0.03199938625924799,0.04811851071226523,0.037939955872623415,0.8217658758163452,-0.028937470912933305,0.09412107467651376,0.6531272530555725,0.6840800642967224,1.4902000427246094,-0.2689303,0.007389806,-0.014675632,29.0,1740111866.1994143,0.023794906213879585,0.017407378181815147,0.26646292209625244,0.32819148898124695,-0.18210464715957642,0.09231240302324295,0.16608336567878723,0.4647950530052185,0.18490375578403473,0.11275778710842133,0.16898998618125916,0.4740154445171356,0.26154619455337524,0.03627057373523712,0.24900296330451965,0.1383497714996338,0.1917390078306198,0.13524799048900604,-0.17511288821697235,0.29630762338638306,0.08388449251651764,-0.30277717113494873,-0.2614673972129822,0.08352196961641312,0.029355555772781372,-0.1760009080171585,0.2610020637512207,0.02053716406226158,0.07917577028274536,0.5134974718093872,-0.26602470874786377,-0.3033369779586792
0.7217658758163452,0.6710625290870667,1.4941210746765137,-0.13986063979868074,-0.009973619743012925,0.02552117093072025,-0.03199938625924799,0.04811851071226523,0.037939955872623415,0.8217658758163452,-0.028937470912933305,0.09412107467651376,0.6531272530555725,0.6840800642967224,1.4902000427246094,-0.2689303,0.007389806,-0.014675632,30.0,1740111866.234523,0.023794906213879585,0.017407378181815147,0.26646292209625244,0.32819148898124695,-0.18210464715957642,0.09231240302324295,0.16608336567878723,0.4647950530052185,0.18490375578403473,0.11275778710842133,0.16898998618125916,0.4740154445171356,0.26154619455337524,0.03627057373523712,0.24900296330451965,0.1383497714996338,0.1917390078306198,0.13524799048900604,-0.17511288821697235,0.29630762338638306,0.08388449251651764,-0.30277717113494873,-0.2614673972129822,0.08352196961641312,0.029355555772781372,-0.1760009080171585,0.2610020637512207,0.02053716406226158,0.07917577028274536,0.5134974718093872,-0.26602470874786377,-0.3033369779586792
0.6969122290611267,0.6696050763130188,1.4901982545852661,-0.23595490982709727,-0.01456610570660871,-0.02627927921222451,-0.032789367894001754,0.06784243368189069,0.08104558875133074,0.8217658758163452,-0.028937470912933305,0.09412107467651376,0.6531272530555725,0.6840800642967224,1.4902000427246094,-0.27053452,0.0067804903,-0.012568578,31.0,1740111866.2711787,0.025597987696528435,0.018661217764019966,0.2666674554347992,0.32433056831359863,-0.17883118987083435,0.09169725328683853,0.16363964974880219,0.4618012607097626,0.18705318868160248,0.11273357272148132,0.16867603361606598,0.471174418926239,0.2596234977245331,0.037171028554439545,0.24962761998176575,0.1386028528213501,0.19167912006378174,0.1331195831298828,-0.17276230454444885,0.29281550645828247,0.08404581248760223,-0.3017563223838806,-0.26014280319213867,0.08178190141916275,0.03214864060282707,-0.17364488542079926,0.2595894932746887,0.022239403799176216,0.07829895615577698,0.5111626386642456,-0.26570624113082886,-0.2988434433937073
0.6931149959564209,0.6675467491149902,1.4932352304458618,-0.23595490982709727,-0.01456610570660871,-0.02627927921222451,0.018052448377890513,0.053931227820510644,0.047317010672823644,0.7969122290611267,-0.030394923686981157,0.0901982545852662,0.6531272530555725,0.6840800642967224,1.4902000427246094,-0.2673678,0.004718527,-0.031121492,32.0,1740111866.3088818,0.02275157906115055,0.019458943977952003,0.25758081674575806,0.31507113575935364,-0.17174163460731506,0.08579862117767334,0.1590268313884735,0.4473748207092285,0.18306103348731995,0.10986208915710449,0.16457127034664154,0.45798006653785706,0.2547454535961151,0.033791907131671906,0.24084964394569397,0.13437014818191528,0.18696452677249908,0.12966325879096985,-0.1689836084842682,0.28498345613479614,0.07858856767416,-0.29374751448631287,-0.25486505031585693,0.08010651916265488,0.03229176625609398,-0.16713540256023407,0.25532233715057373,0.019245032221078873,0.07669869810342789,0.4946019947528839,-0.25527065992355347,-0.2891217768192291
0.690409779548645,0.6730237007141113,1.489388108253479,-0.23595490982709727,-0.01456610570660871,-0.02627927921222451,-0.04018139392738614,0.014564982389318219,0.06402332539157735,0.7931149959564209,-0.03245325088500972,0.0932352304458619,0.6531272530555725,0.6840800642967224,1.4902000427246094,-0.26758295,0.0050506517,-0.028419554,33.0,1740111866.336158,0.022382503375411034,0.020204877480864525,0.2507994472980499,0.30603691935539246,-0.16722631454467773,0.08021813631057739,0.15433841943740845,0.4352220892906189,0.18142518401145935,0.10624879598617554,0.16020618379116058,0.4463326930999756,0.24947871267795563,0.02974804863333702,0.23583543300628662,0.1304589956998825,0.1849534809589386,0.12706851959228516,-0.1654435694217682,0.2759113013744354,0.0725434422492981,-0.28737297654151917,-0.24936418235301971,0.07774386554956436,0.03498329222202301,-0.16219492256641388,0.25174689292907715,0.018153749406337738,0.07327274978160858,0.48062020540237427,-0.24835482239723206,-0.2780480980873108
0.6813925504684448,0.6727259159088135,1.4906597137451172,-0.23595490982709727,-0.01456610570660871,-0.02627927921222451,-0.04316798888289758,0.02643978416475248,0.054656029521437825,0.7852621436119079,-0.02702642679214473,0.08976516723632821,0.6531272530555725,0.6840800642967224,1.4902000427246094,-0.26797205,0.0067769513,-0.022968963,34.0,1740111866.3660884,0.0240552369505167,0.019830964505672455,0.24586883187294006,0.297801673412323,-0.1626894325017929,0.077018603682518,0.1512184739112854,0.42640531063079834,0.18177421391010284,0.10427221655845642,0.15590238571166992,0.43825381994247437,0.24597208201885223,0.028389956802129745,0.23332244157791138,0.12892335653305054,0.18458113074302673,0.12386976182460785,-0.16201002895832062,0.26933637261390686,0.06834567338228226,-0.28286057710647583,-0.24575503170490265,0.07704517990350723,0.038675691932439804,-0.1583975851535797,0.24856457114219666,0.01571902632713318,0.07125432044267654,0.47013020515441895,-0.2444322109222412,-0.269214004278183
0.6754146814346313,0.6722985506057739,1.4902218580245972,-0.23595490982709727,-0.01456610570660871,-0.02627927921222451,-0.03932984013029425,0.01785421784154723,0.0547366989294081,0.7754146814346313,-0.02770144939422603,0.09022185802459726,0.6531272530555725,0.6840800642967224,1.4902000427246094,-0.26797205,0.0067769513,-0.022968963,35.0,1740111866.4025886,0.0240552369505167,0.019830964505672455,0.24586883187294006,0.297801673412323,-0.1626894325017929,0.077018603682518,0.1512184739112854,0.42640531063079834,0.18177421391010284,0.10427221655845642,0.15590238571166992,0.43825381994247437,0.24597208201885223,0.028389956802129745,0.23332244157791138,0.12892335653305054,0.18458113074302673,0.12386976182460785,-0.16201002895832062,0.26933637261390686,0.06834567338228226,-0.28286057710647583,-0.24575503170490265,0.07704517990350723,0.038675691932439804,-0.1583975851535797,0.24856457114219666,0.01571902632713318,0.07125432044267654,0.47013020515441895,-0.2444322109222412,-0.269214004278183
0.6604956984519958,0.6714942455291748,1.490919589996338,-0.22281553480808208,0.01725701505716541,0.005719097695143966,-0.039298390815791125,0.013284618204574501,0.05012478817798901,0.7657484173774719,-0.02798129320144649,0.09099814891815194,0.6531272530555725,0.6840800642967224,1.4902000427246094,-0.265222,0.006256163,-0.02258937,36.0,1740111866.432756,0.023777050897479057,0.01912672072649002,0.23757873475551605,0.2898558974266052,-0.1598176211118698,0.07159887999296188,0.14752714335918427,0.4148223102092743,0.17954909801483154,0.0994085818529129,0.14875011146068573,0.42740124464035034,0.2417091280221939,0.02219323068857193,0.22841474413871765,0.12458261102437973,0.18473763763904572,0.12324754893779755,-0.16146135330200195,0.26089999079704285,0.05910759046673775,-0.2752629518508911,-0.2406492680311203,0.07538662105798721,0.04271943122148514,-0.15570151805877686,0.24648965895175934,0.012914475053548813,0.06849533319473267,0.45424768328666687,-0.2392050325870514,-0.2581483721733093
0.6498911380767822,0.6709391474723816,1.4917454719543457,-0.22281553480808208,0.01725701505716541,0.005719097695143966,-0.03910229304403045,0.012678508605159585,0.04901664102874238,0.7560296416282654,-0.02858180999755855,0.09233210086822519,0.6531272530555725,0.6840800642967224,1.4902000427246094,-0.265222,0.006256163,-0.02258937,37.0,1740111866.4661963,0.023777050897479057,0.01912672072649002,0.23757873475551605,0.2898558974266052,-0.1598176211118698,0.07159887999296188,0.14752714335918427,0.4148223102092743,0.17954909801483154,0.0994085818529129,0.14875011146068573,0.42740124464035034,0.2417091280221939,0.02219323068857193,0.22841474413871765,0.12458261102437973,0.18473763763904572,0.12324754893779755,-0.16146135330200195,0.26089999079704285,0.05910759046673775,-0.2752629518508911,-0.2406492680311203,0.07538662105798721,0.04271943122148514,-0.15570151805877686,0.24648965895175934,0.012914475053548813,0.06849533319473267,0.45424768328666687,-0.2392050325870514,-0.2581483721733093
0.6390275955200195,0.6704264879226685,1.4927297830581665,-0.22281553480808208,0.01725701505716541,0.005719097695143966,-0.03859244554414455,0.011825962619918862,0.04798336624356335,0.7452502608299255,-0.02910734415054317,0.09297988414764413,0.6531272530555725,0.6840800642967224,1.4902000427246094,-0.23668317,0.004381545,0.027061775,38.0,1740111866.5009427,0.03129151463508606,0.02297530323266983,0.2468855381011963,0.2891077399253845,-0.15207989513874054,0.07441014796495438,0.1427239626646042,0.4209369122982025,0.18946473300457,0.10561355948448181,0.15629447996616364,0.4331130385398865,0.24409924447536469,0.03274736553430557,0.2375343143939972,0.12835486233234406,0.18887333571910858,0.11719010770320892,-0.15709449350833893,0.25944292545318604,0.06577970832586288,-0.2855304181575775,-0.24466979503631592,0.07587876915931702,0.04613111913204193,-0.15488237142562866,0.2490755021572113,0.017275672405958176,0.06709842383861542,0.46264639496803284,-0.24461346864700317,-0.25487014651298523
0.6277343034744263,0.6700979471206665,1.4935804605484009,-0.32149462985827404,-0.018451668724466203,0.020951418451549547,-0.038295109217031664,0.009366561854166094,0.04766600390836344,0.7335904002189636,-0.02982695102691646,0.09309384822845468,0.6531272530555725,0.6840800642967224,1.4902000427246094,-0.22348182,0.0025277808,0.03516239,39.0,1740111866.532023,0.033481791615486145,0.02378825843334198,0.25038594007492065,0.29161909222602844,-0.15170975029468536,0.07556795328855515,0.14366567134857178,0.4250793159008026,0.19314169883728027,0.10874027013778687,0.1598193347454071,0.4386758506298065,0.24730896949768066,0.03583957999944687,0.24098312854766846,0.13039270043373108,0.19093842804431915,0.1173005998134613,-0.15601608157157898,0.2634158730506897,0.06851908564567566,-0.29125887155532837,-0.24797573685646057,0.07753032445907593,0.04508281126618385,-0.15572841465473175,0.25200051069259644,0.01687435247004032,0.06793160736560822,0.4684300720691681,-0.24740663170814514,-0.25717872381210327
0.6112176179885864,0.669262707233429,1.4952045679092407,-0.32149462985827404,-0.018451668724466203,0.020951418451549547,-0.03643909301271498,0.012468696499000596,0.04751660567985026,0.7224642395973205,-0.030339312553405717,0.0940192699432374,0.6531272530555725,0.6840800642967224,1.4902000427246094,-0.22348182,0.0025277808,0.03516239,40.0,1740111866.568827,0.033481791615486145,0.02378825843334198,0.25038594007492065,0.29161909222602844,-0.15170975029468536,0.07556795328855515,0.14366567134857178,0.4250793159008026,0.19314169883728027,0.10874027013778687,0.1598193347454071,0.4386758506298065,0.24730896949768066,0.03583957999944687,0.24098312854766846,0.13039270043373108,0.19093842804431915,0.1173005998134613,-0.15601608157157898,0.2634158730506897,0.06851908564567566,-0.29125887155532837,-0.24797573685646057,0.07753032445907593,0.04508281126618385,-0.15572841465473175,0.25200051069259644,0.01687435247004032,0.06793160736560822,0.4684300720691681,-0.24740663170814514,-0.25717872381210327
0.6051352620124817,0.6690056324005127,1.4953242540359497,-0.32149462985827404,-0.018451668724466203,0.020951418451549547,-0.03812904051251976,0.011435373227605636,0.04440762928477743,0.7112176179885864,-0.030737292766571,0.09520456790924081,0.6531272530555725,0.6840800642967224,1.4902000427246094,-0.23501953,0.005111411,0.027354643,41.0,1740111866.6009338,0.03728204220533371,0.025673292577266693,0.24951839447021484,0.2811506390571594,-0.1434868574142456,0.07265173643827438,0.13729116320610046,0.4166123867034912,0.19646002352237701,0.10776351392269135,0.1580217331647873,0.4301287531852722,0.24251970648765564,0.03805455565452576,0.2406822144985199,0.1296842247247696,0.19024264812469482,0.11126275360584259,-0.14971923828125,0.25441819429397583,0.06813732534646988,-0.2888354957103729,-0.24416998028755188,0.07425893843173981,0.05037122592329979,-0.15003734827041626,0.24878187477588654,0.018551182001829147,0.06573797762393951,0.46041011810302734,-0.24466919898986816,-0.2454070895910263
0.5939726233482361,0.6685097813606262,1.4963356256484985,-0.35964747106808387,-0.015099029722985154,0.029428633885458397,-0.03708121224386776,0.014997724028407922,0.042845153475523895,0.6996410250663757,-0.031288635730743364,0.0959343671798707,0.6531272530555725,0.6840800642967224,1.4902000427246094,-0.23934051,0.009032838,-0.003675826,42.0,1740111866.6352642,0.03951474279165268,0.027246598154306412,0.23878410458564758,0.2647969722747803,-0.13493826985359192,0.06263609975576401,0.12734392285346985,0.3974935710430145,0.19774165749549866,0.1014033854007721,0.1496744155883789,0.4111572802066803,0.23387253284454346,0.030407913029193878,0.23568031191825867,0.12438524514436722,0.19055837392807007,0.10610485076904297,-0.14652420580387115,0.23738110065460205,0.05496826395392418,-0.27791327238082886,-0.23661382496356964,0.071515753865242,0.06058410182595253,-0.140814870595932,0.24365375936031342,0.01409124955534935,0.058677755296230316,0.4351162016391754,-0.23550638556480408,-0.22250355780124664
0.5763179659843445,0.6676064729690552,1.497283697128296,-0.35964747106808387,-0.015099029722985154,0.029428633885458397,-0.0367653370852,0.01588577031316226,0.03952053586495156,0.687784469127655,-0.03183020353317256,0.09637794494628915,0.6531272530555725,0.6840800642967224,1.4902000427246094,-0.23368652,0.009307407,-0.002929829,43.0,1740111866.669665,0.042963795363903046,0.027140004560351372,0.23499765992164612,0.2573739290237427,-0.13091033697128296,0.060362838208675385,0.12330808490514755,0.3895329535007477,0.19906726479530334,0.0999976098537445,0.14759981632232666,0.4053095877170563,0.2307051420211792,0.03046305477619171,0.23523899912834167,0.1221126839518547,0.1924436390399933,0.10395494103431702,-0.14250478148460388,0.2301737666130066,0.05146239697933197,-0.27615880966186523,-0.23320582509040833,0.07118236273527145,0.06383897364139557,-0.13810549676418304,0.2414393424987793,0.012838313356041908,0.055543094873428345,0.42601293325424194,-0.23333439230918884,-0.212777778506279
0.5704662799835205,0.667270302772522,1.4975522756576538,-0.35964747106808387,-0.015099029722985154,0.029428633885458397,-0.03599208756343835,0.015986086966726796,0.03761796249719875,0.6763179659843445,-0.03239352703094478,0.09728369712829599,0.6531272530555725,0.6840800642967224,1.4902000427246094,-0.22798434,0.009691067,0.014335774,44.0,1740111866.7003706,0.04692818969488144,0.02763092704117298,0.23405471444129944,0.24973779916763306,-0.12470963597297668,0.05871620774269104,0.11911105364561081,0.38336196541786194,0.20149071514606476,0.09936127066612244,0.14535607397556305,0.39976948499679565,0.2275727540254593,0.033055178821086884,0.236379474401474,0.12125417590141296,0.19361716508865356,0.10038815438747406,-0.13810215890407562,0.22330021858215332,0.049659278243780136,-0.2744632661342621,-0.22995725274085999,0.06964507699012756,0.06816263496875763,-0.1353863626718521,0.2395058125257492,0.014056319370865822,0.05322720855474472,0.42000484466552734,-0.23287928104400635,-0.20362356305122375
0.5585296154022217,0.6666181683540344,1.4979774951934814,-0.35964747106808387,-0.015099029722985154,0.029428633885458397,-0.03495994783087025,0.014724651496337829,0.03673337145875078,0.6645368099212646,-0.03299016952514644,0.09781417846679696,0.6531272530555725,0.6840800642967224,1.4902000427246094,-0.22798434,0.009691067,0.014335774,45.0,1740111866.7332735,0.04692818969488144,0.02763092704117298,0.23405471444129944,0.24973779916763306,-0.12470963597297668,0.05871620774269104,0.11911105364561081,0.38336196541786194,0.20149071514606476,0.09936127066612244,0.14535607397556305,0.39976948499679565,0.2275727540254593,0.033055178821086884,0.236379474401474,0.12125417590141296,0.19361716508865356,0.10038815438747406,-0.13810215890407562,0.22330021858215332,0.049659278243780136,-0.2744632661342621,-0.22995725274085999,0.06964507699012756,0.06816263496875763,-0.1353863626718521,0.2395058125257492,0.014056319370865822,0.05322720855474472,0.42000484466552734,-0.23287928104400635,-0.20362356305122375
0.5467250943183899,0.6660124659538269,1.4983659982681274,-0.345482412430154,-0.01805006037241925,0.015391485798059728,-0.03504845583261507,0.01502536600612564,0.03469943147684268,0.6525644421577453,-0.03365362882614131,0.09818038940429696,0.6531272530555725,0.6840800642967224,1.4902000427246094,-0.22221452,0.006899208,0.01928661,46.0,1740111866.7664385,0.051966287195682526,0.029409456998109818,0.23867131769657135,0.2503282129764557,-0.12397842109203339,0.06019184738397598,0.11732267588376999,0.3884929418563843,0.20842723548412323,0.10157743096351624,0.14698897302150726,0.40437719225883484,0.22940288484096527,0.03606168180704117,0.2422572374343872,0.1233120784163475,0.1989355832338333,0.09941631555557251,-0.13776110112667084,0.22300583124160767,0.051713768392801285,-0.27958595752716064,-0.23249280452728271,0.06994650512933731,0.07133729755878448,-0.13646379113197327,0.24197611212730408,0.01576343923807144,0.0527551993727684,0.4245717525482178,-0.2384679615497589,-0.20240972936153412
0.5287126898765564,0.6649249196052551,1.4987252950668335,-0.345482412430154,-0.01805006037241925,0.015391485798059728,-0.03367024535272453,0.013701629322561724,0.031666341385868844,0.6406491756439209,-0.03427077531814571,0.0984997510910035,0.6531272530555725,0.6840800642967224,1.4902000427246094,-0.22221452,0.006899208,0.01928661,47.0,1740111866.8082905,0.051966287195682526,0.029409456998109818,0.23867131769657135,0.2503282129764557,-0.12397842109203339,0.06019184738397598,0.11732267588376999,0.3884929418563843,0.20842723548412323,0.10157743096351624,0.14698897302150726,0.40437719225883484,0.22940288484096527,0.03606168180704117,0.2422572374343872,0.1233120784163475,0.1989355832338333,0.09941631555557251,-0.13776110112667084,0.22300583124160767,0.051713768392801285,-0.27958595752716064,-0.23249280452728271,0.06994650512933731,0.07133729755878448,-0.13646379113197327,0.24197611212730408,0.01576343923807144,0.0527551993727684,0.4245717525482178,-0.2384679615497589,-0.20240972936153412
0.5227084755897522,0.6645908951759338,1.4988042116165161,-0.345482412430154,-0.01805006037241925,0.015391485798059728,-0.03395959760277971,0.014770184934261493,0.03137516803502827,0.6287126898765564,-0.03507508039474483,0.09872529506683358,0.6531272530555725,0.6840800642967224,1.4902000427246094,-0.2107144,0.007986039,0.018957362,48.0,1740111866.8333793,0.05533616989850998,0.032233238220214844,0.24050739407539368,0.2493327260017395,-0.12233361601829529,0.05827391892671585,0.11425720900297165,0.39057013392448425,0.21575555205345154,0.10396845638751984,0.14928175508975983,0.4076066315174103,0.23213286697864532,0.037253543734550476,0.24698060750961304,0.12616343796253204,0.20252729952335358,0.09858709573745728,-0.13814078271389008,0.22337234020233154,0.05100032314658165,-0.28336262702941895,-0.2361227124929428,0.07171843945980072,0.07453207671642303,-0.1347176879644394,0.24556715786457062,0.013751404359936714,0.051543042063713074,0.42523035407066345,-0.24078264832496643,-0.19857186079025269
0.5105933547019958,0.6636919379234314,1.4989668130874634,-0.3499672973279233,-0.02213344678211671,0.0065574324525811255,-0.03424636316340992,0.014653468547405572,0.03035348485393297,0.6167515873908996,-0.035849463939666704,0.09890971183776864,0.6531272530555725,0.6840800642967224,1.4902000427246094,-0.20042323,0.00948634,0.0017276406,49.0,1740111866.866128,0.05534673482179642,0.03250995650887489,0.2309512197971344,0.23747071623802185,-0.11594696342945099,0.05131664127111435,0.10804711282253265,0.3747868537902832,0.21379412710666656,0.09867845475673676,0.14269806444644928,0.3920915126800537,0.2251703143119812,0.030706636607646942,0.2408585548400879,0.12149865180253983,0.2005133181810379,0.09483622014522552,-0.13565286993980408,0.21117612719535828,0.041542898863554,-0.2737487256526947,-0.22984017431735992,0.06890317052602768,0.0807972401380539,-0.12806279957294464,0.24101918935775757,0.010525025427341461,0.046947330236434937,0.40537029504776,-0.23243257403373718,-0.183222234249115
0.4985068440437317,0.6628696918487549,1.499106526374817,-0.3499672973279233,-0.02213344678211671,0.0065574324525811255,-0.032697140352956566,0.013593211843472877,0.031771069205502364,0.604757821559906,-0.03668625354766841,0.09914240837097177,0.6531272530555725,0.6840800642967224,1.4902000427246094,-0.20042323,0.00948634,0.0017276406,50.0,1740111866.907292,0.05534673482179642,0.03250995650887489,0.2309512197971344,0.23747071623802185,-0.11594696342945099,0.05131664127111435,0.10804711282253265,0.3747868537902832,0.21379412710666656,0.09867845475673676,0.14269806444644928,0.3920915126800537,0.2251703143119812,0.030706636607646942,0.2408585548400879,0.12149865180253983,0.2005133181810379,0.09483622014522552,-0.13565286993980408,0.21117612719535828,0.041542898863554,-0.2737487256526947,-0.22984017431735992,0.06890317052602768,0.0807972401380539,-0.12806279957294464,0.24101918935775757,0.010525025427341461,0.046947330236434937,0.40537029504776,-0.23243257403373718,-0.183222234249115
0.48795005679130554,0.6622269749641418,1.4997687339782715,-0.3499672973279233,-0.02213344678211671,0.0065574324525811255,-0.04646824278167836,0.01722654895618025,0.02899239723512915,0.592597371339798,-0.037621271610259965,0.09927926063537607,0.6531272530555725,0.6840800642967224,1.4902000427246094,-0.19834206,0.008192621,-0.011746593,51.0,1740111866.936588,0.0573480948805809,0.03213532641530037,0.2294815480709076,0.23318690061569214,-0.11266463994979858,0.04879877716302872,0.10598083585500717,0.36947154998779297,0.21487067639827728,0.09816843271255493,0.14272961020469666,0.38851499557495117,0.22338593006134033,0.029013844206929207,0.241621196269989,0.11982914060354233,0.202158123254776,0.09352655708789825,-0.1344049572944641,0.20659852027893066,0.0368666872382164,-0.2736348807811737,-0.22873042523860931,0.06892611086368561,0.08397291600704193,-0.1261204034090042,0.24076148867607117,0.008039761334657669,0.04373284429311752,0.39932236075401306,-0.2304915487766266,-0.17589086294174194
0.4700067639350891,0.6607925891876221,1.500016689300537,-0.3560721577622404,-0.02611865608198964,0.005953292090458012,-0.04655703525209402,0.01731879951401594,0.028040479514668815,0.5804649651050567,-0.03849859237670894,0.09947714805603036,0.6531272530555725,0.6840800642967224,1.4902000427246094,-0.19460234,0.010205187,0.009009503,52.0,1740111866.9739766,0.0659267008304596,0.03337396681308746,0.23375144600868225,0.22652661800384521,-0.10668104887008667,0.05011061578989029,0.10117807239294052,0.3685797452926636,0.22286733984947205,0.09956558048725128,0.14192000031471252,0.388567179441452,0.22254808247089386,0.035170312970876694,0.24839669466018677,0.12129434943199158,0.20818392932415009,0.08968685567378998,-0.1292472630739212,0.2004147469997406,0.037773486226797104,-0.27667301893234253,-0.2281028926372528,0.06754811108112335,0.09137392044067383,-0.12520146369934082,0.24063622951507568,0.011218637228012085,0.04218876734375954,0.400234192609787,-0.23651060461997986,-0.16777971386909485
0.46409064531326294,0.6603391170501709,1.5001568794250488,-0.3560721577622404,-0.02611865608198964,0.005953292090458012,-0.046524887534743584,0.01733041835694465,0.026671891203700716,0.5700067639350891,-0.039207410812377885,0.1000166893005372,0.6531272530555725,0.6840800642967224,1.4902000427246094,-0.19602269,0.0108310655,0.013223417,53.0,1740111866.9992979,0.06612247973680496,0.03306043520569801,0.2382316142320633,0.22938060760498047,-0.10375672578811646,0.04988300800323486,0.10301870852708817,0.37080052495002747,0.22520309686660767,0.10380017757415771,0.1489371359348297,0.39365118741989136,0.2249767929315567,0.03808587044477463,0.2500685453414917,0.12249292433261871,0.20646239817142487,0.08811624348163605,-0.12613606452941895,0.20503711700439453,0.04220544174313545,-0.28501710295677185,-0.22985686361789703,0.06801041215658188,0.08825159072875977,-0.12436634302139282,0.24303609132766724,0.012804536148905754,0.04228934273123741,0.4073082208633423,-0.23706328868865967,-0.17090173065662384
0.45204097032546997,0.6593613028526306,1.5002464056015015,-0.3560721577622404,-0.02611865608198964,0.005953292090458012,-0.04627737353965863,0.01714844275815809,0.02298773218032134,0.5578086733818054,-0.04029060602188106,0.10007188320159921,0.6531272530555725,0.6840800642967224,1.4902000427246094,-0.18902731,0.008096635,0.030282043,54.0,1740111867.0334356,0.06463044881820679,0.03420626372098923,0.23919333517551422,0.2353941798210144,-0.10636453330516815,0.04870697110891342,0.10402936488389969,0.375826895236969,0.22602547705173492,0.10480570793151855,0.15128107368946075,0.39847058057785034,0.22862976789474487,0.03536701574921608,0.25190961360931396,0.1224941685795784,0.20837989449501038,0.09101934731006622,-0.13141323626041412,0.2091003954410553,0.03970043733716011,-0.2884666919708252,-0.23408271372318268,0.07092443853616714,0.08721362054347992,-0.12627951800823212,0.24808916449546814,0.008972622454166412,0.041845109313726425,0.40896570682525635,-0.23801842331886292,-0.1736212819814682
0.43428507447242737,0.6577062606811523,1.5002721548080444,-0.37063343817837413,-0.030761556915931545,0.006468492711696624,-0.04524673205556461,0.017212519870427115,0.01885066449920849,0.5462589621543884,-0.041149270534515336,0.10030434131622323,0.6531272530555725,0.6840800642967224,1.4902000427246094,-0.18902731,0.008096635,0.030282043,55.0,1740111867.068377,0.06463044881820679,0.03420626372098923,0.23919333517551422,0.2353941798210144,-0.10636453330516815,0.04870697110891342,0.10402936488389969,0.375826895236969,0.22602547705173492,0.10480570793151855,0.15128107368946075,0.39847058057785034,0.22862976789474487,0.03536701574921608,0.25190961360931396,0.1224941685795784,0.20837989449501038,0.09101934731006622,-0.13141323626041412,0.2091003954410553,0.03970043733716011,-0.2884666919708252,-0.23408271372318268,0.07092443853616714,0.08721362054347992,-0.12627951800823212,0.24808916449546814,0.008972622454166412,0.041845109313726425,0.40896570682525635,-0.23801842331886292,-0.1736212819814682
0.4282994270324707,0.6570035815238953,1.500030279159546,-0.37063343817837413,-0.030761556915931545,0.006468492711696624,-0.03793010039207967,0.01606164163753003,0.02210557532505345,0.5342850744724273,-0.04229373931884761,0.10027215480804452,0.6531272530555725,0.6840800642967224,1.4902000427246094,-0.18429993,0.009498201,0.013939984,56.0,1740111867.1002848,0.0619206428527832,0.03481768071651459,0.23582059144973755,0.23229184746742249,-0.10231907665729523,0.042981721460819244,0.10294235497713089,0.36713162064552307,0.2241171896457672,0.10318189859390259,0.1500139683485031,0.3913683295249939,0.22636009752750397,0.030018243938684464,0.2481783926486969,0.12003578990697861,0.20525991916656494,0.08898630738258362,-0.13089796900749207,0.2052556574344635,0.03241660073399544,-0.28511345386505127,-0.23221342265605927,0.07006426155567169,0.08980050683021545,-0.12201991677284241,0.24813444912433624,0.004569081589579582,0.03939148783683777,0.3992042541503906,-0.23120936751365662,-0.16649940609931946
0.41658422350883484,0.6559780240058899,1.5001274347305298,-0.37063343817837413,-0.030761556915931545,0.006468492711696624,-0.044259409408672915,0.016918496822759182,0.015006413812761485,0.5224603176116943,-0.04339445829391475,0.10018894672393808,0.6531272530555725,0.6840800642967224,1.4902000427246094,-0.1593514,0.011656851,0.0073268414,57.0,1740111867.1339128,0.06234889477491379,0.03390480950474739,0.24025049805641174,0.21904084086418152,-0.0927516520023346,0.02686598151922226,0.10373951494693756,0.3485506474971771,0.2225949466228485,0.10349737107753754,0.1555834263563156,0.3817870616912842,0.21934102475643158,0.024705849587917328,0.24907299876213074,0.11100912094116211,0.19434206187725067,0.08151066303253174,-0.11206318438053131,0.19579681754112244,0.02114996872842312,-0.29717645049095154,-0.21799950301647186,0.06590008735656738,0.08637195825576782,-0.11340910196304321,0.2537606656551361,0.0023894235491752625,0.026564821600914,0.3945716619491577,-0.2148021161556244,-0.14089736342430115
0.40497082471847534,0.6548036336898804,1.499930500984192,-0.37063343817837413,-0.030761556915931545,0.006468492711696624,-0.04501016532546871,0.016325620907144074,0.015078411080967562,0.5107284247875213,-0.04462845325469966,0.10001394748687753,0.6531272530555725,0.6840800642967224,1.4902000427246094,-0.1620372,0.011067659,0.013166048,58.0,1740111867.1661417,0.06624173372983932,0.03440431132912636,0.2431175708770752,0.21558359265327454,-0.08944112062454224,0.02520962804555893,0.10057482868432999,0.3479262590408325,0.22645872831344604,0.1023910790681839,0.1559641808271408,0.38142135739326477,0.2193906307220459,0.026851344853639603,0.25403326749801636,0.11143482476472855,0.19779446721076965,0.0785415768623352,-0.11097528040409088,0.19102823734283447,0.01836095005273819,-0.3002850413322449,-0.2179100215435028,0.0661611333489418,0.0913703441619873,-0.11323718726634979,0.25479522347450256,0.001973148435354233,0.023233335465192795,0.3930746018886566,-0.21663612127304077,-0.13370110094547272
0.39334604144096375,0.6534237265586853,1.4996856451034546,-0.3499115140089926,-0.03564551333776061,-0.004620075549303418,-0.04391563250931342,0.014791633640745492,0.015151681226203917,0.49923614263534544,-0.04586417675018306,0.09980938434600839,0.6531272530555725,0.6840800642967224,1.4902000427246094,-0.15523699,0.00991597,0.014590897,59.0,1740111867.1987503,0.07061624526977539,0.03524591401219368,0.2449990212917328,0.21906578540802002,-0.09302009642124176,0.026273921132087708,0.10014154016971588,0.35406357049942017,0.2334364354610443,0.10288366675376892,0.15448196232318878,0.3884637653827667,0.22336223721504211,0.02479860559105873,0.2599608600139618,0.11387909948825836,0.20635071396827698,0.0819205790758133,-0.11607486009597778,0.193281888961792,0.015257230028510094,-0.30220526456832886,-0.22240790724754333,0.0673585906624794,0.09643468260765076,-0.11651219427585602,0.2590671181678772,0.0023544318974018097,0.02364490181207657,0.39674144983291626,-0.22502964735031128,-0.13384565711021423
0.38183462619781494,0.6520503163337708,1.4994901418685913,-0.3499115140089926,-0.03564551333776061,-0.004620075549303418,-0.04377215017623169,0.013089452538325282,0.014240841918497003,0.4875630497932434,-0.04719777107238765,0.09961829185485849,0.6531272530555725,0.6840800642967224,1.4902000427246094,-0.15523699,0.00991597,0.014590897,60.0,1740111867.2373004,0.07061624526977539,0.03524591401219368,0.2449990212917328,0.21906578540802002,-0.09302009642124176,0.026273921132087708,0.10014154016971588,0.35406357049942017,0.2334364354610443,0.10288366675376892,0.15448196232318878,0.3884637653827667,0.22336223721504211,0.02479860559105873,0.2599608600139618,0.11387909948825836,0.20635071396827698,0.0819205790758133,-0.11607486009597778,0.193281888961792,0.015257230028510094,-0.30220526456832886,-0.22240790724754333,0.0673585906624794,0.09643468260765076,-0.11651219427585602,0.2590671181678772,0.0023544318974018097,0.02364490181207657,0.39674144983291626,-0.22502964735031128,-0.13384565711021423
0.3651353120803833,0.6501672267913818,1.4989891052246094,-0.3398176526490853,-0.03954739843193158,-0.00817415062960323,-0.045152290287649624,0.010493297133550891,0.011465098239909252,0.47634333968162534,-0.04860789775848384,0.09938619136810312,0.6531272530555725,0.6840800642967224,1.4902000427246094,-0.152696,0.008971706,0.023019172,61.0,1740111867.2688875,0.07426232844591141,0.037186965346336365,0.2499946653842926,0.2188294529914856,-0.09104885160923004,0.025819115340709686,0.09920269250869751,0.3564733862876892,0.23972897231578827,0.1060650497674942,0.15834802389144897,0.3921602666378021,0.2247564196586609,0.02794041857123375,0.26530733704566956,0.1153368204832077,0.20862849056720734,0.08033226430416107,-0.11274982988834381,0.19394731521606445,0.017634926363825798,-0.3089170455932617,-0.22362272441387177,0.06746970117092133,0.09743163734674454,-0.11610415577888489,0.2619038224220276,0.004247365519404411,0.02148587629199028,0.40189430117607117,-0.22750532627105713,-0.13134627044200897
0.3595812916755676,0.6494266390800476,1.4988385438919067,-0.3398176526490853,-0.03954739843193158,-0.00817415062960323,-0.04464909818384524,0.009005108775157686,0.010493068503514086,0.4651353120803833,-0.04983277320861812,0.09898910522460946,0.6531272530555725,0.6840800642967224,1.4902000427246094,-0.15430993,0.01048623,0.01173877,62.0,1740111867.3019412,0.06652837246656418,0.037849877029657364,0.2520630359649658,0.22118639945983887,-0.08467943966388702,0.01615746319293976,0.10334628075361252,0.3484060764312744,0.2319410890340805,0.11191104352474213,0.16972972452640533,0.39027518033981323,0.22490641474723816,0.023690948262810707,0.2616061568260193,0.10836981236934662,0.19755423069000244,0.07824736833572388,-0.10414199531078339,0.19755983352661133,0.01355329155921936,-0.32042133808135986,-0.22017811238765717,0.0701959952712059,0.08493180572986603,-0.11159020662307739,0.26846733689308167,-0.0036137551069259644,0.014381395652890205,0.4015466868877411,-0.21207137405872345,-0.12745071947574615
0.34864896535873413,0.648078203201294,1.498489499092102,-0.3398176526490853,-0.03954739843193158,-0.00817415062960323,-0.04550339158985466,0.007421238577785675,0.010713283034074244,0.45411849617958067,-0.05127341747283931,0.09871695041656503,0.6531272530555725,0.6840800642967224,1.4902000427246094,-0.14198521,0.009578675,0.019460179,63.0,1740111867.3331952,0.06389312446117401,0.03788378834724426,0.24984219670295715,0.21779978275299072,-0.08114301413297653,0.010853443294763565,0.10221868008375168,0.34125977754592896,0.22902734577655792,0.11123575270175934,0.17030185461044312,0.3837181627750397,0.22271670401096344,0.020805150270462036,0.25907236337661743,0.10507716983556747,0.19374236464500427,0.07587035000324249,-0.10112321376800537,0.1938701570034027,0.008798275142908096,-0.320657342672348,-0.216607466340065,0.07039229571819305,0.08350234478712082,-0.10848893225193024,0.26931232213974,-0.0075232647359371185,0.011009268462657928,0.39470174908638,-0.2045573592185974,-0.12067951261997223
0.3377450406551361,0.6466297507286072,1.497897982597351,-0.3398176526490853,-0.03954739843193158,-0.00817415062960323,-0.04536469877140728,0.007461968644935352,0.008741137169257986,0.4431096076965332,-0.052736532688140825,0.0980933666229249,0.6531272530555725,0.6840800642967224,1.4902000427246094,-0.13338704,0.011101268,0.009315088,64.0,1740111867.3656862,0.0648113563656807,0.038360483944416046,0.24799752235412598,0.212532639503479,-0.07760293036699295,0.007897108793258667,0.09936019033193588,0.33579814434051514,0.2298734188079834,0.10978524386882782,0.16848088800907135,0.37799200415611267,0.2201310396194458,0.018134115263819695,0.25819459557533264,0.10262367874383926,0.1943068653345108,0.07488985359668732,-0.10008075833320618,0.18857592344284058,0.004242025315761566,-0.3189513683319092,-0.21454502642154694,0.0694504976272583,0.08733263611793518,-0.10594342648983002,0.2690379023551941,-0.009057827293872833,0.008015371859073639,0.3871445059776306,-0.2020004689693451,-0.1125851720571518
0.32708531618118286,0.6452091336250305,1.4973509311676025,-0.31813411235632527,-0.0414543689475216,-0.013696691345030638,-0.04577811228192758,0.0075310574492701695,0.008767160956742364,0.43234202861785886,-0.05405904054641719,0.09761652946472177,0.6531272530555725,0.6840800642967224,1.4902000427246094,-0.13338704,0.011101268,0.009315088,65.0,1740111867.3995342,0.0648113563656807,0.038360483944416046,0.24799752235412598,0.212532639503479,-0.07760293036699295,0.007897108793258667,0.09936019033193588,0.33579814434051514,0.2298734188079834,0.10978524386882782,0.16848088800907135,0.37799200415611267,0.2201310396194458,0.018134115263819695,0.25819459557533264,0.10262367874383926,0.1943068653345108,0.07488985359668732,-0.10008075833320618,0.18857592344284058,0.004242025315761566,-0.3189513683319092,-0.21454502642154694,0.0694504976272583,0.08733263611793518,-0.10594342648983002,0.2690379023551941,-0.009057827293872833,0.008015371859073639,0.3871445059776306,-0.2020004689693451,-0.1125851720571518
0.311402291059494,0.6428636908531189,1.4965349435806274,-0.31813411235632527,-0.0414543689475216,-0.013696691345030638,-0.04539994596944092,0.009090618653325189,0.008079241114139674,0.42176244258880613,-0.055576336383819536,0.09699461460113534,0.6531272530555725,0.6840800642967224,1.4902000427246094,-0.13156012,0.009789474,0.013306707,66.0,1740111867.4425282,0.06825359910726547,0.04001106694340706,0.24917572736740112,0.2065611332654953,-0.07058428227901459,0.0012842155992984772,0.09451304376125336,0.3290834128856659,0.23290401697158813,0.11085857450962067,0.1709679812192917,0.3738907277584076,0.21843190491199493,0.018055353313684464,0.2622784972190857,0.09791829437017441,0.19670772552490234,0.07007284462451935,-0.0939321368932724,0.18126189708709717,-0.002958427183330059,-0.32541075348854065,-0.21114863455295563,0.06985033303499222,0.08986498415470123,-0.10365770757198334,0.2717849612236023,-0.011212609708309174,-0.00044474750757217407,0.38098224997520447,-0.1983553171157837,-0.09910373389720917
0.30135297775268555,0.6416783928871155,1.4961451292037964,-0.31813411235632527,-0.0414543689475216,-0.013696691345030638,-0.046293039714969,0.008984480690150818,0.003490194023196082,0.411402291059494,-0.05713630914688106,0.09653494358062753,0.6531272530555725,0.6840800642967224,1.4902000427246094,-0.13156012,0.009789474,0.013306707,67.0,1740111867.4700227,0.06825359910726547,0.04001106694340706,0.24917572736740112,0.2065611332654953,-0.07058428227901459,0.0012842155992984772,0.09451304376125336,0.3290834128856659,0.23290401697158813,0.11085857450962067,0.1709679812192917,0.3738907277584076,0.21843190491199493,0.018055353313684464,0.2622784972190857,0.09791829437017441,0.19670772552490234,0.07007284462451935,-0.0939321368932724,0.18126189708709717,-0.002958427183330059,-0.32541075348854065,-0.21114863455295563,0.06985033303499222,0.08986498415470123,-0.10365770757198334,0.2717849612236023,-0.011212609708309174,-0.00044474750757217407,0.38098224997520447,-0.1983553171157837,-0.09910373389720917
0.29619407653808594,0.640638530254364,1.4957853555679321,-0.30882286343528337,-0.045692786591411794,-0.015651218442529174,-0.04560775861438507,0.009681963379954564,0.004621393363095522,0.4013529777526855,-0.05832160711288448,0.09614512920379648,0.6531272530555725,0.6840800642967224,1.4902000427246094,-0.13730422,0.009291999,-0.01029361,68.0,1740111867.4995744,0.07210741192102432,0.04017888754606247,0.2627149820327759,0.2325369417667389,-0.08683209121227264,0.008509121835231781,0.10311851650476456,0.35987013578414917,0.24446922540664673,0.11744667589664459,0.17814965546131134,0.40456676483154297,0.23314054310321808,0.016252467408776283,0.279960960149765,0.10693708807229996,0.2123144418001175,0.081711545586586,-0.1127321720123291,0.20164263248443604,-0.00246354378759861,-0.34124955534935,-0.22809749841690063,0.07878710329532623,0.09123696386814117,-0.11659890413284302,0.2876402735710144,-0.014950662851333618,0.0023090392351150513,0.4076654314994812,-0.21831676363945007,-0.1185789704322815
0.2862403094768524,0.6391351222991943,1.495314121246338,-0.30882286343528337,-0.045692786591411794,-0.015651218442529174,-0.0462771473638901,0.008352602016159796,0.0037045891429998974,0.39125332832336424,-0.060084414482116655,0.09561285972595224,0.6531272530555725,0.6840800642967224,1.4902000427246094,-0.13730422,0.009291999,-0.01029361,69.0,1740111867.5353441,0.07210741192102432,0.04017888754606247,0.2627149820327759,0.2325369417667389,-0.08683209121227264,0.008509121835231781,0.10311851650476456,0.35987013578414917,0.24446922540664673,0.11744667589664459,0.17814965546131134,0.40456676483154297,0.23314054310321808,0.016252467408776283,0.279960960149765,0.10693708807229996,0.2123144418001175,0.081711545586586,-0.1127321720123291,0.20164263248443604,-0.00246354378759861,-0.34124955534935,-0.22809749841690063,0.07878710329532623,0.09123696386814117,-0.11659890413284302,0.2876402735710144,-0.014950662851333618,0.0023090392351150513,0.4076654314994812,-0.21831676363945007,-0.1185789704322815
0.2767125964164734,0.6374280452728271,1.495068907737732,-0.30882286343528337,-0.045692786591411794,-0.015651218442529174,-0.0457596888805493,0.0057412711898512415,0.0016842581055724973,0.3815282344818115,-0.06164331436157222,0.09524486064910898,0.6531272530555725,0.6840800642967224,1.4902000427246094,-0.12965985,0.010823838,4.9374998e-05,70.0,1740111867.566568,0.06984056532382965,0.04064860939979553,0.2659500241279602,0.2380140721797943,-0.08813147246837616,0.00798339769244194,0.10594005882740021,0.36373671889305115,0.24381491541862488,0.12022121250629425,0.18279612064361572,0.4088625907897949,0.23559962213039398,0.015679646283388138,0.28105995059013367,0.1064135730266571,0.2113179713487625,0.08335603773593903,-0.11354292929172516,0.20670151710510254,-0.0018446920439600945,-0.34691929817199707,-0.23033200204372406,0.08081471174955368,0.08754056692123413,-0.11817857623100281,0.2912830710411072,-0.017020411789417267,0.0017191767692565918,0.4126967191696167,-0.21776899695396423,-0.12295684218406677
0.2669461965560913,0.6358951926231384,1.4948246479034424,-0.30882286343528337,-0.045692786591411794,-0.015651218442529174,-0.047713275635845535,0.0048236895704634325,0.0014889333271384752,0.37202403545379636,-0.06324781179428096,0.09494063854217538,0.6531272530555725,0.6840800642967224,1.4902000427246094,-0.12905501,0.011185944,-0.0024036244,71.0,1740111867.6028028,0.0693761333823204,0.04080352559685707,0.2617434561252594,0.2290019392967224,-0.0828297957777977,0.003992784768342972,0.10300593078136444,0.35354459285736084,0.24198198318481445,0.11811329424381256,0.1793164312839508,0.3991972804069519,0.23051932454109192,0.014593387953937054,0.2769991457462311,0.10470233857631683,0.206673264503479,0.07949112355709076,-0.10812735557556152,0.19909527897834778,-0.004683411680161953,-0.3415375351905823,-0.22439886629581451,0.07816438376903534,0.08919881284236908,-0.11292386054992676,0.287263423204422,-0.017714399844408035,-0.00018846802413463593,0.40326783061027527,-0.21183688938617706,-0.11397102475166321
0.2579367756843567,0.6341968178749084,1.494387149810791,-0.2802789802312022,-0.04682201327455604,-0.010661165069759957,-0.047233883850387876,0.00548434305107333,0.0010659546948085217,0.36255708932876585,-0.0649806976318359,0.09450588226318368,0.6531272530555725,0.6840800642967224,1.4902000427246094,-0.116859086,0.009229012,0.0065788478,72.0,1740111867.6349385,0.07491261512041092,0.04289373755455017,0.2549336552619934,0.2091863751411438,-0.07020445168018341,-0.0036004632711410522,0.09115344285964966,0.3346717953681946,0.24648459255695343,0.11266531050205231,0.17242445051670074,0.38016483187675476,0.22090929746627808,0.012684371322393417,0.2741904854774475,0.10080520808696747,0.2071761041879654,0.07122127711772919,-0.10047076642513275,0.17952942848205566,-0.012634354643523693,-0.3330462872982025,-0.2165529578924179,0.07319656759500504,0.10128913819789886,-0.10275706648826599,0.2810818552970886,-0.017730988562107086,-0.006501633673906326,0.3802947998046875,-0.20514577627182007,-0.08890285342931747
0.2443828582763672,0.6317591667175293,1.4942859411239624,-0.2802789802312022,-0.04682201327455604,-0.010661165069759957,-0.047621706717173015,0.004718455599108039,-0.0007364957387424811,0.35356745719909666,-0.06659920215606685,0.09438416957855233,0.6531272530555725,0.6840800642967224,1.4902000427246094,-0.12220631,0.010874212,0.0008405149,73.0,1740111867.6688204,0.07437701523303986,0.042900342494249344,0.25862014293670654,0.21395999193191528,-0.0724204033613205,-0.005401447415351868,0.09276259690523148,0.3389096260070801,0.2473149448633194,0.11381445825099945,0.17695486545562744,0.38500848412513733,0.22478169202804565,0.011241395026445389,0.27779731154441833,0.09980961680412292,0.2094278186559677,0.07319909334182739,-0.10309147834777832,0.18287071585655212,-0.015400548465549946,-0.34013840556144714,-0.21970978379249573,0.07601158320903778,0.10009142756462097,-0.10509257018566132,0.2869183421134949,-0.020613163709640503,-0.008197609335184097,0.38389852643013,-0.20565958321094513,-0.08960558474063873
0.2403305321931839,0.6308510899543762,1.4941158294677734,-0.2802789802312022,-0.04682201327455604,-0.010661165069759957,-0.048063058262435336,0.004831490811031085,0.0010100480285647163,0.34438285827636717,-0.06824083328247066,0.09428594112396249,0.6531272530555725,0.6840800642967224,1.4902000427246094,-0.11781087,0.010422699,0.008473799,74.0,1740111867.7003856,0.07820351421833038,0.04379682242870331,0.25191009044647217,0.2009868025779724,-0.06579162180423737,-0.009023226797580719,0.0859314426779747,0.3254716396331787,0.2487911731004715,0.10962420701980591,0.16941754519939423,0.37283647060394287,0.21787366271018982,0.010458835400640965,0.27522382140159607,0.09739231318235397,0.20991432666778564,0.06846427917480469,-0.09732906520366669,0.1703920066356659,-0.02093907818198204,-0.33187299966812134,-0.2126678079366684,0.0722525492310524,0.10688091814517975,-0.10011798143386841,0.2809070944786072,-0.019867300987243652,-0.011451322585344315,0.3689791262149811,-0.20187515020370483,-0.0747784674167633
0.23140068352222443,0.6291021704673767,1.4940974712371826,-0.28271150992133887,-0.05369172890038855,-0.0037058991510829967,-0.04806387545082085,0.003737170118848129,0.0020707489225246724,0.3360071539878845,-0.07003374099731441,0.09403977394104013,0.6531272530555725,0.6840800642967224,1.4902000427246094,-0.11781087,0.010422699,0.008473799,75.0,1740111867.7330012,0.07820351421833038,0.04379682242870331,0.25191009044647217,0.2009868025779724,-0.06579162180423737,-0.009023226797580719,0.0859314426779747,0.3254716396331787,0.2487911731004715,0.10962420701980591,0.16941754519939423,0.37283647060394287,0.21787366271018982,0.010458835400640965,0.27522382140159607,0.09739231318235397,0.20991432666778564,0.06846427917480469,-0.09732906520366669,0.1703920066356659,-0.02093907818198204,-0.33187299966812134,-0.2126678079366684,0.0722525492310524,0.10688091814517975,-0.10011798143386841,0.2809070944786072,-0.019867300987243652,-0.011451322585344315,0.3689791262149811,-0.20187515020370483,-0.0747784674167633
0.2193993777036667,0.6265437602996826,1.4940789937973022,-0.28271150992133887,-0.05369172890038855,-0.0037058991510829967,-0.047930334217577135,0.005221325478399984,0.002884624331246523,0.32746238112449644,-0.07176448106765743,0.09405324459075937,0.6531272530555725,0.6840800642967224,1.4902000427246094,-0.109906755,0.0072505027,0.026307225,76.0,1740111867.7678866,0.07872042059898376,0.044735200703144073,0.25141364336013794,0.200808584690094,-0.06579594314098358,-0.008985772728919983,0.08562806248664856,0.32523906230926514,0.24865412712097168,0.10965915024280548,0.1684694141149521,0.3724822998046875,0.217462956905365,0.011087074875831604,0.27564388513565063,0.09768465906381607,0.21035464107990265,0.06780648231506348,-0.09707953035831451,0.16934612393379211,-0.021099768579006195,-0.3308534324169159,-0.21259211003780365,0.07236778736114502,0.10723280906677246,-0.10041898488998413,0.2798890173435211,-0.019390255212783813,-0.011417210102081299,0.3682960867881775,-0.20200017094612122,-0.07392830401659012
0.21523845195770264,0.6256340742111206,1.4940310716629028,-0.28271150992133887,-0.05369172890038855,-0.0037058991510829967,-0.04848628456828633,0.006443282129869836,0.004612403444661727,0.31939937770366666,-0.07345623970031734,0.09407899379730233,0.6531272530555725,0.6840800642967224,1.4902000427246094,-0.10424873,0.004361585,0.020375803,77.0,1740111867.8006523,0.08461009711027145,0.04720655083656311,0.2508096694946289,0.1932530403137207,-0.059667378664016724,-0.00928737036883831,0.07993105053901672,0.3213568925857544,0.2537815272808075,0.11012092232704163,0.16554388403892517,0.3680291771888733,0.21472153067588806,0.01457723043859005,0.27795732021331787,0.09894257038831711,0.21307052671909332,0.06275896728038788,-0.09340536594390869,0.16165995597839355,-0.020863141864538193,-0.3288487493991852,-0.21110670268535614,0.07083611935377121,0.11402640491724014,-0.09708530455827713,0.27735355496406555,-0.018253982067108154,-0.013005875051021576,0.36298874020576477,-0.20341861248016357,-0.0654030293226242
0.20727597177028656,0.6237934827804565,1.4940170049667358,-0.28271150992133887,-0.05369172890038855,-0.0037058991510829967,-0.04870802444736666,0.008119968025519416,0.0036901783480708388,0.3112477570772171,-0.07531286478042598,0.09398410320281991,0.6531272530555725,0.6840800642967224,1.4902000427246094,-0.102153406,0.0074377805,0.016693652,78.0,1740111867.8365245,0.08728054165840149,0.04821838438510895,0.2546813189983368,0.19513154029846191,-0.06120912730693817,-0.008841551840305328,0.07979055494070053,0.32630687952041626,0.25863873958587646,0.11163948476314545,0.16744159162044525,0.37317174673080444,0.21690337359905243,0.015294781886041164,0.28297626972198486,0.10104014724493027,0.21653923392295837,0.06391888856887817,-0.09437233209609985,0.16366109251976013,-0.020006030797958374,-0.33302900195121765,-0.2133258432149887,0.07153965532779694,0.11561289429664612,-0.09861752390861511,0.28058645129203796,-0.017551220953464508,-0.013417735695838928,0.3687495291233063,-0.20792299509048462,-0.06558924168348312
0.1999441385269165,0.6222535371780396,1.4942207336425781,-0.23338511311712473,-0.051320496528206576,-0.0007509272058735653,-0.048763030547964714,0.0067510763196464,0.0008901616516668871,0.30346516370773313,-0.07704074382781978,0.09400758743286142,0.6531272530555725,0.6840800642967224,1.4902000427246094,-0.09625304,0.006042354,0.02305457,79.0,1740111867.8668551,0.09029179066419601,0.05052897334098816,0.2584736943244934,0.19430027902126312,-0.06086767464876175,-0.015024840831756592,0.07852087169885635,0.3251570165157318,0.26478731632232666,0.11027055978775024,0.16798712313175201,0.3741694688796997,0.21627546846866608,0.010324027389287949,0.2897721827030182,0.10047087073326111,0.22038955986499786,0.0632181167602539,-0.09487015008926392,0.15994295477867126,-0.028106581419706345,-0.3370912969112396,-0.21336562931537628,0.07122170180082321,0.12189262360334396,-0.09753019362688065,0.2856726050376892,-0.020250141620635986,-0.018636569380760193,0.3669803738594055,-0.20840267837047577,-0.05573873594403267
0.19153697788715363,0.6199483871459961,1.494186520576477,-0.23338511311712473,-0.051320496528206576,-0.0007509272058735653,-0.04384577455749085,0.011622906627690784,0.00514843858287237,0.29102486968040464,-0.08017147779464717,0.09267935752868661,0.6531272530555725,0.6840800642967224,1.4902000427246094,-0.09625304,0.006042354,0.02305457,80.0,1740111867.8996322,0.09029179066419601,0.05052897334098816,0.2584736943244934,0.19430027902126312,-0.06086767464876175,-0.015024840831756592,0.07852087169885635,0.3251570165157318,0.26478731632232666,0.11027055978775024,0.16798712313175201,0.3741694688796997,0.21627546846866608,0.010324027389287949,0.2897721827030182,0.10047087073326111,0.22038955986499786,0.0632181167602539,-0.09487015008926392,0.15994295477867126,-0.028106581419706345,-0.3370912969112396,-0.21336562931537628,0.07122170180082321,0.12189262360334396,-0.09753019362688065,0.2856726050376892,-0.020250141620635986,-0.018636569380760193,0.3669803738594055,-0.20840267837047577,-0.05573873594403267
0.18440371751785278,0.6181713938713074,1.4940698146820068,-0.23338511311712473,-0.051320496528206576,-0.0007509272058735653,-0.05023988114005854,0.009078188893449383,0.004392943894491296,0.28863114714622495,-0.08063824176788326,0.09429297447204599,0.6531272530555725,0.6840800642967224,1.4902000427246094,-0.09437017,0.0065518767,0.018142924,81.0,1740111867.936151,0.09252502024173737,0.0524337962269783,0.26240718364715576,0.19637367129325867,-0.06326887011528015,-0.015773003920912743,0.07721279561519623,0.328797310590744,0.26994264125823975,0.10927735269069672,0.16908538341522217,0.37633880972862244,0.21702688932418823,0.008710641413927078,0.2956361770629883,0.10170906037092209,0.22464387118816376,0.0639539510011673,-0.09871193766593933,0.15889820456504822,-0.030275970697402954,-0.3391534090042114,-0.21572136878967285,0.07092683017253876,0.12676109373569489,-0.0985422134399414,0.2891649603843689,-0.019253749400377274,-0.020147409290075302,0.36903446912765503,-0.21251563727855682,-0.05325319245457649
0.17786231637001038,0.6164017915725708,1.49440336227417,-0.22390490543298855,-0.05505036190548777,0.005283891573639847,-0.04898837767587097,0.007238072603960631,0.0009097709991755147,0.28105168640613554,-0.08255143165588374,0.09453651905059823,0.6531272530555725,0.6840800642967224,1.4902000427246094,-0.081851296,0.002171971,0.01708237,82.0,1740111867.9665604,0.09545543044805527,0.05292927473783493,0.2565005421638489,0.1848832666873932,-0.055094145238399506,-0.018536502495408058,0.06940062344074249,0.3191235065460205,0.2712186574935913,0.10747483372688293,0.16486626863479614,0.3648780286312103,0.21186983585357666,0.00936339981853962,0.29181087017059326,0.10000644624233246,0.22489634156227112,0.05885951593518257,-0.09520210325717926,0.14787590503692627,-0.03278578072786331,-0.3335159122943878,-0.2116127908229828,0.06976265460252762,0.13209214806556702,-0.09263169765472412,0.2843756377696991,-0.020576536655426025,-0.02228027582168579,0.35432085394859314,-0.20854420959949493,-0.04021691158413887
0.1705622524023056,0.6145399212837219,1.4943631887435913,-0.22390490543298855,-0.05505036190548777,0.005283891573639847,-0.05094086971786906,0.00777741721425208,0.0008549588520751848,0.27407187819480894,-0.08445609807968135,0.09441051483154306,0.6531272530555725,0.6840800642967224,1.4902000427246094,-0.08499959,0.0042593256,0.022285007,83.0,1740111867.9994943,0.09465060383081436,0.053452592343091965,0.2553007900714874,0.18436618149280548,-0.05565665662288666,-0.021131664514541626,0.06879589706659317,0.31706851720809937,0.2706957757472992,0.10654829442501068,0.16503840684890747,0.36307528614997864,0.2113008201122284,0.007031538523733616,0.2907915413379669,0.09774967283010483,0.22470137476921082,0.05977507308125496,-0.09527260065078735,0.14683696627616882,-0.0356181375682354,-0.3338001072406769,-0.21062614023685455,0.06954434514045715,0.1313740462064743,-0.09218711405992508,0.28582218289375305,-0.021332774311304092,-0.02385958656668663,0.35123011469841003,-0.20571063458919525,-0.03741546347737312
0.16379141807556152,0.6119698882102966,1.4942415952682495,-0.22390490543298855,-0.05505036190548777,0.005283891573639847,-0.05003715285343832,0.009154820029157233,0.00218349717977682,0.26758979856967924,-0.08672769069671626,0.09449682235717782,0.6531272530555725,0.6840800642967224,1.4902000427246094,-0.08644678,0.000602901,0.0315597,84.0,1740111868.0332334,0.09592305123806,0.05348576605319977,0.2540546655654907,0.18201471865177155,-0.05488043278455734,-0.021153107285499573,0.06803206354379654,0.31433701515197754,0.27229949831962585,0.10558736324310303,0.162424236536026,0.36125755310058594,0.2100936323404312,0.005814169533550739,0.29106685519218445,0.09811144322156906,0.22593547403812408,0.05951795354485512,-0.09430284798145294,0.14455807209014893,-0.037208471447229385,-0.33108752965927124,-0.20950482785701752,0.06835909187793732,0.13413485884666443,-0.09174821525812149,0.2841513454914093,-0.02090100571513176,-0.024310845881700516,0.3485451936721802,-0.20692965388298035,-0.034857381135225296
0.1569216251373291,0.6099240779876709,1.4942795038223267,-0.20118116555648982,-0.0627344341676059,-0.002142830165800987,-0.05008615498681454,0.00749283916036167,0.0021223982606446024,0.260524308681488,-0.08868862390518184,0.09435925483703622,0.6531272530555725,0.6840800642967224,1.4902000427246094,-0.08644678,0.000602901,0.0315597,85.0,1740111868.0671606,0.09592305123806,0.05348576605319977,0.2540546655654907,0.18201471865177155,-0.05488043278455734,-0.021153107285499573,0.06803206354379654,0.31433701515197754,0.27229949831962585,0.10558736324310303,0.162424236536026,0.36125755310058594,0.2100936323404312,0.005814169533550739,0.29106685519218445,0.09811144322156906,0.22593547403812408,0.05951795354485512,-0.09430284798145294,0.14455807209014893,-0.037208471447229385,-0.33108752965927124,-0.20950482785701752,0.06835909187793732,0.13413485884666443,-0.09174821525812149,0.2841513454914093,-0.02090100571513176,-0.024310845881700516,0.3485451936721802,-0.20692965388298035,-0.034857381135225296
0.1506146788597107,0.6077595353126526,1.4943408966064453,-0.20118116555648982,-0.0627344341676059,-0.002142830165800987,-0.05127803679226332,0.007223476032443311,0.0028317972300547336,0.2540772020816803,-0.09122986793518062,0.09429225921630868,0.6531272530555725,0.6840800642967224,1.4902000427246094,-0.083505526,0.0045380667,0.014533445,86.0,1740111868.1003606,0.09786202013492584,0.05503208562731743,0.2550162672996521,0.18142779171466827,-0.056662335991859436,-0.02359691634774208,0.06578443944454193,0.3149545192718506,0.27495676279067993,0.10276921093463898,0.15959447622299194,0.3598616421222687,0.20968718826770782,0.0019390396773815155,0.29456812143325806,0.09740132093429565,0.22996002435684204,0.060143936425447464,-0.09884612262248993,0.1404154896736145,-0.04412006214261055,-0.3297504484653473,-0.21024450659751892,0.06786984205245972,0.14064913988113403,-0.09229643642902374,0.2870323956012726,-0.022158652544021606,-0.026860453188419342,0.3446851372718811,-0.20823712646961212,-0.028700966387987137
0.14422067999839783,0.6054452657699585,1.4943650960922241,-0.20118116555648982,-0.0627344341676059,-0.002142830165800987,-0.04991631699256615,0.0063276219154756366,0.002083188708364784,0.2476949453353882,-0.09342749118804927,0.09438369274139413,0.6531272530555725,0.6840800642967224,1.4902000427246094,-0.08091307,0.0035238937,0.009617433,87.0,1740111868.134526,0.10118338465690613,0.055710963904857635,0.25238272547721863,0.17410686612129211,-0.05256813019514084,-0.026220407336950302,0.06124572828412056,0.30885782837867737,0.277483195066452,0.10151487588882446,0.15706849098205566,0.3540612459182739,0.20717637240886688,0.0017369715496897697,0.29533645510673523,0.09700782597064972,0.2313714623451233,0.05658708140254021,-0.09607914090156555,0.13414078950881958,-0.047372967004776,-0.32721173763275146,-0.20785729587078094,0.0667312815785408,0.145478293299675,-0.08916918933391571,0.2848931849002838,-0.02189956232905388,-0.029413320124149323,0.33724966645240784,-0.20641672611236572,-0.01968521997332573
0.13553626835346222,0.6020587682723999,1.4944802522659302,-0.194542812928357,-0.07155080422674509,0.0018262106779102251,-0.050807803634639666,0.003623922194613304,0.0012411352652061333,0.2415703296661377,-0.09567565917968746,0.09444830417633066,0.6531272530555725,0.6840800642967224,1.4902000427246094,-0.07745615,0.003911823,0.009545423,88.0,1740111868.1678286,0.10279269516468048,0.056530945003032684,0.2514362633228302,0.17172691226005554,-0.05174587666988373,-0.025520898401737213,0.059636663645505905,0.3079875111579895,0.27830320596694946,0.10059982538223267,0.153701052069664,0.3519418239593506,0.20525142550468445,0.0016872528940439224,0.29594895243644714,0.09746576100587845,0.232494056224823,0.055694062262773514,-0.09694667160511017,0.1302407681941986,-0.04904945194721222,-0.32346245646476746,-0.20695021748542786,0.06602145731449127,0.1499081254005432,-0.08874137699604034,0.28245171904563904,-0.02161022275686264,-0.03007151186466217,0.33417052030563354,-0.20773400366306305,-0.016396522521972656
0.13245826959609985,0.6010914444923401,1.494452953338623,-0.194542812928357,-0.07155080422674509,0.0018262106779102251,-0.05135185533395021,0.0033303709357276703,0.0017072587118707818,0.23553626835346222,-0.09794123172760005,0.09448025226593026,0.6531272530555725,0.6840800642967224,1.4902000427246094,-0.06317307,0.0021284744,0.012710206,89.0,1740111868.200276,0.10219834744930267,0.05654988810420036,0.25004881620407104,0.17093510925769806,-0.05112440884113312,-0.02649405598640442,0.05925993248820305,0.3054662346839905,0.2772049903869629,0.10020409524440765,0.1542719602584839,0.3509030044078827,0.20521067082881927,0.002039439044892788,0.29494234919548035,0.09676388651132584,0.23113761842250824,0.05508198216557503,-0.09541188180446625,0.13015514612197876,-0.048649754375219345,-0.3233323395252228,-0.20632316172122955,0.06612291932106018,0.1486305594444275,-0.08816490322351456,0.28207141160964966,-0.0216408371925354,-0.02991674095392227,0.33300942182540894,-0.2057613730430603,-0.01583477482199669
0.12702666223049164,0.5991848111152649,1.4947267770767212,-0.194542812928357,-0.07155080422674509,0.0018262106779102251,-0.0505741593848141,-0.0001393987976256069,-0.0006175564135977986,0.22951965630054474,-0.10009355545043941,0.09445068836212167,0.6531272530555725,0.6840800642967224,1.4902000427246094,-0.06317307,0.0021284744,0.012710206,90.0,1740111868.2359285,0.10219834744930267,0.05654988810420036,0.25004881620407104,0.17093510925769806,-0.05112440884113312,-0.02649405598640442,0.05925993248820305,0.3054662346839905,0.2772049903869629,0.10020409524440765,0.1542719602584839,0.3509030044078827,0.20521067082881927,0.002039439044892788,0.29494234919548035,0.09676388651132584,0.23113761842250824,0.05508198216557503,-0.09541188180446625,0.13015514612197876,-0.048649754375219345,-0.3233323395252228,-0.20632316172122955,0.06612291932106018,0.1486305594444275,-0.08816490322351456,0.28207141160964966,-0.0216408371925354,-0.02991674095392227,0.33300942182540894,-0.2057613730430603,-0.01583477482199669
0.12186302989721298,0.5967910289764404,1.494933843612671,-0.194542812928357,-0.07155080422674509,0.0018262106779102251,-0.049594709100629485,-0.0020281610805360805,-0.0010198978555604498,0.22431006878614426,-0.10201050043106075,0.09487817287445077,0.6531272530555725,0.6840800642967224,1.4902000427246094,-0.06751011,-0.0021921024,0.030675068,91.0,1740111868.267162,0.10609398782253265,0.05764339119195938,0.25128355622291565,0.16909147799015045,-0.05116450786590576,-0.025016028434038162,0.056976404041051865,0.3062419295310974,0.28171852231025696,0.10043932497501373,0.15400278568267822,0.35152265429496765,0.20466266572475433,0.004671984352171421,0.2985900640487671,0.09884916245937347,0.23439142107963562,0.05419103428721428,-0.094482421875,0.1284586489200592,-0.046620164066553116,-0.32351985573768616,-0.20688174664974213,0.0654267892241478,0.15161114931106567,-0.08817241340875626,0.28108081221580505,-0.019089456647634506,-0.030295059084892273,0.3342512845993042,-0.20930027961730957,-0.013599413447082043
0.11658032238483429,0.5946277379989624,1.494963526725769,-0.16871531907641482,-0.06518523903618019,0.0025516102197888635,-0.050478076486804586,-0.0013154941608837355,0.00011897360093390202,0.2186603680253029,-0.10446144342422481,0.09473547935485849,0.6531272530555725,0.6840800642967224,1.4902000427246094,-0.056517266,0.0020751283,0.005222127,92.0,1740111868.303296,0.10496482253074646,0.05907874181866646,0.24720370769500732,0.16740916669368744,-0.04953762888908386,-0.0264033991843462,0.05479627475142479,0.30275964736938477,0.27889153361320496,0.09827207028865814,0.1496204435825348,0.34570953249931335,0.201534703373909,0.0025768065825104713,0.2948949635028839,0.09622196108102798,0.2334594577550888,0.05351560190320015,-0.09638091921806335,0.12398716062307358,-0.049852002412080765,-0.3177885115146637,-0.20544090867042542,0.06498924642801285,0.15401394665241241,-0.08630240708589554,0.2796027362346649,-0.022083353251218796,-0.03115285187959671,0.32613787055015564,-0.20650137960910797,-0.011028789915144444
0.11093804985284805,0.5923184752464294,1.4949753284454346,-0.16871531907641482,-0.06518523903618019,0.0025516102197888635,-0.05037316049119099,0.001046255689442645,0.002316268761489879,0.2136416494846344,-0.10622067451477046,0.09513912200927743,0.6531272530555725,0.6840800642967224,1.4902000427246094,-0.06417324,0.0020868108,0.0018108338,93.0,1740111868.3369007,0.107077956199646,0.059839047491550446,0.24903929233551025,0.16745084524154663,-0.050964608788490295,-0.02506662905216217,0.0547599270939827,0.30526530742645264,0.2823143005371094,0.09912079572677612,0.15039625763893127,0.3480246067047119,0.20213478803634644,0.004337863996624947,0.29772239923477173,0.09821030497550964,0.2354079931974411,0.05372144654393196,-0.09587240219116211,0.12433592230081558,-0.04750258848071098,-0.31905022263526917,-0.20631954073905945,0.06497213989496231,0.1550610065460205,-0.0869586244225502,0.2793918251991272,-0.020018991082906723,-0.03059007227420807,0.32935968041419983,-0.20962561666965485,-0.01124213170260191
0.10659651458263397,0.5903738141059875,1.4955509901046753,-0.16871531907641482,-0.06518523903618019,0.0025516102197888635,-0.04963695715244558,-0.00038748603147465885,-0.0028309123766841553,0.2086772382259369,-0.10836369991302486,0.09530696868896493,0.6531272530555725,0.6840800642967224,1.4902000427246094,-0.06564155,0.0018112808,-0.005529508,94.0,1740111868.3670554,0.1079176664352417,0.060303427278995514,0.2480781078338623,0.16574038565158844,-0.05007372051477432,-0.026458311825990677,0.05283050984144211,0.3036684989929199,0.2831297814846039,0.09873270988464355,0.1500016748905182,0.3456425070762634,0.20125319063663483,0.003485727123916149,0.2973671555519104,0.09728445112705231,0.23594769835472107,0.05289516970515251,-0.09576009213924408,0.1221596971154213,-0.048469576984643936,-0.31884169578552246,-0.20567837357521057,0.06455236673355103,0.1559239625930786,-0.08580569922924042,0.27987515926361084,-0.020062431693077087,-0.031378068029880524,0.32649967074394226,-0.2086115926504135,-0.00791360903531313
0.1018773764371872,0.5884352326393127,1.4958412647247314,-0.13979729105764035,-0.0591685599440755,0.009210860792475612,-0.049967880240293965,-0.0009897935621954114,-0.002187051514632521,0.20424531996250153,-0.11068029403686519,0.09578559398651132,0.6531272530555725,0.6840800642967224,1.4902000427246094,-0.06564155,0.0018112808,-0.005529508,95.0,1740111868.4010484,0.1079176664352417,0.060303427278995514,0.2480781078338623,0.16574038565158844,-0.05007372051477432,-0.026458311825990677,0.05283050984144211,0.3036684989929199,0.2831297814846039,0.09873270988464355,0.1500016748905182,0.3456425070762634,0.20125319063663483,0.003485727123916149,0.2973671555519104,0.09728445112705231,0.23594769835472107,0.05289516970515251,-0.09576009213924408,0.1221596971154213,-0.048469576984643936,-0.31884169578552246,-0.20567837357521057,0.06455236673355103,0.1559239625930786,-0.08580569922924042,0.27987515926361084,-0.020062431693077087,-0.031378068029880524,0.32649967074394226,-0.2086115926504135,-0.00791360903531313
0.09615706652402878,0.5868518352508545,1.4962984323501587,-0.13979729105764035,-0.0591685599440755,0.009210860792475612,-0.059415440296635945,-0.0005479493283560938,-0.00567550435086019,0.19904412925243378,-0.11270840167999263,0.09570512771606454,0.6531272530555725,0.6840800642967224,1.4902000427246094,-0.05443385,-0.004056461,0.027449496,96.0,1740111868.4340878,0.10653120279312134,0.06037742644548416,0.24329352378845215,0.15909871459007263,-0.04546550661325455,-0.026700176298618317,0.05149224400520325,0.29681596159935,0.27920281887054443,0.09632521867752075,0.14457391202449799,0.33792364597320557,0.1974993348121643,0.0025215446949005127,0.29138606786727905,0.09540873020887375,0.23245678842067719,0.05026991292834282,-0.09322844445705414,0.11596312373876572,-0.05094728618860245,-0.3107960820198059,-0.20266741514205933,0.06300025433301926,0.15842920541763306,-0.08255261182785034,0.27437376976013184,-0.022442694753408432,-0.030685748904943466,0.3163827955722809,-0.20396815240383148,-0.0032865041866898537
0.09053623676300049,0.5836792588233948,1.496608018875122,-0.13979729105764035,-0.0591685599440755,0.009210860792475612,-0.05261243155494837,-0.0012482618879829082,-0.0019740612621397943,0.1940646380186081,-0.1138792753219604,0.09611461162567148,0.6531272530555725,0.6840800642967224,1.4902000427246094,-0.05443385,-0.004056461,0.027449496,97.0,1740111868.4681938,0.10653120279312134,0.06037742644548416,0.24329352378845215,0.15909871459007263,-0.04546550661325455,-0.026700176298618317,0.05149224400520325,0.29681596159935,0.27920281887054443,0.09632521867752075,0.14457391202449799,0.33792364597320557,0.1974993348121643,0.0025215446949005127,0.29138606786727905,0.09540873020887375,0.23245678842067719,0.05026991292834282,-0.09322844445705414,0.11596312373876572,-0.05094728618860245,-0.3107960820198059,-0.20266741514205933,0.06300025433301926,0.15842920541763306,-0.08255261182785034,0.27437376976013184,-0.022442694753408432,-0.030685748904943466,0.3163827955722809,-0.20396815240383148,-0.0032865041866898537
0.08825011551380157,0.5825338959693909,1.4966745376586914,-0.133445263671533,-0.057788974054263545,0.008159844227523073,-0.05294193512573751,0.0004732281358221986,0.0017382924099184648,0.1905362367630005,-0.11632074117660518,0.09660801887512216,0.6531272530555725,0.6840800642967224,1.4902000427246094,-0.060101315,-0.0035003126,0.023172304,98.0,1740111868.5019069,0.11610007286071777,0.06296107918024063,0.25816309452056885,0.16435985267162323,-0.04616188257932663,-0.02717701718211174,0.04803776741027832,0.3122367560863495,0.2952122688293457,0.10090434551239014,0.15405312180519104,0.3513703942298889,0.20451705157756805,0.00640763808041811,0.3083343803882599,0.09968042373657227,0.24506019055843353,0.049890246242284775,-0.09709012508392334,0.11830214411020279,-0.05051792785525322,-0.3281187117099762,-0.21101634204387665,0.06632040441036224,0.16495200991630554,-0.08510047197341919,0.2864261865615845,-0.021432776004076004,-0.0343284010887146,0.3301331102848053,-0.2153986096382141,0.001835402101278305
0.08413142710924149,0.5806488990783691,1.497087836265564,-0.133445263671533,-0.057788974054263545,0.008159844227523073,-0.05214609689314513,-0.0012618970879989227,0.0012094448668390396,0.18646391332149506,-0.11815048456192012,0.09710893630981454,0.6531272530555725,0.6840800642967224,1.4902000427246094,-0.054510497,-0.0026097,0.018315718,99.0,1740111868.5335414,0.11471965909004211,0.06242649257183075,0.25237786769866943,0.159711554646492,-0.04751913249492645,-0.02458806149661541,0.04993100091814995,0.30680644512176514,0.292000412940979,0.09484246373176575,0.1419999748468399,0.34369751811027527,0.20061294734477997,0.0016480544582009315,0.3042141795158386,0.10115565359592438,0.24373775720596313,0.05150208994746208,-0.10103535652160645,0.11187953501939774,-0.056495051831007004,-0.3123281002044678,-0.20752598345279694,0.06348036974668503,0.17375092208385468,-0.08447287976741791,0.27902907133102417,-0.021514378488063812,-0.03205180540680885,0.32098501920700073,-0.2173515260219574,0.004085227847099304
0.08019611239433289,0.5793769359588623,1.4979853630065918,-0.133445263671533,-0.057788974054263545,0.008159844227523073,-0.05958200659236085,-0.0026890481204127673,-0.00550669768436398,0.1820947289466858,-0.12026680707931514,0.097361183166504,0.6531272530555725,0.6840800642967224,1.4902000427246094,-0.054510497,-0.0026097,0.018315718,100.0,1740111868.566358,0.11471965909004211,0.06242649257183075,0.25237786769866943,0.159711554646492,-0.04751913249492645,-0.02458806149661541,0.04993100091814995,0.30680644512176514,0.292000412940979,0.09484246373176575,0.1419999748468399,0.34369751811027527,0.20061294734477997,0.0016480544582009315,0.3042141795158386,0.10115565359592438,0.24373775720596313,0.05150208994746208,-0.10103535652160645,0.11187953501939774,-0.056495051831007004,-0.3123281002044678,-0.20752598345279694,0.06348036974668503,0.17375092208385468,-0.08447287976741791,0.27902907133102417,-0.021514378488063812,-0.03205180540680885,0.32098501920700073,-0.2173515260219574,0.004085227847099304
0.07681156694889069,0.5774390697479248,1.4983285665512085,-0.133445263671533,-0.057788974054263545,0.008159844227523073,-0.05264432904941558,-0.00323947797518499,-0.0014097564732005483,0.177935628592968,-0.12127996683120723,0.09800848960876474,0.6531272530555725,0.6840800642967224,1.4902000427246094,-0.050744608,-0.0019864812,0.0114417225,101.0,1740111868.6006787,0.11483219265937805,0.06204807758331299,0.24668669700622559,0.15350975096225739,-0.044287167489528656,-0.026792794466018677,0.0467408150434494,0.2995263934135437,0.28952354192733765,0.09200011193752289,0.13661612570285797,0.33566316962242126,0.19654323160648346,0.0001359265297651291,0.2996079623699188,0.09874643385410309,0.24230974912643433,0.04947967454791069,-0.1002541333436966,0.10564867407083511,-0.060175586491823196,-0.30580517649650574,-0.20410174131393433,0.061746932566165924,0.17641708254814148,-0.0813579261302948,0.27562934160232544,-0.022976703941822052,-0.033186472952365875,0.31059762835502625,-0.21309228241443634,0.010502682067453861
0.07261577993631363,0.5762320756912231,1.498772144317627,-0.10920374921432426,-0.051229595167311036,0.017088826326756224,-0.06095724776548771,-0.0017759188854028004,-0.0012088781294876101,0.17536748051643372,-0.12350959777832027,0.09869048595428476,0.6531272530555725,0.6840800642967224,1.4902000427246094,-0.060755737,-0.001653716,0.011959173,102.0,1740111868.6373987,0.1083802878856659,0.060980360954999924,0.23950251936912537,0.14958347380161285,-0.04036926478147507,-0.030802002176642418,0.046613480895757675,0.28942155838012695,0.2808138132095337,0.09093993902206421,0.13651297986507416,0.32645896077156067,0.19379672408103943,-0.0019483920186758041,0.2888805866241455,0.09340862929821014,0.23393157124519348,0.04759964719414711,-0.09485223889350891,0.10435474663972855,-0.060239117592573166,-0.30249613523483276,-0.1990954428911209,0.06133183091878891,0.1685769110918045,-0.07791261374950409,0.27215367555618286,-0.02520238608121872,-0.03300919011235237,0.3013956546783447,-0.20152398943901062,0.0109796691685915
0.06817975640296936,0.5730648040771484,1.4993095397949219,-0.10920374921432426,-0.051229595167311036,0.017088826326756224,-0.052072207483699735,0.0011489944004296905,0.0021661151366289557,0.17171951234340668,-0.12507058382034297,0.09901020526885995,0.6531272530555725,0.6840800642967224,1.4902000427246094,-0.0695077,-0.005529724,0.024933107,103.0,1740111868.668458,0.10832290351390839,0.06126716732978821,0.23893389105796814,0.15128475427627563,-0.04368084669113159,-0.03005264513194561,0.046974536031484604,0.29153701663017273,0.2812783420085907,0.0890568196773529,0.13415183126926422,0.32712849974632263,0.19381935894489288,-0.0038557443767786026,0.2901235520839691,0.09407925605773926,0.23547157645225525,0.04924768581986427,-0.09865613281726837,0.10403894633054733,-0.062036361545324326,-0.2998175024986267,-0.19953346252441406,0.06108347326517105,0.17075562477111816,-0.07906569540500641,0.2723515033721924,-0.024902787059545517,-0.0333189032971859,0.30136585235595703,-0.20345374941825867,0.010355912148952484
0.06608468294143677,0.5730797052383423,1.499681830406189,-0.10920374921432426,-0.051229595167311036,0.017088826326756224,-0.061898083340993434,0.000662809353884961,-0.001763861619571653,0.16817975640296937,-0.12693519592285152,0.09930953979492196,0.6531272530555725,0.6840800642967224,1.4902000427246094,-0.06836456,-0.004493065,0.022590913,104.0,1740111868.700889,0.1091858446598053,0.06142127513885498,0.238050177693367,0.14696304500102997,-0.03972676396369934,-0.03154312074184418,0.04454929381608963,0.28739771246910095,0.2810305655002594,0.08830936253070831,0.13256919384002686,0.32242053747177124,0.19220022857189178,-0.003985146060585976,0.2885493040084839,0.09266551584005356,0.23503516614437103,0.04693007096648216,-0.0967092216014862,0.09986858814954758,-0.06400006264448166,-0.2982683479785919,-0.1980161815881729,0.06043124943971634,0.17294833064079285,-0.07692649960517883,0.2712366580963135,-0.025590647011995316,-0.0341218039393425,0.2960972487926483,-0.20137827098369598,0.015478486195206642
0.06302309036254883,0.5716036558151245,1.500111699104309,-0.1122902262455215,-0.04445208331526029,0.012928005690838271,-0.06433548240597334,-0.0020359922851558463,-0.0013928062577235585,0.16464950740337372,-0.12769759893417354,0.09994444847106942,0.6531272530555725,0.6840800642967224,1.4902000427246094,-0.06836456,-0.004493065,0.022590913,105.0,1740111868.7359855,0.1091858446598053,0.06142127513885498,0.238050177693367,0.14696304500102997,-0.03972676396369934,-0.03154312074184418,0.04454929381608963,0.28739771246910095,0.2810305655002594,0.08830936253070831,0.13256919384002686,0.32242053747177124,0.19220022857189178,-0.003985146060585976,0.2885493040084839,0.09266551584005356,0.23503516614437103,0.04693007096648216,-0.0967092216014862,0.09986858814954758,-0.06400006264448166,-0.2982683479785919,-0.1980161815881729,0.06043124943971634,0.17294833064079285,-0.07692649960517883,0.2712366580963135,-0.025590647011995316,-0.0341218039393425,0.2960972487926483,-0.20137827098369598,0.015478486195206642
0.05891716107726097,0.5694410800933838,1.5006362199783325,-0.1122902262455215,-0.04445208331526029,0.012928005690838271,-0.06430368892248042,-0.0014938925857703172,-0.00142780828230222,0.16237460300326348,-0.12964941263198848,0.10035572052001962,0.6531272530555725,0.6840800642967224,1.4902000427246094,-0.066773884,-0.0038600937,0.01987888,106.0,1740111868.769573,0.10924522578716278,0.06120504438877106,0.23854635655879974,0.14839455485343933,-0.04168830066919327,-0.030567534267902374,0.04528213292360306,0.2893162667751312,0.2814823389053345,0.08798858523368835,0.13176676630973816,0.32379695773124695,0.19270434975624084,-0.004739467054605484,0.2896237075328827,0.09342684596776962,0.23595461249351501,0.04813186451792717,-0.09901295602321625,0.10052197426557541,-0.06464558094739914,-0.29765355587005615,-0.19870604574680328,0.060636043548583984,0.17441031336784363,-0.07791580259799957,0.2715306282043457,-0.025354817509651184,-0.03399985283613205,0.2972562611103058,-0.20297817885875702,0.014607138931751251
0.05762713775038719,0.5686231255531311,1.5007139444351196,-0.1122902262455215,-0.04445208331526029,0.012928005690838271,-0.06330312655267073,-0.000667345366594531,-0.0006884811868531495,0.15891716107726098,-0.13055891990661617,0.10063621997833261,0.6531272530555725,0.6840800642967224,1.4902000427246094,-0.051468268,-0.0018330365,0.0072733164,107.0,1740111868.8005416,0.10542115569114685,0.059843432158231735,0.23115314543247223,0.14387023448944092,-0.03695111721754074,-0.031690336763858795,0.04435630887746811,0.28069061040878296,0.27378666400909424,0.08632250130176544,0.12835048139095306,0.31510937213897705,0.18928752839565277,-0.004831086844205856,0.280568391084671,0.08989150077104568,0.22973455488681793,0.045991647988557816,-0.09620419144630432,0.09843998402357101,-0.06544715911149979,-0.29090625047683716,-0.19534800946712494,0.06034660339355469,0.17114517092704773,-0.07441994547843933,0.2668223977088928,-0.02871204912662506,-0.033285073935985565,0.28731769323349,-0.19510580599308014,0.014931565150618553
0.05529745668172836,0.5671882629394531,1.500855803489685,-0.1122902262455215,-0.04445208331526029,0.012928005690838271,-0.06178601621655153,0.0009913431597844864,-0.0005480280195007013,0.15652891099452973,-0.13204444646835323,0.10076985359191903,0.6531272530555725,0.6840800642967224,1.4902000427246094,-0.048349604,-0.002890408,0.014209941,108.0,1740111868.833812,0.10499878227710724,0.06012372672557831,0.2302214801311493,0.1430310755968094,-0.03623037785291672,-0.03236371651291847,0.04406370595097542,0.2791808247566223,0.27288690209388733,0.08622874319553375,0.12826669216156006,0.31388378143310547,0.1886603981256485,-0.0050903744995594025,0.27952685952186584,0.08868788927793503,0.22887493669986725,0.04572698101401329,-0.09481623768806458,0.09768659621477127,-0.06582673639059067,-0.2906877100467682,-0.1942235380411148,0.06036499887704849,0.17008954286575317,-0.07404612004756927,0.26650184392929077,-0.029116660356521606,-0.033938147127628326,0.28593626618385315,-0.19349412620067596,0.016200970858335495
0.05269601568579674,0.565850555896759,1.5009371042251587,-0.06841296767271354,-0.04549315503983787,0.0065956009457767886,-0.06478409579473805,0.0005832060313220718,-0.0018580365268324114,0.1548139661550522,-0.1338552355766296,0.10090312957763681,0.6531272530555725,0.6840800642967224,1.4902000427246094,-0.046384383,-0.0042626634,0.020116031,109.0,1740111868.8669598,0.10841096937656403,0.06134874373674393,0.23327866196632385,0.14240460097789764,-0.03776933252811432,-0.03160726651549339,0.042417433112859726,0.28149914741516113,0.2778761386871338,0.08510588109493256,0.12751948833465576,0.31490498781204224,0.18833263218402863,-0.005142753943800926,0.28424713015556335,0.09056074172258377,0.2325991988182068,0.04539096727967262,-0.09627720713615417,0.09492746740579605,-0.06645838916301727,-0.290556401014328,-0.19482459127902985,0.05899329483509064,0.175617054104805,-0.07430477440357208,0.2668392062187195,-0.026045173406600952,-0.03470283001661301,0.2876833975315094,-0.19802448153495789,0.01969553343951702
0.050604697316884995,0.5645419359207153,1.5009512901306152,-0.06841296767271354,-0.04549315503983787,0.0065956009457767886,-0.06354484599092945,0.0012665931215428833,-0.0018238706801887458,0.15166679993271828,-0.13481904268264766,0.10096058845520028,0.6531272530555725,0.6840800642967224,1.4902000427246094,-0.046384383,-0.0042626634,0.020116031,110.0,1740111868.9030778,0.10841096937656403,0.06134874373674393,0.23327866196632385,0.14240460097789764,-0.03776933252811432,-0.03160726651549339,0.042417433112859726,0.28149914741516113,0.2778761386871338,0.08510588109493256,0.12751948833465576,0.31490498781204224,0.18833263218402863,-0.005142753943800926,0.28424713015556335,0.09056074172258377,0.2325991988182068,0.04539096727967262,-0.09627720713615417,0.09492746740579605,-0.06645838916301727,-0.290556401014328,-0.19482459127902985,0.05899329483509064,0.175617054104805,-0.07430477440357208,0.2668392062187195,-0.026045173406600952,-0.03470283001661301,0.2876833975315094,-0.19802448153495789,0.01969553343951702
0.04772099480032921,0.5626136064529419,1.5008893013000488,-0.06841296767271354,-0.04549315503983787,0.0065956009457767886,-0.06432009833006985,-0.0023790063327580268,-0.0009903945455926396,0.14968151077628136,-0.13612450361251827,0.10095832347869882,0.6531272530555725,0.6840800642967224,1.4902000427246094,-0.05236987,-0.0050813705,0.023442604,111.0,1740111868.943014,0.10734765231609344,0.06131604686379433,0.23153544962406158,0.14144836366176605,-0.03793519735336304,-0.03134894743561745,0.04205196350812912,0.2792152166366577,0.27621981501579285,0.08437715470790863,0.12693281471729279,0.31237146258354187,0.186913400888443,-0.004663659259676933,0.28212910890579224,0.09025030583143234,0.23051954805850983,0.044695500284433365,-0.09479276835918427,0.09415062516927719,-0.06480975449085236,-0.2883060872554779,-0.19326935708522797,0.058026112616062164,0.17432469129562378,-0.07337955385446548,0.26454341411590576,-0.02450668066740036,-0.03403240442276001,0.2862975001335144,-0.1963609904050827,0.019074372947216034
0.04680253937840462,0.5610106587409973,1.5007221698760986,-0.061936915688303534,-0.03619678753945066,0.0011072998369339613,-0.05385849147547394,-0.005289923862800022,0.0006004807395547017,0.14772099480032921,-0.13738639354705806,0.10088930130004892,0.6531272530555725,0.6840800642967224,1.4902000427246094,-0.04784417,-0.0058130324,0.02578514,112.0,1740111868.9704478,0.10911400616168976,0.061956316232681274,0.23303604125976562,0.14338500797748566,-0.03868070989847183,-0.03194630891084671,0.04190614074468613,0.2814692556858063,0.2792927622795105,0.08435752987861633,0.12719611823558807,0.31499168276786804,0.18884004652500153,-0.006398232653737068,0.2855665981769562,0.09134538471698761,0.2339518666267395,0.045409347862005234,-0.09787708520889282,0.09457702189683914,-0.0680275708436966,-0.28999075293540955,-0.19573743641376495,0.05935654789209366,0.1775256097316742,-0.07396773993968964,0.2674501836299896,-0.026468433439731598,-0.03540356829762459,0.28678157925605774,-0.19833596050739288,0.020953327417373657
0.0452384352684021,0.5601534247398376,1.5003342628479004,-0.061936915688303534,-0.03619678753945066,0.0011072998369339613,-0.056588743518052015,-0.004335634451701322,0.00508429438251058,0.14680253937840462,-0.13898934125900264,0.10072216987609872,0.6531272530555725,0.6840800642967224,1.4902000427246094,-0.05121372,-0.0040480644,0.01821854,113.0,1740111869.0005574,0.11168171465396881,0.06247236579656601,0.23525814712047577,0.14344356954097748,-0.03924354165792465,-0.031478121876716614,0.04096066579222679,0.28437539935112,0.2822718322277069,0.08400210738182068,0.12670817971229553,0.31661856174468994,0.1892840713262558,-0.0056656114757061005,0.2890116274356842,0.09237752854824066,0.23716630041599274,0.045398298650979996,-0.09985518455505371,0.0936661884188652,-0.06904319673776627,-0.2908751964569092,-0.19720187783241272,0.05966521054506302,0.18066295981407166,-0.07453692704439163,0.26901447772979736,-0.026361506432294846,-0.03610384091734886,0.28805720806121826,-0.2012142390012741,0.02295350842177868
0.04358840733766556,0.5590454339981079,1.4998996257781982,-0.061936915688303534,-0.03619678753945066,0.0011072998369339613,-0.05733512282194739,-0.002532175646615368,0.004523368300780756,0.1443384163081646,-0.13970984220504756,0.10033283233642587,0.6531272530555725,0.6840800642967224,1.4902000427246094,-0.048775867,-0.003398709,0.01440157,114.0,1740111869.0334063,0.10944060981273651,0.0617944560945034,0.23155175149440765,0.14117027819156647,-0.037991963326931,-0.03133407235145569,0.04065528139472008,0.2805449664592743,0.2779543995857239,0.0825335681438446,0.12456490099430084,0.3120726943016052,0.187369704246521,-0.0052849408239126205,0.2842099368572235,0.09120645374059677,0.23376239836215973,0.04449565336108208,-0.09872539341449738,0.09253706783056259,-0.06816380470991135,-0.2864244282245636,-0.19537638127803802,0.05883076786994934,0.1786305457353592,-0.07324843108654022,0.26598286628723145,-0.026384573429822922,-0.03466672822833061,0.2840781509876251,-0.1975654810667038,0.022062653675675392
0.04198640584945679,0.5585359930992126,1.4994800090789795,-0.05391454048797231,-0.03262981131355892,-0.015556620233975001,-0.06209028538428482,-0.0036196404457344007,0.000502510612881753,0.14282760247588158,-0.14144940376281734,0.09952471256256112,0.6531272530555725,0.6840800642967224,1.4902000427246094,-0.048775867,-0.003398709,0.01440157,115.0,1740111869.0673904,0.10944060981273651,0.0617944560945034,0.23155175149440765,0.14117027819156647,-0.037991963326931,-0.03133407235145569,0.04065528139472008,0.2805449664592743,0.2779543995857239,0.0825335681438446,0.12456490099430084,0.3120726943016052,0.187369704246521,-0.0052849408239126205,0.2842099368572235,0.09120645374059677,0.23376239836215973,0.04449565336108208,-0.09872539341449738,0.09253706783056259,-0.06816380470991135,-0.2864244282245636,-0.19537638127803802,0.05883076786994934,0.1786305457353592,-0.07324843108654022,0.26598286628723145,-0.026384573429822922,-0.03466672822833061,0.2840781509876251,-0.1975654810667038,0.022062653675675392
0.04065871983766556,0.5577225685119629,1.4982869625091553,-0.05391454048797231,-0.03262981131355892,-0.015556620233975001,-0.06478837257326661,-0.0005676570680400136,0.0027279382415130705,0.14148417711257935,-0.14179010391235347,0.09882662296295175,0.6531272530555725,0.6840800642967224,1.4902000427246094,-0.053502563,-0.0052819625,0.02205845,116.0,1740111869.1032057,0.10615523159503937,0.061109550297260284,0.228367879986763,0.14168566465377808,-0.03820449858903885,-0.031942665576934814,0.04165598750114441,0.2780587077140808,0.27292510867118835,0.08240839838981628,0.12467880547046661,0.30982574820518494,0.18682712316513062,-0.0054940152913331985,0.27919378876686096,0.08893068879842758,0.22985459864139557,0.04499293491244316,-0.09722723066806793,0.09407400339841843,-0.06674260646104813,-0.28517621755599976,-0.19363395869731903,0.0587475448846817,0.17315371334552765,-0.07301831990480423,0.2650098204612732,-0.02690425142645836,-0.033362798392772675,0.2825115919113159,-0.19306859374046326,0.019020210951566696
0.03945039585232735,0.556755542755127,1.4970555305480957,-0.05391454048797231,-0.03262981131355892,-0.015556620233975001,-0.06268258049339501,0.0008929996375292052,0.00477913468179854,0.14012307897210122,-0.14279897212982173,0.09772477149963388,0.6531272530555725,0.6840800642967224,1.4902000427246094,-0.042883888,-0.007500015,0.033102944,117.0,1740111869.1360724,0.10464677214622498,0.06085794419050217,0.22538679838180542,0.14008966088294983,-0.03671734035015106,-0.033217377960681915,0.04188084974884987,0.27436450123786926,0.27076998353004456,0.08244122564792633,0.12454374134540558,0.3077285587787628,0.18644453585147858,-0.0060046762228012085,0.2760816514492035,0.08755658566951752,0.2274947315454483,0.0448027141392231,-0.09457901120185852,0.09393046051263809,-0.06669137626886368,-0.28424036502838135,-0.19209575653076172,0.05885085463523865,0.1705273687839508,-0.07202131301164627,0.2636307179927826,-0.027744948863983154,-0.03324784338474274,0.2796594500541687,-0.189517080783844,0.019395023584365845
0.0377497598528862,0.5547245144844055,1.4950039386749268,-0.03633848224209836,-0.02741229111843668,-0.03577824116736175,-0.057640630559642136,0.003516507923564654,0.005578171703918857,0.13956642746925355,-0.14418764114379878,0.09653434753417978,0.6531272530555725,0.6840800642967224,1.4902000427246094,-0.041432813,-0.0096796155,0.038565177,118.0,1740111869.1688716,0.1049167811870575,0.06115074083209038,0.22505952417850494,0.13986924290657043,-0.036766499280929565,-0.033358439803123474,0.041342802345752716,0.2745126485824585,0.27084895968437195,0.08217746019363403,0.1239016205072403,0.30717453360557556,0.18595662713050842,-0.006085656583309174,0.27604129910469055,0.08732626587152481,0.22791171073913574,0.044613201171159744,-0.09508146345615387,0.09304244071245193,-0.06726320832967758,-0.2837164103984833,-0.19183503091335297,0.05894940346479416,0.17085929214954376,-0.07175686955451965,0.2634817361831665,-0.027844596654176712,-0.033674340695142746,0.27869608998298645,-0.18935757875442505,0.020312242209911346
0.03699902445077896,0.5549148917198181,1.494454026222229,-0.03633848224209836,-0.02741229111843668,-0.03577824116736175,-0.06534140155708519,0.002170282929807709,0.002248941806807165,0.1377497598528862,-0.14527548551559444,0.09500393867492685,0.6531272530555725,0.6840800642967224,1.4902000427246094,-0.04169022,-0.01134317,0.042462338,119.0,1740111869.2001183,0.10489189624786377,0.06124088168144226,0.2233855426311493,0.13872207701206207,-0.03665301948785782,-0.03349690139293671,0.040660228580236435,0.2728102505207062,0.27042585611343384,0.081282839179039,0.12246236205101013,0.3051074147224426,0.1845901757478714,-0.006453130394220352,0.2748637795448303,0.08692197501659393,0.22760556638240814,0.044365014880895615,-0.09509769082069397,0.09158287197351456,-0.06740967184305191,-0.28144973516464233,-0.1907649040222168,0.05815373361110687,0.17152200639247894,-0.0710071548819542,0.26203709840774536,-0.027131594717502594,-0.03359181061387062,0.2763841152191162,-0.18881963193416595,0.02124691940844059
0.036216121166944504,0.5540450215339661,1.493120789527893,-0.03633848224209836,-0.02741229111843668,-0.03577824116736175,-0.06331825603364412,-0.000587853207934842,0.00313130631511881,0.1365859679877758,-0.14558060169219966,0.09376475811004648,0.6531272530555725,0.6840800642967224,1.4902000427246094,-0.04169022,-0.01134317,0.042462338,120.0,1740111869.232724,0.10489189624786377,0.06124088168144226,0.2233855426311493,0.13872207701206207,-0.03665301948785782,-0.03349690139293671,0.040660228580236435,0.2728102505207062,0.27042585611343384,0.081282839179039,0.12246236205101013,0.3051074147224426,0.1845901757478714,-0.006453130394220352,0.2748637795448303,0.08692197501659393,0.22760556638240814,0.044365014880895615,-0.09509769082069397,0.09158287197351456,-0.06740967184305191,-0.28144973516464233,-0.1907649040222168,0.05815373361110687,0.17152200639247894,-0.0710071548819542,0.26203709840774536,-0.027131594717502594,-0.03359181061387062,0.2763841152191162,-0.18881963193416595,0.02124691940844059
0.034780196845531464,0.5528313517570496,1.4912316799163818,-0.03251888673785769,-0.026985334010236343,-0.042556645233825685,-0.06373140731350256,-0.0054906015243353585,0.0039951649926535495,0.13651686385273934,-0.14683688879013057,0.09249219894409189,0.6531272530555725,0.6840800642967224,1.4902000427246094,-0.046208598,-0.01139554,0.041091576,121.0,1740111869.2682033,0.10404258966445923,0.061296381056308746,0.22186124324798584,0.13752807676792145,-0.036181919276714325,-0.0333271399140358,0.04025068134069443,0.270580917596817,0.26871243119239807,0.0803975909948349,0.12097156047821045,0.30232298374176025,0.1829766482114792,-0.006807491183280945,0.2727600336074829,0.08613499253988266,0.2261059731245041,0.04396351799368858,-0.09454169869422913,0.0899784192442894,-0.06734875589609146,-0.278795450925827,-0.18918389081954956,0.05712629109621048,0.17153847217559814,-0.0702386274933815,0.2601945996284485,-0.02634478360414505,-0.03327162191271782,0.27423495054244995,-0.18760405480861664,0.02169128879904747
0.03530096262693405,0.5519594550132751,1.490816593170166,-0.03251888673785769,-0.026985334010236343,-0.042556645233825685,-0.052324144030614236,-0.007396004437912806,0.003935997891658714,0.13478019684553147,-0.1471686482429504,0.09123167991638192,0.6531272530555725,0.6840800642967224,1.4902000427246094,-0.06029,-0.015163977,0.048221648,122.0,1740111869.300717,0.10256215929985046,0.061075009405612946,0.21918947994709015,0.1366264820098877,-0.036380358040332794,-0.03256931155920029,0.04043808579444885,0.26819485425949097,0.266175776720047,0.07963626086711884,0.11976312100887299,0.2999330461025238,0.18131868541240692,-0.006646579131484032,0.26941776275634766,0.08517829328775406,0.22390873730182648,0.04413798823952675,-0.09303167462348938,0.08928871899843216,-0.06540252268314362,-0.2757275402545929,-0.18716850876808167,0.055865511298179626,0.16955362260341644,-0.069808229804039,0.25719815492630005,-0.024710439145565033,-0.03211896866559982,0.2726004421710968,-0.18602213263511658,0.020316187292337418
0.03344711661338806,0.5517270565032959,1.4896389245986938,-0.03251888673785769,-0.026985334010236343,-0.042556645233825685,-0.06552856548414811,-0.005753012791581424,0.002102435752866106,0.13386323526501656,-0.14798129796981807,0.09017882347106942,0.6531272530555725,0.6840800642967224,1.4902000427246094,-0.06534322,-0.015618045,0.048912212,123.0,1740111869.3353484,0.10237514972686768,0.06131257116794586,0.21958397328853607,0.13756410777568817,-0.036671727895736694,-0.03281182423233986,0.04045665264129639,0.2690899074077606,0.2663547992706299,0.07985036075115204,0.12046439945697784,0.30078059434890747,0.18188874423503876,-0.006775084882974625,0.26983019709587097,0.08487100899219513,0.2242412567138672,0.04452139511704445,-0.0935426652431488,0.0899084135890007,-0.06557795405387878,-0.2766593098640442,-0.1877327859401703,0.05628517270088196,0.1691015362739563,-0.07009726017713547,0.25809919834136963,-0.025059372186660767,-0.032404832541942596,0.27319175004959106,-0.1860131472349167,0.019994933158159256
0.03369482234120369,0.5505036115646362,1.4889202117919922,-0.03251888673785769,-0.026985334010236343,-0.042556645233825685,-0.05201274815014549,-0.005225739098340288,-0.00023147975883338476,0.1340094529092312,-0.1490793943405151,0.08933398723602304,0.6531272530555725,0.6840800642967224,1.4902000427246094,-0.06758587,-0.016743641,0.05626174,124.0,1740111869.3665645,0.10212332010269165,0.061674658209085464,0.2208593487739563,0.140717551112175,-0.03882016986608505,-0.03324092552065849,0.04136202111840248,0.2718949615955353,0.2678031623363495,0.08086089789867401,0.12245464324951172,0.30437159538269043,0.18364275991916656,-0.007889246568083763,0.2719566822052002,0.08491615206003189,0.2255670428276062,0.04628077521920204,-0.09490105509757996,0.09249670058488846,-0.06617620587348938,-0.27944764494895935,-0.18931844830513,0.05745115876197815,0.16827842593193054,-0.07139148563146591,0.2605817914009094,-0.025745026767253876,-0.033161383122205734,0.2762693762779236,-0.18707109987735748,0.01850045844912529
0.03275357186794281,0.5496686697006226,1.4880397319793701,-0.016879301597324817,-0.026341264356860315,-0.026585013264706348,-0.05287375061563014,-9.736362588257241e-06,0.0013492684308951074,0.13257204592227936,-0.1499561190605163,0.08833513259887704,0.6531272530555725,0.6840800642967224,1.4902000427246094,-0.06758587,-0.016743641,0.05626174,125.0,1740111869.4009748,0.10212332010269165,0.061674658209085464,0.2208593487739563,0.140717551112175,-0.03882016986608505,-0.03324092552065849,0.04136202111840248,0.2718949615955353,0.2678031623363495,0.08086089789867401,0.12245464324951172,0.30437159538269043,0.18364275991916656,-0.007889246568083763,0.2719566822052002,0.08491615206003189,0.2255670428276062,0.04628077521920204,-0.09490105509757996,0.09249670058488846,-0.06617620587348938,-0.27944764494895935,-0.18931844830513,0.05745115876197815,0.16827842593193054,-0.07139148563146591,0.2605817914009094,-0.025745026767253876,-0.033161383122205734,0.2762693762779236,-0.18707109987735748,0.01850045844912529
0.031540364027023315,0.5495734810829163,1.4877344369888306,-0.016879301597324817,-0.026341264356860315,-0.026585013264706348,-0.06158166695126258,-0.0014780937913123173,-0.0008197252743073167,0.1317576825618744,-0.15014393329620357,0.08794364929199228,0.6531272530555725,0.6840800642967224,1.4902000427246094,-0.07458732,-0.012311481,0.043301407,126.0,1740111869.433103,0.10056783258914948,0.06210155412554741,0.21631953120231628,0.1377001255750656,-0.03711606562137604,-0.03563469648361206,0.03970600292086601,0.2659890055656433,0.2659541368484497,0.08011886477470398,0.12103715538978577,0.29944613575935364,0.18088935315608978,-0.00986127182841301,0.2681176960468292,0.08219131827354431,0.22351790964603424,0.045699309557676315,-0.09243462979793549,0.08975807577371597,-0.06784500181674957,-0.2762562036514282,-0.18642917275428772,0.056487858295440674,0.16696996986865997,-0.06915339827537537,0.25832104682922363,-0.02612907439470291,-0.03448573499917984,0.27005064487457275,-0.18278175592422485,0.021916912868618965
0.0313403382897377,0.5487588047981262,1.487296223640442,-0.016879301597324817,-0.026341264356860315,-0.026585013264706348,-0.05747522240367199,-0.0028120770475624692,0.0058340763620368065,0.13156628832221032,-0.15044064521789546,0.08761713504791269,0.6531272530555725,0.6840800642967224,1.4902000427246094,-0.07458732,-0.012311481,0.043301407,127.0,1740111869.466002,0.10056783258914948,0.06210155412554741,0.21631953120231628,0.1377001255750656,-0.03711606562137604,-0.03563469648361206,0.03970600292086601,0.2659890055656433,0.2659541368484497,0.08011886477470398,0.12103715538978577,0.29944613575935364,0.18088935315608978,-0.00986127182841301,0.2681176960468292,0.08219131827354431,0.22351790964603424,0.045699309557676315,-0.09243462979793549,0.08975807577371597,-0.06784500181674957,-0.2762562036514282,-0.18642917275428772,0.056487858295440674,0.16696996986865997,-0.06915339827537537,0.25832104682922363,-0.02612907439470291,-0.03448573499917984,0.27005064487457275,-0.18278175592422485,0.021916912868618965
0.03157706558704376,0.5482800602912903,1.4872723817825317,-0.016879301597324817,-0.026341264356860315,-0.026585013264706348,-0.0540797956185779,-0.0062998319919356765,0.011099442270099165,0.13136781975626946,-0.15140999555587764,0.08724639415740976,0.6531272530555725,0.6840800642967224,1.4902000427246094,-0.068347216,-0.015624706,0.044368543,128.0,1740111869.4994094,0.1081903725862503,0.06341005116701126,0.2267722189426422,0.14365814626216888,-0.0394597053527832,-0.03311407193541527,0.040089018642902374,0.2798430025577545,0.27636808156967163,0.08455176651477814,0.12726040184497833,0.31273478269577026,0.18538238108158112,-0.00550454668700695,0.2802906930446625,0.08602520823478699,0.2333959937095642,0.04709332063794136,-0.0959298312664032,0.0932043120265007,-0.06528764218091965,-0.28818216919898987,-0.19395282864570618,0.05963011085987091,0.17124411463737488,-0.07226806879043579,0.26451724767684937,-0.0262489914894104,-0.035669956356287,0.28181323409080505,-0.1934809684753418,0.020942483097314835
0.030798576772212982,0.5487075448036194,1.4874143600463867,-0.02074496770494082,-0.01567837000556041,-0.005343951068393042,-0.06458941228318675,-0.007849529444512103,0.011102028283268636,0.13026297129690648,-0.15221364498138423,0.0873981475830079,0.6531272530555725,0.6840800642967224,1.4902000427246094,-0.066498876,-0.015190899,0.04452573,129.0,1740111869.533387,0.10840663313865662,0.06354137510061264,0.2267988920211792,0.14463482797145844,-0.040574803948402405,-0.03364694118499756,0.04001966863870621,0.2805195450782776,0.27763915061950684,0.08506065607070923,0.12842509150505066,0.31420087814331055,0.18591950833797455,-0.0060323383659124374,0.2813299596309662,0.08623410016298294,0.2342357337474823,0.04799552634358406,-0.09623026847839355,0.09421011060476303,-0.06541447341442108,-0.28949642181396484,-0.19430412352085114,0.05999346077442169,0.17056961357593536,-0.07273649424314499,0.2655084729194641,-0.025983363389968872,-0.036119770258665085,0.28292062878608704,-0.19412343204021454,0.020946048200130463
0.030535873025655746,0.5485042929649353,1.487545371055603,-0.02074496770494082,-0.01567837000556041,-0.005343951068393042,-0.06531831775265257,-0.008677966004131328,0.013733137174568305,0.13071721643209458,-0.15141655206680293,0.08754560947418222,0.6531272530555725,0.6840800642967224,1.4902000427246094,-0.066498876,-0.015190899,0.04452573,130.0,1740111869.5669637,0.10840663313865662,0.06354137510061264,0.2267988920211792,0.14463482797145844,-0.040574803948402405,-0.03364694118499756,0.04001966863870621,0.2805195450782776,0.27763915061950684,0.08506065607070923,0.12842509150505066,0.31420087814331055,0.18591950833797455,-0.0060323383659124374,0.2813299596309662,0.08623410016298294,0.2342357337474823,0.04799552634358406,-0.09623026847839355,0.09421011060476303,-0.06541447341442108,-0.28949642181396484,-0.19430412352085114,0.05999346077442169,0.17056961357593536,-0.07273649424314499,0.2655084729194641,-0.025983363389968872,-0.036119770258665085,0.28292062878608704,-0.19412343204021454,0.020946048200130463
0.030297908931970596,0.5482856631278992,1.4876518249511719,-0.02074496770494082,-0.01567837000556041,-0.005343951068393042,-0.06412573173833493,-0.0091352086945095,0.014574214397870381,0.13035883232951165,-0.15156496763229366,0.08762845993042001,0.6531272530555725,0.6840800642967224,1.4902000427246094,-0.06536974,-0.016130574,0.046027966,131.0,1740111869.6004686,0.10886302590370178,0.06358574330806732,0.22686974704265594,0.14431780576705933,-0.040583834052085876,-0.033523596823215485,0.039784882217645645,0.280720591545105,0.27810192108154297,0.08503313362598419,0.12819033861160278,0.31430941820144653,0.1858043521642685,-0.00586966797709465,0.2816595137119293,0.08639892190694809,0.23473292589187622,0.04796406254172325,-0.0963299572467804,0.09384273737668991,-0.06545114517211914,-0.2893318831920624,-0.1944350153207779,0.05997397005558014,0.17116332054138184,-0.0726962611079216,0.2653016149997711,-0.02588837221264839,-0.036111097782850266,0.2827777564525604,-0.19456735253334045,0.02128094807267189
0.029984846711158752,0.5483471155166626,1.4877508878707886,-0.002529663321001683,0.005100359106916711,0.003208325382093229,-0.06558462397740175,-0.009796187678191346,0.014068179946763655,0.13015389293432236,-0.15167195796966548,0.08769927024841317,0.6531272530555725,0.6840800642967224,1.4902000427246094,-0.065529704,-0.016930427,0.047573257,132.0,1740111869.632573,0.10935348272323608,0.06336621195077896,0.22740544378757477,0.14495421946048737,-0.04165903478860855,-0.0325385257601738,0.04016706347465515,0.2822728753089905,0.278912752866745,0.08475135266780853,0.12798164784908295,0.31561896204948425,0.18655532598495483,-0.005398644134402275,0.28267037868499756,0.08750154078006744,0.23564757406711578,0.048543643206357956,-0.09736347198486328,0.09467119723558426,-0.06492549926042557,-0.2890535891056061,-0.19540029764175415,0.06016106903553009,0.17190811038017273,-0.07338812947273254,0.26538464426994324,-0.025461256504058838,-0.03534439578652382,0.28423309326171875,-0.19622910022735596,0.020058276131749153
0.030945226550102234,0.5477759838104248,1.4868276119232178,-0.002529663321001683,0.005100359106916711,0.003208325382093229,-0.05144208275909336,-0.008418894205505706,0.03171210267903059,0.12964477241039277,-0.15176237821578975,0.08792326450347909,0.6531272530555725,0.6840800642967224,1.4902000427246094,-0.070083186,-0.015162636,0.04301997,133.0,1740111869.6680837,0.11059781908988953,0.06357712298631668,0.23000554740428925,0.14752431213855743,-0.043029725551605225,-0.031799040734767914,0.040932588279247284,0.2862206995487213,0.28112319111824036,0.08547988533973694,0.12910579144954681,0.31932249665260315,0.18839527666568756,-0.005354424938559532,0.28569260239601135,0.08855541050434113,0.23816673457622528,0.04967688396573067,-0.09958314895629883,0.09638211876153946,-0.06535785645246506,-0.29147017002105713,-0.19770878553390503,0.06117560714483261,0.17318536341190338,-0.0747736245393753,0.26772046089172363,-0.02603153884410858,-0.035439472645521164,0.28745630383491516,-0.19907282292842865,0.018972264602780342
0.02929176390171051,0.5488535165786743,1.487141728401184,-0.002529663321001683,0.005100359106916711,0.003208325382093229,-0.06409795973298422,-0.007634439129215954,0.03157760725576531,0.13094522655010224,-0.15222401618957515,0.08682761192321786,0.6531272530555725,0.6840800642967224,1.4902000427246094,-0.07196192,-0.014962874,0.041602876,134.0,1740111869.7085032,0.11018696427345276,0.06354720145463943,0.2296537607908249,0.14761832356452942,-0.04326321929693222,-0.03193049877882004,0.0408528707921505,0.285925954580307,0.2805859446525574,0.08552242815494537,0.12924344837665558,0.3189656138420105,0.1880805343389511,-0.005387362092733383,0.28519487380981445,0.08818099647760391,0.23774109780788422,0.049810636788606644,-0.09935091435909271,0.09634939581155777,-0.06508680433034897,-0.2914600968360901,-0.1972426474094391,0.06102306395769119,0.17239780724048615,-0.07475356012582779,0.26755332946777344,-0.025780942291021347,-0.03547588363289833,0.28736186027526855,-0.1986054629087448,0.01871677115559578
0.028944984078407288,0.5492203235626221,1.487716794013977,-0.008752918681947058,0.006577756069667151,-0.0028198041504848585,-0.06571667257845086,-0.005559614661380613,0.03359681465865105,0.12929176390171052,-0.15114648342132564,0.08714172840118417,0.6531272530555725,0.6840800642967224,1.4902000427246094,-0.07196192,-0.014962874,0.041602876,135.0,1740111869.7419808,0.11018696427345276,0.06354720145463943,0.2296537607908249,0.14761832356452942,-0.04326321929693222,-0.03193049877882004,0.0408528707921505,0.285925954580307,0.2805859446525574,0.08552242815494537,0.12924344837665558,0.3189656138420105,0.1880805343389511,-0.005387362092733383,0.28519487380981445,0.08818099647760391,0.23774109780788422,0.049810636788606644,-0.09935091435909271,0.09634939581155777,-0.06508680433034897,-0.2914600968360901,-0.1972426474094391,0.06102306395769119,0.17239780724048615,-0.07475356012582779,0.26755332946777344,-0.025780942291021347,-0.03547588363289833,0.28736186027526855,-0.1986054629087448,0.01871677115559578
0.028834521770477295,0.5495039224624634,1.4880766868591309,-0.008752918681947058,0.006577756069667151,-0.0028198041504848585,-0.0661220692103736,-0.004842151899400189,0.033381846632130965,0.1289449840784073,-0.15077967643737789,0.08771679401397714,0.6531272530555725,0.6840800642967224,1.4902000427246094,-0.07304096,-0.014594041,0.040180314,136.0,1740111869.7671385,0.11035345494747162,0.06338092684745789,0.2297825962305069,0.14785806834697723,-0.043810032308101654,-0.03136833384633064,0.04103061184287071,0.2865511476993561,0.28065282106399536,0.0850420892238617,0.12863503396511078,0.319283127784729,0.18838348984718323,-0.005310596898198128,0.2853676676750183,0.0886034145951271,0.23823592066764832,0.050166789442300797,-0.10011498630046844,0.0965995267033577,-0.06503189355134964,-0.29080358147621155,-0.19774693250656128,0.06104765832424164,0.17298084497451782,-0.07513627409934998,0.2674841284751892,-0.025675449520349503,-0.03485104814171791,0.28764593601226807,-0.19938144087791443,0.01796138286590576
0.02311618998646736,0.5472851395606995,1.4886250495910645,-0.008752918681947058,0.006577756069667151,-0.0028198041504848585,-0.040800541046485686,-0.019859157596056005,0.0343370665116058,0.1250046756118536,-0.152416718006134,0.08808336257934579,0.6531272530555725,0.6840800642967224,1.4902000427246094,-0.06939897,-0.015625246,0.04381621,137.0,1740111869.8011851,0.11059172451496124,0.06327496469020844,0.22920440137386322,0.1465514898300171,-0.04287856072187424,-0.031713541597127914,0.04046076536178589,0.2853398621082306,0.28040194511413574,0.08450227975845337,0.1278536319732666,0.31777697801589966,0.18789374828338623,-0.005176279693841934,0.2848709225654602,0.08848851919174194,0.23801811039447784,0.04926570877432823,-0.09983107447624207,0.09538816660642624,-0.06549569219350815,-0.289927214384079,-0.19731859862804413,0.060864515602588654,0.17370007932186127,-0.07439889013767242,0.26696839928627014,-0.025952108204364777,-0.034843798726797104,0.2859659790992737,-0.19872109591960907,0.01914428547024727
0.022541571408510208,0.5475978851318359,1.4889756441116333,-0.008752918681947058,0.006577756069667151,-0.0028198041504848585,-0.04252492255889502,-0.018914492465016784,0.033418867390679466,0.12291323430836201,-0.15251607894897456,0.08880827426910409,0.6531272530555725,0.6840800642967224,1.4902000427246094,-0.068485856,-0.016019579,0.04457763,138.0,1740111869.8358238,0.11062005162239075,0.06316813826560974,0.228769451379776,0.14628630876541138,-0.04287474602460861,-0.03166523575782776,0.04021122679114342,0.2852015197277069,0.2800315320491791,0.08403247594833374,0.12722398340702057,0.31718960404396057,0.18769466876983643,-0.005113957449793816,0.2844459116458893,0.08847338706254959,0.23803913593292236,0.04910259321331978,-0.10029017925262451,0.0949382409453392,-0.06568429619073868,-0.28923511505126953,-0.1972246617078781,0.060803137719631195,0.17393949627876282,-0.07425034046173096,0.2667427062988281,-0.026033829897642136,-0.03462070971727371,0.2852482497692108,-0.19856764376163483,0.019187385216355324
0.027488183230161667,0.5511934161186218,1.490514874458313,-0.03258786774504071,-0.0005305353683615954,0.01764639196171792,-0.06471661085594871,-0.008729805338649019,0.017061957792575355,0.12520248666405678,-0.15105826854705806,0.08958408832550058,0.6531272530555725,0.6840800642967224,1.4902000427246094,-0.07254717,-0.014212988,0.039426763,139.0,1740111869.8671777,0.11000102758407593,0.06308858841657639,0.22760559618473053,0.1459973007440567,-0.042894840240478516,-0.032054632902145386,0.03996012359857559,0.2842273712158203,0.27885550260543823,0.08327756822109222,0.12618234753608704,0.3158639371395111,0.18703456223011017,-0.0059366002678871155,0.28320568799972534,0.08783721923828125,0.23755794763565063,0.04921848699450493,-0.10087303817272186,0.09419507533311844,-0.06653882563114166,-0.28781548142433167,-0.1966705024242401,0.06051623076200485,0.17394573986530304,-0.07400235533714294,0.2663118243217468,-0.026345711201429367,-0.034656573086977005,0.2834126949310303,-0.1977701634168625,0.019498825073242188
0.02780754864215851,0.5515611171722412,1.4909248352050781,-0.03258786774504071,-0.0005305353683615954,0.01764639196171792,-0.056375627789253646,-0.008220957793598431,0.013788885313102753,0.1274038463830948,-0.14848942756652828,0.09073195457458505,0.6531272530555725,0.6840800642967224,1.4902000427246094,-0.07254717,-0.014212988,0.039426763,140.0,1740111869.9020288,0.11000102758407593,0.06308858841657639,0.22760559618473053,0.1459973007440567,-0.042894840240478516,-0.032054632902145386,0.03996012359857559,0.2842273712158203,0.27885550260543823,0.08327756822109222,0.12618234753608704,0.3158639371395111,0.18703456223011017,-0.0059366002678871155,0.28320568799972534,0.08783721923828125,0.23755794763565063,0.04921848699450493,-0.10087303817272186,0.09419507533311844,-0.06653882563114166,-0.28781548142433167,-0.1966705024242401,0.06051623076200485,0.17394573986530304,-0.07400235533714294,0.2663118243217468,-0.026345711201429367,-0.034656573086977005,0.2834126949310303,-0.1977701634168625,0.019498825073242188
0.026204846799373627,0.5525425672531128,1.4912070035934448,-0.03258786774504071,-0.0005305353683615954,0.01764639196171792,-0.06446753893626612,-0.005956829391543977,0.010221149047357873,0.12668413147330285,-0.14766044616699214,0.09094891548156747,0.6531272530555725,0.6840800642967224,1.4902000427246094,-0.07346989,-0.014865935,0.04097804,141.0,1740111869.934762,0.1096414178609848,0.06291400641202927,0.2269512116909027,0.14601749181747437,-0.04312599450349808,-0.0319812186062336,0.04000664874911308,0.2840406000614166,0.27828511595726013,0.08312702178955078,0.125931978225708,0.315626859664917,0.1869284063577652,-0.0059033408761024475,0.28246942162513733,0.08774351328611374,0.23718999326229095,0.04921656474471092,-0.10092401504516602,0.09426730126142502,-0.06625237315893173,-0.2873932719230652,-0.19644935429096222,0.0604260191321373,0.17341254651546478,-0.0740005150437355,0.26589590311050415,-0.0262058787047863,-0.03437153249979019,0.28304967284202576,-0.19743363559246063,0.019012868404388428
0.025928065180778503,0.5539534687995911,1.491288423538208,0.006389060187469166,0.03828959052787371,0.01402072027627035,-0.060323257853237416,-0.0008271659368573137,0.006310024439409848,0.1262383222579956,-0.1468520879745483,0.09114966392517099,0.6531272530555725,0.6840800642967224,1.4902000427246094,-0.07642689,-0.01306615,0.03560645,142.0,1740111869.9687192,0.11039505898952484,0.06295908987522125,0.22736047208309174,0.14600859582424164,-0.04322107136249542,-0.03204483538866043,0.03942370042204857,0.2847420871257782,0.2789252996444702,0.08271121978759766,0.125447079539299,0.31580424308776855,0.18690702319145203,-0.0059735458344221115,0.2832212746143341,0.08776986598968506,0.23826658725738525,0.04933154210448265,-0.10190141201019287,0.09375739842653275,-0.06694521009922028,-0.287393718957901,-0.19694052636623383,0.06036197394132614,0.17447814345359802,-0.07414205372333527,0.2665051221847534,-0.02643444761633873,-0.034567248076200485,0.2827393114566803,-0.19822576642036438,0.019669607281684875
0.025368906557559967,0.5544413328170776,1.4913874864578247,0.006389060187469166,0.03828959052787371,0.01402072027627035,-0.06547622238416823,-0.000715258836265163,0.0056250109910285,0.1259280651807785,-0.1460465312004089,0.0912884235382081,0.6531272530555725,0.6840800642967224,1.4902000427246094,-0.074747525,-0.013525996,0.03631468,143.0,1740111870.002432,0.10988901555538177,0.06287740170955658,0.22662171721458435,0.14575864374637604,-0.04321593791246414,-0.032257504761219025,0.03932374343276024,0.2840287387371063,0.2781512439250946,0.08251838386058807,0.12522704899311066,0.3150066137313843,0.18651391565799713,-0.006186746060848236,0.2822248935699463,0.08737490326166153,0.23762057721614838,0.04929182305932045,-0.10164736211299896,0.0935375913977623,-0.06677479296922684,-0.2868720591068268,-0.19635070860385895,0.06012198328971863,0.17380446195602417,-0.07393751293420792,0.2660810351371765,-0.026253245770931244,-0.034472499042749405,0.28207728266716003,-0.19753262400627136,0.019614465534687042
0.02485344558954239,0.5551393628120422,1.4915205240249634,0.006389060187469166,0.03828959052787371,0.01402072027627035,-0.06567665781980585,0.0009932898867806071,0.0031834265032232544,0.12531663328409196,-0.14516456127166744,0.0914557933807374,0.6531272530555725,0.6840800642967224,1.4902000427246094,-0.07317536,-0.01415167,0.03785138,144.0,1740111870.0335288,0.10975658893585205,0.06274314224720001,0.2269318401813507,0.14660859107971191,-0.0437774732708931,-0.03211395442485809,0.03962763398885727,0.28484296798706055,0.27826058864593506,0.08248662948608398,0.12532176077365875,0.3157553970813751,0.18713560700416565,-0.00657925009727478,0.2825729250907898,0.08767284452915192,0.23801079392433167,0.04984975978732109,-0.10259710252285004,0.09429614990949631,-0.06699156761169434,-0.2871285676956177,-0.19699878990650177,0.06033003330230713,0.17393560707569122,-0.07439860701560974,0.2667772173881531,-0.02648046612739563,-0.03415974974632263,0.28280630707740784,-0.19808901846408844,0.018920114263892174
0.02453640103340149,0.5566849112510681,1.4916675090789795,-0.013163668709500706,0.02853420110129707,0.0035651382514126327,-0.06635204722218771,0.0022018128839921057,0.0006747675597100477,0.1248495526611805,-0.1441086649894714,0.09146711826324472,0.6531272530555725,0.6840800642967224,1.4902000427246094,-0.07317536,-0.01415167,0.03785138,145.0,1740111870.0702646,0.10975658893585205,0.06274314224720001,0.2269318401813507,0.14660859107971191,-0.0437774732708931,-0.03211395442485809,0.03962763398885727,0.28484296798706055,0.27826058864593506,0.08248662948608398,0.12532176077365875,0.3157553970813751,0.18713560700416565,-0.00657925009727478,0.2825729250907898,0.08767284452915192,0.23801079392433167,0.04984975978732109,-0.10259710252285004,0.09429614990949631,-0.06699156761169434,-0.2871285676956177,-0.19699878990650177,0.06033003330230713,0.17393560707569122,-0.07439860701560974,0.2667772173881531,-0.02648046612739563,-0.03415974974632263,0.28280630707740784,-0.19808901846408844,0.018920114263892174
0.024458739906549454,0.5570240020751953,1.4917590618133545,-0.013163668709500706,0.02853420110129707,0.0035651382514126327,-0.0663465514055635,0.002522103725199469,-4.860261461880601e-05,0.1245364010334015,-0.14331508874893184,0.09166750907897958,0.6531272530555725,0.6840800642967224,1.4902000427246094,-0.0717763,-0.014902968,0.040121656,146.0,1740111870.1041262,0.10962978005409241,0.06283089518547058,0.2262898087501526,0.1461087018251419,-0.04352471977472305,-0.03268143907189369,0.03930475935339928,0.283879816532135,0.27803054451942444,0.08225367963314056,0.12498077750205994,0.31494900584220886,0.1867510974407196,-0.007194669917225838,0.28212806582450867,0.08731675893068314,0.2377992421388626,0.0497545562684536,-0.10248956084251404,0.09365049749612808,-0.0675957202911377,-0.2866749167442322,-0.1965779811143875,0.06013071537017822,0.17407023906707764,-0.0740661770105362,0.26660633087158203,-0.0265967920422554,-0.03444727882742882,0.28164204955101013,-0.19753558933734894,0.019779644906520844
0.024202249944210052,0.5580334663391113,1.4918749332427979,-0.013163668709500706,0.02853420110129707,0.0035651382514126327,-0.06818990679691887,0.003466510570212337,0.0003861175027315448,0.12448206767439843,-0.1425064921379089,0.09187815189361581,0.6531272530555725,0.6840800642967224,1.4902000427246094,-0.0694131,-0.014553253,0.040516697,147.0,1740111870.1338181,0.10949094593524933,0.06290063261985779,0.22610372304916382,0.14572225511074066,-0.04353240877389908,-0.03318442776799202,0.039234381169080734,0.28307077288627625,0.2779505252838135,0.08219076693058014,0.1250912994146347,0.31449270248413086,0.18647298216819763,-0.007507195696234703,0.2818571627140045,0.08693896979093552,0.23740561306476593,0.049789976328611374,-0.1017850935459137,0.09352154284715652,-0.06758476793766022,-0.2868525981903076,-0.19596707820892334,0.05977371335029602,0.17362460494041443,-0.0738493800163269,0.26673266291618347,-0.026273269206285477,-0.034670595079660416,0.2815755605697632,-0.19712531566619873,0.020311636850237846
0.024232178926467896,0.5587682723999023,1.4921560287475586,-0.013163668709500706,0.02853420110129707,0.0035651382514126327,-0.06506307330917986,-0.00033088933075241966,-0.00025502382737286374,0.12389063686132432,-0.14181293249130245,0.0921576976776124,0.6531272530555725,0.6840800642967224,1.4902000427246094,-0.06964753,-0.01496841,0.041602544,148.0,1740111870.1672993,0.10968273878097534,0.0629931390285492,0.22626246511936188,0.14517098665237427,-0.043169617652893066,-0.033469535410404205,0.038924846798181534,0.2825843095779419,0.2780000865459442,0.08215296268463135,0.12503035366535187,0.3139715790748596,0.18609963357448578,-0.007489368319511414,0.2819332182407379,0.08672844618558884,0.23726002871990204,0.04946376010775566,-0.1012859046459198,0.09298572689294815,-0.06763236224651337,-0.2869633436203003,-0.19555988907814026,0.059462033212184906,0.17375388741493225,-0.07356930524110794,0.26675865054130554,-0.02607416734099388,-0.03493070229887962,0.2813904583454132,-0.19690018892288208,0.020996633917093277
0.0232650525867939,0.5583592653274536,1.4925072193145752,-0.0028739122703516657,0.018044774734698635,0.003960787019085522,-0.04448077339645947,0.006781867903927204,-8.312092954152294e-05,0.12424836531281472,-0.14150656461715694,0.09206447601318368,0.6531272530555725,0.6840800642967224,1.4902000427246094,-0.066239886,-0.014853943,0.041677088,149.0,1740111870.203057,0.10958878695964813,0.06301933526992798,0.2265160083770752,0.14574472606182098,-0.04368249326944351,-0.033441364765167236,0.03924281522631645,0.28314632177352905,0.27827343344688416,0.08239515125751495,0.12545786798000336,0.3146924376487732,0.18647676706314087,-0.007710659876465797,0.2822248041629791,0.08688009530305862,0.2373788207769394,0.04985865578055382,-0.10140949487686157,0.09358147531747818,-0.06745877116918564,-0.2874363660812378,-0.1957607865333557,0.05950380861759186,0.17346344888210297,-0.07382547110319138,0.26713114976882935,-0.025949236005544662,-0.03478807955980301,0.2822960913181305,-0.19717828929424286,0.020392462611198425
0.024585146456956863,0.5603053569793701,1.492519736289978,-0.0028739122703516657,0.018044774734698635,0.003960787019085522,-0.06560235842353741,0.0014866023630477768,-0.00360570225185017,0.12320661768317223,-0.14102621078491206,0.09233567714691171,0.6531272530555725,0.6840800642967224,1.4902000427246094,-0.06460561,-0.014371403,0.040752023,150.0,1740111870.2335613,0.10981051623821259,0.06329858303070068,0.22530166804790497,0.143896222114563,-0.04293498396873474,-0.034502264112234116,0.03836884722113609,0.2807236313819885,0.2786045968532562,0.0817696750164032,0.12450955808162689,0.31280815601348877,0.1854325830936432,-0.008495097979903221,0.2815784811973572,0.08627825230360031,0.23715035617351532,0.04935849830508232,-0.10026635229587555,0.09178883582353592,-0.06841502338647842,-0.28632083535194397,-0.19446392357349396,0.0586918368935585,0.17424191534519196,-0.07292705029249191,0.266385555267334,-0.025746747851371765,-0.03546146675944328,0.27991077303886414,-0.19625437259674072,0.02266603708267212
0.024729780852794647,0.5610211491584778,1.4925041198730469,-0.0028739122703516657,0.018044774734698635,0.003960787019085522,-0.06481439256390736,0.0022915348838244407,-0.0019009459840284883,0.12473017945885659,-0.13935096263885494,0.0924715757369996,0.6531272530555725,0.6840800642967224,1.4902000427246094,-0.06460561,-0.014371403,0.040752023,151.0,1740111870.2667727,0.10981051623821259,0.06329858303070068,0.22530166804790497,0.143896222114563,-0.04293498396873474,-0.034502264112234116,0.03836884722113609,0.2807236313819885,0.2786045968532562,0.0817696750164032,0.12450955808162689,0.31280815601348877,0.1854325830936432,-0.008495097979903221,0.2815784811973572,0.08627825230360031,0.23715035617351532,0.04935849830508232,-0.10026635229587555,0.09178883582353592,-0.06841502338647842,-0.28632083535194397,-0.19446392357349396,0.0586918368935585,0.17424191534519196,-0.07292705029249191,0.266385555267334,-0.025746747851371765,-0.03546146675944328,0.27991077303886414,-0.19625437259674072,0.02266603708267212
0.025042418390512466,0.5616909265518188,1.4925966262817383,0.006626172835576211,0.02668225805168037,0.0044406598916097,-0.06488412404193074,0.003839398489087522,-0.002279801504140968,0.12483630552887917,-0.13861073255538936,0.09255168437957773,0.6531272530555725,0.6840800642967224,1.4902000427246094,-0.06460561,-0.014371403,0.040752023,152.0,1740111870.3006802,0.10981051623821259,0.06329858303070068,0.22530166804790497,0.143896222114563,-0.04293498396873474,-0.034502264112234116,0.03836884722113609,0.2807236313819885,0.2786045968532562,0.0817696750164032,0.12450955808162689,0.31280815601348877,0.1854325830936432,-0.008495097979903221,0.2815784811973572,0.08627825230360031,0.23715035617351532,0.04935849830508232,-0.10026635229587555,0.09178883582353592,-0.06841502338647842,-0.28632083535194397,-0.19446392357349396,0.0586918368935585,0.17424191534519196,-0.07292705029249191,0.266385555267334,-0.025746747851371765,-0.03546146675944328,0.27991077303886414,-0.19625437259674072,0.02266603708267212
0.025456435978412628,0.562312126159668,1.4926480054855347,0.006626172835576211,0.02668225805168037,0.0044406598916097,-0.06544958106462308,0.003075650493974398,-0.0011204932492330604,0.1252389907836914,-0.13797427415847774,0.09262881278991708,0.6531272530555725,0.6840800642967224,1.4902000427246094,-0.0650546,-0.014762148,0.041101493,153.0,1740111870.3331504,0.10998912155628204,0.06333903968334198,0.22496049106121063,0.1429586112499237,-0.042138032615184784,-0.03534355387091637,0.03767891973257065,0.27976444363594055,0.2786794602870941,0.0813414603471756,0.12411332130432129,0.31163886189460754,0.18514688313007355,-0.009024053812026978,0.2814701795578003,0.08590386062860489,0.23725128173828125,0.048905473202466965,-0.10046224296092987,0.09081258624792099,-0.06951174139976501,-0.28592678904533386,-0.19436927139759064,0.05860286206007004,0.17510074377059937,-0.07230908423662186,0.266671746969223,-0.026373591274023056,-0.03587329760193825,0.27836185693740845,-0.1956401914358139,0.02414099872112274
0.02617095783352852,0.5632107853889465,1.492506742477417,0.006626172835576211,0.02668225805168037,0.0044406598916097,-0.06800855835385085,0.00357841185634786,0.0031333730648253166,0.1256626643240452,-0.13736946582794185,0.09253559112548837,0.6531272530555725,0.6840800642967224,1.4902000427246094,-0.06606525,-0.0136402175,0.03900631,154.0,1740111870.3682954,0.11008787155151367,0.06326710432767868,0.22529616951942444,0.1432999223470688,-0.042402900755405426,-0.03489826247096062,0.038190968334674835,0.28028175234794617,0.27892932295799255,0.08161473274230957,0.12416599690914154,0.31247052550315857,0.1854735016822815,-0.008771870285272598,0.28178733587265015,0.08636573702096939,0.2373661994934082,0.04920893535017967,-0.10042569041252136,0.09144369512796402,-0.06915036588907242,-0.2861134111881256,-0.1946563720703125,0.058716826140880585,0.17514680325984955,-0.07265596836805344,0.2666364908218384,-0.026248548179864883,-0.03559834882616997,0.27927160263061523,-0.1962302029132843,0.023560453206300735
0.02643321081995964,0.5634603500366211,1.4923925399780273,0.006626172835576211,0.02668225805168037,0.0044406598916097,-0.06797413624781906,0.0027523138909705115,0.00581162695982823,0.12617095783352852,-0.13678921461105342,0.09250674247741708,0.6531272530555725,0.6840800642967224,1.4902000427246094,-0.063846976,-0.014494151,0.041700996,155.0,1740111870.3997426,0.11032965779304504,0.0633312463760376,0.22515982389450073,0.1425783336162567,-0.04178165644407272,-0.035133328288793564,0.03781162202358246,0.27977412939071655,0.27918368577957153,0.08160142600536346,0.12421105802059174,0.311958909034729,0.18529292941093445,-0.008631883189082146,0.28172051906585693,0.08629938960075378,0.23737938702106476,0.04890583083033562,-0.10012054443359375,0.09091963618993759,-0.06929239630699158,-0.28598594665527344,-0.19459399580955505,0.05872310698032379,0.1755443513393402,-0.07228877395391464,0.26640528440475464,-0.026366349309682846,-0.0357004813849926,0.27859780192375183,-0.19609124958515167,0.024342194199562073
0.02693011239171028,0.5640454888343811,1.49214506149292,0.013501129782946538,0.017364575094297625,-0.002136352977181763,-0.06843796658940034,0.0033637879794145564,0.00856028284035464,0.12666215971112252,-0.13622583150863643,0.09234032630920419,0.6531272530555725,0.6840800642967224,1.4902000427246094,-0.06461354,-0.0133590475,0.039436877,156.0,1740111870.433149,0.11066208779811859,0.06332829594612122,0.22541634738445282,0.14306117594242096,-0.04192517697811127,-0.03501644730567932,0.03805699199438095,0.28051573038101196,0.2797415554523468,0.08157142996788025,0.1238151490688324,0.312679260969162,0.18571944534778595,-0.009018996730446815,0.28237491846084595,0.08670039474964142,0.23823153972625732,0.04920431599020958,-0.10122500360012054,0.09111123532056808,-0.07028862088918686,-0.2858557403087616,-0.19532310962677002,0.0592065155506134,0.1766357123851776,-0.07251819968223572,0.26691538095474243,-0.027200523763895035,-0.03583129122853279,0.27853673696517944,-0.19678084552288055,0.02450251579284668
0.027615763247013092,0.5648574233055115,1.491457462310791,0.013501129782946538,0.017364575094297625,-0.002136352977181763,-0.06741031882798543,7.122824759341695e-05,0.016084458882703434,0.12712173014879227,-0.13567907810211177,0.09198365211486825,0.6531272530555725,0.6840800642967224,1.4902000427246094,-0.06461354,-0.0133590475,0.039436877,157.0,1740111870.4693856,0.11066208779811859,0.06332829594612122,0.22541634738445282,0.14306117594242096,-0.04192517697811127,-0.03501644730567932,0.03805699199438095,0.28051573038101196,0.2797415554523468,0.08157142996788025,0.1238151490688324,0.312679260969162,0.18571944534778595,-0.009018996730446815,0.28237491846084595,0.08670039474964142,0.23823153972625732,0.04920431599020958,-0.10122500360012054,0.09111123532056808,-0.07028862088918686,-0.2858557403087616,-0.19532310962677002,0.0592065155506134,0.1766357123851776,-0.07251819968223572,0.26691538095474243,-0.027200523763895035,-0.03583129122853279,0.27853673696517944,-0.19678084552288055,0.02450251579284668
0.027793433517217636,0.56520676612854,1.4910908937454224,0.013501129782946538,0.017364575094297625,-0.002136352977181763,-0.06650777990945342,-0.0007038429061516926,0.01722466883291412,0.1276157632470131,-0.13514257669448848,0.0914574623107911,0.6531272530555725,0.6840800642967224,1.4902000427246094,-0.054301865,-0.014146052,0.04341949,158.0,1740111870.4997597,0.1100744903087616,0.06352759897708893,0.22266753017902374,0.1369996964931488,-0.036712273955345154,-0.037366464734077454,0.0351167656481266,0.27308765053749084,0.2767735421657562,0.08115647733211517,0.12378501892089844,0.30537551641464233,0.18220943212509155,-0.007322976365685463,0.278402179479599,0.08390076458454132,0.23422649502754211,0.04499547556042671,-0.095334991812706,0.08670032769441605,-0.0693185031414032,-0.28449663519859314,-0.1915159672498703,0.057948999106884,0.17405036091804504,-0.0690174326300621,0.26406604051589966,-0.027009543031454086,-0.03710908070206642,0.2723694443702698,-0.1906881332397461,0.029574695974588394
0.028182990849018097,0.5657889246940613,1.4903919696807861,0.013827459106122484,0.0183182460612682,-0.01771453840751242,-0.06636582094818186,-0.002654302333270505,0.017465735623844576,0.12799350023269654,-0.13453514575958248,0.09071264266967782,0.6531272530555725,0.6840800642967224,1.4902000427246094,-0.05463289,-0.0137248,0.042684413,159.0,1740111870.535462,0.110446497797966,0.0639462098479271,0.22386924922466278,0.1382499784231186,-0.03719814866781235,-0.03707374259829521,0.035751912742853165,0.27454304695129395,0.2777656614780426,0.08158360421657562,0.12394578754901886,0.30681663751602173,0.18258562684059143,-0.007913751527667046,0.2797911465167999,0.08428338915109634,0.23514994978904724,0.04569590464234352,-0.09640015661716461,0.08702041953802109,-0.07040609419345856,-0.2849934697151184,-0.19211657345294952,0.058363400399684906,0.1753755360841751,-0.0695885717868805,0.2646826505661011,-0.027427922934293747,-0.03770545497536659,0.27329277992248535,-0.19199784100055695,0.029725302010774612
0.028593365103006363,0.5657051801681519,1.4892891645431519,0.013827459106122484,0.0183182460612682,-0.01771453840751242,-0.04733879620533167,-0.02390839979765558,0.009543265915689457,0.12296943590044976,-0.13680173158645625,0.08868680000305185,0.6531272530555725,0.6840800642967224,1.4902000427246094,-0.055739034,-0.014391746,0.04406278,160.0,1740111870.566276,0.11043848097324371,0.0640665739774704,0.22396546602249146,0.13787369430065155,-0.03669796884059906,-0.03697021305561066,0.035680245608091354,0.2741968035697937,0.2775382697582245,0.08171699941158295,0.12397697567939758,0.3063705563545227,0.18226103484630585,-0.007425447925925255,0.27962416410446167,0.08412812650203705,0.23473414778709412,0.04525154456496239,-0.09567385911941528,0.08666867762804031,-0.07004934549331665,-0.2850396931171417,-0.19163298606872559,0.058267995715141296,0.1751341074705124,-0.06942681223154068,0.26430606842041016,-0.027209918946027756,-0.03789820894598961,0.2731938064098358,-0.1916566640138626,0.029947154223918915
0.02859705314040184,0.5661906599998474,1.4879807233810425,0.013827459106122484,0.0183182460612682,-0.01771453840751242,-0.05700557755311918,-0.0015041739934495404,0.022598870327948266,0.1285603553056717,-0.13336826562881465,0.08870801925659189,0.6531272530555725,0.6840800642967224,1.4902000427246094,-0.055739034,-0.014391746,0.04406278,161.0,1740111870.601426,0.11043848097324371,0.0640665739774704,0.22396546602249146,0.13787369430065155,-0.03669796884059906,-0.03697021305561066,0.035680245608091354,0.2741968035697937,0.2775382697582245,0.08171699941158295,0.12397697567939758,0.3063705563545227,0.18226103484630585,-0.007425447925925255,0.27962416410446167,0.08412812650203705,0.23473414778709412,0.04525154456496239,-0.09567385911941528,0.08666867762804031,-0.07004934549331665,-0.2850396931171417,-0.19163298606872559,0.058267995715141296,0.1751341074705124,-0.06942681223154068,0.26430606842041016,-0.027209918946027756,-0.03789820894598961,0.2731938064098358,-0.1916566640138626,0.029947154223918915
0.02927258610725403,0.5673350095748901,1.4869847297668457,0.013827459106122484,0.0183182460612682,-0.01771453840751242,-0.06372094619381494,-0.001523024544045912,0.01478813373756988,0.12860549092292786,-0.1327473640441894,0.08750197887420663,0.6531272530555725,0.6840800642967224,1.4902000427246094,-0.06094133,-0.015486896,0.046248436,162.0,1740111870.6349795,0.11035187542438507,0.06416330486536026,0.22529932856559753,0.1400383561849594,-0.03813248872756958,-0.03647227585315704,0.036848895251750946,0.27636653184890747,0.278533011674881,0.08278244733810425,0.1257016509771347,0.309184193611145,0.183652862906456,-0.007193941622972488,0.2810295522212982,0.08473587036132812,0.23531754314899445,0.04621529206633568,-0.0958152562379837,0.08880231529474258,-0.06905131042003632,-0.2873785197734833,-0.19248057901859283,0.058947399258613586,0.17405202984809875,-0.07057754695415497,0.26536110043525696,-0.026869259774684906,-0.03793158009648323,0.27627354860305786,-0.19276410341262817,0.028023522347211838
0.0293654166162014,0.5682326555252075,1.4841713905334473,0.0046432208863275036,0.018380862480127186,-0.037713632750397456,-0.055257713266881184,-0.0012037584419005904,0.01568806810127253,0.1287400484085083,-0.13200588226318355,0.08586738109588632,0.6531272530555725,0.6840800642967224,1.4902000427246094,-0.060172893,-0.016424164,0.047900528,163.0,1740111870.668357,0.1093624085187912,0.0639844536781311,0.22584308683872223,0.14208805561065674,-0.03959054499864578,-0.035701315850019455,0.038025323301553726,0.27773308753967285,0.2778744697570801,0.08353123068809509,0.1269872933626175,0.31089577078819275,0.1844116598367691,-0.006928635761141777,0.28088584542274475,0.08491823822259903,0.23461508750915527,0.047192852944135666,-0.09572616219520569,0.09102613478899002,-0.06737595796585083,-0.28859943151474,-0.19274823367595673,0.05902975797653198,0.17182061076164246,-0.07159822434186935,0.2657317519187927,-0.025982994586229324,-0.037230875343084335,0.2789648473262787,-0.19297926127910614,0.02508627250790596
0.029262125492095947,0.5685995817184448,1.4832677841186523,0.0046432208863275036,0.018380862480127186,-0.037713632750397456,-0.055050796771560974,0.0004589617182229906,0.014552764671657602,0.1293654166162014,-0.13176734447479244,0.08417139053344735,0.6531272530555725,0.6840800642967224,1.4902000427246094,-0.05594566,-0.01759839,0.04987324,164.0,1740111870.7023852,0.10949303209781647,0.06396416574716568,0.22552573680877686,0.1420108526945114,-0.04016464948654175,-0.035427339375019073,0.03784835338592529,0.277630478143692,0.2781665325164795,0.08296284079551697,0.1264394074678421,0.31071192026138306,0.18417802453041077,-0.006961051374673843,0.2808398902416229,0.0850987508893013,0.2348293513059616,0.047361109405756,-0.09580303728580475,0.09071167558431625,-0.0671130046248436,-0.2878800332546234,-0.19235607981681824,0.0585765615105629,0.17217019200325012,-0.0716644898056984,0.265272319316864,-0.025206036865711212,-0.037021297961473465,0.27899855375289917,-0.1934545636177063,0.024842586368322372
0.028349777683615685,0.5690277814865112,1.4812222719192505,0.0046432208863275036,0.018380862480127186,-0.037713632750397456,-0.05796510943180141,0.0022652250862814417,0.014765125974694517,0.12846690267324448,-0.13044167757034297,0.08228180408477792,0.6531272530555725,0.6840800642967224,1.4902000427246094,-0.057529956,-0.018314458,0.051205754,165.0,1740111870.7337134,0.11031712591648102,0.0641142725944519,0.22694507241249084,0.1432865709066391,-0.0412139967083931,-0.03490247577428818,0.03829130902886391,0.2795906960964203,0.2795504629611969,0.08330348134040833,0.12676456570625305,0.3127903640270233,0.18503600358963013,-0.007258860394358635,0.2829134166240692,0.08604149520397186,0.23635487258434296,0.048186589032411575,-0.09710223972797394,0.09148109704256058,-0.06762130558490753,-0.2888476848602295,-0.19350780546665192,0.059013545513153076,0.1734711080789566,-0.0725434347987175,0.2663092017173767,-0.025270819664001465,-0.03720956668257713,0.28089508414268494,-0.19541791081428528,0.02450176700949669
0.028691619634628296,0.5706550478935242,1.4785822629928589,-0.006030013117230277,0.02186950343333565,-0.05422484125170176,-0.05465927073695232,-0.002036068778687314,0.012144648905068788,0.12885273471474648,-0.1305983185768127,0.08026776313781747,0.6531272530555725,0.6840800642967224,1.4902000427246094,-0.057529956,-0.018314458,0.051205754,166.0,1740111870.774571,0.11031712591648102,0.0641142725944519,0.22694507241249084,0.1432865709066391,-0.0412139967083931,-0.03490247577428818,0.03829130902886391,0.2795906960964203,0.2795504629611969,0.08330348134040833,0.12676456570625305,0.3127903640270233,0.18503600358963013,-0.007258860394358635,0.2829134166240692,0.08604149520397186,0.23635487258434296,0.048186589032411575,-0.09710223972797394,0.09148109704256058,-0.06762130558490753,-0.2888476848602295,-0.19350780546665192,0.059013545513153076,0.1734711080789566,-0.0725434347987175,0.2663092017173767,-0.025270819664001465,-0.03720956668257713,0.28089508414268494,-0.19541791081428528,0.02450176700949669
0.028632719069719315,0.570990800857544,1.477601170539856,-0.006030013117230277,0.02186950343333565,-0.05422484125170176,-0.0537575520318185,-0.0034566232042116357,0.01489442597063312,0.1286916196346283,-0.12934495210647579,0.07858226299285898,0.6531272530555725,0.6840800642967224,1.4902000427246094,-0.05981365,-0.019452583,0.05537306,167.0,1740111870.8017251,0.10961002111434937,0.06427986174821854,0.2265205681324005,0.14377419650554657,-0.04158719629049301,-0.03587934002280235,0.03840965777635574,0.2789122760295868,0.27972012758255005,0.08386379480361938,0.12815266847610474,0.3132755160331726,0.1853795051574707,-0.007825864478945732,0.2827491760253906,0.08551064133644104,0.23591162264347076,0.048682089895009995,-0.09610684216022491,0.09261054545640945,-0.06746597588062286,-0.29022037982940674,-0.19326981902122498,0.059228673577308655,0.17161525785923004,-0.07254699617624283,0.26709839701652527,-0.025236457586288452,-0.03774574026465416,0.2815101444721222,-0.1944180279970169,0.024438805878162384
0.027402140200138092,0.5723535418510437,1.4756762981414795,-0.006030013117230277,0.02186950343333565,-0.05422484125170176,-0.0647872896765749,-0.0006181849771382818,0.01583671754126161,0.12764391899108887,-0.12809146642684932,0.07663140296936044,0.6531272530555725,0.6840800642967224,1.4902000427246094,-0.069603026,-0.014992598,0.050572604,168.0,1740111870.8349257,0.10813304781913757,0.0642118901014328,0.22466635704040527,0.1432211846113205,-0.04162757843732834,-0.036748722195625305,0.03834051266312599,0.27659446001052856,0.2787247896194458,0.08341644704341888,0.1281508356332779,0.3120017647743225,0.18480563163757324,-0.00881166197359562,0.28080639243125916,0.08474784344434738,0.23432835936546326,0.04914001002907753,-0.09492029249668121,0.09306298941373825,-0.06735566258430481,-0.2890542149543762,-0.19230228662490845,0.058486878871917725,0.1698952466249466,-0.07205882668495178,0.26663947105407715,-0.024813853204250336,-0.0375467874109745,0.2805500626564026,-0.19255779683589935,0.024253977462649345
0.026481397449970245,0.5735679864883423,1.4729655981063843,-0.011617631913571281,0.026695249230271008,-0.05628606058297,-0.06454784129685108,0.0017969525477681398,0.016661716565017578,0.1269729718565941,-0.12733895778656001,0.0748319387435914,0.6531272530555725,0.6840800642967224,1.4902000427246094,-0.07178177,-0.011381265,0.040939324,169.0,1740111870.8682647,0.10704547166824341,0.06413992494344711,0.22274529933929443,0.14245744049549103,-0.04139705002307892,-0.037954181432724,0.038214731961488724,0.2741766571998596,0.2775407135486603,0.08309867978096008,0.12794391810894012,0.3103776276111603,0.18392717838287354,-0.010051948949694633,0.2790314853191376,0.08367203176021576,0.2330227941274643,0.04930208995938301,-0.09418411552906036,0.09278800338506699,-0.06808391213417053,-0.28787899017333984,-0.19122445583343506,0.0580875501036644,0.1687256097793579,-0.07129964232444763,0.26612788438796997,-0.024976324290037155,-0.03777570649981499,0.27850577235221863,-0.1905628740787506,0.025011885911226273
0.026113927364349365,0.5740832686424255,1.4719421863555908,-0.011617631913571281,0.026695249230271008,-0.05628606058297,-0.06422057087716254,0.0013964924202467808,0.017782958690190535,0.12648139744997025,-0.12643201351165767,0.07296559810638437,0.6531272530555725,0.6840800642967224,1.4902000427246094,-0.06827267,-0.0103146285,0.038484775,170.0,1740111870.9005992,0.10585905611515045,0.06389032304286957,0.22102829813957214,0.14204739034175873,-0.04192931950092316,-0.03833089768886566,0.038639821112155914,0.272521048784256,0.27635321021080017,0.08317644894123077,0.12795937061309814,0.30958127975463867,0.183068186044693,-0.010468490421772003,0.2773612439632416,0.08301682025194168,0.23145939409732819,0.04989639297127724,-0.09283447265625,0.09340725094079971,-0.06739069521427155,-0.28689274191856384,-0.18993742763996124,0.057583801448345184,0.1664820909500122,-0.07101155072450638,0.26521965861320496,-0.0243556946516037,-0.037554968148469925,0.2781316637992859,-0.18904703855514526,0.024215713143348694
0.025437280535697937,0.5750794410705566,1.4700819253921509,-0.011617631913571281,0.026695249230271008,-0.05628606058297,-0.06431407712164565,0.001705935533673243,0.015933171209839614,0.1259854793548584,-0.12524719238281246,0.07082054615020761,0.6531272530555725,0.6840800642967224,1.4902000427246094,-0.06827267,-0.0103146285,0.038484775,171.0,1740111870.9328995,0.10585905611515045,0.06389032304286957,0.22102829813957214,0.14204739034175873,-0.04192931950092316,-0.03833089768886566,0.038639821112155914,0.272521048784256,0.27635321021080017,0.08317644894123077,0.12795937061309814,0.30958127975463867,0.183068186044693,-0.010468490421772003,0.2773612439632416,0.08301682025194168,0.23145939409732819,0.04989639297127724,-0.09283447265625,0.09340725094079971,-0.06739069521427155,-0.28689274191856384,-0.18993742763996124,0.057583801448345184,0.1664820909500122,-0.07101155072450638,0.26521965861320496,-0.0243556946516037,-0.037554968148469925,0.2781316637992859,-0.18904703855514526,0.024215713143348694
0.020657893270254135,0.5743218064308167,1.4655178785324097,-0.056397172124921326,0.009388089502354754,-0.07472491698678299,-0.023404641842951823,-0.0410522283019175,0.0017894601728539717,0.12523911744356156,-0.12424029111862178,0.06897315979003915,0.6531272530555725,0.6840800642967224,1.4902000427246094,-0.06225451,-0.010959674,0.040674694,172.0,1740111870.9687397,0.10482224822044373,0.0635652169585228,0.21923306584358215,0.1414341777563095,-0.041879862546920776,-0.03874298557639122,0.03915634751319885,0.27090704441070557,0.2745296061038971,0.08332505822181702,0.127375990152359,0.3083074688911438,0.18209747970104218,-0.010925566777586937,0.27547687292099,0.08225330710411072,0.22970418632030487,0.05002313479781151,-0.09181053936481476,0.09368649870157242,-0.06715947389602661,-0.28575432300567627,-0.18854203820228577,0.05750637501478195,0.1645199954509735,-0.0704769641160965,0.26439139246940613,-0.024601474404335022,-0.03754227235913277,0.27706456184387207,-0.18713858723640442,0.023895032703876495
0.02289564535021782,0.5764762163162231,1.465943694114685,-0.056397172124921326,0.009388089502354754,-0.07472491698678299,-0.048198926607446076,-0.08709994243401677,-0.04501879169542463,0.12065789327025414,-0.1256781935691833,0.06551787853240976,0.6531272530555725,0.6840800642967224,1.4902000427246094,-0.047270432,-0.0158187,0.055106103,173.0,1740111871.0006669,0.10447525978088379,0.06367512792348862,0.21790409088134766,0.14121656119823456,-0.04210565239191055,-0.03950116038322449,0.03910848870873451,0.26989084482192993,0.27434349060058594,0.08360420167446136,0.12743070721626282,0.30811136960983276,0.18149897456169128,-0.011551287025213242,0.27448534965515137,0.08125800639390945,0.22952039539813995,0.05079200491309166,-0.09095515310764313,0.09397218376398087,-0.06747667491436005,-0.285682737827301,-0.18772512674331665,0.05734436213970184,0.16293051838874817,-0.07032039016485214,0.26440346240997314,-0.0245896615087986,-0.03812474384903908,0.2762129306793213,-0.1860528439283371,0.02438955381512642
0.022881772369146347,0.5781422853469849,1.4641045331954956,-0.056397172124921326,0.009388089502354754,-0.07472491698678299,-0.06162633635576392,0.0013904046803132745,0.008698523037358614,0.12331429347395897,-0.122415018081665,0.06508491039276132,0.6531272530555725,0.6840800642967224,1.4902000427246094,-0.05563967,-0.014590289,0.050846983,174.0,1740111871.0332105,0.10406272113323212,0.06353544443845749,0.21665245294570923,0.1408787965774536,-0.04263277351856232,-0.039736852049827576,0.03938526660203934,0.26883643865585327,0.274058997631073,0.08314675092697144,0.12683212757110596,0.3077607750892639,0.18131707608699799,-0.012304801493883133,0.2737090587615967,0.08131730556488037,0.22920802235603333,0.051425669342279434,-0.0909089744091034,0.09422152489423752,-0.0679289773106575,-0.284406453371048,-0.1873655766248703,0.05704006552696228,0.16274766623973846,-0.07030244171619415,0.2639092803001404,-0.024281002581119537,-0.03782901540398598,0.27542969584465027,-0.1856924146413803,0.024370670318603516
0.02206946164369583,0.5793859958648682,1.4621151685714722,-0.056397172124921326,0.009388089502354754,-0.07472491698678299,-0.06539907303806027,0.0015690694719450362,0.0069010738356275305,0.12232788130640984,-0.1212374091148376,0.06312260627746591,0.6531272530555725,0.6840800642967224,1.4902000427246094,-0.061755188,-0.012742016,0.046797838,175.0,1740111871.0671508,0.10354967415332794,0.06358274817466736,0.2154119461774826,0.14064790308475494,-0.04297100752592087,-0.03979944437742233,0.03932850807905197,0.2680331766605377,0.2735166549682617,0.08310285210609436,0.12645277380943298,0.30719494819641113,0.18083696067333221,-0.012762902304530144,0.2728973925113678,0.08126416802406311,0.22861607372760773,0.051782798022031784,-0.09067268669605255,0.09446219354867935,-0.06787169724702835,-0.28337740898132324,-0.18681968748569489,0.05688329041004181,0.16191236674785614,-0.07011105865240097,0.2633810043334961,-0.023912247270345688,-0.03793724998831749,0.27494168281555176,-0.1850893646478653,0.024281982332468033
0.02075091004371643,0.5802518129348755,1.460469126701355,0.0007739933282016895,0.04934363233094342,-0.04201070503231745,-0.06419493957468078,0.001575690590920043,0.00489636277339481,0.12233904227614403,-0.12084145545959468,0.06136927604675302,0.6531272530555725,0.6840800642967224,1.4902000427246094,-0.061755188,-0.012742016,0.046797838,176.0,1740111871.1011906,0.10354967415332794,0.06358274817466736,0.2154119461774826,0.14064790308475494,-0.04297100752592087,-0.03979944437742233,0.03932850807905197,0.2680331766605377,0.2735166549682617,0.08310285210609436,0.12645277380943298,0.30719494819641113,0.18083696067333221,-0.012762902304530144,0.2728973925113678,0.08126416802406311,0.22861607372760773,0.051782798022031784,-0.09067268669605255,0.09446219354867935,-0.06787169724702835,-0.28337740898132324,-0.18681968748569489,0.05688329041004181,0.16191236674785614,-0.07011105865240097,0.2633810043334961,-0.023912247270345688,-0.03793724998831749,0.27494168281555176,-0.1850893646478653,0.024281982332468033
0.016425253823399544,0.5790901184082031,1.4573909044265747,0.0007739933282016895,0.04934363233094342,-0.04201070503231745,-0.020199665987968053,-0.05310833015398085,-0.013998256493290189,0.12055007964372635,-0.11963046789169307,0.05940446853637704,0.6531272530555725,0.6840800642967224,1.4902000427246094,-0.059205055,-0.0132348575,0.049088318,177.0,1740111871.1331208,0.10251399874687195,0.06362055987119675,0.21348319947719574,0.13902878761291504,-0.04213039577007294,-0.04044831916689873,0.03857042267918587,0.26521509885787964,0.2717341482639313,0.08266706764698029,0.12633171677589417,0.3044714033603668,0.17937792837619781,-0.012733018025755882,0.27052363753318787,0.07990054041147232,0.22677597403526306,0.05107096955180168,-0.08879078924655914,0.09351029247045517,-0.06719925999641418,-0.2819317579269409,-0.18522317707538605,0.056181393563747406,0.16008543968200684,-0.06899052858352661,0.2618575692176819,-0.023372672498226166,-0.03806924447417259,0.272715300321579,-0.18263086676597595,0.024939849972724915
