mav_pos_x,mav_pos_y,mav_pos_z,mav_vel_x,mav_vel_y,mav_vel_z,mav_yaw,mav_pitch,mav_roll,delta_x,delta_y,delta_z,init_pos_x,init_pos_y,init_pos_z,control_x,control_y,control_z,index_image,timestamp,encoding_1,encoding_2,encoding_3,encoding_4,encoding_5,encoding_6,encoding_7,encoding_8,encoding_9,encoding_10,encoding_11,encoding_12,encoding_13,encoding_14,encoding_15,encoding_16,encoding_17,encoding_18,encoding_19,encoding_20,encoding_21,encoding_22,encoding_23,encoding_24,encoding_25,encoding_26,encoding_27,encoding_28,encoding_29,encoding_30,encoding_31,encoding_32
0.7151474356651306,0.6282584071159363,1.7201969623565674,0.6994555879036269,0.0252546171972389,0.20175650688392943,-0.04612698898423803,-0.015819821169901386,-0.0002528032251278842,0.8037526965141296,-0.07218177318572994,0.3171645164489747,0.6915951371192932,0.6274113655090332,1.713687777519226,-0.33282524,0.0023259297,-0.15323757,2.0,1740111872.6762793,0.026018692180514336,0.0034969449043273926,0.37808096408843994,0.45914357900619507,-0.2420661598443985,0.11817540973424911,0.2413247972726822,0.6161848902702332,0.2209220677614212,0.15435917675495148,0.23937135934829712,0.6309465169906616,0.3486168086528778,0.028119156137108803,0.35039201378822327,0.18568359315395355,0.24830885231494904,0.17543642222881317,-0.26037341356277466,0.41864463686943054,0.06176019832491875,-0.4196191728115082,-0.36397990584373474,0.14508196711540222,0.01861572265625,-0.23678219318389893,0.371706485748291,-0.04139523208141327,0.07836389541625977,0.6695448756217957,-0.33240970969200134,-0.3872404396533966
0.7500040531158447,0.6310379505157471,1.732423186302185,0.6994555879036269,0.0252546171972389,0.20175650688392943,0.3164173170010434,0.7430115862576769,0.892541624080224,0.8265967726707458,-0.07149018049240108,0.3235852479934693,0.6915951371192932,0.6274113655090332,1.713687777519226,-0.33093578,0.0030011013,-0.15465969,3.0,1740111872.7101922,0.02936321310698986,0.005079967901110649,0.37004414200782776,0.4504771828651428,-0.23393090069293976,0.12201818078756332,0.23291288316249847,0.6075167059898376,0.2218763828277588,0.15318088233470917,0.23310987651348114,0.621117115020752,0.34454241394996643,0.03369312360882759,0.34237140417099,0.18717624247074127,0.24878238141536713,0.17077213525772095,-0.2566709518432617,0.41230157017707825,0.06909206509590149,-0.40749117732048035,-0.36239320039749146,0.14153990149497986,0.021981148049235344,-0.23173657059669495,0.3610127866268158,-0.03668811172246933,0.08270356059074402,0.6581757068634033,-0.3317149579524994,-0.385814368724823
0.7730785608291626,0.6322376132011414,1.735473871231079,0.6994555879036269,0.0252546171972389,0.20175650688392943,-0.026205985674360593,-0.06720307105532565,-0.022743405976001205,0.8500040531158447,-0.06896204948425289,0.33242318630218515,0.6915951371192932,0.6274113655090332,1.713687777519226,-0.33204222,0.0016983524,-0.15561038,4.0,1740111872.7425208,0.030936719849705696,0.00286698155105114,0.37721988558769226,0.4681701064109802,-0.2482123225927353,0.13260850310325623,0.2425478845834732,0.6297497749328613,0.22573328018188477,0.1563601940870285,0.23662841320037842,0.6421846747398376,0.3546614348888397,0.03476990759372711,0.35059019923210144,0.1927666962146759,0.2585381269454956,0.18126536905765533,-0.2677932381629944,0.42825934290885925,0.07555391639471054,-0.41424182057380676,-0.3727656304836273,0.14615800976753235,0.019499637186527252,-0.2444932460784912,0.36647018790245056,-0.03471052646636963,0.0886186957359314,0.6794348955154419,-0.3467942476272583,-0.4058751165866852
0.7944254875183105,0.6330127716064453,1.7401105165481567,0.6682333376875232,0.040074456647340766,0.1678510063202741,-0.022784173595065137,-0.07727878523344428,-0.020929946865028533,0.8730785608291626,-0.0677623867988586,0.3354738712310792,0.6915951371192932,0.6274113655090332,1.713687777519226,-0.33204222,0.0016983524,-0.15561038,5.0,1740111872.780988,0.030936719849705696,0.00286698155105114,0.37721988558769226,0.4681701064109802,-0.2482123225927353,0.13260850310325623,0.2425478845834732,0.6297497749328613,0.22573328018188477,0.1563601940870285,0.23662841320037842,0.6421846747398376,0.3546614348888397,0.03476990759372711,0.35059019923210144,0.1927666962146759,0.2585381269454956,0.18126536905765533,-0.2677932381629944,0.42825934290885925,0.07555391639471054,-0.41424182057380676,-0.3727656304836273,0.14615800976753235,0.019499637186527252,-0.2444932460784912,0.36647018790245056,-0.03471052646636963,0.0886186957359314,0.6794348955154419,-0.3467942476272583,-0.4058751165866852
0.8052226901054382,0.6336893439292908,1.7421469688415527,0.6682333376875232,0.040074456647340766,0.1678510063202741,-0.023447335527967055,-0.06956207738997423,-0.008988586483868766,0.8944254875183105,-0.06698722839355464,0.3401105165481568,0.6915951371192932,0.6274113655090332,1.713687777519226,-0.3549639,0.0033531636,-0.15483111,6.0,1740111872.8074155,0.02544497512280941,-4.8317015171051025e-05,0.3766845464706421,0.4849294424057007,-0.2672463655471802,0.13868635892868042,0.2515982389450073,0.6459364891052246,0.22257952392101288,0.15576668083667755,0.23809093236923218,0.6589649319648743,0.3618759512901306,0.029591072350740433,0.35232609510421753,0.19576482474803925,0.26212024688720703,0.19494856894016266,-0.28010880947113037,0.442838191986084,0.07775162905454636,-0.4148775637149811,-0.37805330753326416,0.15029653906822205,0.011919260025024414,-0.25543975830078125,0.3688618242740631,-0.033697016537189484,0.09442965686321259,0.693967878818512,-0.3557780385017395,-0.42595425248146057
0.8256041407585144,0.6347512602806091,1.745794653892517,0.6682333376875232,0.040074456647340766,0.1678510063202741,-0.026262396005246078,-0.0753647514720796,0.0017586199384634538,0.9155074119567871,-0.065749180316925,0.3441611289978028,0.6915951371192932,0.6274113655090332,1.713687777519226,-0.3549639,0.0033531636,-0.15483111,7.0,1740111872.8498397,0.02544497512280941,-4.8317015171051025e-05,0.3766845464706421,0.4849294424057007,-0.2672463655471802,0.13868635892868042,0.2515982389450073,0.6459364891052246,0.22257952392101288,0.15576668083667755,0.23809093236923218,0.6589649319648743,0.3618759512901306,0.029591072350740433,0.35232609510421753,0.19576482474803925,0.26212024688720703,0.19494856894016266,-0.28010880947113037,0.442838191986084,0.07775162905454636,-0.4148775637149811,-0.37805330753326416,0.15029653906822205,0.011919260025024414,-0.25543975830078125,0.3688618242740631,-0.033697016537189484,0.09442965686321259,0.693967878818512,-0.3557780385017395,-0.42595425248146057
0.8544760346412659,0.6362136602401733,1.7492575645446777,0.6682333376875232,0.040074456647340766,0.1678510063202741,-0.027763268771819585,-0.04789002919031802,0.04450939359421814,0.9256041407585144,-0.06524873971939082,0.3457946538925172,0.6915951371192932,0.6274113655090332,1.713687777519226,-0.3549747,0.005148992,-0.16354409,8.0,1740111872.8837447,0.022352633997797966,-0.0009922124445438385,0.38245415687561035,0.49800461530685425,-0.2829897403717041,0.15651527047157288,0.25714266300201416,0.6694834232330322,0.22012735903263092,0.15524740517139435,0.23508098721504211,0.6715625524520874,0.3632069230079651,0.039064325392246246,0.3515341579914093,0.20245087146759033,0.2604191303253174,0.2000478059053421,-0.28774118423461914,0.453138530254364,0.09952954947948456,-0.4088563621044159,-0.3806358873844147,0.14568695425987244,0.008619654923677444,-0.26581013202667236,0.36025646328926086,-0.017729055136442184,0.10674779117107391,0.7173854112625122,-0.3714013695716858,-0.4554224908351898
0.8592078685760498,0.6342270970344543,1.7504382133483887,0.5892058687044354,0.01104447933246306,0.0939320146240551,-0.06964642440878567,-0.11655927511022632,0.006635153502295148,0.9544760346412658,-0.06378633975982662,0.3492575645446778,0.6915951371192932,0.6274113655090332,1.713687777519226,-0.3637119,0.005623907,-0.1694712,9.0,1740111872.907318,0.012098731473088264,-0.004829563200473785,0.3704173266887665,0.5031134486198425,-0.29666000604629517,0.15457043051719666,0.2626990079879761,0.6663469076156616,0.2058776617050171,0.14909009635448456,0.22700358927249908,0.6680063009262085,0.3582574427127838,0.028295934200286865,0.34100449085235596,0.19688336551189423,0.2534405589103699,0.20919112861156464,-0.29450666904449463,0.45494645833969116,0.09384620189666748,-0.3971574604511261,-0.3730549216270447,0.14507851004600525,0.0010159164667129517,-0.2692016661167145,0.3560386002063751,-0.020327094942331314,0.10786935687065125,0.7109617590904236,-0.36682918667793274,-0.4624735116958618
0.884509801864624,0.6353384852409363,1.7487491369247437,0.5892058687044354,0.01104447933246306,0.0939320146240551,-0.07192491763750117,0.0159750223088235,0.100723073226808,0.9683768510818481,-0.06596816778182979,0.34888670444488534,0.6915951371192932,0.6274113655090332,1.713687777519226,-0.3637119,0.005623907,-0.1694712,10.0,1740111872.94918,0.012098731473088264,-0.004829563200473785,0.3704173266887665,0.5031134486198425,-0.29666000604629517,0.15457043051719666,0.2626990079879761,0.6663469076156616,0.2058776617050171,0.14909009635448456,0.22700358927249908,0.6680063009262085,0.3582574427127838,0.028295934200286865,0.34100449085235596,0.19688336551189423,0.2534405589103699,0.20919112861156464,-0.29450666904449463,0.45494645833969116,0.09384620189666748,-0.3971574604511261,-0.3730549216270447,0.14507851004600525,0.0010159164667129517,-0.2692016661167145,0.3560386002063751,-0.020327094942331314,0.10786935687065125,0.7109617590904236,-0.36682918667793274,-0.4624735116958618
0.9005820751190186,0.6359277963638306,1.7470378875732422,0.5892058687044354,0.01104447933246306,0.0939320146240551,-0.06428067716899412,0.02915958124258422,0.10858492552867527,0.984509801864624,-0.06466151475906368,0.34874913692474374,0.6915951371192932,0.6274113655090332,1.713687777519226,-0.33624804,0.0040959045,-0.17791754,11.0,1740111872.9793735,0.012069260701537132,-0.001772422343492508,0.3568744361400604,0.47750794887542725,-0.28159022331237793,0.149878591299057,0.24692343175411224,0.6396206021308899,0.20102578401565552,0.14245393872261047,0.21681658923625946,0.6374885439872742,0.3415583074092865,0.03425920009613037,0.3263777792453766,0.19224916398525238,0.24092775583267212,0.1952444463968277,-0.27930355072021484,0.4322277009487152,0.09922228008508682,-0.37755680084228516,-0.3574688732624054,0.13442030549049377,0.005959272384643555,-0.2538842260837555,0.3375852704048157,-0.011272300034761429,0.10614185035228729,0.6857109069824219,-0.3525247871875763,-0.445419043302536
0.9256284236907959,0.6410614848136902,1.747875690460205,0.4944521464881063,0.022309326777861946,-0.02810968027784527,-0.02851047322911132,-0.038436911951873036,0.09738335801213592,1.0005820751190186,-0.06407220363616939,0.3470378875732423,0.6915951371192932,0.6274113655090332,1.713687777519226,-0.37566,0.0061669797,-0.16395634,12.0,1740111873.0308807,0.014916626736521721,-0.00608275830745697,0.37063080072402954,0.5016055703163147,-0.304567813873291,0.17181861400604248,0.2575894892215729,0.6794900298118591,0.20395217835903168,0.14855648577213287,0.22059734165668488,0.6693386435508728,0.35065793991088867,0.04902287945151329,0.33708634972572327,0.20085930824279785,0.25283482670783997,0.2086961567401886,-0.2911180853843689,0.45321962237358093,0.12417195737361908,-0.38786205649375916,-0.3665585517883301,0.1402340829372406,-0.0026399455964565277,-0.2738246023654938,0.3384573757648468,-0.002397395670413971,0.11764328181743622,0.723969042301178,-0.382794052362442,-0.48206087946891785
0.9376784563064575,0.6422739028930664,1.7456926107406616,0.4944521464881063,0.022309326777861946,-0.02810968027784527,-0.033976431911360794,-0.057657522045859916,0.08683917372337939,1.025628423690796,-0.05893851518630977,0.34787569046020517,0.6915951371192932,0.6274113655090332,1.713687777519226,-0.39226198,0.00648167,-0.16009039,13.0,1740111873.0641613,0.005743121728301048,-0.008767902851104736,0.36269041895866394,0.5095345973968506,-0.3177862763404846,0.17189592123031616,0.2625071108341217,0.6832682490348816,0.1934511959552765,0.14508946239948273,0.21609985828399658,0.6718478202819824,0.35082733631134033,0.04350109398365021,0.32951393723487854,0.19719043374061584,0.2502098083496094,0.21725410223007202,-0.29759490489959717,0.4591030776500702,0.12340047210454941,-0.3827529549598694,-0.36341169476509094,0.14337879419326782,-0.012782067060470581,-0.27957892417907715,0.33591535687446594,-0.004883915185928345,0.11966632306575775,0.7231630682945251,-0.38128358125686646,-0.4939343333244324
0.9431060552597046,0.6429082155227661,1.7443662881851196,0.4944521464881063,0.022309326777861946,-0.02810968027784527,-0.03528407470130869,-0.07774570544211583,0.07238766411030835,1.0376784563064576,-0.05772609710693355,0.3456926107406617,0.6915951371192932,0.6274113655090332,1.713687777519226,-0.3787154,0.0042786747,-0.15388452,14.0,1740111873.088251,0.014136986806988716,-0.006581507623195648,0.3583245277404785,0.48369383811950684,-0.30540913343429565,0.17341437935829163,0.24462299048900604,0.668468177318573,0.19760797917842865,0.13649126887321472,0.20130831003189087,0.6499448418617249,0.33435148000717163,0.05743095651268959,0.3239269554615021,0.1952773928642273,0.2519276738166809,0.20148934423923492,-0.28290945291519165,0.4318631887435913,0.1328994333744049,-0.3678271174430847,-0.34919509291648865,0.1341472566127777,-0.00021244585514068604,-0.2710278630256653,0.31366562843322754,0.004204664379358292,0.11701059341430664,0.7038444876670837,-0.3818390965461731,-0.4751579165458679
0.9531132578849792,0.6440861225128174,1.740890622138977,0.387218584448576,0.06939309183285473,-0.047646151800523,-0.031327583845906476,-0.051205488734005974,0.09303194217740571,1.0482727646827699,-0.056447637081146196,0.34275505542755136,0.6915951371192932,0.6274113655090332,1.713687777519226,-0.3787154,0.0042786747,-0.15388452,15.0,1740111873.1201956,0.014136986806988716,-0.006581507623195648,0.3583245277404785,0.48369383811950684,-0.30540913343429565,0.17341437935829163,0.24462299048900604,0.668468177318573,0.19760797917842865,0.13649126887321472,0.20130831003189087,0.6499448418617249,0.33435148000717163,0.05743095651268959,0.3239269554615021,0.1952773928642273,0.2519276738166809,0.20148934423923492,-0.28290945291519165,0.4318631887435913,0.1328994333744049,-0.3678271174430847,-0.34919509291648865,0.1341472566127777,-0.00021244585514068604,-0.2710278630256653,0.31366562843322754,0.004204664379358292,0.11701059341430664,0.7038444876670837,-0.3818390965461731,-0.4751579165458679
0.9649736285209656,0.6458252668380737,1.7350581884384155,0.387218584448576,0.06939309183285473,-0.047646151800523,-0.03502601537308869,-0.08761723070980233,0.06691387300633644,1.0574060440063477,-0.05524612665176387,0.3390334606170655,0.6915951371192932,0.6274113655090332,1.713687777519226,-0.3898077,0.007816635,-0.16091341,16.0,1740111873.1611435,0.017838643863797188,-0.006130479276180267,0.38116779923439026,0.5077505111694336,-0.3152119517326355,0.1820203959941864,0.25753214955329895,0.6970503926277161,0.21040792763233185,0.14946822822093964,0.22444061934947968,0.6828359961509705,0.3534679412841797,0.06140633299946785,0.3461335599422455,0.2073877900838852,0.2594928443431854,0.21068133413791656,-0.29288536310195923,0.45784232020378113,0.1399736851453781,-0.3932073712348938,-0.3688771426677704,0.14111047983169556,-0.0034430325031280518,-0.2811233103275299,0.3336084187030792,0.007075101137161255,0.12129369378089905,0.7449438571929932,-0.3989104628562927,-0.495475172996521
0.9711301922798157,0.6470618844032288,1.7304431200027466,0.387218584448576,0.06939309183285473,-0.047646151800523,-0.035378009279505324,-0.0806353519566495,0.07099879743606177,1.0649736285209657,-0.054174733161926225,0.3350581884384156,0.6915951371192932,0.6274113655090332,1.713687777519226,-0.4169438,0.00747066,-0.14395559,17.0,1740111873.2028146,-0.003903670236468315,-0.007724657654762268,0.35676342248916626,0.5029678344726562,-0.3133828639984131,0.17796918749809265,0.2595437467098236,0.675996720790863,0.179040789604187,0.14695210754871368,0.22159814834594727,0.6611911058425903,0.3428042232990265,0.05973554030060768,0.31264033913612366,0.19243447482585907,0.23235903680324554,0.21271613240242004,-0.2808586359024048,0.45607486367225647,0.14785628020763397,-0.3779352903366089,-0.3535209894180298,0.14049524068832397,-0.032126545906066895,-0.2768785059452057,0.31777623295783997,0.005366446450352669,0.12601551413536072,0.724193811416626,-0.37088966369628906,-0.5041258931159973
0.9735157489776611,0.6474818587303162,1.727758765220642,0.21418059449683818,0.033340818151290426,-0.1272398823467534,-0.03407464612879404,-0.06154233402160716,0.0843075705732514,1.0711301922798158,-0.052938115596771196,0.33044312000274667,0.6915951371192932,0.6274113655090332,1.713687777519226,-0.4001485,0.0061783195,-0.14908853,18.0,1740111873.2263303,-0.013469653204083443,-0.006573274731636047,0.3423527479171753,0.496360182762146,-0.30865633487701416,0.17019474506378174,0.25685203075408936,0.6591547131538391,0.1653762310743332,0.14456810057163239,0.2191738486289978,0.6452656984329224,0.33688393235206604,0.054933447390794754,0.2960708439350128,0.1825757771730423,0.21931807696819305,0.21164603531360626,-0.2742626667022705,0.4508233070373535,0.14472521841526031,-0.36936262249946594,-0.3447612226009369,0.13850921392440796,-0.04293978959321976,-0.27062979340553284,0.31263238191604614,0.0032579340040683746,0.12476390600204468,0.7064580917358398,-0.3528655171394348,-0.4995664954185486
0.9789900183677673,0.6494648456573486,1.720023274421692,0.21418059449683818,0.033340818151290426,-0.1272398823467534,-0.03391845817547223,-0.06324375495242505,0.07979205276866773,1.0757718443870545,-0.051737856864929155,0.3254309654235841,0.6915951371192932,0.6274113655090332,1.713687777519226,-0.4001485,0.0061783195,-0.14908853,19.0,1740111873.261149,-0.013469653204083443,-0.006573274731636047,0.3423527479171753,0.496360182762146,-0.30865633487701416,0.17019474506378174,0.25685203075408936,0.6591547131538391,0.1653762310743332,0.14456810057163239,0.2191738486289978,0.6452656984329224,0.33688393235206604,0.054933447390794754,0.2960708439350128,0.1825757771730423,0.21931807696819305,0.21164603531360626,-0.2742626667022705,0.4508233070373535,0.14472521841526031,-0.36936262249946594,-0.3447612226009369,0.13850921392440796,-0.04293978959321976,-0.27062979340553284,0.31263238191604614,0.0032579340040683746,0.12476390600204468,0.7064580917358398,-0.3528655171394348,-0.4995664954185486
0.9789900183677673,0.6494648456573486,1.720023274421692,0.21418059449683818,0.033340818151290426,-0.1272398823467534,-0.03391845817547223,-0.06324375495242505,0.07979205276866773,1.0789900183677674,-0.05053515434265132,0.320023274421692,0.6915951371192932,0.6274113655090332,1.713687777519226,-0.40652603,0.006295465,-0.14750016,20.0,1740111873.3057623,-0.015640344470739365,-0.006712235510349274,0.3377930223941803,0.4917944073677063,-0.3075944781303406,0.16989335417747498,0.254915714263916,0.6543684601783752,0.16166099905967712,0.1432213932275772,0.2164488136768341,0.6404200196266174,0.33413174748420715,0.05754782259464264,0.29120126366615295,0.18029636144638062,0.2158159464597702,0.21047312021255493,-0.27042341232299805,0.44697457551956177,0.14755186438560486,-0.3649105429649353,-0.3406275510787964,0.13784202933311462,-0.0457892045378685,-0.26926282048225403,0.30704542994499207,0.004924284294247627,0.12566162645816803,0.7005671262741089,-0.34962934255599976,-0.49810928106307983
0.9812160730361938,0.6523849368095398,1.7058545351028442,0.06722556247464986,0.03718714957173192,-0.1586759080317165,-0.033955253225387574,-0.06891656041161695,0.06954716343291507,1.0789900183677674,-0.05053515434265132,0.320023274421692,0.6915951371192932,0.6274113655090332,1.713687777519226,-0.39983392,0.011623047,-0.1642963,21.0,1740111873.3384461,-0.023273631930351257,-0.0070896632969379425,0.33687981963157654,0.4951542019844055,-0.3052625060081482,0.16939809918403625,0.258618026971817,0.6525825262069702,0.15414275228977203,0.14821988344192505,0.22664113342761993,0.6408659815788269,0.3397461771965027,0.06046789512038231,0.2856089472770691,0.17872782051563263,0.20582205057144165,0.21232996881008148,-0.2664521336555481,0.454272985458374,0.15232352912425995,-0.3674204647541046,-0.34311777353286743,0.13978350162506104,-0.059074416756629944,-0.26917198300361633,0.309554785490036,0.00711163692176342,0.12990033626556396,0.7046383619308472,-0.3416827917098999,-0.5048531889915466
0.9805412888526917,0.652927577495575,1.702857255935669,0.06722556247464986,0.03718714957173192,-0.1586759080317165,-0.03283937342373322,-0.046175572631800374,0.0853714620022299,1.081216073036194,-0.04761506319046016,0.3058545351028443,0.6915951371192932,0.6274113655090332,1.713687777519226,-0.41498607,0.013228342,-0.16581601,22.0,1740111873.3745723,-0.025352036580443382,-0.008221827447414398,0.3425831198692322,0.5041234493255615,-0.3103001117706299,0.1740180253982544,0.2637645900249481,0.663916826248169,0.1528656929731369,0.15194252133369446,0.23302815854549408,0.6512986421585083,0.3456610143184662,0.0642801970243454,0.2886415719985962,0.17984484136104584,0.20702022314071655,0.21713395416736603,-0.26940709352493286,0.46296072006225586,0.15883919596672058,-0.3740186393260956,-0.34853824973106384,0.14397552609443665,-0.06608642637729645,-0.27568551898002625,0.31322526931762695,0.0074686892330646515,0.1332397311925888,0.7167101502418518,-0.3470749855041504,-0.5154056549072266
0.9783904552459717,0.6538206934928894,1.6969659328460693,0.06722556247464986,0.03718714957173192,-0.1586759080317165,-0.030839071873105316,-0.04816354652313903,0.08418878860773653,1.0805412888526917,-0.047072422504425004,0.30285725593566903,0.6915951371192932,0.6274113655090332,1.713687777519226,-0.41678047,0.012002155,-0.16420418,23.0,1740111873.3985288,-0.0268075093626976,-0.008821316063404083,0.34517902135849,0.5096966028213501,-0.313351035118103,0.1763516068458557,0.2670976221561432,0.6699104309082031,0.15195778012275696,0.1541939526796341,0.23672106862068176,0.6572480797767639,0.34900736808776855,0.06540348380804062,0.2897816300392151,0.1807926446199417,0.2070947140455246,0.22032679617404938,-0.2712411880493164,0.46863114833831787,0.16226564347743988,-0.37783268094062805,-0.35167017579078674,0.14619335532188416,-0.0703231692314148,-0.27913323044776917,0.3155052363872528,0.007604567334055901,0.13532386720180511,0.7235231995582581,-0.3494371771812439,-0.522113025188446
0.9750511050224304,0.6548576951026917,1.6910005807876587,0.06722556247464986,0.03718714957173192,-0.1586759080317165,-0.031084399713038818,-0.06239210354754778,0.07277557294080299,1.0783904552459718,-0.04617930650711055,0.2969659328460694,0.6915951371192932,0.6274113655090332,1.713687777519226,-0.4182651,0.012742452,-0.16272968,24.0,1740111873.432224,-0.021849272772669792,-0.009523708373308182,0.3600023686885834,0.519163191318512,-0.3179258108139038,0.1853257417678833,0.27174103260040283,0.6885204315185547,0.1605364978313446,0.1598728597164154,0.24582239985466003,0.6749545931816101,0.35729265213012695,0.0741940587759018,0.3028659224510193,0.1887999027967453,0.21409648656845093,0.2226756066083908,-0.2745686173439026,0.4787527322769165,0.1723698228597641,-0.3898620307445526,-0.36158862709999084,0.1496123969554901,-0.06968209147453308,-0.2859030067920685,0.32087019085884094,0.011367514729499817,0.13919802010059357,0.7464762926101685,-0.36390456557273865,-0.5332147479057312
0.9704882502555847,0.655762255191803,1.6849137544631958,-0.07933887613062439,0.03078247556593565,-0.19047619047619047,-0.032522722743394725,-0.04805215181088269,0.08221564204780618,1.0728541970252992,-0.04467452764511104,0.28778955936431894,0.6915951371192932,0.6274113655090332,1.713687777519226,-0.4182651,0.012742452,-0.16272968,25.0,1740111873.4708402,-0.021849272772669792,-0.009523708373308182,0.3600023686885834,0.519163191318512,-0.3179258108139038,0.1853257417678833,0.27174103260040283,0.6885204315185547,0.1605364978313446,0.1598728597164154,0.24582239985466003,0.6749545931816101,0.35729265213012695,0.0741940587759018,0.3028659224510193,0.1887999027967453,0.21409648656845093,0.2226756066083908,-0.2745686173439026,0.4787527322769165,0.1723698228597641,-0.3898620307445526,-0.36158862709999084,0.1496123969554901,-0.06968209147453308,-0.2859030067920685,0.32087019085884094,0.011367514729499817,0.13919802010059357,0.7464762926101685,-0.36390456557273865,-0.5332147479057312
0.9646498560905457,0.6566165089607239,1.6787165403366089,-0.07933887613062439,0.03078247556593565,-0.19047619047619047,-0.03099750610964604,-0.01836967593056004,0.10000234981933646,1.0704882502555848,-0.04423774480819698,0.2849137544631959,0.6915951371192932,0.6274113655090332,1.713687777519226,-0.42885214,0.0077389926,-0.14358836,26.0,1740111873.5018585,-0.040343135595321655,-0.009277597069740295,0.2875918447971344,0.4571664333343506,-0.28319573402404785,0.1534121036529541,0.24443118274211884,0.5938470363616943,0.12414153665304184,0.1316821426153183,0.1981329321861267,0.5802903175354004,0.31445184350013733,0.05301878601312637,0.2400190234184265,0.15995480120182037,0.18024811148643494,0.19906239211559296,-0.248752161860466,0.41772210597991943,0.13874080777168274,-0.32099127769470215,-0.3122926652431488,0.1334606409072876,-0.06696067750453949,-0.25074657797813416,0.2773873507976532,0.0013784728944301605,0.13001975417137146,0.6297359466552734,-0.2987121641635895,-0.4773021340370178
0.957608163356781,0.6573054194450378,1.6727708578109741,-0.07933887613062439,0.03078247556593565,-0.19047619047619047,-0.035250606956859803,-0.042850124469948896,0.08004636596913374,1.0646498560905457,-0.04338349103927608,0.278716540336609,0.6915951371192932,0.6274113655090332,1.713687777519226,-0.43338412,0.012469895,-0.16398808,27.0,1740111873.5355225,-0.03971044719219208,-0.009671293199062347,0.29183515906333923,0.45991605520248413,-0.2841043472290039,0.1561499834060669,0.24628256261348724,0.5988088250160217,0.12550215423107147,0.13381467759609222,0.2017682045698166,0.5850942134857178,0.3171505033969879,0.05582495033740997,0.24299219250679016,0.1618044376373291,0.1809215247631073,0.20021679997444153,-0.24899233877658844,0.4211881756782532,0.14274530112743378,-0.3247417211532593,-0.3152235448360443,0.1344975233078003,-0.06846704334020615,-0.2527049481868744,0.27893030643463135,0.0027876347303390503,0.13187500834465027,0.6369754672050476,-0.3020663559436798,-0.4809779226779938
0.9495093822479248,0.6580230593681335,1.6666698455810547,-0.19453412459370753,0.022479198620393697,-0.1759921880587763,-0.03252740726868975,-0.04214809487857456,0.07848974316470562,1.057608163356781,-0.042694580554962114,0.2727708578109742,0.6915951371192932,0.6274113655090332,1.713687777519226,-0.41705406,0.0071744695,-0.1443968,28.0,1740111873.5628612,-0.035985611379146576,-0.007980253547430038,0.28561919927597046,0.44283175468444824,-0.27349382638931274,0.15113705396652222,0.23708689212799072,0.5820067524909973,0.12632516026496887,0.12905439734458923,0.19414487481117249,0.5677874088287354,0.30710116028785706,0.05679203197360039,0.2381277084350586,0.15811504423618317,0.17819887399673462,0.19100487232208252,-0.2395292967557907,0.4048093855381012,0.1393120288848877,-0.31603866815567017,-0.3056761920452118,0.12834227085113525,-0.0607658326625824,-0.243695467710495,0.27082526683807373,0.004965789616107941,0.1277908980846405,0.6195287108421326,-0.2950854003429413,-0.46350550651550293
0.9450044631958008,0.6583138704299927,1.6638144254684448,-0.19453412459370753,0.022479198620393697,-0.1759921880587763,-0.03358897089659765,-0.0731883533307128,0.05505605244415536,1.049509382247925,-0.04197694063186641,0.2666698455810548,0.6915951371192932,0.6274113655090332,1.713687777519226,-0.41705406,0.0071744695,-0.1443968,29.0,1740111873.5976229,-0.035985611379146576,-0.007980253547430038,0.28561919927597046,0.44283175468444824,-0.27349382638931274,0.15113705396652222,0.23708689212799072,0.5820067524909973,0.12632516026496887,0.12905439734458923,0.19414487481117249,0.5677874088287354,0.30710116028785706,0.05679203197360039,0.2381277084350586,0.15811504423618317,0.17819887399673462,0.19100487232208252,-0.2395292967557907,0.4048093855381012,0.1393120288848877,-0.31603866815567017,-0.3056761920452118,0.12834227085113525,-0.0607658326625824,-0.243695467710495,0.27082526683807373,0.004965789616107941,0.1277908980846405,0.6195287108421326,-0.2950854003429413,-0.46350550651550293
0.9203160405158997,0.6530669331550598,1.6581010818481445,-0.19453412459370753,0.022479198620393697,-0.1759921880587763,-0.04282392393366687,0.02647031837529096,0.10397496181207898,1.0450044631958009,-0.04168612957000728,0.2638144254684449,0.6915951371192932,0.6274113655090332,1.713687777519226,-0.40438372,0.0070618987,-0.11481354,30.0,1740111873.6332738,-0.03282133489847183,-0.007153470069169998,0.28223443031311035,0.43332982063293457,-0.2688925862312317,0.14826509356498718,0.2311893105506897,0.5731592774391174,0.12748053669929504,0.12506136298179626,0.187050461769104,0.5582070350646973,0.30000799894332886,0.05649625509977341,0.23636388778686523,0.15606562793254852,0.17853260040283203,0.1856989711523056,-0.23549337685108185,0.3943620026111603,0.13552644848823547,-0.3104760944843292,-0.2995862364768982,0.1244877353310585,-0.05377426743507385,-0.23886409401893616,0.2658510208129883,0.00534529983997345,0.12450134754180908,0.6086007952690125,-0.2927035987377167,-0.4526943564414978
0.9182373285293579,0.6598261594772339,1.6511775255203247,-0.3078523598622739,0.01775030922656978,-0.15251148304358744,0.5019249725105182,0.7629717187373061,1.158817083491446,1.0237236380577088,-0.040591967105865434,0.2544048786163331,0.6915951371192932,0.6274113655090332,1.713687777519226,-0.40489912,0.0067257285,-0.13438664,31.0,1740111873.6698534,-0.027174539864063263,-0.005028337240219116,0.27997902035713196,0.4213676452636719,-0.2640620470046997,0.14387765526771545,0.22343739867210388,0.562710702419281,0.13189953565597534,0.11906690895557404,0.17766636610031128,0.5468034148216248,0.29044750332832336,0.05406305193901062,0.23674115538597107,0.153670534491539,0.18058077991008759,0.17991933226585388,-0.23185406625270844,0.38030725717544556,0.12924601137638092,-0.30405914783477783,-0.2920500338077545,0.11815790086984634,-0.04081536829471588,-0.23179832100868225,0.26112085580825806,0.005858942866325378,0.11862477660179138,0.5964870452880859,-0.2919865846633911,-0.4374139606952667
0.9069456458091736,0.6564024090766907,1.6477525234222412,-0.3078523598622739,0.01775030922656978,-0.15251148304358744,-0.09363414508056897,-0.15242045073683747,0.012276839484339615,1.018237328529358,-0.04017384052276607,0.2511775255203248,0.6915951371192932,0.6274113655090332,1.713687777519226,-0.41004878,0.011502832,-0.16586912,32.0,1740111873.7061517,-0.02493743970990181,-0.008088197559118271,0.3402901887893677,0.4998852014541626,-0.30758732557296753,0.17179492115974426,0.2618730664253235,0.6585310697555542,0.1530141681432724,0.15047408640384674,0.23069429397583008,0.6462482810020447,0.34359076619148254,0.06333035230636597,0.2872121036052704,0.1785023808479309,0.20643140375614166,0.21552921831607819,-0.2673078775405884,0.45902305841445923,0.1560938060283661,-0.37168341875076294,-0.34620630741119385,0.14253315329551697,-0.06389835476875305,-0.2734085023403168,0.3119087517261505,0.007290320470929146,0.13210178911685944,0.7113363742828369,-0.34498414397239685,-0.5108400583267212
0.8890829086303711,0.6568509340286255,1.6397066116333008,-0.3078523598622739,0.01775030922656978,-0.15251148304358744,-0.09037226329449942,-0.15395533245498397,0.011986341829392157,0.9953774571418762,-0.043505620956420854,0.24236164093017587,0.6915951371192932,0.6274113655090332,1.713687777519226,-0.38928545,0.004154481,-0.13221711,33.0,1740111873.7340415,-0.02800561673939228,-0.00324360653758049,0.30952882766723633,0.4647431969642639,-0.2855132222175598,0.14875805377960205,0.24258452653884888,0.6068565249443054,0.1420467346906662,0.1372188925743103,0.21179887652397156,0.5970020294189453,0.3198709487915039,0.048280272632837296,0.2619307339191437,0.16218329966068268,0.19114422798156738,0.2003188580274582,-0.25086259841918945,0.42439621686935425,0.13381293416023254,-0.34585386514663696,-0.3208518922328949,0.12967154383659363,-0.05588039755821228,-0.2494642734527588,0.29701587557792664,0.0033221598714590073,0.1191396713256836,0.6544522047042847,-0.30989474058151245,-0.47066304087638855
0.8823778033256531,0.6618046760559082,1.6352832317352295,-0.3078523598622739,0.01775030922656978,-0.15251148304358744,0.3701204321519406,-0.2903939130715926,2.8465198274958774,0.982377803325653,-0.03819532394409175,0.23528323173522958,0.6915951371192932,0.6274113655090332,1.713687777519226,-0.38928545,0.004154481,-0.13221711,34.0,1740111873.7692935,-0.02800561673939228,-0.00324360653758049,0.30952882766723633,0.4647431969642639,-0.2855132222175598,0.14875805377960205,0.24258452653884888,0.6068565249443054,0.1420467346906662,0.1372188925743103,0.21179887652397156,0.5970020294189453,0.3198709487915039,0.048280272632837296,0.2619307339191437,0.16218329966068268,0.19114422798156738,0.2003188580274582,-0.25086259841918945,0.42439621686935425,0.13381293416023254,-0.34585386514663696,-0.3208518922328949,0.12967154383659363,-0.05588039755821228,-0.2494642734527588,0.29701587557792664,0.0033221598714590073,0.1191396713256836,0.6544522047042847,-0.30989474058151245,-0.47066304087638855
0.864945113658905,0.6623659729957581,1.6267638206481934,-0.4147916426972881,0.019768242398150244,-0.19002026417657297,-0.03281960425762814,-0.07846327806798267,0.03937942115027664,0.982377803325653,-0.03819532394409175,0.23528323173522958,0.6915951371192932,0.6274113655090332,1.713687777519226,-0.3882624,0.0045239404,-0.1321572,35.0,1740111873.8070848,-0.02143874019384384,-0.002585355192422867,0.31888434290885925,0.4662410020828247,-0.284262478351593,0.15247482061386108,0.24229176342487335,0.6143352389335632,0.15119726955890656,0.13985373079776764,0.21537268161773682,0.6045843362808228,0.3232438266277313,0.05195965990424156,0.2721829116344452,0.16878542304039001,0.19743964076042175,0.19848090410232544,-0.25243663787841797,0.42597973346710205,0.13577285408973694,-0.3518857955932617,-0.3260124921798706,0.12989825010299683,-0.04942503571510315,-0.2507561147212982,0.299870103597641,0.0054632518440485,0.11889496445655823,0.6646502614021301,-0.3183000087738037,-0.47041696310043335
0.8575232625007629,0.6628214120864868,1.6242936849594116,-0.4147916426972881,0.019768242398150244,-0.19002026417657297,-0.03196790589372548,-0.07789712644797826,0.03781722801199705,0.9575232625007629,-0.03717858791351314,0.2242936849594117,0.6915951371192932,0.6274113655090332,1.713687777519226,-0.39395154,0.007576637,-0.10857758,36.0,1740111873.833285,-0.031150100752711296,-0.0010069981217384338,0.2924990952014923,0.4489244520664215,-0.27234113216400146,0.13577255606651306,0.23436452448368073,0.5809608697891235,0.1350843459367752,0.13176479935646057,0.20391897857189178,0.5706455111503601,0.30983617901802063,0.03735581412911415,0.24718928337097168,0.1514466255903244,0.1845037043094635,0.19476236402988434,-0.24386568367481232,0.4067608714103699,0.1202804446220398,-0.3348345160484314,-0.30865439772605896,0.12518346309661865,-0.05471252650022507,-0.23994234204292297,0.29195597767829895,-0.0011811144649982452,0.11230513453483582,0.6229676604270935,-0.29117918014526367,-0.45017582178115845
0.8575232625007629,0.6628214120864868,1.6242936849594116,-0.4147916426972881,0.019768242398150244,-0.19002026417657297,-0.03196790589372548,-0.07789712644797826,0.03781722801199705,0.9575232625007629,-0.03717858791351314,0.2242936849594117,0.6915951371192932,0.6274113655090332,1.713687777519226,-0.38291794,0.007234089,-0.10254924,37.0,1740111873.8756044,-0.037082523107528687,0.0009475052356719971,0.2724554240703583,0.4297792613506317,-0.26070696115493774,0.12227071076631546,0.2252628058195114,0.5499389171600342,0.12411818653345108,0.12430958449840546,0.19423329830169678,0.5411942601203918,0.297631174325943,0.02831914648413658,0.22940871119499207,0.14008250832557678,0.1716037094593048,0.1882423758506775,-0.23465664684772491,0.38881635665893555,0.10855032503604889,-0.31689026951789856,-0.2943616211414337,0.11827573925256729,-0.05399506539106369,-0.2270103096961975,0.2835717797279358,-0.002604227513074875,0.10774636268615723,0.589399516582489,-0.2691579759120941,-0.4304431974887848
0.8106982707977295,0.6533638834953308,1.6039611101150513,-0.4147916426972881,0.019768242398150244,-0.19002026417657297,2.0817177002723657,-0.12785725777900528,3.021446129743901,0.9575232625007629,-0.03717858791351314,0.2242936849594117,0.6915951371192932,0.6274113655090332,1.713687777519226,-0.39660192,0.007422477,-0.10690749,38.0,1740111873.9193153,-0.0312848836183548,-0.00028111785650253296,0.2857587933540344,0.4394533634185791,-0.2667454481124878,0.13065966963768005,0.2298152595758438,0.5683233141899109,0.13314872980117798,0.12821708619594574,0.19822794198989868,0.5585231781005859,0.30419600009918213,0.03441981226205826,0.24202832579612732,0.14769423007965088,0.1813790500164032,0.19066385924816132,-0.23956553637981415,0.3974599838256836,0.11491841822862625,-0.32758963108062744,-0.3026600778102875,0.12185781449079514,-0.05118418484926224,-0.2342945635318756,0.2877867519855499,-0.0014262944459915161,0.10966730117797852,0.6091506481170654,-0.2840645909309387,-0.43965792655944824
0.8106982707977295,0.6533638834953308,1.6039611101150513,-0.4147916426972881,0.019768242398150244,-0.19002026417657297,2.0817177002723657,-0.12785725777900528,3.021446129743901,0.9106982707977295,-0.046636116504669145,0.20396111011505136,0.6915951371192932,0.6274113655090332,1.713687777519226,-0.39660192,0.007422477,-0.10690749,39.0,1740111873.9432683,-0.0312848836183548,-0.00028111785650253296,0.2857587933540344,0.4394533634185791,-0.2667454481124878,0.13065966963768005,0.2298152595758438,0.5683233141899109,0.13314872980117798,0.12821708619594574,0.19822794198989868,0.5585231781005859,0.30419600009918213,0.03441981226205826,0.24202832579612732,0.14769423007965088,0.1813790500164032,0.19066385924816132,-0.23956553637981415,0.3974599838256836,0.11491841822862625,-0.32758963108062744,-0.3026600778102875,0.12185781449079514,-0.05118418484926224,-0.2342945635318756,0.2877867519855499,-0.0014262944459915161,0.10966730117797852,0.6091506481170654,-0.2840645909309387,-0.43965792655944824
0.8106982707977295,0.6533638834953308,1.6039611101150513,-0.4147916426972881,0.019768242398150244,-0.19002026417657297,2.0817177002723657,-0.12785725777900528,3.021446129743901,0.9106982707977295,-0.046636116504669145,0.20396111011505136,0.6915951371192932,0.6274113655090332,1.713687777519226,-0.39660192,0.007422477,-0.10690749,40.0,1740111873.9814918,-0.0312848836183548,-0.00028111785650253296,0.2857587933540344,0.4394533634185791,-0.2667454481124878,0.13065966963768005,0.2298152595758438,0.5683233141899109,0.13314872980117798,0.12821708619594574,0.19822794198989868,0.5585231781005859,0.30419600009918213,0.03441981226205826,0.24202832579612732,0.14769423007965088,0.1813790500164032,0.19066385924816132,-0.23956553637981415,0.3974599838256836,0.11491841822862625,-0.32758963108062744,-0.3026600778102875,0.12185781449079514,-0.05118418484926224,-0.2342945635318756,0.2877867519855499,-0.0014262944459915161,0.10966730117797852,0.6091506481170654,-0.2840645909309387,-0.43965792655944824
0.8106982707977295,0.6533638834953308,1.6039611101150513,-0.4147916426972881,0.019768242398150244,-0.19002026417657297,2.0817177002723657,-0.12785725777900528,3.021446129743901,0.9106982707977295,-0.046636116504669145,0.20396111011505136,0.6915951371192932,0.6274113655090332,1.713687777519226,-0.3463832,0.0030714795,-0.10106175,41.0,1740111874.0098846,-0.030843542888760567,0.004951877519488335,0.25513556599617004,0.39409151673316956,-0.22531352937221527,0.10883549600839615,0.20232604444026947,0.5099847316741943,0.12243075668811798,0.11645033955574036,0.1745954155921936,0.4988601505756378,0.27737995982170105,0.024074016138911247,0.21466884016990662,0.1305520385503769,0.16960923373699188,0.16435201466083527,-0.2234688550233841,0.3513452112674713,0.08717671036720276,-0.29499730467796326,-0.2827581763267517,0.1117858812212944,-0.03531894087791443,-0.20495042204856873,0.27181437611579895,-0.015142787247896194,0.09528182446956635,0.5336022973060608,-0.24350547790527344,-0.3838764727115631
0.8106982707977295,0.6533638834953308,1.6039611101150513,-0.4147916426972881,0.019768242398150244,-0.19002026417657297,2.0817177002723657,-0.12785725777900528,3.021446129743901,0.9106982707977295,-0.046636116504669145,0.20396111011505136,0.6915951371192932,0.6274113655090332,1.713687777519226,-0.3541066,0.0057983026,-0.09778604,42.0,1740111874.0488925,-0.04833133891224861,0.0013713091611862183,0.23173551261425018,0.39465779066085815,-0.2398044317960739,0.1003977432847023,0.21007776260375977,0.4939548075199127,0.10158470273017883,0.1092979907989502,0.1670832335948944,0.48677781224250793,0.272860050201416,0.010921606793999672,0.192318394780159,0.1192893460392952,0.1509893387556076,0.17644494771957397,-0.21983210742473602,0.3547111749649048,0.0852532759308815,-0.2800334692001343,-0.26593202352523804,0.10794644802808762,-0.053486213088035583,-0.20572680234909058,0.26317453384399414,-0.010671373456716537,0.09993572533130646,0.5214976072311401,-0.22860312461853027,-0.3937513828277588
0.7250878810882568,0.6656011939048767,1.590945839881897,-0.5161934190599637,0.011940746372545654,-0.13219914062176885,-0.043877084065599356,-0.17280954651291744,-0.06146230499217051,0.9106982707977295,-0.046636116504669145,0.20396111011505136,0.6915951371192932,0.6274113655090332,1.713687777519226,-0.3400025,0.0008604601,-0.120578066,43.0,1740111874.0747485,-0.04462873563170433,0.0023261699825525284,0.23192819952964783,0.38705360889434814,-0.2344292551279068,0.09926361590623856,0.2065911740064621,0.4877588152885437,0.1045391708612442,0.10735443234443665,0.16459360718727112,0.48144739866256714,0.26927968859672546,0.011675585061311722,0.19328254461288452,0.12039513885974884,0.1511036455631256,0.17164304852485657,-0.21638129651546478,0.3480747938156128,0.08349265158176422,-0.27701303362846375,-0.2638135850429535,0.1049189642071724,-0.0472373440861702,-0.20191699266433716,0.26094454526901245,-0.009236801415681839,0.09836527705192566,0.5165671110153198,-0.22784075140953064,-0.38524818420410156
0.6917533874511719,0.6580506563186646,1.5875611305236816,-0.5161934190599637,0.011940746372545654,-0.13219914062176885,0.011315216754633473,0.0487845689473884,0.04604541457613838,0.8250878810882568,-0.03439880609512325,0.19094583988189706,0.6915951371192932,0.6274113655090332,1.713687777519226,-0.3400025,0.0008604601,-0.120578066,44.0,1740111874.1162765,-0.04462873563170433,0.0023261699825525284,0.23192819952964783,0.38705360889434814,-0.2344292551279068,0.09926361590623856,0.2065911740064621,0.4877588152885437,0.1045391708612442,0.10735443234443665,0.16459360718727112,0.48144739866256714,0.26927968859672546,0.011675585061311722,0.19328254461288452,0.12039513885974884,0.1511036455631256,0.17164304852485657,-0.21638129651546478,0.3480747938156128,0.08349265158176422,-0.27701303362846375,-0.2638135850429535,0.1049189642071724,-0.0472373440861702,-0.20191699266433716,0.26094454526901245,-0.009236801415681839,0.09836527705192566,0.5165671110153198,-0.22784075140953064,-0.38524818420410156
0.6723728179931641,0.6587747931480408,1.5841999053955078,-0.5161934190599637,0.011940746372545654,-0.13219914062176885,0.00675665941473271,0.058328993740395386,0.05063109052309489,0.7917533874511719,-0.041949343681335405,0.18756113052368173,0.6915951371192932,0.6274113655090332,1.713687777519226,-0.3147794,-0.0009155199,-0.1279793,45.0,1740111874.151765,-0.04509362205862999,0.003545481711626053,0.22028417885303497,0.3721446692943573,-0.22413669526576996,0.09171057492494583,0.19924794137477875,0.46775394678115845,0.10093417018651962,0.10140295326709747,0.1552106738090515,0.4619864225387573,0.2610587775707245,0.006991313770413399,0.18361607193946838,0.11579779535531998,0.14574815332889557,0.16539648175239563,-0.21096856892108917,0.33350831270217896,0.07464132457971573,-0.26374948024749756,-0.255432665348053,0.09986122697591782,-0.041398100554943085,-0.1933632344007492,0.2543700337409973,-0.010639593005180359,0.09557633101940155,0.4933442175388336,-0.2164699137210846,-0.3689517676830292
0.6534945964813232,0.6587497591972351,1.58012855052948,-0.6014172010879362,-0.05755526803847032,-0.0908703088761331,0.007282912212502678,-0.286781228508906,-0.17676949912069387,0.772372817993164,-0.041225206851959184,0.1841999053955079,0.6915951371192932,0.6274113655090332,1.713687777519226,-0.29215682,-0.0044016093,-0.108299255,46.0,1740111874.1807349,-0.0348718985915184,0.0037796180695295334,0.23661337792873383,0.3747314214706421,-0.22539423406124115,0.09859975427389145,0.1992758810520172,0.48245081305503845,0.11404004693031311,0.10490532219409943,0.1583874374628067,0.4739912152290344,0.264035701751709,0.015046250075101852,0.199758842587471,0.12293487042188644,0.15763629972934723,0.16248461604118347,-0.21203000843524933,0.3350614607334137,0.07962918281555176,-0.27469491958618164,-0.2621007263660431,0.10083546489477158,-0.0326172336935997,-0.1967633068561554,0.2582205832004547,-0.007831629365682602,0.09393280744552612,0.5097169876098633,-0.2319437563419342,-0.3692723512649536
0.6341130137443542,0.6640073657035828,1.575130581855774,-0.6014172010879362,-0.05755526803847032,-0.0908703088761331,-0.04961909521747266,0.02190278252692953,0.050508617185347555,0.7534945964813232,-0.04125024080276485,0.18012855052948007,0.6915951371192932,0.6274113655090332,1.713687777519226,-0.29835093,5.9880316e-05,-0.0950921,47.0,1740111874.2251067,-0.038102347403764725,0.0030731670558452606,0.21460935473442078,0.35320404171943665,-0.214357390999794,0.09204473346471786,0.19060935080051422,0.45300206542015076,0.10485757887363434,0.09524878859519958,0.14166229963302612,0.4456464946269989,0.2507557272911072,0.010235249996185303,0.17996585369110107,0.1152511015534401,0.14865246415138245,0.15642736852169037,-0.2038647085428238,0.31599995493888855,0.07183612138032913,-0.2504833936691284,-0.24835801124572754,0.09462634474039078,-0.027959197759628296,-0.18607600033283234,0.24261973798274994,-0.009405713528394699,0.0944688618183136,0.47566473484039307,-0.21649888157844543,-0.35285067558288574
0.6135914325714111,0.6640899181365967,1.5717886686325073,-0.6014172010879362,-0.05755526803847032,-0.0908703088761331,-0.04352579685022641,-0.02186180752565806,0.024944271911277557,0.7341130137443542,-0.03599263429641719,0.17513058185577401,0.6915951371192932,0.6274113655090332,1.713687777519226,-0.32836342,0.0036806613,-0.09692386,48.0,1740111874.2541306,-0.04615640640258789,0.001889202743768692,0.18799223005771637,0.339642733335495,-0.21306143701076508,0.07955440878868103,0.18287146091461182,0.42692145705223083,0.08881710469722748,0.08296987414360046,0.12145048379898071,0.4188028573989868,0.23420864343643188,-0.0035325568169355392,0.1569765955209732,0.09849711507558823,0.14167015254497528,0.15639640390872955,-0.20280994474887848,0.2966156601905823,0.057730723172426224,-0.22810092568397522,-0.2303997427225113,0.09125011414289474,-0.028417281806468964,-0.17963872849941254,0.23047415912151337,-0.01734199747443199,0.08813297748565674,0.43503236770629883,-0.19885411858558655,-0.33593276143074036
0.5823825001716614,0.6638900637626648,1.5676665306091309,-0.6140545087964309,0.05104301218773981,-0.11637575607361261,-0.04093979492505433,-0.09097195487214595,-0.029777713341631026,0.7029025316238403,-0.03601033687591548,0.17013309001922616,0.6915951371192932,0.6274113655090332,1.713687777519226,-0.32836342,0.0036806613,-0.09692386,49.0,1740111874.2934802,-0.04615640640258789,0.001889202743768692,0.18799223005771637,0.339642733335495,-0.21306143701076508,0.07955440878868103,0.18287146091461182,0.42692145705223083,0.08881710469722748,0.08296987414360046,0.12145048379898071,0.4188028573989868,0.23420864343643188,-0.0035325568169355392,0.1569765955209732,0.09849711507558823,0.14167015254497528,0.15639640390872955,-0.20280994474887848,0.2966156601905823,0.057730723172426224,-0.22810092568397522,-0.2303997427225113,0.09125011414289474,-0.028417281806468964,-0.17963872849941254,0.23047415912151337,-0.01734199747443199,0.08813297748565674,0.43503236770629883,-0.19885411858558655,-0.33593276143074036
0.5722101926803589,0.6640084981918335,1.5656903982162476,-0.6140545087964309,0.05104301218773981,-0.11637575607361261,-0.04456943726599936,0.014493983234334889,0.04511223721880736,0.6823825001716614,-0.03610993623733516,0.16766653060913095,0.6915951371192932,0.6274113655090332,1.713687777519226,-0.30004472,0.013258964,-0.0025608689,50.0,1740111874.318957,-0.0331764779984951,0.006768358871340752,0.19072872400283813,0.31163570284843445,-0.1856486052274704,0.0723404809832573,0.16660939157009125,0.40395376086235046,0.0999646931886673,0.08171997964382172,0.11901117861270905,0.39390888810157776,0.22307221591472626,0.002644924446940422,0.1617714911699295,0.09695510566234589,0.14375880360603333,0.13595010340213776,-0.1866634339094162,0.2700299620628357,0.05003231763839722,-0.22561529278755188,-0.2248430848121643,0.08369480818510056,-0.010973308235406876,-0.16367186605930328,0.2264544665813446,-0.016746748238801956,0.07735506445169449,0.41253066062927246,-0.19064924120903015,-0.2994527816772461
0.5416308045387268,0.663837730884552,1.5615344047546387,-0.6140545087964309,0.05104301218773981,-0.11637575607361261,-0.0442697013669965,0.01393445572954153,0.0397337172391778,0.6617176294326782,-0.03587551116943355,0.16435823440551767,0.6915951371192932,0.6274113655090332,1.713687777519226,-0.2719432,0.0032753572,-0.0588132,51.0,1740111874.3654191,-0.030502386391162872,0.008777650073170662,0.19353565573692322,0.31246453523635864,-0.18423138558864594,0.06798981130123138,0.16343635320663452,0.4059312045574188,0.10627615451812744,0.082735076546669,0.12239177525043488,0.39666488766670227,0.22535879909992218,0.0005891621112823486,0.16770030558109283,0.09682676941156387,0.14765489101409912,0.13691651821136475,-0.18893586099147797,0.2692367434501648,0.04530801624059677,-0.23018714785575867,-0.22724297642707825,0.08393704891204834,-0.006751570850610733,-0.16229820251464844,0.2326112985610962,-0.01694817841053009,0.07419068366289139,0.4131353497505188,-0.19257833063602448,-0.29532477259635925
0.5217425227165222,0.6637308597564697,1.5590627193450928,-0.6063607229231447,-0.0015773735063202164,-0.08347689338432396,-0.0414324766267595,-0.023832016688421147,0.011329927515720402,0.6416308045387268,-0.036162269115447954,0.16153440475463876,0.6915951371192932,0.6274113655090332,1.713687777519226,-0.2449649,0.0077524185,-0.03297764,52.0,1740111874.3950555,-0.02407263219356537,0.008925523608922958,0.1967100203037262,0.30635908246040344,-0.17966076731681824,0.07045529037714005,0.15980292856693268,0.40473976731300354,0.11125583201646805,0.081597700715065,0.11883297562599182,0.3942040205001831,0.22269630432128906,0.005513506941497326,0.17170269787311554,0.09880797564983368,0.1517038196325302,0.1322050392627716,-0.1865682452917099,0.2631407678127289,0.04529007151722908,-0.22929200530052185,-0.2278071790933609,0.08345552533864975,0.001138843595981598,-0.16003373265266418,0.23142577707767487,-0.017965592443943024,0.07356303930282593,0.41110196709632874,-0.1963445097208023,-0.28868961334228516
0.4907754957675934,0.6633996963500977,1.5553816556930542,-0.6063607229231447,-0.0015773735063202164,-0.08347689338432396,-0.04128905264785674,0.00982296969190525,0.036976378332348,0.6217425227165222,-0.03626914024353023,0.15906271934509286,0.6915951371192932,0.6274113655090332,1.713687777519226,-0.25353813,0.00143224,-0.07749577,53.0,1740111874.4416032,-0.020094575360417366,0.008840948343276978,0.20511843264102936,0.30844640731811523,-0.18870489299297333,0.0667506754398346,0.16363006830215454,0.41096031665802,0.12037957459688187,0.0791194885969162,0.11978940665721893,0.4055298864841461,0.22726036608219147,-0.0018548648804426193,0.18431538343429565,0.10033750534057617,0.15812309086322784,0.13889506459236145,-0.188484787940979,0.2659863531589508,0.038651421666145325,-0.23665189743041992,-0.22982031106948853,0.08271916955709457,0.013084694743156433,-0.16363272070884705,0.2398672103881836,-0.016328521072864532,0.07199996709823608,0.4216868281364441,-0.20861747860908508,-0.2852970063686371
0.4806727170944214,0.6633453965187073,1.5543882846832275,-0.6063607229231447,-0.0015773735063202164,-0.08347689338432396,-0.041599939036125376,0.009055812586415007,0.036525875061605644,0.5907754957675934,-0.0366003036499023,0.1553816556930543,0.6915951371192932,0.6274113655090332,1.713687777519226,-0.25353813,0.00143224,-0.07749577,54.0,1740111874.4631355,-0.020094575360417366,0.008840948343276978,0.20511843264102936,0.30844640731811523,-0.18870489299297333,0.0667506754398346,0.16363006830215454,0.41096031665802,0.12037957459688187,0.0791194885969162,0.11978940665721893,0.4055298864841461,0.22726036608219147,-0.0018548648804426193,0.18431538343429565,0.10033750534057617,0.15812309086322784,0.13889506459236145,-0.188484787940979,0.2659863531589508,0.038651421666145325,-0.23665189743041992,-0.22982031106948853,0.08271916955709457,0.013084694743156433,-0.16363272070884705,0.2398672103881836,-0.016328521072864532,0.07199996709823608,0.4216868281364441,-0.20861747860908508,-0.2852970063686371
0.46104907989501953,0.6632497310638428,1.5528614521026611,-0.6085898746301088,-0.004867553929066659,-0.06683296880286288,-0.046018034599780995,0.01203093379401304,0.035016952837431205,0.5806727170944214,-0.03665460348129268,0.15438828468322763,0.6915951371192932,0.6274113655090332,1.713687777519226,-0.19591004,-0.005307786,-0.08356324,55.0,1740111874.4970288,0.09244003891944885,0.036093879491090775,0.26224827766418457,0.2222619354724884,-0.10926485061645508,0.07464135438203812,0.09205371886491776,0.40344852209091187,0.2526645362377167,0.09603507816791534,0.13052938878536224,0.4020709693431854,0.22542178630828857,0.0572657436132431,0.28126978874206543,0.15014439821243286,0.23407043516635895,0.07731284201145172,-0.1460796296596527,0.18886303901672363,0.05099792778491974,-0.2718871533870697,-0.24393893778324127,0.0652860775589943,0.13274848461151123,-0.12826350331306458,0.2358035147190094,0.02368587628006935,0.049821700900793076,0.4234558939933777,-0.2768988013267517,-0.16563481092453003
0.44072604179382324,0.6628947257995605,1.551364541053772,-0.6085898746301088,-0.004867553929066659,-0.06683296880286288,-0.04034228194289808,0.011135313295996431,0.03554956887194377,0.5505646824836731,-0.03701175451278682,0.15193269252777108,0.6915951371192932,0.6274113655090332,1.713687777519226,-0.1919078,-0.0029245093,-0.06816392,56.0,1740111874.531599,0.09424301981925964,0.03552108630537987,0.2593304514884949,0.2187691330909729,-0.10672429203987122,0.07237622141838074,0.09028811007738113,0.399392306804657,0.253041535615921,0.09570379555225372,0.13061437010765076,0.400421142578125,0.22532665729522705,0.05554274097084999,0.2810254693031311,0.14725176990032196,0.23663991689682007,0.07764449715614319,-0.14467062056064606,0.1851097047328949,0.045913659036159515,-0.2729567885398865,-0.24278290569782257,0.06671449542045593,0.13288477063179016,-0.1285555511713028,0.23723852634429932,0.020524904131889343,0.04763108491897583,0.4171244502067566,-0.27518096566200256,-0.15794457495212555
0.4209861159324646,0.662635087966919,1.5502631664276123,-0.6085898746301088,-0.004867553929066659,-0.06683296880286288,-0.04063713806927768,0.012663167723562014,0.03441938639143412,0.5308944642543793,-0.03721619844436641,0.1507817268371583,0.6915951371192932,0.6274113655090332,1.713687777519226,-0.19710869,-0.001824759,-0.057908922,57.0,1740111874.5621443,0.09237124770879745,0.037188608199357986,0.25547367334365845,0.21257734298706055,-0.0993679016828537,0.07132036983966827,0.08732087910175323,0.39140912890434265,0.2501160502433777,0.09679733216762543,0.1297965794801712,0.39126527309417725,0.2212088704109192,0.05976448580622673,0.27397993206977844,0.14422577619552612,0.23022183775901794,0.07355482876300812,-0.13582812249660492,0.18101945519447327,0.05076567456126213,-0.2702695429325104,-0.23713995516300201,0.06381742656230927,0.12878836691379547,-0.1245560497045517,0.23222805559635162,0.024157099425792694,0.04795582592487335,0.41139131784439087,-0.26941508054733276,-0.15607427060604095
0.40234312415122986,0.6624529361724854,1.549743890762329,-0.62112085356976,-0.006911350869758901,-0.03373860512619924,-0.05005790951021156,0.021382719115792884,0.027412300995783727,0.5209861159324646,-0.03736491203308101,0.1502631664276124,0.6915951371192932,0.6274113655090332,1.713687777519226,-0.19710869,-0.001824759,-0.057908922,58.0,1740111874.595274,0.09237124770879745,0.037188608199357986,0.25547367334365845,0.21257734298706055,-0.0993679016828537,0.07132036983966827,0.08732087910175323,0.39140912890434265,0.2501160502433777,0.09679733216762543,0.1297965794801712,0.39126527309417725,0.2212088704109192,0.05976448580622673,0.27397993206977844,0.14422577619552612,0.23022183775901794,0.07355482876300812,-0.13582812249660492,0.18101945519447327,0.05076567456126213,-0.2702695429325104,-0.23713995516300201,0.06381742656230927,0.12878836691379547,-0.1245560497045517,0.23222805559635162,0.024157099425792694,0.04795582592487335,0.41139131784439087,-0.26941508054733276,-0.15607427060604095
0.3817874789237976,0.66197669506073,1.548312783241272,-0.62112085356976,-0.006911350869758901,-0.03373860512619924,-0.0403046118457955,0.01431412752120961,0.027262293322407607,0.4925308883190155,-0.03774870634078975,0.14923486709594735,0.6915951371192932,0.6274113655090332,1.713687777519226,-0.18575594,0.0010212064,-0.050591588,59.0,1740111874.6284628,0.09370112419128418,0.03853060305118561,0.25632989406585693,0.21058154106140137,-0.09592890739440918,0.06979533284902573,0.08593031018972397,0.39039671421051025,0.25286129117012024,0.09744508564472198,0.13099677860736847,0.3916724920272827,0.2228062003850937,0.06133356690406799,0.2754642963409424,0.1446099430322647,0.2313251495361328,0.07186360657215118,-0.13366614282131195,0.18014928698539734,0.04962605983018875,-0.27239781618118286,-0.23922647535800934,0.06532260030508041,0.13055765628814697,-0.12259039282798767,0.23388493061065674,0.020383697003126144,0.04725145921111107,0.41000670194625854,-0.2682209014892578,-0.15408191084861755
0.3635874092578888,0.6616814732551575,1.548058032989502,-0.62112085356976,-0.006911350869758901,-0.03373860512619924,-0.049160915625059684,0.02178830009184933,0.019709238704856306,0.4730863034725189,-0.03802998065948482,0.1483034849166871,0.6915951371192932,0.6274113655090332,1.713687777519226,-0.18575594,0.0010212064,-0.050591588,60.0,1740111874.661875,0.09370112419128418,0.03853060305118561,0.25632989406585693,0.21058154106140137,-0.09592890739440918,0.06979533284902573,0.08593031018972397,0.39039671421051025,0.25286129117012024,0.09744508564472198,0.13099677860736847,0.3916724920272827,0.2228062003850937,0.06133356690406799,0.2754642963409424,0.1446099430322647,0.2313251495361328,0.07186360657215118,-0.13366614282131195,0.18014928698539734,0.04962605983018875,-0.27239781618118286,-0.23922647535800934,0.06532260030508041,0.13055765628814697,-0.12259039282798767,0.23388493061065674,0.020383697003126144,0.04725145921111107,0.41000670194625854,-0.2682209014892578,-0.15408191084861755
0.34467145800590515,0.6612532734870911,1.547664761543274,-0.5766182282801989,-0.011994579286868716,-0.020787743562605186,-0.050496186987749936,0.024511797452685103,0.014685540621491805,0.46358740925788877,-0.038318526744842485,0.14805803298950204,0.6915951371192932,0.6274113655090332,1.713687777519226,-0.1745955,-0.0007919371,-0.075528994,61.0,1740111874.6957853,0.10083895921707153,0.03664984181523323,0.24789723753929138,0.19168902933597565,-0.07943152636289597,0.0503184050321579,0.0813283696770668,0.3580937385559082,0.25920751690864563,0.09519386291503906,0.1299545168876648,0.3775096833705902,0.21643880009651184,0.0453004464507103,0.2760315537452698,0.1390044391155243,0.23364008963108063,0.06458070874214172,-0.12413221597671509,0.1648212969303131,0.02291235327720642,-0.27398717403411865,-0.23281438648700714,0.0643988698720932,0.1457502245903015,-0.11050085723400116,0.2358854115009308,0.006573788821697235,0.033900678157806396,0.38094937801361084,-0.25574201345443726,-0.11764940619468689
0.32574498653411865,0.6606945991516113,1.5468575954437256,-0.5766182282801989,-0.011994579286868716,-0.020787743562605186,-0.049372145956607216,0.018497395351764694,0.010069486252540876,0.4356046974658966,-0.03863127231597896,0.14708969593048105,0.6915951371192932,0.6274113655090332,1.713687777519226,-0.15485618,0.008827664,-0.015818983,62.0,1740111874.7287204,0.08665531128644943,0.03823842853307724,0.2357407957315445,0.20138485729694366,-0.08771778643131256,0.04900632053613663,0.086424320936203,0.35946303606033325,0.24482154846191406,0.09564483165740967,0.12748385965824127,0.375111848115921,0.2164372205734253,0.041895244270563126,0.2601565420627594,0.1319369524717331,0.2226259857416153,0.07306082546710968,-0.12735287845134735,0.1713046133518219,0.024226002395153046,-0.26671767234802246,-0.22791141271591187,0.06611926108598709,0.126327246427536,-0.11242349445819855,0.2335664927959442,0.0063260141760110855,0.036984633654356,0.3760621249675751,-0.24495387077331543,-0.13094937801361084
0.3073383569717407,0.6601368188858032,1.546762466430664,-0.5766182282801989,-0.011994579286868716,-0.020787743562605186,-0.049913542552076536,0.019769723513546993,0.005732284368739379,0.4164863884449005,-0.03954584598541255,0.14683852195739755,0.6915951371192932,0.6274113655090332,1.713687777519226,-0.15485618,0.008827664,-0.015818983,63.0,1740111874.7619655,0.08665531128644943,0.03823842853307724,0.2357407957315445,0.20138485729694366,-0.08771778643131256,0.04900632053613663,0.086424320936203,0.35946303606033325,0.24482154846191406,0.09564483165740967,0.12748385965824127,0.375111848115921,0.2164372205734253,0.041895244270563126,0.2601565420627594,0.1319369524717331,0.2226259857416153,0.07306082546710968,-0.12735287845134735,0.1713046133518219,0.024226002395153046,-0.26671767234802246,-0.22791141271591187,0.06611926108598709,0.126327246427536,-0.11242349445819855,0.2335664927959442,0.0063260141760110855,0.036984633654356,0.3760621249675751,-0.24495387077331543,-0.13094937801361084
0.2809879183769226,0.6595475077629089,1.546583890914917,-0.5497064602419336,-0.01767985228321852,-0.009524654972421467,-0.05187556886754478,-0.043780348596768055,-0.039468594506188795,0.4073383569717407,-0.03986318111419673,0.14676246643066415,0.6915951371192932,0.6274113655090332,1.713687777519226,-0.15485618,0.008827664,-0.015818983,64.0,1740111874.8118377,0.08665531128644943,0.03823842853307724,0.2357407957315445,0.20138485729694366,-0.08771778643131256,0.04900632053613663,0.086424320936203,0.35946303606033325,0.24482154846191406,0.09564483165740967,0.12748385965824127,0.375111848115921,0.2164372205734253,0.041895244270563126,0.2601565420627594,0.1319369524717331,0.2226259857416153,0.07306082546710968,-0.12735287845134735,0.1713046133518219,0.024226002395153046,-0.26671767234802246,-0.22791141271591187,0.06611926108598709,0.126327246427536,-0.11242349445819855,0.2335664927959442,0.0063260141760110855,0.036984633654356,0.3760621249675751,-0.24495387077331543,-0.13094937801361084
0.2629159092903137,0.6583630442619324,1.5466967821121216,-0.5497064602419336,-0.01767985228321852,-0.009524654972421467,-0.05077256944134673,0.01580405433162896,-0.00047723720943806074,0.3809879183769226,-0.04045249223709102,0.14658389091491708,0.6915951371192932,0.6274113655090332,1.713687777519226,-0.14784198,0.010641605,-0.021742761,65.0,1740111874.844043,0.0887708067893982,0.03806636482477188,0.23640406131744385,0.17476028203964233,-0.05920642614364624,0.027249298989772797,0.08193451166152954,0.31945285201072693,0.24222570657730103,0.0946083515882492,0.12728813290596008,0.3510158956050873,0.205174520611763,0.029677117243409157,0.2592422664165497,0.1212744489312172,0.20959687232971191,0.05843435600399971,-0.10436667501926422,0.15051588416099548,-0.0001339893788099289,-0.2706616520881653,-0.2109878659248352,0.05913759768009186,0.1396757960319519,-0.09785891324281693,0.23631025850772858,-0.003219231963157654,0.018602505326271057,0.3542262315750122,-0.2240733802318573,-0.08980010449886322
0.2548576593399048,0.6583534479141235,1.5466104745864868,-0.5497064602419336,-0.01767985228321852,-0.009524654972421467,-0.05123603499632663,-0.022020613001680636,-0.02490924637282598,0.3629159092903137,-0.04163695573806758,0.14669678211212167,0.6915951371192932,0.6274113655090332,1.713687777519226,-0.14674813,0.011338599,-0.011549592,66.0,1740111874.8677635,0.08658469468355179,0.03976568579673767,0.239091157913208,0.1794617921113968,-0.05703139305114746,0.025009214878082275,0.08410371094942093,0.3216741681098938,0.24330244958400726,0.09940783679485321,0.1343415081501007,0.3553546667098999,0.20870575308799744,0.02942008525133133,0.260026752948761,0.11974397301673889,0.208726704120636,0.05923988297581673,-0.10313621163368225,0.15437757968902588,-0.00029258523136377335,-0.27859652042388916,-0.21353596448898315,0.061723917722702026,0.1354926973581314,-0.09838434308767319,0.24032136797904968,-0.005721427500247955,0.016159702092409134,0.35757458209991455,-0.2217857539653778,-0.09131893515586853
0.23749807476997375,0.6571097373962402,1.5471982955932617,-0.5497064602419336,-0.01767985228321852,-0.009524654972421467,-0.05086664431001911,0.018897254771842707,-0.004173218117777079,0.34585837125778196,-0.04248399734497066,0.1468142032623292,0.6915951371192932,0.6274113655090332,1.713687777519226,-0.13395423,0.012077399,-0.019582383,67.0,1740111874.8991778,0.08265060186386108,0.040851254016160965,0.2232334166765213,0.1617678701877594,-0.047021739184856415,0.011371787637472153,0.07520023733377457,0.29469600319862366,0.23679065704345703,0.09066025912761688,0.12393751740455627,0.32952070236206055,0.19749300181865692,0.01975608803331852,0.24565178155899048,0.1102139949798584,0.20037418603897095,0.05279405787587166,-0.09701137244701385,0.1369227170944214,-0.013922982849180698,-0.2637036144733429,-0.20084162056446075,0.05622822791337967,0.13926348090171814,-0.08599717170000076,0.23448869585990906,-0.010510332882404327,0.010588482022285461,0.3258458375930786,-0.20336277782917023,-0.06858754903078079
0.221005380153656,0.656263530254364,1.5474692583084106,-0.49943061379832543,-0.020515384415599983,0.003219529347363542,-0.050598484783834614,0.016608415601209296,-0.004329437366282754,0.329706734418869,-0.04297561645507808,0.14708969593048105,0.6915951371192932,0.6274113655090332,1.713687777519226,-0.13395423,0.012077399,-0.019582383,68.0,1740111874.9318419,0.08265060186386108,0.040851254016160965,0.2232334166765213,0.1617678701877594,-0.047021739184856415,0.011371787637472153,0.07520023733377457,0.29469600319862366,0.23679065704345703,0.09066025912761688,0.12393751740455627,0.32952070236206055,0.19749300181865692,0.01975608803331852,0.24565178155899048,0.1102139949798584,0.20037418603897095,0.05279405787587166,-0.09701137244701385,0.1369227170944214,-0.013922982849180698,-0.2637036144733429,-0.20084162056446075,0.05622822791337967,0.13926348090171814,-0.08599717170000076,0.23448869585990906,-0.010510332882404327,0.010588482022285461,0.3258458375930786,-0.20336277782917023,-0.06858754903078079
0.20606431365013123,0.6558976769447327,1.548110008239746,-0.49943061379832543,-0.020515384415599983,0.003219529347363542,-0.05641803410473089,0.009156524070791676,-0.00939395548341427,0.3137252688407898,-0.04387016296386714,0.14755711555480966,0.6915951371192932,0.6274113655090332,1.713687777519226,-0.13928321,0.011287563,-0.022215784,69.0,1740111874.965809,0.08910123258829117,0.04149162769317627,0.2289261668920517,0.16360940039157867,-0.04831038415431976,0.010322187095880508,0.07458163052797318,0.29983121156692505,0.24610841274261475,0.09243154525756836,0.12684188783168793,0.3366054892539978,0.20110757648944855,0.018518103286623955,0.2558891475200653,0.11380355805158615,0.20911341905593872,0.05389731004834175,-0.09951099753379822,0.13810443878173828,-0.017920292913913727,-0.27138105034828186,-0.20555689930915833,0.05891898274421692,0.14601241052150726,-0.08739618211984634,0.240022212266922,-0.012874480336904526,0.007841004058718681,0.33042028546333313,-0.21101422607898712,-0.06438200920820236
0.1904652714729309,0.6548841595649719,1.5487438440322876,-0.49943061379832543,-0.020515384415599983,0.003219529347363542,-0.057673483715434834,0.010555015308928576,-0.008709652703114221,0.2982302665710449,-0.04464234113693233,0.14853081703186044,0.6915951371192932,0.6274113655090332,1.713687777519226,-0.13202888,0.012457788,-0.013851419,70.0,1740111875.00037,0.1027369350194931,0.04259993135929108,0.246736079454422,0.16180169582366943,-0.04190700501203537,0.010742854326963425,0.07667557150125504,0.3095240294933319,0.2626153528690338,0.099077969789505,0.1345948725938797,0.34999334812164307,0.2060886174440384,0.02671721577644348,0.2779448926448822,0.12220507115125656,0.22010374069213867,0.04784077778458595,-0.09497927129268646,0.13629773259162903,-0.020232949405908585,-0.28921619057655334,-0.21158136427402496,0.06313031166791916,0.157860666513443,-0.088565893471241,0.24686339497566223,-0.014774776995182037,0.0008193459361791611,0.34315982460975647,-0.22269880771636963,-0.05198642238974571
0.1754104197025299,0.6538420915603638,1.5494632720947266,-0.4527692784845611,-0.02653668215426764,0.019792915466327887,-0.056762773697572856,0.009076064048954734,-0.008536035346666344,0.2827413737773895,-0.0458277583122253,0.14899966716766366,0.6915951371192932,0.6274113655090332,1.713687777519226,-0.12841472,0.011292584,-0.021194637,71.0,1740111875.0335116,0.10679364204406738,0.044633977115154266,0.25224053859710693,0.15944749116897583,-0.039852142333984375,0.009556315839290619,0.07403326779603958,0.3119675815105438,0.2682303190231323,0.09831701219081879,0.13304978609085083,0.3504881262779236,0.20581932365894318,0.028185389935970306,0.2845136225223541,0.12470781058073044,0.2231450080871582,0.04358532652258873,-0.09530439972877502,0.13178297877311707,-0.02233264222741127,-0.29120734333992004,-0.21276533603668213,0.06226177513599396,0.16508762538433075,-0.08748900890350342,0.24923206865787506,-0.01408321037888527,-0.001500232145190239,0.34457892179489136,-0.22556647658348083,-0.045244425535202026
0.16085751354694366,0.6528443694114685,1.5503268241882324,-0.4527692784845611,-0.02653668215426764,0.019792915466327887,-0.05719363396436478,0.008913536641586214,-0.008736144048457677,0.268110579252243,-0.04671193361282344,0.14990673065185556,0.6915951371192932,0.6274113655090332,1.713687777519226,-0.11800702,0.011244349,-0.02973216,72.0,1740111875.066424,0.10551027953624725,0.04693950340151787,0.24832779169082642,0.1567961871623993,-0.03973572701215744,0.003349505364894867,0.07047408074140549,0.30634307861328125,0.2687908411026001,0.09712395071983337,0.13305610418319702,0.34546422958374023,0.2036397010087967,0.02510954439640045,0.28329572081565857,0.12139758467674255,0.2218513935804367,0.043562036007642746,-0.09377378225326538,0.1283038854598999,-0.025991778820753098,-0.29046741127967834,-0.20952631533145905,0.06200557202100754,0.1640368103981018,-0.08475034683942795,0.25030866265296936,-0.015739016234874725,-0.004826206713914871,0.3374216854572296,-0.220531165599823,-0.03855467587709427
0.14604657888412476,0.652123749256134,1.55135178565979,-0.4527692784845611,-0.02653668215426764,0.019792915466327887,-0.06654257750808305,0.007112715053369786,-0.010645084890776448,0.2536755859851837,-0.047817242145538286,0.1508284568786622,0.6915951371192932,0.6274113655090332,1.713687777519226,-0.11800702,0.011244349,-0.02973216,73.0,1740111875.0996199,0.10551027953624725,0.04693950340151787,0.24832779169082642,0.1567961871623993,-0.03973572701215744,0.003349505364894867,0.07047408074140549,0.30634307861328125,0.2687908411026001,0.09712395071983337,0.13305610418319702,0.34546422958374023,0.2036397010087967,0.02510954439640045,0.28329572081565857,0.12139758467674255,0.2218513935804367,0.043562036007642746,-0.09377378225326538,0.1283038854598999,-0.025991778820753098,-0.29046741127967834,-0.20952631533145905,0.06200557202100754,0.1640368103981018,-0.08475034683942795,0.25030866265296936,-0.015739016234874725,-0.004826206713914871,0.3374216854572296,-0.220531165599823,-0.03855467587709427
0.13115599751472473,0.6491379141807556,1.5515388250350952,-0.44238854277392997,-0.04702522534546616,0.020748227981448028,-0.033644798930034366,-0.0036709098061213927,-0.007673108899652436,0.23992111384868622,-0.04892487525939937,0.15180275440216073,0.6915951371192932,0.6274113655090332,1.713687777519226,-0.109715834,0.01043009,-0.02672474,74.0,1740111875.1323726,0.10549001395702362,0.047513239085674286,0.24454107880592346,0.1497308909893036,-0.03367350250482559,-0.0018857568502426147,0.06655681878328323,0.2968316674232483,0.2690379321575165,0.09436310827732086,0.1302659809589386,0.33610332012176514,0.20063337683677673,0.0207233764231205,0.2806394398212433,0.11851751804351807,0.2213367223739624,0.04053478315472603,-0.09248529374599457,0.12064685672521591,-0.033818650990724564,-0.28695499897003174,-0.20705582201480865,0.06180059164762497,0.16932427883148193,-0.07992539554834366,0.25021177530288696,-0.02084924653172493,-0.00815647467970848,0.32462337613105774,-0.21513664722442627,-0.0268293097615242
0.11967545747756958,0.6494601964950562,1.5530071258544922,-0.44238854277392997,-0.04702522534546616,0.020748227981448028,-0.05902544845418923,0.008165273726390187,-0.006069194211685537,0.22497939169406891,-0.051821899414062456,0.15272364616394052,0.6915951371192932,0.6274113655090332,1.713687777519226,-0.10012818,0.011323087,-0.014993101,75.0,1740111875.174245,0.11317366361618042,0.049385614693164825,0.24583330750465393,0.13877274096012115,-0.02712978422641754,-0.008955072611570358,0.059243157505989075,0.28891733288764954,0.2760027050971985,0.08948348462581635,0.12607452273368835,0.32747387886047363,0.19679893553256989,0.016224287450313568,0.287303626537323,0.11665724962949753,0.22774586081504822,0.03506004437804222,-0.09212253987789154,0.10677320510149002,-0.046634893864393234,-0.2868117094039917,-0.20451262593269348,0.06024358421564102,0.18275322020053864,-0.0761919766664505,0.2535064220428467,-0.024296432733535767,-0.016275975853204727,0.3110135793685913,-0.2138729989528656,-0.003778812475502491
0.10568492859601974,0.6487790942192078,1.5538049936294556,-0.44238854277392997,-0.04702522534546616,0.020748227981448028,-0.07197886178127522,0.009912876894993485,-0.006279902896131736,0.21324401944875718,-0.051256310939788774,0.15348074436187753,0.6915951371192932,0.6274113655090332,1.713687777519226,-0.111746795,0.009513624,-0.021011487,76.0,1740111875.2029245,0.12442867457866669,0.05235649272799492,0.26187434792518616,0.14352180063724518,-0.03039596974849701,-0.0023679137229919434,0.05793840065598488,0.307176411151886,0.2919018864631653,0.09415461122989655,0.13145242631435394,0.3427697420120239,0.2028975486755371,0.025173664093017578,0.30624499917030334,0.12611684203147888,0.23996229469776154,0.034103330224752426,-0.094784677028656,0.10999194532632828,-0.03978908434510231,-0.2990630567073822,-0.21327832341194153,0.061189405620098114,0.19184580445289612,-0.0815729945898056,0.259450763463974,-0.01771649718284607,-0.016077864915132523,0.3313181400299072,-0.23073843121528625,-0.005927524529397488
0.09212614595890045,0.6457201242446899,1.5549801588058472,-0.44238854277392997,-0.04702522534546616,0.020748227981448028,-0.04655417288079315,-0.004960716049661297,-0.020085174482110106,0.19877736121416092,-0.05390830039978023,0.1543755292892457,0.6915951371192932,0.6274113655090332,1.713687777519226,-0.11408177,0.009244777,-0.020675145,77.0,1740111875.232822,0.12240828573703766,0.05255664139986038,0.25844380259513855,0.14265990257263184,-0.029548287391662598,-0.003190990537405014,0.05712687596678734,0.3046095073223114,0.289459228515625,0.09478607773780823,0.1314135491847992,0.34008994698524475,0.20193158090114594,0.02623024582862854,0.30212172865867615,0.12467653304338455,0.2370743453502655,0.03329061344265938,-0.09268589317798615,0.11011054366827011,-0.037946708500385284,-0.2976299822330475,-0.21210931241512299,0.061617545783519745,0.18822157382965088,-0.08005989342927933,0.2578734755516052,-0.018479064106941223,-0.015014693140983582,0.3286604583263397,-0.22705096006393433,-0.006647187285125256
0.07619205862283707,0.6430362462997437,1.5531589984893799,-0.4206802173540952,-0.04079884996457596,0.02520089870891841,-0.03915112983636202,0.005671171700966381,-0.0010573175574893582,0.1848633646965027,-0.05535168647766109,0.15431199073791513,0.6915951371192932,0.6274113655090332,1.713687777519226,-0.11408177,0.009244777,-0.020675145,78.0,1740111875.2655015,0.12240828573703766,0.05255664139986038,0.25844380259513855,0.14265990257263184,-0.029548287391662598,-0.003190990537405014,0.05712687596678734,0.3046095073223114,0.289459228515625,0.09478607773780823,0.1314135491847992,0.34008994698524475,0.20193158090114594,0.02623024582862854,0.30212172865867615,0.12467653304338455,0.2370743453502655,0.03329061344265938,-0.09268589317798615,0.11011054366827011,-0.037946708500385284,-0.2976299822330475,-0.21210931241512299,0.061617545783519745,0.18822157382965088,-0.08005989342927933,0.2578734755516052,-0.018479064106941223,-0.015014693140983582,0.3286604583263397,-0.22705096006393433,-0.006647187285125256
0.06723405420780182,0.6431624293327332,1.5553195476531982,-0.4206802173540952,-0.04079884996457596,0.02520089870891841,-0.04799353145545174,0.042170743396428324,0.026452922302484288,0.1715353712439537,-0.05695087909698482,0.1544767379760743,0.6915951371192932,0.6274113655090332,1.713687777519226,-0.10267148,0.010283746,-0.021379977,79.0,1740111875.2988434,0.11876362562179565,0.05265766382217407,0.24695411324501038,0.1339901089668274,-0.02606409788131714,-0.006850525736808777,0.05312664806842804,0.2893812358379364,0.2827017903327942,0.08788783848285675,0.12124629318714142,0.3232262432575226,0.19470222294330597,0.019694926217198372,0.2914895713329315,0.1208915188908577,0.23180049657821655,0.031231295317411423,-0.09337234497070312,0.10047740489244461,-0.04534761235117912,-0.2811168432235718,-0.20563113689422607,0.05802324414253235,0.19297008216381073,-0.07406976819038391,0.25084996223449707,-0.01994248479604721,-0.01535288617014885,0.3094679117202759,-0.21825435757637024,0.0014314893633127213
0.05560962110757828,0.6410825252532959,1.5558840036392212,-0.4206802173540952,-0.04079884996457596,0.02520089870891841,-0.044472015558746095,0.0014400052375627016,0.0014409357408605914,0.1611390769481659,-0.057624888420104936,0.15564117431640634,0.6915951371192932,0.6274113655090332,1.713687777519226,-0.09514582,0.007303849,-0.02777256,80.0,1740111875.3340137,0.1289093941450119,0.05622176080942154,0.25466984510421753,0.1286889910697937,-0.025176331400871277,-0.006839171051979065,0.04830731078982353,0.2942313849925995,0.2968524992465973,0.08414779603481293,0.11645287275314331,0.3231530487537384,0.19383403658866882,0.018545866012573242,0.30434557795524597,0.12473232299089432,0.24401061236858368,0.029120299965143204,-0.09909512102603912,0.0899234339594841,-0.054233599454164505,-0.2803003489971161,-0.20907925069332123,0.0584024041891098,0.21149101853370667,-0.07243938744068146,0.2549615502357483,-0.021509312093257904,-0.019719813019037247,0.3060787618160248,-0.22779545187950134,0.01827714778482914
0.04628950357437134,0.6407871246337891,1.5572457313537598,-0.32171057471858616,-0.03220277307732841,0.02446774453328349,-0.039141139758458544,0.036322089998913766,0.02249385035278885,0.15126696079969407,-0.058750939369201616,0.1576179027557374,0.6915951371192932,0.6274113655090332,1.713687777519226,-0.103376016,0.008272685,-0.03392242,81.0,1740111875.3647254,0.1318071186542511,0.05618828535079956,0.2564510703086853,0.12597191333770752,-0.024420782923698425,-0.007806200534105301,0.04855930432677269,0.29373398423194885,0.3004956841468811,0.08332645893096924,0.11581216752529144,0.32349473237991333,0.19476978480815887,0.0178740993142128,0.30695605278015137,0.12541905045509338,0.24653519690036774,0.02934059128165245,-0.09747053682804108,0.08768681436777115,-0.05597599968314171,-0.2815660238265991,-0.20871055126190186,0.05769354850053787,0.21534554660320282,-0.0718584656715393,0.2555429935455322,-0.021317370235919952,-0.020387839525938034,0.3051815927028656,-0.22976398468017578,0.022809971123933792
0.0320986770093441,0.6384717226028442,1.557159662246704,-0.32171057471858616,-0.03220277307732841,0.02446774453328349,-0.027813108778843375,-0.05464304699376557,-0.029682461835345505,0.14012005776166916,-0.05954630374908443,0.1582439899444581,0.6915951371192932,0.6274113655090332,1.713687777519226,-0.09368678,0.009675346,-0.019211069,82.0,1740111875.3973458,0.13684169948101044,0.057313222438097,0.2585330605506897,0.12118023633956909,-0.022198937833309174,-0.012142688035964966,0.04479347914457321,0.2914797067642212,0.3060624301433563,0.08182677626609802,0.11462563276290894,0.320994108915329,0.19340163469314575,0.015711836516857147,0.31308749318122864,0.12492857128381729,0.2515108287334442,0.026884477585554123,-0.09695909917354584,0.08183877915143967,-0.06240222230553627,-0.28393569588661194,-0.20880529284477234,0.05731523036956787,0.2218816578388214,-0.06990927457809448,0.25912728905677795,-0.02268926426768303,-0.02559332177042961,0.30109596252441406,-0.23059037327766418,0.03433829918503761
0.025573521852493286,0.6398412585258484,1.5593469142913818,-0.32171057471858616,-0.03220277307732841,0.02446774453328349,-0.06730030075910265,0.07511767487393962,0.04245838827087487,0.1266292914748192,-0.06262649297714229,0.15774331092834482,0.6915951371192932,0.6274113655090332,1.713687777519226,-0.09368678,0.009675346,-0.019211069,83.0,1740111875.431645,0.13684169948101044,0.057313222438097,0.2585330605506897,0.12118023633956909,-0.022198937833309174,-0.012142688035964966,0.04479347914457321,0.2914797067642212,0.3060624301433563,0.08182677626609802,0.11462563276290894,0.320994108915329,0.19340163469314575,0.015711836516857147,0.31308749318122864,0.12492857128381729,0.2515108287334442,0.026884477585554123,-0.09695909917354584,0.08183877915143967,-0.06240222230553627,-0.28393569588661194,-0.20880529284477234,0.05731523036956787,0.2218816578388214,-0.06990927457809448,0.25912728905677795,-0.02268926426768303,-0.02559332177042961,0.30109596252441406,-0.23059037327766418,0.03433829918503761
0.010464843362569809,0.6359885334968567,1.5586248636245728,-0.35812399153665386,-0.0479694880998346,0.013786602601686472,-0.05016658298125583,-0.01287504644717309,0.008546356999161711,0.11574217155575753,-0.0634664416313171,0.15744683742523202,0.6915951371192932,0.6274113655090332,1.713687777519226,-0.09720083,0.00894855,-0.027151681,84.0,1740111875.4642305,0.13690324127674103,0.057084184139966965,0.25402411818504333,0.11671477556228638,-0.02085479348897934,-0.014436010271310806,0.04282063618302345,0.28594961762428284,0.30391228199005127,0.07851135730743408,0.10976014286279678,0.31443071365356445,0.18999426066875458,0.01309879682958126,0.31035152077674866,0.12318103760480881,0.2508322596549988,0.02534591779112816,-0.09681183099746704,0.07671169191598892,-0.06715107709169388,-0.27825137972831726,-0.20586064457893372,0.05614668130874634,0.2236257642507553,-0.06717699021100998,0.2573190927505493,-0.024107079952955246,-0.027200352400541306,0.2923325300216675,-0.22682106494903564,0.04011979699134827
0.0048883333802223206,0.6366989612579346,1.5595464706420898,-0.35812399153665386,-0.0479694880998346,0.013786602601686472,-0.05207961217843344,0.02945530923684228,0.0214969699458736,0.10552188232541085,-0.06464285850524898,0.15889844894409189,0.6915951371192932,0.6274113655090332,1.713687777519226,-0.072711326,0.005578816,-0.06487262,85.0,1740111875.498003,0.14053508639335632,0.06068125367164612,0.28214824199676514,0.15759451687335968,-0.03378380089998245,-0.025594953447580338,0.04823866859078407,0.3231474459171295,0.31774234771728516,0.09344272315502167,0.1420365422964096,0.3562179207801819,0.21311570703983307,0.003833896480500698,0.34162455797195435,0.11917440593242645,0.2721439301967621,0.0371922068297863,-0.11939610540866852,0.10634277015924454,-0.07999338209629059,-0.3307736814022064,-0.23316289484500885,0.07584627717733383,0.214520663022995,-0.08176641911268234,0.3034430742263794,-0.04607301950454712,-0.040746066719293594,0.326065331697464,-0.23497998714447021,0.032322198152542114
-0.007794685661792755,0.6343433856964111,1.5590630769729614,-0.35812399153665386,-0.0479694880998346,0.013786602601686472,-0.04514800741595455,-0.014249231776000676,-0.010677399913532098,0.09929251521825791,-0.06411225795745845,0.1609772205352784,0.6915951371192932,0.6274113655090332,1.713687777519226,-0.07115041,0.0045280606,-0.064212754,86.0,1740111875.5329309,0.14681169390678406,0.06391686201095581,0.28593188524246216,0.15332937240600586,-0.03529562056064606,-0.026466624811291695,0.04415396228432655,0.323557049036026,0.32724666595458984,0.08921536803245544,0.13653124868869781,0.3530776798725128,0.2109653651714325,0.0011468520388007164,0.3490103781223297,0.12145504355430603,0.2787647545337677,0.03618055209517479,-0.12197591364383698,0.09767522662878036,-0.08619213849306107,-0.3266100585460663,-0.2329842746257782,0.07325910776853561,0.2279854118824005,-0.08001966774463654,0.3040408492088318,-0.04291675239801407,-0.043775226920843124,0.32328251004219055,-0.24139511585235596,0.04392849653959274
-0.01658247970044613,0.6334998607635498,1.5595965385437012,-0.27045092036880314,-0.02488467452588416,0.00971594769527851,-0.04275774726928366,-0.010126287985799624,-0.01366302415077782,0.09256512522697449,-0.06342591047286983,0.16135261058807382,0.6915951371192932,0.6274113655090332,1.713687777519226,-0.07466166,0.0040465444,-0.058595657,87.0,1740111875.5651538,0.1362038105726242,0.06116623058915138,0.269380658864975,0.14573904871940613,-0.02858193963766098,-0.028573788702487946,0.04469437897205353,0.3062472939491272,0.3101626932621002,0.08625753223896027,0.13067419826984406,0.3358738422393799,0.2035815268754959,-0.0006364006549119949,0.3276022672653198,0.11402946710586548,0.26433199644088745,0.03407977893948555,-0.11590765416622162,0.0936543270945549,-0.08507753163576126,-0.3123064339160919,-0.22368629276752472,0.07096240669488907,0.21706224977970123,-0.07409161329269409,0.2929898798465729,-0.046698056161403656,-0.03989504650235176,0.30458781123161316,-0.224828839302063,0.042048439383506775
-0.02333342656493187,0.6334196329116821,1.56041419506073,-0.27045092036880314,-0.02488467452588416,0.00971594769527851,-0.051970210115620905,0.01998593021207349,-0.002148493265349454,0.08076512850821019,-0.06656451225280757,0.16026601791381845,0.6915951371192932,0.6274113655090332,1.713687777519226,-0.07466166,0.0040465444,-0.058595657,88.0,1740111875.5983365,0.1362038105726242,0.06116623058915138,0.269380658864975,0.14573904871940613,-0.02858193963766098,-0.028573788702487946,0.04469437897205353,0.3062472939491272,0.3101626932621002,0.08625753223896027,0.13067419826984406,0.3358738422393799,0.2035815268754959,-0.0006364006549119949,0.3276022672653198,0.11402946710586548,0.26433199644088745,0.03407977893948555,-0.11590765416622162,0.0936543270945549,-0.08507753163576126,-0.3123064339160919,-0.22368629276752472,0.07096240669488907,0.21706224977970123,-0.07409161329269409,0.2929898798465729,-0.046698056161403656,-0.03989504650235176,0.30458781123161316,-0.224828839302063,0.042048439383506775
-0.04070677235722542,0.631758987903595,1.5615508556365967,-0.2406871024609954,-0.01736861885970233,0.019498143430407778,-0.043787213733047795,-0.003336736156173079,-0.012899934561198272,0.07201403044164181,-0.06716759204864498,0.16128203868865976,0.6915951371192932,0.6274113655090332,1.713687777519226,-0.077926725,0.005894184,-0.04377088,89.0,1740111875.6746926,0.1380980908870697,0.06243734061717987,0.2703635096549988,0.1432909369468689,-0.02883027493953705,-0.02977828122675419,0.04217411205172539,0.30468711256980896,0.3143439292907715,0.08410538733005524,0.12984733283519745,0.3335343897342682,0.20212343335151672,-0.0017459988594055176,0.32963845133781433,0.11332472413778305,0.2661997973918915,0.03394901379942894,-0.11556686460971832,0.08947927504777908,-0.08703554421663284,-0.3115009665489197,-0.22247985005378723,0.06902865320444107,0.2212812900543213,-0.07286173105239868,0.2932758331298828,-0.04423687607049942,-0.040960509330034256,0.30237478017807007,-0.22608324885368347,0.04744414985179901
-0.047640033066272736,0.6308404803276062,1.562109112739563,-0.2406871024609954,-0.01736861885970233,0.019498143430407778,-0.04052104030143962,0.014912356770387153,-0.0014688896715768843,0.05929322764277459,-0.06824101209640498,0.16155085563659677,0.6915951371192932,0.6274113655090332,1.713687777519226,-0.06520882,0.0050814375,-0.057108983,90.0,1740111875.6981194,0.13971471786499023,0.06059280037879944,0.26566028594970703,0.13552558422088623,-0.02606639266014099,-0.033154647797346115,0.040467869490385056,0.2977766990661621,0.3144461214542389,0.07944568991661072,0.12186633050441742,0.3243274390697479,0.19878630340099335,-0.008543167263269424,0.3282987177371979,0.11191181093454361,0.26972323656082153,0.03285251185297966,-0.1196567565202713,0.08005320280790329,-0.09825792908668518,-0.30324244499206543,-0.22108817100524902,0.06767763197422028,0.23182573914527893,-0.06960556656122208,0.29159781336784363,-0.04771465063095093,-0.04375840350985527,0.28749021887779236,-0.22450411319732666,0.058589525520801544
-0.05548548698425293,0.6304576992988586,1.5642155408859253,-0.2406871024609954,-0.01736861885970233,0.019498143430407778,-0.048085323491135555,0.005378827238758388,0.003435595749348136,0.04861622899770737,-0.06912536621093746,0.162846064567566,0.6915951371192932,0.6274113655090332,1.713687777519226,-0.06770414,0.0062437654,-0.043401644,91.0,1740111875.7316685,0.13740520179271698,0.059353843331336975,0.2579863369464874,0.1272006332874298,-0.021046459674835205,-0.036097634583711624,0.03835076466202736,0.28600141406059265,0.30780959129333496,0.07717600464820862,0.1172177642583847,0.3137108385562897,0.19384998083114624,-0.009150778874754906,0.3203496038913727,0.10888860374689102,0.2637597620487213,0.028876371681690216,-0.11395350098609924,0.07446391135454178,-0.10002169013023376,-0.2961210608482361,-0.21497474610805511,0.06554815173149109,0.2289920598268509,-0.06572318077087402,0.2858451008796692,-0.04847979545593262,-0.04454076662659645,0.27649956941604614,-0.21586987376213074,0.06415119022130966
-0.06215592473745346,0.6298052072525024,1.5641025304794312,-0.2406871024609954,-0.01736861885970233,0.019498143430407778,-0.046439914564024735,0.0032645574071956886,-0.013977270794009965,0.04129443541169167,-0.06993765830993648,0.16348800659179696,0.6915951371192932,0.6274113655090332,1.713687777519226,-0.06770414,0.0062437654,-0.043401644,92.0,1740111875.764786,0.13740520179271698,0.059353843331336975,0.2579863369464874,0.1272006332874298,-0.021046459674835205,-0.036097634583711624,0.03835076466202736,0.28600141406059265,0.30780959129333496,0.07717600464820862,0.1172177642583847,0.3137108385562897,0.19384998083114624,-0.009150778874754906,0.3203496038913727,0.10888860374689102,0.2637597620487213,0.028876371681690216,-0.11395350098609924,0.07446391135454178,-0.10002169013023376,-0.2961210608482361,-0.21497474610805511,0.06554815173149109,0.2289920598268509,-0.06572318077087402,0.2858451008796692,-0.04847979545593262,-0.04454076662659645,0.27649956941604614,-0.21586987376213074,0.06415119022130966
-0.06817068159580231,0.6291162371635437,1.566386103630066,-0.20612419375542307,-0.019769286186226826,0.0351493778906393,-0.04831920043429195,0.005401992158626137,0.0008843768808950616,0.037844075262546545,-0.07019479274749751,0.16410253047943124,0.6915951371192932,0.6274113655090332,1.713687777519226,-0.070873,0.007594995,-0.04197091,93.0,1740111875.798136,0.13358043134212494,0.059338610619306564,0.2532847225666046,0.1273038387298584,-0.021574288606643677,-0.037712711840867996,0.037966180592775345,0.28268805146217346,0.3037102222442627,0.07483494281768799,0.114876389503479,0.3098657727241516,0.19362731277942657,-0.012361275032162666,0.31579238176345825,0.10698585957288742,0.26131314039230347,0.03001006320118904,-0.11570180952548981,0.07402290403842926,-0.10306018590927124,-0.29117387533187866,-0.21407777070999146,0.06604368984699249,0.22742551565170288,-0.06561893224716187,0.2848351299762726,-0.05013831704854965,-0.04420621320605278,0.27145662903785706,-0.2118544727563858,0.06325601786375046
-0.07700470834970474,0.6279374361038208,1.568454384803772,-0.20612419375542307,-0.019769286186226826,0.0351493778906393,-0.04690681508140492,0.0046781161644996894,0.0006643562994294904,0.028730823099613195,-0.07141507863998409,0.16712734699249276,0.6915951371192932,0.6274113655090332,1.713687777519226,-0.06108743,0.005185239,-0.05475995,94.0,1740111875.8559463,0.1394609808921814,0.059826016426086426,0.2537975013256073,0.1217934787273407,-0.01889471337199211,-0.03819914162158966,0.03591866418719292,0.2795586585998535,0.30875933170318604,0.07230396568775177,0.1084221601486206,0.306869775056839,0.1928790807723999,-0.013932054862380028,0.3200002610683441,0.11019040644168854,0.2664783000946045,0.02728867530822754,-0.11805236339569092,0.06867951154708862,-0.10978564620018005,-0.28601568937301636,-0.21539580821990967,0.06580433994531631,0.23857006430625916,-0.06378987431526184,0.2847519814968109,-0.0521949902176857,-0.045984867960214615,0.2658066153526306,-0.21551513671875,0.07320422679185867
-0.08165387809276581,0.6268180012702942,1.5686358213424683,-0.20612419375542307,-0.019769286186226826,0.0351493778906393,-0.03945676239946063,0.023551442398204378,-0.0017711916816678973,0.022995291650295263,-0.07206256389617915,0.16845438480377206,0.6915951371192932,0.6274113655090332,1.713687777519226,-0.044301502,0.0051886514,-0.056077868,95.0,1740111875.882211,0.1370878368616104,0.06014372408390045,0.2515948414802551,0.12046423554420471,-0.017489265650510788,-0.038918767124414444,0.035593289881944656,0.2750537097454071,0.3056347966194153,0.07090844213962555,0.10704176872968674,0.30151888728141785,0.19076767563819885,-0.014716099947690964,0.3162221312522888,0.10902976244688034,0.26341402530670166,0.025415819138288498,-0.1168920248746872,0.06712834537029266,-0.11015672981739044,-0.28228917717933655,-0.21348626911640167,0.06518412381410599,0.2376297265291214,-0.06181688606739044,0.2826085388660431,-0.05251731723546982,-0.04582853242754936,0.261635422706604,-0.21187101304531097,0.07343842834234238
-0.0873117595911026,0.6259512305259705,1.570755124092102,-0.17558863913199907,-0.026237477838320523,0.037509048900910745,-0.042948450759832904,0.0032999523402265783,-0.017186826247153595,0.015284126996994024,-0.0734955787658691,0.1698878765106202,0.6915951371192932,0.6274113655090332,1.713687777519226,-0.038361393,0.0043012425,-0.056207657,96.0,1740111875.9148922,0.13615190982818604,0.05999677628278732,0.2471502125263214,0.11725495755672455,-0.01603063941001892,-0.04018140584230423,0.03510572761297226,0.27097082138061523,0.3032825291156769,0.06870441138744354,0.10302695631980896,0.2968568503856659,0.18952468037605286,-0.01680539920926094,0.31252482533454895,0.10735076665878296,0.2628374695777893,0.02568553015589714,-0.11737371981143951,0.06427722424268723,-0.1134965568780899,-0.2769191861152649,-0.21202637255191803,0.06512792408466339,0.23853030800819397,-0.0606372207403183,0.28085604310035706,-0.05520103871822357,-0.045646075159311295,0.254082053899765,-0.20952492952346802,0.075887531042099
-0.09195560961961746,0.6250192523002625,1.5722901821136475,-0.17558863913199907,-0.026237477838320523,0.037509048900910745,-0.042969584723680405,0.0021950690865545734,-0.019859259684101807,0.012688240408897405,-0.0740487694740295,0.17075512409210214,0.6915951371192932,0.6274113655090332,1.713687777519226,-0.038361393,0.0043012425,-0.056207657,97.0,1740111875.9547536,0.13615190982818604,0.05999677628278732,0.2471502125263214,0.11725495755672455,-0.01603063941001892,-0.04018140584230423,0.03510572761297226,0.27097082138061523,0.3032825291156769,0.06870441138744354,0.10302695631980896,0.2968568503856659,0.18952468037605286,-0.01680539920926094,0.31252482533454895,0.10735076665878296,0.2628374695777893,0.02568553015589714,-0.11737371981143951,0.06427722424268723,-0.1134965568780899,-0.2769191861152649,-0.21202637255191803,0.06512792408466339,0.23853030800819397,-0.0606372207403183,0.28085604310035706,-0.05520103871822357,-0.045646075159311295,0.254082053899765,-0.20952492952346802,0.075887531042099
-0.09697102010250092,0.6237713694572449,1.5736950635910034,-0.17558863913199907,-0.026237477838320523,0.037509048900910745,-0.04587304393953395,0.0016722742221890042,-0.022693950958023717,0.008044390380382543,-0.0749807476997375,0.17229018211364755,0.6915951371192932,0.6274113655090332,1.713687777519226,-0.040969316,0.004732944,-0.05211003,98.0,1740111875.9795766,0.13497577607631683,0.05976807326078415,0.24537062644958496,0.11649854481220245,-0.01576976478099823,-0.0417153537273407,0.033759161829948425,0.2677958309650421,0.30114084482192993,0.06763662397861481,0.1029675155878067,0.2940075099468231,0.18833056092262268,-0.017865750938653946,0.31050679087638855,0.10548630356788635,0.2614612877368927,0.02531697228550911,-0.11696439981460571,0.06362840533256531,-0.11420036107301712,-0.276029497385025,-0.21074838936328888,0.06441932171583176,0.23706692457199097,-0.05987846106290817,0.28146660327911377,-0.055628061294555664,-0.04613318666815758,0.25178539752960205,-0.20670361816883087,0.07680750638246536
-0.10026714205741882,0.6227967143058777,1.5757509469985962,-0.12965946543368412,-0.03091318763889938,0.04888363660940401,-0.04160154417381067,0.003732285560131752,-0.021205414410696177,0.001632696390151983,-0.0766785860061645,0.1748910903930665,0.6915951371192932,0.6274113655090332,1.713687777519226,-0.047573514,0.004156746,-0.050113797,99.0,1740111876.010444,0.1276981234550476,0.058828748762607574,0.2370699942111969,0.11264623701572418,-0.011322598904371262,-0.04310286045074463,0.03445132449269295,0.25757789611816406,0.28974449634552,0.0662020593881607,0.10074055194854736,0.2830340266227722,0.18390344083309174,-0.018391046673059464,0.2975923717021942,0.10000620782375336,0.252020925283432,0.022836267948150635,-0.11160184442996979,0.060935795307159424,-0.11268572509288788,-0.26921939849853516,-0.20499250292778015,0.0635174885392189,0.22837263345718384,-0.05633276700973511,0.2752096652984619,-0.05790359526872635,-0.0446428544819355,0.24084770679473877,-0.1954803317785263,0.07505544275045395
-0.10468951612710953,0.6212923526763916,1.5785340070724487,-0.12965946543368412,-0.03091318763889938,0.04888363660940401,-0.04791198101162784,0.0053673994821525906,-0.004857360060847635,-0.0002671420574188177,-0.07720328569412227,0.17575094699859628,0.6915951371192932,0.6274113655090332,1.713687777519226,-0.03983409,0.0042007565,-0.057184547,100.0,1740111876.0434256,0.12994742393493652,0.05910315364599228,0.2391061782836914,0.1149483323097229,-0.013596881181001663,-0.04331903159618378,0.03409569337964058,0.2610972821712494,0.29316332936286926,0.06572538614273071,0.1012725904583931,0.28707924485206604,0.18630288541316986,-0.019785508513450623,0.3021983802318573,0.1010860726237297,0.25642913579940796,0.02490493282675743,-0.1152295470237732,0.06184259057044983,-0.11503122746944427,-0.27165618538856506,-0.20741142332553864,0.06455333530902863,0.23174017667770386,-0.05816490203142166,0.27909404039382935,-0.058500178158283234,-0.04554109647870064,0.24348577857017517,-0.19926922023296356,0.07577619701623917
-0.1061931699514389,0.620786726474762,1.579403281211853,-0.12965946543368412,-0.03091318763889938,0.04888363660940401,-0.04761921830903489,0.003736907763911983,-0.004892910870279967,-0.004689516127109522,-0.07870764732360835,0.17853400707244882,0.6915951371192932,0.6274113655090332,1.713687777519226,-0.046329707,0.00366693,-0.059405833,101.0,1740111876.074589,0.12800168991088867,0.05857449769973755,0.2351309061050415,0.1132366955280304,-0.011714424937963486,-0.0436519980430603,0.03356330469250679,0.2578991651535034,0.2888936996459961,0.06419245898723602,0.09845668077468872,0.28259018063545227,0.18437789380550385,-0.020532313734292984,0.2972935438156128,0.09882203489542007,0.2549555003643036,0.024267375469207764,-0.11571396887302399,0.06001195311546326,-0.11664026975631714,-0.2672910690307617,-0.20649275183677673,0.06467855721712112,0.2302035540342331,-0.056819528341293335,0.2772037982940674,-0.061005592346191406,-0.04511173442006111,0.2369963526725769,-0.19549676775932312,0.07618650794029236
-0.11073745042085648,0.6178041100502014,1.5818408727645874,-0.12965946543368412,-0.03091318763889938,0.04888363660940401,-2.809225435020205,-0.012481309794389038,-3.0736425808084773,-0.008870424330234522,-0.08032954931259151,0.18062314987182626,0.6915951371192932,0.6274113655090332,1.713687777519226,-0.046329707,0.00366693,-0.059405833,102.0,1740111876.1079195,0.12800168991088867,0.05857449769973755,0.2351309061050415,0.1132366955280304,-0.011714424937963486,-0.0436519980430603,0.03356330469250679,0.2578991651535034,0.2888936996459961,0.06419245898723602,0.09845668077468872,0.28259018063545227,0.18437789380550385,-0.020532313734292984,0.2972935438156128,0.09882203489542007,0.2549555003643036,0.024267375469207764,-0.11571396887302399,0.06001195311546326,-0.11664026975631714,-0.2672910690307617,-0.20649275183677673,0.06467855721712112,0.2302035540342331,-0.056819528341293335,0.2772037982940674,-0.061005592346191406,-0.04511173442006111,0.2369963526725769,-0.19549676775932312,0.07618650794029236
-0.11341312527656555,0.6165573596954346,1.5839037895202637,-0.09844186777687049,-0.03690116444248417,0.06616123386002451,-2.8092350700659825,-0.011146629512456726,-3.076865105729865,-0.01073745042085647,-0.08219588994979854,0.1818408727645875,0.6915951371192932,0.6274113655090332,1.713687777519226,-0.0464376,0.0026419759,-0.058791727,103.0,1740111876.142154,0.12803710997104645,0.05816516652703285,0.2355087697505951,0.11245447397232056,-0.010840930044651031,-0.04270915314555168,0.034146446734666824,0.2570982277393341,0.28873157501220703,0.06289930641651154,0.09623304009437561,0.2812815010547638,0.18413497507572174,-0.021100983023643494,0.2971985638141632,0.09976376593112946,0.255476713180542,0.023437242954969406,-0.11706139147281647,0.0591253936290741,-0.11834035813808441,-0.2645915448665619,-0.2071777880191803,0.06444589048624039,0.23274165391921997,-0.0563102662563324,0.27678200602531433,-0.06207262724637985,-0.044526707381010056,0.2352525293827057,-0.19590096175670624,0.07695185393095016
-0.11418541520833969,0.6171281337738037,1.584679126739502,-0.09844186777687049,-0.03690116444248417,0.06616123386002451,-0.04091149074292708,-0.0032551978250594947,-0.009848887567012023,-0.013413125276565546,-0.08344264030456539,0.18390378952026376,0.6915951371192932,0.6274113655090332,1.713687777519226,-0.050607562,0.002948396,-0.056250066,104.0,1740111876.1744564,0.12673816084861755,0.05748060345649719,0.23055724799633026,0.10933735966682434,-0.009562946856021881,-0.043849360197782516,0.03441470116376877,0.2510607838630676,0.28498947620391846,0.060619283467531204,0.09190937131643295,0.27558669447898865,0.18206194043159485,-0.023275628685951233,0.2924884259700775,0.09842371940612793,0.25347253680229187,0.022592149674892426,-0.11668306589126587,0.05661875009536743,-0.12071764469146729,-0.25892335176467896,-0.20470787584781647,0.0634748712182045,0.23199522495269775,-0.054544270038604736,0.27413836121559143,-0.06333919614553452,-0.044179487973451614,0.2278250753879547,-0.19202876091003418,0.07915319502353668
-0.11815996468067169,0.6137837767601013,1.5877842903137207,-0.09844186777687049,-0.03690116444248417,0.06616123386002451,-2.810675207983586,-0.009393795115193204,-3.0845207797615948,-0.01720916628837585,-0.08436174392700191,0.1875493288040162,0.6915951371192932,0.6274113655090332,1.713687777519226,-0.050350703,0.0036775917,-0.05290687,105.0,1740111876.2080662,0.12876224517822266,0.05715525895357132,0.23297791182994843,0.10932302474975586,-0.010556511580944061,-0.041982777416706085,0.034687235951423645,0.2531746029853821,0.28760385513305664,0.06046351417899132,0.0914381667971611,0.2774208188056946,0.1823672652244568,-0.021889429539442062,0.2955757975578308,0.1006019189953804,0.2555495500564575,0.022473394870758057,-0.11714152991771698,0.056777723133563995,-0.11938314139842987,-0.2592734396457672,-0.20583072304725647,0.06294847279787064,0.23474839329719543,-0.0552225261926651,0.2740970253944397,-0.06166122108697891,-0.0436171256005764,0.23082756996154785,-0.1956544816493988,0.07851652055978775
-0.12031850218772888,0.6124728918075562,1.5895034074783325,-0.07311370589495739,-0.03987548211989905,0.057274653587924385,-2.810684586199623,-0.008433000237170045,-3.087854432803557,-0.018159964680671686,-0.08621622323989864,0.1877842903137208,0.6915951371192932,0.6274113655090332,1.713687777519226,-0.053856794,0.004596971,-0.04621598,106.0,1740111876.2412438,0.12986305356025696,0.05702628940343857,0.2344372272491455,0.10965269804000854,-0.011071756482124329,-0.041432563215494156,0.03412213176488876,0.2545115649700165,0.2897026836872101,0.05988149717450142,0.0916302502155304,0.27848610281944275,0.1834518015384674,-0.021725982427597046,0.2978897988796234,0.10182074457406998,0.25766560435295105,0.02252473309636116,-0.11852660775184631,0.05709977447986603,-0.11991222202777863,-0.25957661867141724,-0.20777691900730133,0.06318679451942444,0.2369285523891449,-0.05560455471277237,0.27540290355682373,-0.06154368072748184,-0.04339371249079704,0.2319393754005432,-0.1976718008518219,0.07863588631153107
-0.1211923211812973,0.6120093464851379,1.5901838541030884,-0.07311370589495739,-0.03987548211989905,0.057274653587924385,-2.8097101758032244,-0.007910748905821103,-3.0896930479151505,-0.020318502187728876,-0.0875271081924438,0.1895034074783326,0.6915951371192932,0.6274113655090332,1.713687777519226,-0.053856794,0.004596971,-0.04621598,107.0,1740111876.2741852,0.12986305356025696,0.05702628940343857,0.2344372272491455,0.10965269804000854,-0.011071756482124329,-0.041432563215494156,0.03412213176488876,0.2545115649700165,0.2897026836872101,0.05988149717450142,0.0916302502155304,0.27848610281944275,0.1834518015384674,-0.021725982427597046,0.2978897988796234,0.10182074457406998,0.25766560435295105,0.02252473309636116,-0.11852660775184631,0.05709977447986603,-0.11991222202777863,-0.25957661867141724,-0.20777691900730133,0.06318679451942444,0.2369285523891449,-0.05560455471277237,0.27540290355682373,-0.06154368072748184,-0.04339371249079704,0.2319393754005432,-0.1976718008518219,0.07863588631153107
-0.1241895854473114,0.6101574897766113,1.591801643371582,-0.07311370589495739,-0.03987548211989905,0.057274653587924385,-2.8094681771837062,-0.005521575157377867,-3.0905044478827555,-0.023290769755840296,-0.08937312364578243,0.19141254425048837,0.6915951371192932,0.6274113655090332,1.713687777519226,-0.059049517,0.0050113723,-0.038637683,108.0,1740111876.3087552,0.1274164915084839,0.05566175654530525,0.2318727672100067,0.1082874983549118,-0.01055782288312912,-0.04004807025194168,0.03516663238406181,0.25216808915138245,0.2852262854576111,0.05915175378322601,0.08949625492095947,0.2752264142036438,0.18205662071704865,-0.02105114981532097,0.2934480607509613,0.10148347914218903,0.25439223647117615,0.021871481090784073,-0.1176181435585022,0.057374320924282074,-0.11830447614192963,-0.25536757707595825,-0.20653478801250458,0.06248839199542999,0.23410263657569885,-0.05500136315822601,0.27262577414512634,-0.061602070927619934,-0.04125920310616493,0.22988924384117126,-0.1949934959411621,0.07599103450775146
-0.12863384187221527,0.6099761724472046,1.5939722061157227,-0.05632124750254211,-0.04835007036937372,0.027601225927363564,-2.787843399637385,-0.0011720744287116518,-3.11158289660669,-0.024189585447311396,-0.08984251022338863,0.19180164337158212,0.6915951371192932,0.6274113655090332,1.713687777519226,-0.056689695,0.005405478,-0.03276816,109.0,1740111876.3417895,0.12619535624980927,0.0542270690202713,0.22956328094005585,0.10647670924663544,-0.00983702763915062,-0.03712931275367737,0.03659352660179138,0.2508971095085144,0.2816815972328186,0.058785177767276764,0.08710148930549622,0.27308782935142517,0.18114331364631653,-0.018717970699071884,0.2901581823825836,0.1027805507183075,0.25203463435173035,0.020973902195692062,-0.11664895713329315,0.05813354253768921,-0.1154656857252121,-0.2509920597076416,-0.20605617761611938,0.06240208446979523,0.23244307935237885,-0.05450364202260971,0.26902881264686584,-0.06159280240535736,-0.03875688090920448,0.2289649248123169,-0.19399355351924896,0.07273857295513153
-0.12689939141273499,0.6083873510360718,1.5926209688186646,-0.05632124750254211,-0.04835007036937372,0.027601225927363564,-2.80941077193132,-0.0044219886759244795,-3.091446819657996,-0.028633841872215265,-0.09002382755279537,0.19397220611572275,0.6915951371192932,0.6274113655090332,1.713687777519226,-0.05115173,0.0050891936,-0.03358835,110.0,1740111876.3754847,0.12740148603916168,0.054232627153396606,0.23251520097255707,0.10683219134807587,-0.009385865181684494,-0.03579353541135788,0.03667493537068367,0.25282371044158936,0.2833525538444519,0.05869954079389572,0.08696994185447693,0.27382808923721313,0.18119804561138153,-0.018308620899915695,0.29238981008529663,0.1042153462767601,0.2535795569419861,0.019714172929525375,-0.11787149310112,0.05772513151168823,-0.11571694910526276,-0.2512545883655548,-0.20773713290691376,0.062064118683338165,0.23506611585617065,-0.05445556342601776,0.26950258016586304,-0.061345167458057404,-0.0388774536550045,0.23038485646247864,-0.19596843421459198,0.07304804027080536
-0.13208095729351044,0.6077477335929871,1.593847393989563,-0.05632124750254211,-0.04835007036937372,0.027601225927363564,-2.788139810386309,0.030880879043857848,-3.1380645517395847,-0.02770856916904449,-0.09215832948684688,0.19263396263122567,0.6915951371192932,0.6274113655090332,1.713687777519226,-0.050693765,0.004914589,-0.036184907,111.0,1740111876.4086642,0.1280377060174942,0.054268334060907364,0.23309460282325745,0.10454033315181732,-0.007526367902755737,-0.03604287654161453,0.03598177060484886,0.25102922320365906,0.2838676869869232,0.058238815516233444,0.08626768738031387,0.27178218960762024,0.18044698238372803,-0.018159080296754837,0.29272544384002686,0.1047685444355011,0.2532947361469269,0.017702024430036545,-0.11658097803592682,0.05575483292341232,-0.11609281599521637,-0.25049567222595215,-0.20712873339653015,0.06116725504398346,0.23692212998867035,-0.053301818668842316,0.26880884170532227,-0.06098129600286484,-0.03928598389029503,0.22932696342468262,-0.195562943816185,0.07499036192893982
-0.1335422396659851,0.6066285371780396,1.5935944318771362,-0.0775081405610792,-0.026494863512461907,0.012809699983914511,-2.7882453269027336,0.03205666481951002,-3.13763198400558,-0.03208095729351043,-0.0922522664070129,0.19384739398956308,0.6915951371192932,0.6274113655090332,1.713687777519226,-0.049109116,0.00413464,-0.041109696,112.0,1740111876.4416556,0.12750877439975739,0.05416062846779823,0.2328152060508728,0.10520116984844208,-0.007805041968822479,-0.035894542932510376,0.03590485453605652,0.2517135441303253,0.28319135308265686,0.05812761187553406,0.08618076145648956,0.2718016803264618,0.18086710572242737,-0.018735527992248535,0.29224109649658203,0.10435899347066879,0.2534652650356293,0.018225830048322678,-0.11745114624500275,0.05591969192028046,-0.11648055911064148,-0.2503354549407959,-0.2073545902967453,0.06153232604265213,0.23647907376289368,-0.05381561815738678,0.26906752586364746,-0.06154206395149231,-0.03923158720135689,0.2291698455810547,-0.19559359550476074,0.07439585030078888
-0.13425405323505402,0.6061460375785828,1.5934725999832153,-0.0775081405610792,-0.026494863512461907,0.012809699983914511,-2.7879639873061492,0.03343624196805006,-3.1371192235026,-0.0335422396659851,-0.0933714628219604,0.19359443187713632,0.6915951371192932,0.6274113655090332,1.713687777519226,-0.049109116,0.00413464,-0.041109696,113.0,1740111876.4742606,0.12750877439975739,0.05416062846779823,0.2328152060508728,0.10520116984844208,-0.007805041968822479,-0.035894542932510376,0.03590485453605652,0.2517135441303253,0.28319135308265686,0.05812761187553406,0.08618076145648956,0.2718016803264618,0.18086710572242737,-0.018735527992248535,0.29224109649658203,0.10435899347066879,0.2534652650356293,0.018225830048322678,-0.11745114624500275,0.05591969192028046,-0.11648055911064148,-0.2503354549407959,-0.2073545902967453,0.06153232604265213,0.23647907376289368,-0.05381561815738678,0.26906752586364746,-0.06154206395149231,-0.03923158720135689,0.2291698455810547,-0.19559359550476074,0.07439585030078888
-0.13644906878471375,0.6045800447463989,1.592849612236023,-0.0775081405610792,-0.026494863512461907,0.012809699983914511,-2.7884329037755626,0.03668496845514445,-3.1359280740973015,-0.03235069811344146,-0.09476454257965083,0.19157347679138192,0.6915951371192932,0.6274113655090332,1.713687777519226,-0.027225561,0.0013851225,-0.058274552,114.0,1740111876.5080059,0.14944037795066833,0.057173244655132294,0.2537093162536621,0.09896096587181091,-0.001547984778881073,-0.038924090564250946,0.02838388830423355,0.2609405517578125,0.3125564754009247,0.05835391953587532,0.08712464570999146,0.2810012698173523,0.18454265594482422,-0.020428545773029327,0.3246970474720001,0.11376620829105377,0.27946361899375916,0.012250885367393494,-0.12531645596027374,0.04624926298856735,-0.13500770926475525,-0.2627438008785248,-0.2194357067346573,0.06471351534128189,0.2687987685203552,-0.05316343903541565,0.2849135100841522,-0.0682310163974762,-0.05149105563759804,0.23349803686141968,-0.21467998623847961,0.10249358415603638
-0.13761703670024872,0.6036802530288696,1.5924072265625,-0.0775081405610792,-0.026494863512461907,0.012809699983914511,-2.788575067203339,0.038879874400113916,-3.1351218334358633,-0.03644906878471374,-0.09541995525360103,0.19284961223602304,0.6915951371192932,0.6274113655090332,1.713687777519226,-0.031227276,0.0018113852,-0.05931574,115.0,1740111876.5414624,0.14609596133232117,0.05675835907459259,0.24793097376823425,0.09624490141868591,-0.00034882500767707825,-0.039966486394405365,0.02773597277700901,0.2552167773246765,0.3072018027305603,0.057560551911592484,0.08598171919584274,0.2754996716976166,0.18184694647789001,-0.020425695925951004,0.31779929995536804,0.11129044741392136,0.27418383955955505,0.011391274631023407,-0.12209545075893402,0.044847093522548676,-0.13287873566150665,-0.2586510479450226,-0.21539780497550964,0.06340211629867554,0.26413196325302124,-0.05117006599903107,0.2805347144603729,-0.06709746271371841,-0.050403136759996414,0.22854962944984436,-0.2091202437877655,0.10133861750364304
-0.13554269075393677,0.6032631397247314,1.5914592742919922,-0.01666759369251612,-0.0280402143813493,-0.017789957131676075,-0.047849898642709665,-0.009542422188095324,0.01827433119084001,-0.03761703670024871,-0.09631974697113033,0.1924072265625001,0.6915951371192932,0.6274113655090332,1.713687777519226,-0.033170044,0.002752252,-0.058176637,116.0,1740111876.5736055,0.1443985402584076,0.05638283118605614,0.24549958109855652,0.09452861547470093,0.0008797533810138702,-0.03994230926036835,0.027046170085668564,0.2518555819988251,0.3036102056503296,0.057127632200717926,0.08526745438575745,0.27207839488983154,0.1795906275510788,-0.020335424691438675,0.31377941370010376,0.10985884815454483,0.27082642912864685,0.010309111326932907,-0.12045130133628845,0.04370758682489395,-0.13140706717967987,-0.25597140192985535,-0.2131885439157486,0.062050461769104004,0.2620091736316681,-0.05023235082626343,0.27764955163002014,-0.06606097519397736,-0.04947013035416603,0.22619152069091797,-0.2060961127281189,0.10046865046024323
-0.13992661237716675,0.6021578311920166,1.5909465551376343,-0.01666759369251612,-0.0280402143813493,-0.017789957131676075,-2.787414493224644,0.03967329312396317,-3.134805302279656,-0.03652622699737548,-0.09857721328735347,0.19008944034576425,0.6915951371192932,0.6274113655090332,1.713687777519226,-0.033170044,0.002752252,-0.058176637,117.0,1740111876.607792,0.1443985402584076,0.05638283118605614,0.24549958109855652,0.09452861547470093,0.0008797533810138702,-0.03994230926036835,0.027046170085668564,0.2518555819988251,0.3036102056503296,0.057127632200717926,0.08526745438575745,0.27207839488983154,0.1795906275510788,-0.020335424691438675,0.31377941370010376,0.10985884815454483,0.27082642912864685,0.010309111326932907,-0.12045130133628845,0.04370758682489395,-0.13140706717967987,-0.25597140192985535,-0.2131885439157486,0.062050461769104004,0.2620091736316681,-0.05023235082626343,0.27764955163002014,-0.06606097519397736,-0.04947013035416603,0.22619152069091797,-0.2060961127281189,0.10046865046024323
-0.14096267521381378,0.6015471816062927,1.5899080038070679,-0.01666759369251612,-0.0280402143813493,-0.017789957131676075,-2.7875955739363536,0.03893960798122891,-3.135080221898873,-0.03992661237716674,-0.09784216880798335,0.19094655513763437,0.6915951371192932,0.6274113655090332,1.713687777519226,-0.034610197,0.0034757853,-0.054700553,118.0,1740111876.6404557,0.14444829523563385,0.056158386170864105,0.24502405524253845,0.09312927722930908,0.0009077489376068115,-0.03936385363340378,0.026912571862339973,0.25047197937965393,0.302902489900589,0.05624113604426384,0.08386722207069397,0.27065277099609375,0.17834794521331787,-0.020057402551174164,0.31311121582984924,0.11035598069429398,0.2697027325630188,0.009703680872917175,-0.11967535316944122,0.042436569929122925,-0.13061510026454926,-0.25385022163391113,-0.21198897063732147,0.06070970743894577,0.2629190981388092,-0.04987719655036926,0.2757171392440796,-0.06471705436706543,-0.04895094409584999,0.22586694359779358,-0.2060810774564743,0.10033656656742096
-0.14145946502685547,0.6012200713157654,1.5893579721450806,-0.059163144305934015,-0.02042909624925202,-0.02101138837036878,-2.788079079441759,0.03884007501234388,-3.1351266315958695,-0.040962675213813776,-0.09845281839370723,0.18990800380706796,0.6915951371192932,0.6274113655090332,1.713687777519226,-0.03729643,0.0049203634,-0.048555136,119.0,1740111876.674268,0.145150288939476,0.056290872395038605,0.24550852179527283,0.09141187369823456,0.0009865649044513702,-0.03992200270295143,0.02657627873122692,0.24858662486076355,0.30376654863357544,0.05545005202293396,0.08296404778957367,0.2696739733219147,0.176712304353714,-0.020883221179246902,0.31404030323028564,0.1112465187907219,0.2692806124687195,0.008649062365293503,-0.11879855394363403,0.04028283804655075,-0.1310906559228897,-0.25261685252189636,-0.21086613833904266,0.0588199719786644,0.2653982937335968,-0.04917922616004944,0.2744738459587097,-0.06300088763237,-0.04956710711121559,0.22550594806671143,-0.20631146430969238,0.10252078622579575
-0.13961800932884216,0.599717915058136,1.5866234302520752,-0.059163144305934015,-0.02042909624925202,-0.02101138837036878,-2.8090914879265796,0.0005320654154713726,-3.0910898183720388,-0.03961800932884216,-0.10028208494186397,0.18662343025207528,0.6915951371192932,0.6274113655090332,1.713687777519226,-0.034061365,0.00613492,-0.043761835,120.0,1740111876.7073307,0.1470763087272644,0.05693132057785988,0.2474628984928131,0.09198597073554993,-0.000666297972202301,-0.040210217237472534,0.026810215786099434,0.2505662143230438,0.30752256512641907,0.05596725642681122,0.08421488106250763,0.27304598689079285,0.17755290865898132,-0.02151276171207428,0.31783875823020935,0.11274474114179611,0.2718653380870819,0.009572166949510574,-0.11936236917972565,0.04066421091556549,-0.13196733593940735,-0.2547622621059418,-0.21225880086421967,0.058842115104198456,0.26748859882354736,-0.05006326735019684,0.2758592367172241,-0.0619354248046875,-0.05079583451151848,0.22809532284736633,-0.20913787186145782,0.10375285893678665
-0.1400296986103058,0.5995333194732666,1.5858006477355957,-0.059163144305934015,-0.02042909624925202,-0.02101138837036878,-2.809251378183829,0.00047426647062961367,-3.0924658164182723,-0.04002969861030578,-0.10046668052673335,0.1858006477355958,0.6915951371192932,0.6274113655090332,1.713687777519226,-0.034061365,0.00613492,-0.043761835,121.0,1740111876.740625,0.1470763087272644,0.05693132057785988,0.2474628984928131,0.09198597073554993,-0.000666297972202301,-0.040210217237472534,0.026810215786099434,0.2505662143230438,0.30752256512641907,0.05596725642681122,0.08421488106250763,0.27304598689079285,0.17755290865898132,-0.02151276171207428,0.31783875823020935,0.11274474114179611,0.2718653380870819,0.009572166949510574,-0.11936236917972565,0.04066421091556549,-0.13196733593940735,-0.2547622621059418,-0.21225880086421967,0.058842115104198456,0.26748859882354736,-0.05006326735019684,0.2758592367172241,-0.0619354248046875,-0.05079583451151848,0.22809532284736633,-0.20913787186145782,0.10375285893678665
-0.14407439529895782,0.5998427271842957,1.5839240550994873,-0.059163144305934015,-0.02042909624925202,-0.02101138837036878,-2.787280289361983,0.03351500054125237,-3.137080674489733,-0.04002969861030578,-0.10046668052673335,0.1858006477355958,0.6915951371192932,0.6274113655090332,1.713687777519226,-0.034061365,0.00613492,-0.043761835,122.0,1740111876.7753298,0.1470763087272644,0.05693132057785988,0.2474628984928131,0.09198597073554993,-0.000666297972202301,-0.040210217237472534,0.026810215786099434,0.2505662143230438,0.30752256512641907,0.05596725642681122,0.08421488106250763,0.27304598689079285,0.17755290865898132,-0.02151276171207428,0.31783875823020935,0.11274474114179611,0.2718653380870819,0.009572166949510574,-0.11936236917972565,0.04066421091556549,-0.13196733593940735,-0.2547622621059418,-0.21225880086421967,0.058842115104198456,0.26748859882354736,-0.05006326735019684,0.2758592367172241,-0.0619354248046875,-0.05079583451151848,0.22809532284736633,-0.20913787186145782,0.10375285893678665
-0.14226378500461578,0.5983309149742126,1.5790431499481201,-0.003822202637839107,-0.0220163824078031,-0.07032770317982315,-2.8090271568678613,-0.008416675178486951,-3.0923980030249782,-0.041956314444541926,-0.10164184570312496,0.18021605014801034,0.6915951371192932,0.6274113655090332,1.713687777519226,-0.03846457,0.0062212944,-0.039849088,123.0,1740111876.8093965,0.1459948867559433,0.0570867694914341,0.24553412199020386,0.09114310145378113,-0.0004511028528213501,-0.04025062546133995,0.025921443477272987,0.2490074783563614,0.3059942126274109,0.05520308017730713,0.08356080204248428,0.27053213119506836,0.17701739072799683,-0.02078523114323616,0.31548872590065,0.11174238473176956,0.27048006653785706,0.009445138275623322,-0.11812441051006317,0.040016189217567444,-0.13049530982971191,-0.25318822264671326,-0.21081317961215973,0.05849695950746536,0.26568126678466797,-0.0497259646654129,0.2744215428829193,-0.06095895171165466,-0.05011819675564766,0.22651824355125427,-0.20747968554496765,0.10306256264448166
-0.14572079479694366,0.5988520979881287,1.5775859355926514,-0.003822202637839107,-0.0220163824078031,-0.07032770317982315,-2.787460606739691,0.030636761655763078,-3.1381474414132455,-0.04226378500461578,-0.10166908502578731,0.1790431499481202,0.6915951371192932,0.6274113655090332,1.713687777519226,-0.04968729,0.0075571164,-0.028624445,124.0,1740111876.842124,0.14550544321537018,0.057497140020132065,0.24535179138183594,0.09231880307197571,-0.0011171326041221619,-0.040964581072330475,0.025388384237885475,0.24886365234851837,0.3058214783668518,0.05601607263088226,0.08503993600606918,0.27096492052078247,0.1764332354068756,-0.021543439477682114,0.3151315152645111,0.11059542745351791,0.27013447880744934,0.01026933267712593,-0.11842329800128937,0.03983531892299652,-0.1303141564130783,-0.25413092970848083,-0.21030673384666443,0.05831235647201538,0.2648720145225525,-0.04986678063869476,0.2744601368904114,-0.06018348038196564,-0.0508696474134922,0.22645139694213867,-0.20743420720100403,0.10309059917926788
-0.14572079479694366,0.5988520979881287,1.5775859355926514,-0.003822202637839107,-0.0220163824078031,-0.07032770317982315,-2.787460606739691,0.030636761655763078,-3.1381474414132455,-0.04572079479694366,-0.1011479020118713,0.17758593559265146,0.6915951371192932,0.6274113655090332,1.713687777519226,-0.05039885,0.0072542205,-0.027728528,125.0,1740111876.875343,0.1449844092130661,0.05794353038072586,0.24435186386108398,0.09384149312973022,-0.0031511634588241577,-0.04135695472359657,0.02507614530622959,0.2499978244304657,0.30608436465263367,0.05633445084095001,0.08577868342399597,0.272091269493103,0.1771208941936493,-0.022062376141548157,0.31478169560432434,0.10986074805259705,0.2702910304069519,0.012004438787698746,-0.11900213360786438,0.04071953892707825,-0.12962350249290466,-0.2549140751361847,-0.2098250538110733,0.05856619030237198,0.2632094621658325,-0.05083601921796799,0.2747352719306946,-0.05910405516624451,-0.05083214119076729,0.2271515130996704,-0.20802521705627441,0.10195033997297287
-0.14224062860012054,0.5986031889915466,1.571010708808899,-0.002369781264717981,0.0020423838111647,-0.07672725755200105,-0.05102279898227387,0.00219971911252071,-0.0024335302638925057,-0.0461331695318222,-0.10145397186279292,0.174945092201233,0.6915951371192932,0.6274113655090332,1.713687777519226,-0.03588357,0.004722804,-0.025959514,126.0,1740111876.907861,0.14528092741966248,0.05787181854248047,0.24215933680534363,0.09238485991954803,-0.004309527575969696,-0.038680873811244965,0.024420758709311485,0.25043606758117676,0.3057717978954315,0.05466994270682335,0.08248347789049149,0.2700282335281372,0.1769368052482605,-0.020466849207878113,0.3126761019229889,0.11065696179866791,0.2704369127750397,0.012558531016111374,-0.11946077644824982,0.03967588394880295,-0.12765473127365112,-0.250175416469574,-0.2086106389760971,0.05795122683048248,0.2635761797428131,-0.051140882074832916,0.27140334248542786,-0.05668514966964722,-0.048105303198099136,0.22613078355789185,-0.20965658128261566,0.10066889226436615
-0.14427965879440308,0.5976887941360474,1.5685298442840576,-0.002369781264717981,0.0020423838111647,-0.07672725755200105,-0.04789518654173652,-0.0016538006475289623,0.016044578773873146,-0.04224062860012054,-0.10139681100845332,0.17101070880889901,0.6915951371192932,0.6274113655090332,1.713687777519226,-0.03588357,0.004722804,-0.025959514,127.0,1740111876.943543,0.14528092741966248,0.05787181854248047,0.24215933680534363,0.09238485991954803,-0.004309527575969696,-0.038680873811244965,0.024420758709311485,0.25043606758117676,0.3057717978954315,0.05466994270682335,0.08248347789049149,0.2700282335281372,0.1769368052482605,-0.020466849207878113,0.3126761019229889,0.11065696179866791,0.2704369127750397,0.012558531016111374,-0.11946077644824982,0.03967588394880295,-0.12765473127365112,-0.250175416469574,-0.2086106389760971,0.05795122683048248,0.2635761797428131,-0.051140882074832916,0.27140334248542786,-0.05668514966964722,-0.048105303198099136,0.22613078355789185,-0.20965658128261566,0.10066889226436615
-0.1430777758359909,0.5976473689079285,1.565480351448059,-0.002369781264717981,0.0020423838111647,-0.07672725755200105,-0.027352685998464094,-0.05592897384710528,-0.03136561980559634,-0.04427965879440307,-0.10231120586395259,0.1685298442840577,0.6915951371192932,0.6274113655090332,1.713687777519226,-0.033785492,0.004305102,-0.024087436,128.0,1740111876.979663,0.14569580554962158,0.058048468083143234,0.2422635555267334,0.09315332770347595,-0.00591176375746727,-0.03835068643093109,0.02515367604792118,0.2520807683467865,0.30673861503601074,0.05462493374943733,0.08177730441093445,0.2715180814266205,0.177327960729599,-0.02065591886639595,0.31349438428878784,0.11136222630739212,0.27103152871131897,0.013518180698156357,-0.12018506228923798,0.039982087910175323,-0.12778155505657196,-0.2500493824481964,-0.20831267535686493,0.058057740330696106,0.2639225423336029,-0.05178562551736832,0.271226167678833,-0.055989280343055725,-0.048082489520311356,0.22712695598602295,-0.21114009618759155,0.10011700540781021
-0.14465801417827606,0.5957967042922974,1.5619531869888306,-0.024130844546834913,-0.028014912727463124,-0.09041406261155986,-2.809003758716433,-0.009639736035360249,-3.0891002232054054,-0.04468592405319213,-0.10279722213745113,0.16404507160186776,0.6915951371192932,0.6274113655090332,1.713687777519226,-0.031514637,0.006157957,-0.029376276,129.0,1740111877.0101476,0.1441865861415863,0.05925687775015831,0.24170632660388947,0.09756851196289062,-0.009625125676393509,-0.04058770090341568,0.025552848353981972,0.25520336627960205,0.30751466751098633,0.055738646537065506,0.08432717621326447,0.2753612995147705,0.17903050780296326,-0.02257794886827469,0.3142157196998596,0.10935494303703308,0.27166780829429626,0.01703128218650818,-0.12184455990791321,0.04187701642513275,-0.1285535991191864,-0.2537483274936676,-0.20777975022792816,0.05924215167760849,0.2608383893966675,-0.05385807156562805,0.2734640836715698,-0.05497530847787857,-0.04969284310936928,0.22901874780654907,-0.21151041984558105,0.09861820936203003
-0.14470693469047546,0.5954122543334961,1.5591305494308472,-0.024130844546834913,-0.028014912727463124,-0.09041406261155986,-2.8097169759142577,-0.01006782357502402,-3.0877229138699014,-0.044658014178276056,-0.10420329570770259,0.16195318698883066,0.6915951371192932,0.6274113655090332,1.713687777519226,-0.026419125,0.005896449,-0.033681244,130.0,1740111877.0428898,0.14247746765613556,0.05914262309670448,0.24213726818561554,0.1017771065235138,-0.012951500713825226,-0.039720967411994934,0.027044087648391724,0.25885987281799316,0.3072432279586792,0.05681869015097618,0.08644203841686249,0.27869030833244324,0.18089234828948975,-0.02243022248148918,0.31444254517555237,0.109563909471035,0.2715909779071808,0.019479792565107346,-0.12368708848953247,0.0453546941280365,-0.12667837738990784,-0.2553933560848236,-0.20891572535037994,0.060161225497722626,0.257999062538147,-0.055604249238967896,0.27450162172317505,-0.05383145809173584,-0.049026791006326675,0.23263558745384216,-0.2127828449010849,0.09422694146633148
-0.14464490115642548,0.5965163707733154,1.558540940284729,-0.024130844546834913,-0.028014912727463124,-0.09041406261155986,-0.04589331148108506,0.0018566996653310505,0.015196419426410772,-0.04470693469047546,-0.10458774566650386,0.15913054943084726,0.6915951371192932,0.6274113655090332,1.713687777519226,-0.024378225,0.0049480125,-0.034751475,131.0,1740111877.0753677,0.14165931940078735,0.05974555388092995,0.23965826630592346,0.09948781132698059,-0.01217072457075119,-0.04121746867895126,0.024958746507763863,0.2558387815952301,0.30638062953948975,0.0560561940073967,0.08593299984931946,0.27577900886535645,0.17920352518558502,-0.022671345621347427,0.31196579337120056,0.10739699751138687,0.27008160948753357,0.01962757483124733,-0.12184002995491028,0.04287724196910858,-0.12632077932357788,-0.2539270222187042,-0.20640574395656586,0.058762505650520325,0.2573619484901428,-0.054795265197753906,0.27286162972450256,-0.052146486937999725,-0.04929318651556969,0.22984978556632996,-0.21098148822784424,0.09571409225463867
-0.13874323666095734,0.5991801619529724,1.5554882287979126,-0.024130844546834913,-0.028014912727463124,-0.09041406261155986,-0.07778943279874247,0.013661845205515678,-0.0007327206316084694,-0.04472480118274688,-0.10393215417861934,0.15580687522888192,0.6915951371192932,0.6274113655090332,1.713687777519226,-0.024378225,0.0049480125,-0.034751475,132.0,1740111877.1093338,0.14165931940078735,0.05974555388092995,0.23965826630592346,0.09948781132698059,-0.01217072457075119,-0.04121746867895126,0.024958746507763863,0.2558387815952301,0.30638062953948975,0.0560561940073967,0.08593299984931946,0.27577900886535645,0.17920352518558502,-0.022671345621347427,0.31196579337120056,0.10739699751138687,0.27008160948753357,0.01962757483124733,-0.12184002995491028,0.04287724196910858,-0.12632077932357788,-0.2539270222187042,-0.20640574395656586,0.058762505650520325,0.2573619484901428,-0.054795265197753906,0.27286162972450256,-0.052146486937999725,-0.04929318651556969,0.22984978556632996,-0.21098148822784424,0.09571409225463867
-0.14456647634506226,0.5954767465591431,1.551831603050232,0.020830392784439707,0.005108106173860491,-0.07259593975635358,-0.046315164762330684,0.0009625037067744622,0.01551986110914129,-0.03874323666095733,-0.10081983804702754,0.1554882287979127,0.6915951371192932,0.6274113655090332,1.713687777519226,-0.034119107,0.004646629,-0.04085003,133.0,1740111877.1423194,0.13840176165103912,0.05943460017442703,0.23785477876663208,0.10356436669826508,-0.015149962157011032,-0.04086383432149887,0.02701352722942829,0.25735390186309814,0.30315127968788147,0.05614339932799339,0.08604602515697479,0.27742740511894226,0.18061599135398865,-0.02416902780532837,0.3091704845428467,0.10646051168441772,0.2681036591529846,0.022547610104084015,-0.12359006702899933,0.046193890273571014,-0.1258985549211502,-0.2533867061138153,-0.20612512528896332,0.059434063732624054,0.2537713348865509,-0.05644894391298294,0.2731426954269409,-0.052764274179935455,-0.047857608646154404,0.23100489377975464,-0.21003574132919312,0.09075909107923508
-0.144570454955101,0.5952286720275879,1.5505715608596802,0.020830392784439707,0.005108106173860491,-0.07259593975635358,-0.047130858708646944,0.0024037789437424168,0.016317071718894585,-0.04456647634506225,-0.10452325344085689,0.15183160305023202,0.6915951371192932,0.6274113655090332,1.713687777519226,-0.03154973,0.002832912,-0.042266294,134.0,1740111877.1768513,0.13569657504558563,0.05963268131017685,0.23368941247463226,0.10285475850105286,-0.01650606468319893,-0.04128127172589302,0.027730965986847878,0.2542766034603119,0.30026790499687195,0.055970147252082825,0.08473439514636993,0.27561280131340027,0.17928746342658997,-0.0249258391559124,0.3045293390750885,0.10507118701934814,0.263906866312027,0.024388816207647324,-0.12082239985466003,0.04580017179250717,-0.12389935553073883,-0.25024208426475525,-0.2022031843662262,0.05769561231136322,0.25105926394462585,-0.05652507394552231,0.26916176080703735,-0.049979887902736664,-0.04646481201052666,0.22953924536705017,-0.2081606686115265,0.0883394405245781
-0.13872915506362915,0.597598135471344,1.5483421087265015,0.020830392784439707,0.005108106173860491,-0.07259593975635358,-0.06413680014635173,0.09470177071640065,0.05107772310230614,-0.04406642317771911,-0.10510773658752437,0.14819583892822275,0.6915951371192932,0.6274113655090332,1.713687777519226,-0.027883135,0.0024418905,-0.041610837,135.0,1740111877.2099884,0.13630610704421997,0.06008346751332283,0.23355434834957123,0.10211606323719025,-0.01612536981701851,-0.041980814188718796,0.026289917528629303,0.25391632318496704,0.30141738057136536,0.05588856711983681,0.0849355086684227,0.27498799562454224,0.1785574108362198,-0.024900387972593307,0.305098295211792,0.10448473691940308,0.26458457112312317,0.024164404720067978,-0.12052880227565765,0.044350460171699524,-0.12418946623802185,-0.25049787759780884,-0.20171678066253662,0.05735282599925995,0.25192615389823914,-0.05610845983028412,0.26907971501350403,-0.049370937049388885,-0.04741119220852852,0.22873958945274353,-0.20841965079307556,0.09002701938152313
-0.1419505625963211,0.5948044061660767,1.5447112321853638,0.0350608848220922,0.01641799756055726,-0.06261673114672867,-0.026537852043222274,-0.04733025770805122,-0.02485729065096568,-0.038729155063629145,-0.10240186452865596,0.14834210872650155,0.6915951371192932,0.6274113655090332,1.713687777519226,-0.030057207,0.0029189363,-0.037964776,136.0,1740111877.2417963,0.1337490677833557,0.06009741500020027,0.22879013419151306,0.09998291730880737,-0.015216678380966187,-0.04345712065696716,0.025042584165930748,0.24901457130908966,0.29833924770355225,0.05547141283750534,0.08481763303279877,0.2709631621837616,0.17658936977386475,-0.025247547775506973,0.29996296763420105,0.10202310234308243,0.26089781522750854,0.024237386882305145,-0.11741876602172852,0.0431821271777153,-0.12270456552505493,-0.24809403717517853,-0.19837626814842224,0.05607617646455765,0.24817252159118652,-0.054792337119579315,0.2661774754524231,-0.0479825958609581,-0.04686731472611427,0.22505521774291992,-0.20421965420246124,0.08983663469552994
-0.13790100812911987,0.5971651673316956,1.5452024936676025,0.0350608848220922,0.01641799756055726,-0.06261673114672867,-0.064755200417694,0.13246071197642342,0.07866517087387713,-0.0419505625963211,-0.1051955938339233,0.14471123218536386,0.6915951371192932,0.6274113655090332,1.713687777519226,-0.030057207,0.0029189363,-0.037964776,137.0,1740111877.2754834,0.1337490677833557,0.06009741500020027,0.22879013419151306,0.09998291730880737,-0.015216678380966187,-0.04345712065696716,0.025042584165930748,0.24901457130908966,0.29833924770355225,0.05547141283750534,0.08481763303279877,0.2709631621837616,0.17658936977386475,-0.025247547775506973,0.29996296763420105,0.10202310234308243,0.26089781522750854,0.024237386882305145,-0.11741876602172852,0.0431821271777153,-0.12270456552505493,-0.24809403717517853,-0.19837626814842224,0.05607617646455765,0.24817252159118652,-0.054792337119579315,0.2661774754524231,-0.0479825958609581,-0.04686731472611427,0.22505521774291992,-0.20421965420246124,0.08983663469552994
-0.14261731505393982,0.593796968460083,1.5409159660339355,0.0350608848220922,0.01641799756055726,-0.06261673114672867,-0.045818138432915476,-0.0022932452635181073,0.015642012315019476,-0.04271055161952972,-0.1062138199806213,0.14186844825744638,0.6915951371192932,0.6274113655090332,1.713687777519226,-0.03439211,0.0029246584,-0.038211524,138.0,1740111877.3090024,0.13255487382411957,0.06018470972776413,0.22749190032482147,0.10125015676021576,-0.01686415821313858,-0.04402897506952286,0.025442494079470634,0.24888166785240173,0.2977558374404907,0.055930085480213165,0.08556517958641052,0.27176904678344727,0.17702510952949524,-0.02603728696703911,0.29898807406425476,0.10111299157142639,0.2598772644996643,0.026045694947242737,-0.11671033501625061,0.044474028050899506,-0.12207543849945068,-0.24872785806655884,-0.19721892476081848,0.055959947407245636,0.24582043290138245,-0.05550166964530945,0.26625335216522217,-0.04730714112520218,-0.0466545931994915,0.22590455412864685,-0.20363372564315796,0.08823705464601517
-0.13940711319446564,0.5941433310508728,1.5392357110977173,-0.006877705111413727,-0.035553512416407175,-0.07043481277810064,-0.041484580655301924,-0.03408403636325629,-0.019214429592932944,-0.042617315053939814,-0.10620303153991695,0.14091596603393564,0.6915951371192932,0.6274113655090332,1.713687777519226,-0.015915677,0.0032332912,-0.038304985,139.0,1740111877.3454616,0.13427329063415527,0.06070466339588165,0.22939124703407288,0.10221689939498901,-0.018292494118213654,-0.043827757239341736,0.025587236508727074,0.2512238919734955,0.3016056418418884,0.0572136752307415,0.08739687502384186,0.27564653754234314,0.1788300722837448,-0.026017334312200546,0.30220919847488403,0.1023966446518898,0.2619893550872803,0.02788616716861725,-0.11624005436897278,0.045556165277957916,-0.12138482928276062,-0.25157901644706726,-0.19809049367904663,0.05604257434606552,0.2472212016582489,-0.05694302171468735,0.2671228051185608,-0.0454232394695282,-0.04672292247414589,0.22965791821479797,-0.2073676437139511,0.08830232918262482
-0.13546165823936462,0.5963903665542603,1.5382670164108276,-0.006877705111413727,-0.035553512416407175,-0.07043481277810064,-0.07697116552729158,0.009994088357775545,0.0010778136632711894,-0.03940711319446563,-0.10585666894912715,0.13923571109771737,0.6915951371192932,0.6274113655090332,1.713687777519226,-0.022450402,0.004330687,-0.027363107,140.0,1740111877.3778434,0.13396930694580078,0.06110396981239319,0.22750280797481537,0.1017238199710846,-0.019340630620718002,-0.044414374977350235,0.024853309616446495,0.25018343329429626,0.3020009696483612,0.05672982335090637,0.08675802499055862,0.2751883864402771,0.1783035695552826,-0.02690862864255905,0.3014087378978729,0.10186298191547394,0.261708527803421,0.028912674635648727,-0.11591629683971405,0.04487864673137665,-0.12149204313755035,-0.25043970346450806,-0.19675686955451965,0.05523255467414856,0.24728728830814362,-0.056864842772483826,0.26621660590171814,-0.044024042785167694,-0.0468718446791172,0.228706955909729,-0.2073218673467636,0.08867146819829941
-0.1405295729637146,0.5928759574890137,1.5356194972991943,-0.006877705111413727,-0.035553512416407175,-0.07043481277810064,-0.047409883522427705,-0.002457440276944595,0.01737322968557167,-0.039419987797737116,-0.10671461820602413,0.13629219532012948,0.6915951371192932,0.6274113655090332,1.713687777519226,-0.032932363,0.0056205466,-0.014336839,141.0,1740111877.4084594,0.1317792534828186,0.060935188084840775,0.22524328529834747,0.10261097550392151,-0.019904371351003647,-0.04491928964853287,0.025185424834489822,0.2490071803331375,0.29939666390419006,0.05690590664744377,0.08704064041376114,0.27426329255104065,0.17807629704475403,-0.0276002436876297,0.29840177297592163,0.1002531424164772,0.25959673523902893,0.029890429228544235,-0.115584596991539,0.04583866149187088,-0.12088808417320251,-0.24978990852832794,-0.1956193894147873,0.05515598505735397,0.2443060427904129,-0.056908443570137024,0.2656760811805725,-0.044194310903549194,-0.04626902565360069,0.22763675451278687,-0.20505878329277039,0.08683015406131744
-0.13472150266170502,0.5956287384033203,1.536002278327942,-0.006877705111413727,-0.035553512416407175,-0.07043481277810064,-0.06698436420822947,0.07585744265845547,0.043419927646582424,-0.040529572963714594,-0.10712404251098628,0.13561949729919442,0.6915951371192932,0.6274113655090332,1.713687777519226,-0.045574233,0.005732931,-0.0023555309,142.0,1740111877.4421384,0.1294500231742859,0.06079324334859848,0.22207674384117126,0.10219517350196838,-0.020235460251569748,-0.04579756408929825,0.024801960214972496,0.24655574560165405,0.29648175835609436,0.05646098032593727,0.08695430308580399,0.27205193042755127,0.17712700366973877,-0.028066325932741165,0.2946062386035919,0.09832713752985,0.2568322718143463,0.030441727489233017,-0.11425350606441498,0.0459132120013237,-0.11982110142707825,-0.24829843640327454,-0.19361670315265656,0.054491423070430756,0.24089506268501282,-0.0563800185918808,0.26423895359039307,-0.04357533901929855,-0.045677486807107925,0.22552910447120667,-0.20191243290901184,0.08542892336845398
-0.13732172548770905,0.5929508209228516,1.5321282148361206,0.049487232981824884,0.01585201963823169,-0.038997929965643933,-0.028264487341099785,-0.055794446834222085,-0.02372912924223936,-0.03396385312080383,-0.10411305427551265,0.1349462032318116,0.6915951371192932,0.6274113655090332,1.713687777519226,-0.045574233,0.005732931,-0.0023555309,143.0,1740111877.478417,0.1294500231742859,0.06079324334859848,0.22207674384117126,0.10219517350196838,-0.020235460251569748,-0.04579756408929825,0.024801960214972496,0.24655574560165405,0.29648175835609436,0.05646098032593727,0.08695430308580399,0.27205193042755127,0.17712700366973877,-0.028066325932741165,0.2946062386035919,0.09832713752985,0.2568322718143463,0.030441727489233017,-0.11425350606441498,0.0459132120013237,-0.11982110142707825,-0.24829843640327454,-0.19361670315265656,0.054491423070430756,0.24089506268501282,-0.0563800185918808,0.26423895359039307,-0.04357533901929855,-0.045677486807107925,0.22552910447120667,-0.20191243290901184,0.08542892336845398
-0.13226428627967834,0.5957498550415039,1.5316510200500488,0.049487232981824884,0.01585201963823169,-0.038997929965643933,-0.07812190535036569,0.008182051328061695,0.0048696844357410795,-0.03732172548770904,-0.1070491790771484,0.1321282148361207,0.6915951371192932,0.6274113655090332,1.713687777519226,-0.04511891,0.0068177655,-0.023192517,144.0,1740111877.5093625,0.12491391599178314,0.06087194383144379,0.216989204287529,0.09724023938179016,-0.015007123351097107,-0.05063030868768692,0.022624019533395767,0.2357557862997055,0.2878165543079376,0.0577348954975605,0.08987193554639816,0.26354894042015076,0.17153863608837128,-0.026950832456350327,0.28616535663604736,0.09061853587627411,0.24764253199100494,0.026801321655511856,-0.10459327697753906,0.04398242384195328,-0.11736565828323364,-0.24902409315109253,-0.1875515580177307,0.05296666920185089,0.23080778121948242,-0.05232739448547363,0.2616029977798462,-0.04430586099624634,-0.04795512184500694,0.21901515126228333,-0.18887151777744293,0.08775731921195984
-0.1316821128129959,0.5953662395477295,1.5303981304168701,0.049487232981824884,0.01585201963823169,-0.038997929965643933,-0.06967895914357003,0.07287323301117345,0.046145930041986236,-0.03226428627967834,-0.10425014495849605,0.13165102005004892,0.6915951371192932,0.6274113655090332,1.713687777519226,-0.043073863,0.006893903,-0.02455838,145.0,1740111877.542892,0.12433378398418427,0.06076574698090553,0.2160775512456894,0.0976572334766388,-0.015490230172872543,-0.05012265965342522,0.023523550480604172,0.235576793551445,0.28716254234313965,0.05822070688009262,0.08962549269199371,0.26377928256988525,0.17179308831691742,-0.02707977220416069,0.28518399596214294,0.09087453782558441,0.24638792872428894,0.027692042291164398,-0.10394696891307831,0.04469670355319977,-0.11648426949977875,-0.24817900359630585,-0.186332106590271,0.05267453193664551,0.22957384586334229,-0.05260259658098221,0.2604379653930664,-0.04332578182220459,-0.0472804419696331,0.21964740753173828,-0.18902461230754852,0.08624449372291565
-0.1308198869228363,0.5956017374992371,1.5294978618621826,0.028620992019308195,-0.0025963836201564018,-0.04959879497413926,-0.07716837113047077,0.006705559570528991,0.005300115148590844,-0.031682112812995905,-0.10463376045227046,0.1303981304168702,0.6915951371192932,0.6274113655090332,1.713687777519226,-0.047264,0.0068250746,-0.025831185,146.0,1740111877.5759094,0.12420427799224854,0.06068527698516846,0.21588817238807678,0.09724429249763489,-0.01522599533200264,-0.049823660403490067,0.0237375870347023,0.23566581308841705,0.28674057126045227,0.0585029311478138,0.08947969973087311,0.2639114558696747,0.1718447506427765,-0.026861317455768585,0.2846885025501251,0.09074363857507706,0.2458638995885849,0.027943506836891174,-0.10348676145076752,0.04478876292705536,-0.11606982350349426,-0.24797533452510834,-0.18596702814102173,0.0526030957698822,0.2292046695947647,-0.05267404764890671,0.259895920753479,-0.04326125979423523,-0.04704416170716286,0.21972531080245972,-0.18900512158870697,0.08578603714704514
-0.13180659711360931,0.5940234661102295,1.5256500244140625,0.028620992019308195,-0.0025963836201564018,-0.04959879497413926,-0.0399850669193992,0.0933310164455824,0.08073326619561297,-0.03546785712242126,-0.1074708223342895,0.12688348293304452,0.6915951371192932,0.6274113655090332,1.713687777519226,-0.047264,0.0068250746,-0.025831185,147.0,1740111877.6102874,0.12420427799224854,0.06068527698516846,0.21588817238807678,0.09724429249763489,-0.01522599533200264,-0.049823660403490067,0.0237375870347023,0.23566581308841705,0.28674057126045227,0.0585029311478138,0.08947969973087311,0.2639114558696747,0.1718447506427765,-0.026861317455768585,0.2846885025501251,0.09074363857507706,0.2458638995885849,0.027943506836891174,-0.10348676145076752,0.04478876292705536,-0.11606982350349426,-0.24797533452510834,-0.18596702814102173,0.0526030957698822,0.2292046695947647,-0.05267404764890671,0.259895920753479,-0.04326125979423523,-0.04704416170716286,0.21972531080245972,-0.18900512158870697,0.08578603714704514
-0.12863269448280334,0.595738410949707,1.5254427194595337,0.028620992019308195,-0.0025963836201564018,-0.04959879497413926,-0.0788672345444026,0.011358501970243679,0.006785021500442328,-0.03180659711360931,-0.10597653388977046,0.1256500244140626,0.6915951371192932,0.6274113655090332,1.713687777519226,-0.054571774,0.0051574484,-0.032300845,148.0,1740111877.642115,0.12007425725460052,0.06087573617696762,0.20974546670913696,0.09729194641113281,-0.017834872007369995,-0.05130127817392349,0.02359584905207157,0.23318816721439362,0.2830527126789093,0.058268796652555466,0.08919094502925873,0.2623310685157776,0.17076469957828522,-0.028268758207559586,0.2787596881389618,0.08736839890480042,0.24169951677322388,0.03055187314748764,-0.101289302110672,0.04529936611652374,-0.11409485340118408,-0.24587120115756989,-0.18142662942409515,0.05136562138795853,0.2223067283630371,-0.05282647907733917,0.25708210468292236,-0.040383480489254,-0.046706829220056534,0.21741724014282227,-0.18510301411151886,0.08310900628566742
-0.12924087047576904,0.5942631959915161,1.5238487720489502,0.026620665419848238,0.0030298879054641618,-0.050136395582927325,-0.05269597285285844,-0.0009334722161325413,-0.002950233998769273,-0.02863269448280334,-0.10426158905029292,0.12544271945953378,0.6915951371192932,0.6274113655090332,1.713687777519226,-0.054571774,0.0051574484,-0.032300845,149.0,1740111877.6781635,0.12007425725460052,0.06087573617696762,0.20974546670913696,0.09729194641113281,-0.017834872007369995,-0.05130127817392349,0.02359584905207157,0.23318816721439362,0.2830527126789093,0.058268796652555466,0.08919094502925873,0.2623310685157776,0.17076469957828522,-0.028268758207559586,0.2787596881389618,0.08736839890480042,0.24169951677322388,0.03055187314748764,-0.101289302110672,0.04529936611652374,-0.11409485340118408,-0.24587120115756989,-0.18142662942409515,0.05136562138795853,0.2223067283630371,-0.05282647907733917,0.25708210468292236,-0.040383480489254,-0.046706829220056534,0.21741724014282227,-0.18510301411151886,0.08310900628566742
-0.13007858395576477,0.5934354662895203,1.5209629535675049,0.026620665419848238,0.0030298879054641618,-0.050136395582927325,-0.04394210777491866,-0.0206734123625033,-0.006564132321671491,-0.027843901515007013,-0.10450346469879146,0.1229806900024415,0.6915951371192932,0.6274113655090332,1.713687777519226,-0.05598425,0.0046349242,-0.031716794,150.0,1740111877.7093596,0.1203567385673523,0.06143467128276825,0.20803339779376984,0.09465985000133514,-0.01616803929209709,-0.052729953080415726,0.021679023280739784,0.2298421859741211,0.282524436712265,0.057591669261455536,0.08813485503196716,0.2589777410030365,0.16855460405349731,-0.028651699423789978,0.27705422043800354,0.08568065613508224,0.24069993197917938,0.02934946119785309,-0.09962621331214905,0.042501285672187805,-0.11484825611114502,-0.24440543353557587,-0.1792697310447693,0.05002470314502716,0.22257965803146362,-0.05127807706594467,0.25594913959503174,-0.039913199841976166,-0.047538336366415024,0.2139720618724823,-0.18302251398563385,0.0860084667801857
-0.12774045765399933,0.5939353704452515,1.5199848413467407,0.026620665419848238,0.0030298879054641618,-0.050136395582927325,-0.05408857808853796,0.004784659620330471,-0.0018743295010944518,-0.030078583955764765,-0.10656453371047969,0.12096295356750497,0.6915951371192932,0.6274113655090332,1.713687777519226,-0.05594091,0.0044241697,-0.02849494,151.0,1740111877.7418559,0.11923664808273315,0.06130550429224968,0.20684410631656647,0.09536062180995941,-0.016582850366830826,-0.051958903670310974,0.021934622898697853,0.2298988699913025,0.2811071574687958,0.05776309594511986,0.08787626028060913,0.2585875988006592,0.16808709502220154,-0.028627615422010422,0.2752096951007843,0.08529102802276611,0.23958754539489746,0.029826857149600983,-0.09995803236961365,0.04327645152807236,-0.11382608860731125,-0.2430237978696823,-0.17900022864341736,0.04989960789680481,0.2212984710931778,-0.051241546869277954,0.25487154722213745,-0.039579980075359344,-0.046777281910181046,0.21351873874664307,-0.18247424066066742,0.08389852941036224
