mav_pos_x,mav_pos_y,mav_pos_z,mav_vel_x,mav_vel_y,mav_vel_z,mav_yaw,mav_pitch,mav_roll,delta_x,delta_y,delta_z,init_pos_x,init_pos_y,init_pos_z,control_x,control_y,control_z,index_image,timestamp,encoding_1,encoding_2,encoding_3,encoding_4,encoding_5,encoding_6,encoding_7,encoding_8,encoding_9,encoding_10,encoding_11,encoding_12,encoding_13,encoding_14,encoding_15,encoding_16,encoding_17,encoding_18,encoding_19,encoding_20,encoding_21,encoding_22,encoding_23,encoding_24,encoding_25,encoding_26,encoding_27,encoding_28,encoding_29,encoding_30,encoding_31,encoding_32
0.7151220440864563,0.7147178053855896,1.169708251953125,0.5707991154108587,0.11215761770153036,-0.0574394028007928,0.013302072811731402,0.008595907478234932,0.00989027821164209,0.8059264183044433,0.012815225124359175,-0.22952630519866934,0.6873457431793213,0.7088032364845276,1.1719002723693848,-0.2789737,-0.0032499954,0.04428169,2.0,1740111804.3132343,-0.06658142060041428,0.020420845597982407,0.18348908424377441,0.355623722076416,-0.19320237636566162,0.033139824867248535,0.1724894493818283,0.4065280556678772,0.07510337233543396,0.10975207388401031,0.17572757601737976,0.4131995439529419,0.23332613706588745,-0.029302354902029037,0.15187691152095795,0.05343424901366234,0.12281402945518494,0.16067826747894287,-0.18421731889247894,0.29962730407714844,0.031862180680036545,-0.28164049983024597,-0.22500430047512054,0.10289940983057022,-0.07715600728988647,-0.1643507331609726,0.269510954618454,-0.03559991717338562,0.04599934071302414,0.4169900119304657,-0.14253246784210205,-0.30341678857803345
0.7329873442649841,0.7186759114265442,1.1685048341751099,0.5707991154108587,0.11215761770153036,-0.0574394028007928,0.012819562381089495,0.011677462482769038,0.012833624512166662,0.8241223454475403,0.016731965541839644,-0.23095550537109366,0.6873457431793213,0.7088032364845276,1.1719002723693848,-0.2789737,-0.0032499954,0.04428169,3.0,1740111804.3501163,-0.06658142060041428,0.020420845597982407,0.18348908424377441,0.355623722076416,-0.19320237636566162,0.033139824867248535,0.1724894493818283,0.4065280556678772,0.07510337233543396,0.10975207388401031,0.17572757601737976,0.4131995439529419,0.23332613706588745,-0.029302354902029037,0.15187691152095795,0.05343424901366234,0.12281402945518494,0.16067826747894287,-0.18421731889247894,0.29962730407714844,0.031862180680036545,-0.28164049983024597,-0.22500430047512054,0.10289940983057022,-0.07715600728988647,-0.1643507331609726,0.269510954618454,-0.03559991717338562,0.04599934071302414,0.4169900119304657,-0.14253246784210205,-0.30341678857803345
0.750128984451294,0.7225444316864014,1.1673990488052368,0.5707991154108587,0.11215761770153036,-0.0574394028007928,0.01253930225445604,0.014571233477805371,0.015585900951631095,0.8417623996734619,0.02063243389129643,-0.23204638957977286,0.6873457431793213,0.7088032364845276,1.1719002723693848,-0.29358715,0.003868483,0.026900485,4.0,1740111804.3813648,-0.06603419035673141,0.020034773275256157,0.17732150852680206,0.34900662302970886,-0.1902611255645752,0.03368064761161804,0.16864649951457977,0.3991053104400635,0.07439828664064407,0.10454130172729492,0.16778422892093658,0.4041052460670471,0.22863802313804626,-0.028630118817090988,0.1466757208108902,0.05303627625107765,0.12188553810119629,0.15683765709400177,-0.18235962092876434,0.2916189730167389,0.03127376362681389,-0.27152448892593384,-0.22051185369491577,0.09936711937189102,-0.07280607521533966,-0.16095291078090668,0.26180601119995117,-0.033986449241638184,0.04648752883076668,0.4059194326400757,-0.14004497230052948,-0.3002420961856842
0.7768663763999939,0.7297907471656799,1.168217658996582,0.5247627848924034,0.12492747468343073,-0.016966437975152977,0.0253619778673567,-0.006862297226657606,0.022436614135680155,0.8586938738822937,0.0245680689811707,-0.2329439163208007,0.6873457431793213,0.7088032364845276,1.1719002723693848,-0.2893456,-0.0011408553,0.041745536,5.0,1740111804.4184458,-0.07291088253259659,0.016882918775081635,0.18406450748443604,0.3728366196155548,-0.20765727758407593,0.04049813002347946,0.18250082433223724,0.42176809906959534,0.07053662836551666,0.1078730970621109,0.17453041672706604,0.4264903962612152,0.2410474568605423,-0.03199255093932152,0.15104608237743378,0.05770941823720932,0.12445789575576782,0.1707313358783722,-0.19794873893260956,0.31398671865463257,0.034412115812301636,-0.2797291874885559,-0.23212961852550507,0.10663511604070663,-0.08266689628362656,-0.17403002083301544,0.2718643844127655,-0.03805658221244812,0.05310706049203873,0.4284285306930542,-0.14934422075748444,-0.3256906270980835
0.7846646904945374,0.7316814661026001,1.1682418584823608,0.5247627848924034,0.12492747468343073,-0.016966437975152977,0.027420672834735323,-0.08260589699075982,-0.028177549602815655,0.8768663763999939,0.029790747165679976,-0.23178234100341788,0.6873457431793213,0.7088032364845276,1.1719002723693848,-0.29568034,0.0026383325,0.027830034,6.0,1740111804.4450424,-0.07349899411201477,0.01709369197487831,0.17714546620845795,0.3617776930332184,-0.20101600885391235,0.038643255829811096,0.17848365008831024,0.4091103971004486,0.06721074134111404,0.1044926643371582,0.16862325370311737,0.4128945767879486,0.23509295284748077,-0.031492576003074646,0.14311325550079346,0.05627526715397835,0.11857615411281586,0.16479068994522095,-0.19177275896072388,0.30559003353118896,0.03476448357105255,-0.2700904905796051,-0.2253393828868866,0.10220441967248917,-0.08042195439338684,-0.1678038239479065,0.2647516131401062,-0.03578647971153259,0.05383142828941345,0.41627010703086853,-0.14259763062000275,-0.31858110427856445
0.8013022541999817,0.7360098361968994,1.1695432662963867,0.5247627848924034,0.12492747468343073,-0.016966437975152977,-2.643730573926541,-0.2683614624783759,2.5925546494685596,0.8927080988883972,0.033893573284149214,-0.23178770542144767,0.6873457431793213,0.7088032364845276,1.1719002723693848,-0.29568034,0.0026383325,0.027830034,7.0,1740111804.4808204,-0.07349899411201477,0.01709369197487831,0.17714546620845795,0.3617776930332184,-0.20101600885391235,0.038643255829811096,0.17848365008831024,0.4091103971004486,0.06721074134111404,0.1044926643371582,0.16862325370311737,0.4128945767879486,0.23509295284748077,-0.031492576003074646,0.14311325550079346,0.05627526715397835,0.11857615411281586,0.16479068994522095,-0.19177275896072388,0.30559003353118896,0.03476448357105255,-0.2700904905796051,-0.2253393828868866,0.10220441967248917,-0.08042195439338684,-0.1678038239479065,0.2647516131401062,-0.03578647971153259,0.05383142828941345,0.41627010703086853,-0.14259763062000275,-0.31858110427856445
0.8222635388374329,0.7414923906326294,1.1684095859527588,0.48791177779466194,0.12509036046499006,-0.0003212816532980213,0.023457502262177285,-0.07196111329650282,0.0023052917087226913,0.9048626184463501,0.039655554294586226,-0.22975304126739493,0.6873457431793213,0.7088032364845276,1.1719002723693848,-0.30511603,0.0006522164,0.039575487,8.0,1740111804.5180497,-0.07608126103878021,0.015009954571723938,0.18033336102962494,0.3734278082847595,-0.2101093977689743,0.044605232775211334,0.18603211641311646,0.4212833046913147,0.06599810719490051,0.10670126974582672,0.1702539473772049,0.4249916076660156,0.24170523881912231,-0.031035281717777252,0.14514629542827606,0.06064165011048317,0.12019411474466324,0.17133420705795288,-0.1988161951303482,0.31749293208122253,0.039178311824798584,-0.272339791059494,-0.23146992921829224,0.10544737428426743,-0.08477035164833069,-0.1746075451374054,0.26712268590927124,-0.03578641265630722,0.0594407394528389,0.42933863401412964,-0.14935898780822754,-0.33431896567344666
0.8222635388374329,0.7414923906326294,1.1684095859527588,0.48791177779466194,0.12509036046499006,-0.0003212816532980213,0.023457502262177285,-0.07196111329650282,0.0023052917087226913,0.9222635388374328,0.04149239063262944,-0.23159041404724112,0.6873457431793213,0.7088032364845276,1.1719002723693848,-0.33351386,0.0035658106,0.033690743,9.0,1740111804.5500426,-0.08222252875566483,0.009657012298703194,0.19078382849693298,0.40494975447654724,-0.23415769636631012,0.058315858244895935,0.20564483106136322,0.4549815356731415,0.06437952071428299,0.11174291372299194,0.1781102418899536,0.45897307991981506,0.26004862785339355,-0.03236508369445801,0.15356363356113434,0.07080425322055817,0.1271064430475235,0.19061118364334106,-0.21950070559978485,0.348839670419693,0.04763967543840408,-0.2825579047203064,-0.24924232065677643,0.11541124433279037,-0.09567970037460327,-0.1936403214931488,0.27767884731292725,-0.038564473390579224,0.07126099616289139,0.46374616026878357,-0.16798318922519684,-0.3714461624622345
0.8463782668113708,0.7466944456100464,1.16739022731781,0.48791177779466194,0.12509036046499006,-0.0003212816532980213,0.0032565948162115448,0.028915576587511753,0.07497787070100731,0.9357616066932678,0.04521166086196904,-0.23114671707153311,0.6873457431793213,0.7088032364845276,1.1719002723693848,-0.33042645,0.0047892183,0.029498503,10.0,1740111804.5916245,-0.08496414124965668,0.007684666663408279,0.19323429465293884,0.4155488610267639,-0.2427798956632614,0.06251014024019241,0.21277981996536255,0.46554914116859436,0.06356427073478699,0.11286945641040802,0.17983418703079224,0.4693130552768707,0.2662231922149658,-0.03396354243159294,0.1551050990819931,0.07457171380519867,0.1283644437789917,0.1969180703163147,-0.22743584215641022,0.36016523838043213,0.049829527735710144,-0.28419458866119385,-0.254944771528244,0.11819375306367874,-0.09862518310546875,-0.19920650124549866,0.2818857431411743,-0.039397820830345154,0.07595349848270416,0.4743677079677582,-0.17344528436660767,-0.38466984033584595
0.8599377274513245,0.7522720694541931,1.1700925827026367,0.48791177779466194,0.12509036046499006,-0.0003212816532980213,0.020657940370099055,-0.07023303439368755,0.021238549573690965,0.9463782668113708,0.04669444561004643,-0.23260977268218985,0.6873457431793213,0.7088032364845276,1.1719002723693848,-0.35757506,0.0107335225,0.011248253,11.0,1740111804.6275465,-0.08781817555427551,0.0057227723300457,0.19649827480316162,0.42980852723121643,-0.2540520429611206,0.06739004701375961,0.22058609127998352,0.47901323437690735,0.0631546750664711,0.11428649723529816,0.18165366351604462,0.48348701000213623,0.27387726306915283,-0.036256399005651474,0.15746815502643585,0.07820741087198257,0.13145378232002258,0.20517614483833313,-0.23723097145557404,0.3736957013607025,0.05216864123940468,-0.28739306330680847,-0.2623054087162018,0.12172386795282364,-0.1025070995092392,-0.20674298703670502,0.28659626841545105,-0.04054614156484604,0.08089345693588257,0.4876070022583008,-0.18094947934150696,-0.4008789658546448
0.8704192638397217,0.7557092905044556,1.1707987785339355,0.3439328923058585,0.10153848773551974,0.017063846815321873,0.019977501591968778,-0.05956388719610076,0.030221961885148693,0.9599377274513244,0.05227206945419316,-0.2299074172973632,0.6873457431793213,0.7088032364845276,1.1719002723693848,-0.3745225,0.012011774,0.012228519,12.0,1740111804.658967,-0.09085340052843094,0.0023581720888614655,0.20220506191253662,0.4484933018684387,-0.2694206237792969,0.0747818723320961,0.23179209232330322,0.4989583194255829,0.062317751348018646,0.11665764451026917,0.18445944786071777,0.5036256909370422,0.2838181257247925,-0.037887927144765854,0.16270782053470612,0.08319415897130966,0.13671204447746277,0.21634580194950104,-0.24979250133037567,0.3911828398704529,0.055837567895650864,-0.2930617332458496,-0.2717200219631195,0.12744870781898499,-0.10809837281703949,-0.21821250021457672,0.29300084710121155,-0.04281969368457794,0.08712774515151978,0.5068560838699341,-0.19222554564476013,-0.4221045970916748
0.8798631429672241,0.758893609046936,1.171632170677185,0.3439328923058585,0.10153848773551974,0.017063846815321873,0.019019254721548823,-0.04283858353174205,0.04517607130289641,0.9704192638397217,0.05570929050445561,-0.22920122146606436,0.6873457431793213,0.7088032364845276,1.1719002723693848,-0.3745225,0.012011774,0.012228519,13.0,1740111804.6960435,-0.09085340052843094,0.0023581720888614655,0.20220506191253662,0.4484933018684387,-0.2694206237792969,0.0747818723320961,0.23179209232330322,0.4989583194255829,0.062317751348018646,0.11665764451026917,0.18445944786071777,0.5036256909370422,0.2838181257247925,-0.037887927144765854,0.16270782053470612,0.08319415897130966,0.13671204447746277,0.21634580194950104,-0.24979250133037567,0.3911828398704529,0.055837567895650864,-0.2930617332458496,-0.2717200219631195,0.12744870781898499,-0.10809837281703949,-0.21821250021457672,0.29300084710121155,-0.04281969368457794,0.08712774515151978,0.5068560838699341,-0.19222554564476013,-0.4221045970916748
0.8881352543830872,0.7617306709289551,1.1720244884490967,0.3439328923058585,0.10153848773551974,0.017063846815321873,0.022355698268745477,0.007872057031973538,0.08343940010277062,0.9798631429672241,0.05889360904693608,-0.22836782932281485,0.6873457431793213,0.7088032364845276,1.1719002723693848,-0.3846178,0.012964882,0.007303916,14.0,1740111804.7189696,-0.09484074264764786,-0.0019233450293540955,0.20404750108718872,0.45951026678085327,-0.28201180696487427,0.08301020413637161,0.2419782131910324,0.5123463869094849,0.057022929191589355,0.11597277224063873,0.1816069334745407,0.5151825547218323,0.2886142432689667,-0.03816686198115349,0.16209189593791962,0.08710291981697083,0.13749375939369202,0.22467531263828278,-0.2577905058860779,0.4035022556781769,0.06156865507364273,-0.29161742329597473,-0.2755585312843323,0.13039669394493103,-0.11224526166915894,-0.22748985886573792,0.2933102250099182,-0.043439120054244995,0.09486636519432068,0.5202376842498779,-0.2007082998752594,-0.4405077397823334
0.893558144569397,0.7627047896385193,1.1714422702789307,0.2309347895920334,0.06981772971172265,0.006422291227944938,0.002512516836331736,0.027463875088202284,0.08152600292328556,0.9881352543830871,0.06173067092895512,-0.22797551155090323,0.6873457431793213,0.7088032364845276,1.1719002723693848,-0.3846178,0.012964882,0.007303916,15.0,1740111804.7652223,-0.09484074264764786,-0.0019233450293540955,0.20404750108718872,0.45951026678085327,-0.28201180696487427,0.08301020413637161,0.2419782131910324,0.5123463869094849,0.057022929191589355,0.11597277224063873,0.1816069334745407,0.5151825547218323,0.2886142432689667,-0.03816686198115349,0.16209189593791962,0.08710291981697083,0.13749375939369202,0.22467531263828278,-0.2577905058860779,0.4035022556781769,0.06156865507364273,-0.29161742329597473,-0.2755585312843323,0.13039669394493103,-0.11224526166915894,-0.22748985886573792,0.2933102250099182,-0.043439120054244995,0.09486636519432068,0.5202376842498779,-0.2007082998752594,-0.4405077397823334
0.8983136415481567,0.7659475207328796,1.1735285520553589,0.2309347895920334,0.06981772971172265,0.006422291227944938,0.022169592511069494,0.011024225057270479,0.09263774191569044,0.993558144569397,0.06270478963851933,-0.22855772972106925,0.6873457431793213,0.7088032364845276,1.1719002723693848,-0.39486605,0.014336504,-0.0004697144,16.0,1740111804.784864,-0.0967436134815216,-0.003298211842775345,0.20478840172290802,0.4651646018028259,-0.2877371311187744,0.08636597543954849,0.2463347315788269,0.5180951356887817,0.05488419532775879,0.11638085544109344,0.1806766837835312,0.5207886099815369,0.2911126911640167,-0.03856002166867256,0.16148388385772705,0.08874878287315369,0.13759805262088776,0.22876806557178497,-0.2611922025680542,0.4096386730670929,0.06425612419843674,-0.2914639115333557,-0.2775976061820984,0.13180962204933167,-0.11473861336708069,-0.23130184412002563,0.29351603984832764,-0.04347764700651169,0.09846536815166473,0.5264233946800232,-0.20415090024471283,-0.44920113682746887
0.906505823135376,0.7700719237327576,1.1753487586975098,0.2309347895920334,0.06981772971172265,0.006422291227944938,0.023411375199209453,0.004685343340441313,0.0959339927998209,1.0001073837280274,0.06642006635665898,-0.22465481758117667,0.6873457431793213,0.7088032364845276,1.1719002723693848,-0.39486605,0.014336504,-0.0004697144,17.0,1740111804.8290474,-0.0967436134815216,-0.003298211842775345,0.20478840172290802,0.4651646018028259,-0.2877371311187744,0.08636597543954849,0.2463347315788269,0.5180951356887817,0.05488419532775879,0.11638085544109344,0.1806766837835312,0.5207886099815369,0.2911126911640167,-0.03856002166867256,0.16148388385772705,0.08874878287315369,0.13759805262088776,0.22876806557178497,-0.2611922025680542,0.4096386730670929,0.06425612419843674,-0.2914639115333557,-0.2775976061820984,0.13180962204933167,-0.11473861336708069,-0.23130184412002563,0.29351603984832764,-0.04347764700651169,0.09846536815166473,0.5264233946800232,-0.20415090024471283,-0.44920113682746887
0.9137523770332336,0.7755535244941711,1.1785582304000854,0.15491824462112805,0.0916292221457285,0.043391485452559296,0.016991988491885716,-0.06873666164011215,0.04793682397528806,1.006505823135376,0.07007192373275761,-0.22465124130249015,0.6873457431793213,0.7088032364845276,1.1719002723693848,-0.42730957,0.014511831,-0.006808102,18.0,1740111804.8889432,-0.0988253802061081,-0.007566019892692566,0.2077549397945404,0.4771820902824402,-0.30108773708343506,0.09498053044080734,0.25539296865463257,0.5333709716796875,0.05281328409910202,0.11600521206855774,0.17863379418849945,0.5352270603179932,0.29757508635520935,-0.036677949130535126,0.16349756717681885,0.09422171115875244,0.14071738719940186,0.23632197082042694,-0.26978838443756104,0.4224778413772583,0.07015328109264374,-0.2919124960899353,-0.28313273191452026,0.13560035824775696,-0.11795595288276672,-0.24122613668441772,0.2937612235546112,-0.04356939345598221,0.10603916645050049,0.5415744185447693,-0.21399810910224915,-0.46766966581344604
0.9129642248153687,0.7752663493156433,1.1774253845214844,0.15491824462112805,0.0916292221457285,0.043391485452559296,0.0010426751021599507,0.013306243858395832,0.09481908914189587,1.0137523770332337,0.07555352449417119,-0.22144176959991446,0.6873457431793213,0.7088032364845276,1.1719002723693848,-0.4228695,0.014084615,-0.015264988,19.0,1740111804.910714,-0.098248191177845,-0.008534763008356094,0.20590485632419586,0.4744243621826172,-0.3016502261161804,0.0957610085606575,0.25492677092552185,0.5317160487174988,0.05189215764403343,0.11382684111595154,0.17464908957481384,0.5329696536064148,0.295428603887558,-0.03639416769146919,0.1619519591331482,0.09404417872428894,0.1407807320356369,0.23598505556583405,-0.26912397146224976,0.419874906539917,0.07040728628635406,-0.2884838879108429,-0.2808450758457184,0.13484135270118713,-0.1161673367023468,-0.24156269431114197,0.2905363440513611,-0.04334364831447601,0.10667675733566284,0.5386908650398254,-0.21466663479804993,-0.46646714210510254
0.9148944020271301,0.7794040441513062,1.1795361042022705,0.15491824462112805,0.0916292221457285,0.043391485452559296,0.0024157249332886926,0.010895073192428899,0.0965799659419806,1.0138184189796449,0.07661484479904179,-0.22197999954223624,0.6873457431793213,0.7088032364845276,1.1719002723693848,-0.40420002,0.01380752,-0.0030861497,20.0,1740111804.9626951,-0.09664858877658844,-0.008416697382926941,0.20400695502758026,0.46730029582977295,-0.2972515821456909,0.09582784026861191,0.251844584941864,0.5261408686637878,0.051927145570516586,0.11214964091777802,0.1716972440481186,0.5266686081886292,0.29201650619506836,-0.03387749567627907,0.15992483496665955,0.09413699805736542,0.1391221135854721,0.23228664696216583,-0.2647157311439514,0.41402339935302734,0.07163192331790924,-0.28460025787353516,-0.2773590683937073,0.132583349943161,-0.11331452429294586,-0.2387714684009552,0.2859264016151428,-0.04123229533433914,0.10683667659759521,0.5334751009941101,-0.21314024925231934,-0.4614578187465668
0.9143385887145996,0.7814016938209534,1.180406928062439,0.03048826300124257,0.06979396437962954,0.033945307608580486,0.0012292875477818723,0.013015547587225106,0.09364105727993274,1.0148944020271302,0.0794040441513062,-0.2204638957977294,0.6873457431793213,0.7088032364845276,1.1719002723693848,-0.42682993,0.0134130195,-0.019427545,21.0,1740111805.0027256,-0.09732406586408615,-0.008491989225149155,0.20075611770153046,0.4627538323402405,-0.294735312461853,0.09496676176786423,0.25032445788383484,0.5206347703933716,0.05030834674835205,0.1105869859457016,0.16944710910320282,0.5210047960281372,0.28993454575538635,-0.03381263464689255,0.15676996111869812,0.0938703715801239,0.1364872008562088,0.2301260083913803,-0.26249784231185913,0.41068971157073975,0.07123995572328568,-0.28024306893348694,-0.2748940885066986,0.13116556406021118,-0.11262810230255127,-0.23645994067192078,0.28287339210510254,-0.04067529737949371,0.10710792243480682,0.5282303690910339,-0.20982962846755981,-0.4586082696914673
0.9108926057815552,0.7859929203987122,1.1829458475112915,0.03048826300124257,0.06979396437962954,0.033945307608580486,0.0016187375476812405,0.02045199477921968,0.09031551592963374,1.0143385887145997,0.08140169382095341,-0.21959307193756095,0.6873457431793213,0.7088032364845276,1.1719002723693848,-0.41337663,0.012862556,-0.015602149,22.0,1740111805.066794,-0.09643511474132538,-0.008547954261302948,0.19927652180194855,0.4576184153556824,-0.2925575375556946,0.09438373893499374,0.2485893815755844,0.5160768628120422,0.05009279400110245,0.10865527391433716,0.16654101014137268,0.5156798958778381,0.2869124114513397,-0.033610645681619644,0.15511156618595123,0.09322541952133179,0.13522465527057648,0.22777827084064484,-0.2600114345550537,0.4062877297401428,0.07095635682344437,-0.27667704224586487,-0.27182579040527344,0.1288992464542389,-0.10987953841686249,-0.23443561792373657,0.28028354048728943,-0.03960166871547699,0.10682569444179535,0.523696780204773,-0.20863932371139526,-0.4546317458152771
0.9077858328819275,0.7882875800132751,1.1843160390853882,0.03048826300124257,0.06979396437962954,0.033945307608580486,0.0027324722887351973,0.02297910347097916,0.09189279374735113,1.0108926057815553,0.0859929203987122,-0.2170541524887084,0.6873457431793213,0.7088032364845276,1.1719002723693848,-0.4197222,0.013270907,-0.019853778,23.0,1740111805.104677,-0.09699225425720215,-0.008787352591753006,0.20005357265472412,0.45977646112442017,-0.29407984018325806,0.09515836089849472,0.24990496039390564,0.5181673169136047,0.050168476998806,0.10907702147960663,0.16735625267028809,0.5177639126777649,0.2882939577102661,-0.03379019722342491,0.15577268600463867,0.09415405988693237,0.13543547689914703,0.22876940667629242,-0.2614436149597168,0.40857845544815063,0.07142875343561172,-0.27733543515205383,-0.27311548590660095,0.1295001208782196,-0.11040297150611877,-0.2353965938091278,0.2812284231185913,-0.03969085216522217,0.10756929218769073,0.5261136889457703,-0.20963047444820404,-0.45714056491851807
0.9034549593925476,0.7899249792098999,1.1851061582565308,-0.055347009324166856,0.07476484791143168,0.05925443527660193,0.0003833592935501157,0.03136006071216323,0.08930174570730258,1.0077858328819276,0.08828758001327519,-0.21568396091461173,0.6873457431793213,0.7088032364845276,1.1719002723693848,-0.40356147,0.01262477,-0.015064761,24.0,1740111805.128125,-0.09528183937072754,-0.0077804699540138245,0.19588887691497803,0.4487510323524475,-0.2866523265838623,0.09226159006357193,0.24435295164585114,0.5071390867233276,0.04958079010248184,0.10672600567340851,0.16344787180423737,0.5062535405158997,0.2822631597518921,-0.032442644238471985,0.1518305540084839,0.09179017692804337,0.13255733251571655,0.22307412326335907,-0.2546390891075134,0.3985402584075928,0.07033303380012512,-0.2719193696975708,-0.2671479284763336,0.12590253353118896,-0.10709024965763092,-0.22982877492904663,0.27583009004592896,-0.03809791058301926,0.10563024878501892,0.5150542855262756,-0.20449045300483704,-0.44671785831451416
0.9005924463272095,0.7933720946311951,1.1879754066467285,-0.055347009324166856,0.07476484791143168,0.05925443527660193,0.023131910425640265,0.010664120653082169,0.09015314738286734,1.0010833501815797,0.09108279943466191,-0.21159400939941397,0.6873457431793213,0.7088032364845276,1.1719002723693848,-0.43218124,0.012791917,-0.024990574,25.0,1740111805.1709306,-0.09434300661087036,-0.00719321146607399,0.19395528733730316,0.4431673288345337,-0.2827904224395752,0.09076551347970963,0.24144287407398224,0.5016457438468933,0.04946862906217575,0.10563108325004578,0.1617523580789566,0.500461220741272,0.27928757667541504,-0.03169028088450432,0.14995360374450684,0.09056619554758072,0.13112160563468933,0.22006045281887054,-0.25117945671081543,0.393436461687088,0.06990867108106613,-0.26940616965293884,-0.2641831338405609,0.12406467646360397,-0.105404332280159,-0.22695320844650269,0.27321916818618774,-0.03722062706947327,0.10464046895503998,0.5096426010131836,-0.2019573152065277,-0.44137951731681824
0.891457200050354,0.7954427599906921,1.189287543296814,-0.055347009324166856,0.07476484791143168,0.05925443527660193,0.022725860464724284,0.01248427823691186,0.0889166001964929,0.9959195017814636,0.092870044708252,-0.2129941225051879,0.6873457431793213,0.7088032364845276,1.1719002723693848,-0.40746576,0.012302779,-0.016918093,26.0,1740111805.2133462,-0.09500332176685333,-0.007487419992685318,0.196762815117836,0.4491034150123596,-0.28608620166778564,0.0922461673617363,0.2441454827785492,0.5077532529830933,0.05016489326953888,0.10756012797355652,0.16496987640857697,0.5070623159408569,0.28302204608917236,-0.0318109393119812,0.15269064903259277,0.09227422624826431,0.13262486457824707,0.22279863059520721,-0.25446540117263794,0.3990940749645233,0.07072468101978302,-0.27324166893959045,-0.2679147720336914,0.12611648440361023,-0.10744345188140869,-0.22965729236602783,0.276533842086792,-0.03788990527391434,0.10555778443813324,0.5163618326187134,-0.20447781682014465,-0.44679468870162964
0.8823997974395752,0.7954930067062378,1.1886450052261353,-0.19468698813640384,0.041414129657297405,0.007313697522738912,0.004175608466400784,0.02844065731152357,0.08750852122313531,0.991457200050354,0.09544275999069218,-0.21071245670318595,0.6873457431793213,0.7088032364845276,1.1719002723693848,-0.39487052,0.011913404,-0.011979684,27.0,1740111805.2501235,-0.09210770577192307,-0.006405085325241089,0.1928451508283615,0.43816694617271423,-0.27888524532318115,0.089054174721241,0.237941712141037,0.4972304403781891,0.05124955251812935,0.10494326055049896,0.16051125526428223,0.4965861141681671,0.2769775092601776,-0.030654337257146835,0.15019330382347107,0.09001819789409637,0.1313629299402237,0.21670717000961304,-0.2480781227350235,0.38839060068130493,0.06857915222644806,-0.2682897746562958,-0.2619774341583252,0.12256433814764023,-0.10269783437252045,-0.22412343323230743,0.27142834663391113,-0.036423370242118835,0.102707639336586,0.5054442882537842,-0.20027464628219604,-0.43525969982147217
0.8745834827423096,0.796514630317688,1.1893231868743896,-0.19468698813640384,0.041414129657297405,0.007313697522738912,0.004653541211033662,0.02756096929421905,0.08456531031181302,0.9823997974395752,0.09549300670623784,-0.21135499477386466,0.6873457431793213,0.7088032364845276,1.1719002723693848,-0.38767916,0.012608916,-0.0023577511,28.0,1740111805.2833884,-0.09163088351488113,-0.006344962865114212,0.19243331253528595,0.43705180287361145,-0.2783036231994629,0.0887657031416893,0.23732797801494598,0.49622800946235657,0.051284968852996826,0.10454891622066498,0.15967218577861786,0.49568405747413635,0.27604973316192627,-0.030647478997707367,0.14996609091758728,0.08942390233278275,0.13159562647342682,0.21644148230552673,-0.24732168018817902,0.38707441091537476,0.0681743398308754,-0.2678414285182953,-0.26120612025260925,0.12226290255784988,-0.1021372377872467,-0.22382764518260956,0.2708202004432678,-0.03639208525419235,0.1022753119468689,0.5041025280952454,-0.20023633539676666,-0.4338722825050354
0.8677236437797546,0.7982845902442932,1.1911550760269165,-0.19468698813640384,0.041414129657297405,0.007313697522738912,0.024161266887429044,0.009258573272337329,0.0840823987231202,0.9745834827423095,0.09651463031768803,-0.21067681312561026,0.6873457431793213,0.7088032364845276,1.1719002723693848,-0.40415782,0.012826577,-0.012773089,29.0,1740111805.3160198,-0.09054094552993774,-0.005468260496854782,0.18985025584697723,0.43068355321884155,-0.2731267809867859,0.08671274781227112,0.23380453884601593,0.4892362058162689,0.051512278616428375,0.10373015701770782,0.15854355692863464,0.48916095495224,0.273438960313797,-0.029635120183229446,0.1480657011270523,0.0887451097369194,0.1296832412481308,0.2126425802707672,-0.24325476586818695,0.381696879863739,0.06721193343400955,-0.26492631435394287,-0.25848251581192017,0.12027344852685928,-0.10044729709625244,-0.21989428997039795,0.2681158185005188,-0.03528068959712982,0.10111682116985321,0.49800556898117065,-0.1964513510465622,-0.4275803565979004
0.8565559387207031,0.7978651523590088,1.1905080080032349,-0.2508062974576719,0.026385652175681337,0.020288599584345018,0.005887445955052602,0.0233011263006376,0.08086031265605403,0.9610948324203491,0.09742932319641118,-0.20987715721130362,0.6873457431793213,0.7088032364845276,1.1719002723693848,-0.40415782,0.012826577,-0.012773089,30.0,1740111805.3483167,-0.09054094552993774,-0.005468260496854782,0.18985025584697723,0.43068355321884155,-0.2731267809867859,0.08671274781227112,0.23380453884601593,0.4892362058162689,0.051512278616428375,0.10373015701770782,0.15854355692863464,0.48916095495224,0.273438960313797,-0.029635120183229446,0.1480657011270523,0.0887451097369194,0.1296832412481308,0.2126425802707672,-0.24325476586818695,0.381696879863739,0.06721193343400955,-0.26492631435394287,-0.25848251581192017,0.12027344852685928,-0.10044729709625244,-0.21989428997039795,0.2681158185005188,-0.03528068959712982,0.10111682116985321,0.49800556898117065,-0.1964513510465622,-0.4275803565979004
0.8464232683181763,0.7981942892074585,1.1907535791397095,-0.2508062974576719,0.026385652175681337,0.020288599584345018,0.0057135672772087,0.0236409573326607,0.07865377303368527,0.9565559387207031,0.09786515235900883,-0.20949199199676505,0.6873457431793213,0.7088032364845276,1.1719002723693848,-0.36253226,0.01014065,-0.00559476,31.0,1740111805.374009,-0.05945427715778351,0.007516898214817047,0.15715812146663666,0.3113086521625519,-0.19008088111877441,0.059010498225688934,0.17023566365242004,0.37935322523117065,0.06095287948846817,0.08261674642562866,0.1211039274930954,0.37631934881210327,0.2108738273382187,-0.006822558119893074,0.12170830368995667,0.0688416138291359,0.11055684089660645,0.14640770852565765,-0.16712239384651184,0.2720263600349426,0.05847577378153801,-0.21670275926589966,-0.19829756021499634,0.08109377324581146,-0.055327579379081726,-0.1599329113960266,0.21344974637031555,-0.012226257473230362,0.07718212157487869,0.3908291459083557,-0.15384486317634583,-0.3102336525917053
0.8378089666366577,0.7992100715637207,1.1933104991912842,-0.2508062974576719,0.026385652175681337,0.020288599584345018,0.024996289219136394,0.003164330745917087,0.059186750963534485,0.9464232683181762,0.09819428920745854,-0.20924642086029044,0.6873457431793213,0.7088032364845276,1.1719002723693848,-0.3652621,0.010179974,-0.005751595,32.0,1740111805.4115548,-0.059304818511009216,0.008025161921977997,0.15679048001766205,0.3099685311317444,-0.18822428584098816,0.058003269135951996,0.1692931056022644,0.37744390964508057,0.061303600668907166,0.08279134333133698,0.12159687280654907,0.37472498416900635,0.21057486534118652,-0.007012238726019859,0.1214093416929245,0.06855439394712448,0.10987888276576996,0.1454944759607315,-0.16605499386787415,0.27103596925735474,0.057928744703531265,-0.21645772457122803,-0.19802579283714294,0.0805075392127037,-0.05501565337181091,-0.1586429923772812,0.2134513258934021,-0.011831648647785187,0.07680410891771317,0.38949450850486755,-0.15260571241378784,-0.30844107270240784
0.8301977515220642,0.7984597682952881,1.1907999515533447,-0.2508062974576719,0.026385652175681337,0.020288599584345018,0.006620165282776553,0.02284958823360301,0.07190642503557851,0.9378089666366577,0.09921007156372075,-0.20668950080871573,0.6873457431793213,0.7088032364845276,1.1719002723693848,-0.3724268,0.011188753,-0.0008838624,33.0,1740111805.438857,-0.06172376871109009,0.008357390761375427,0.15651918947696686,0.3154769539833069,-0.1908877044916153,0.05634823441505432,0.17162005603313446,0.3795727789402008,0.060895517468452454,0.08389316499233246,0.1241607666015625,0.3779381215572357,0.21350979804992676,-0.011096857488155365,0.12178665399551392,0.06833705306053162,0.10996071249246597,0.14862194657325745,-0.1702670007944107,0.27576103806495667,0.054808102548122406,-0.218105748295784,-0.2008780986070633,0.08220799267292023,-0.057006098330020905,-0.15947985649108887,0.2178451418876648,-0.014221228659152985,0.07656287401914597,0.3912651240825653,-0.15152528882026672,-0.3117472231388092
0.81400465965271,0.7994555830955505,1.1916078329086304,-0.3171778629771629,0.0009168194699116519,0.00047230093904539644,0.026060241773526234,0.004244360509700429,0.07302017961745418,0.9301977515220642,0.09845976829528813,-0.20920004844665518,0.6873457431793213,0.7088032364845276,1.1719002723693848,-0.3724268,0.011188753,-0.0008838624,34.0,1740111805.4813511,-0.06172376871109009,0.008357390761375427,0.15651918947696686,0.3154769539833069,-0.1908877044916153,0.05634823441505432,0.17162005603313446,0.3795727789402008,0.060895517468452454,0.08389316499233246,0.1241607666015625,0.3779381215572357,0.21350979804992676,-0.011096857488155365,0.12178665399551392,0.06833705306053162,0.10996071249246597,0.14862194657325745,-0.1702670007944107,0.27576103806495667,0.054808102548122406,-0.218105748295784,-0.2008780986070633,0.08220799267292023,-0.057006098330020905,-0.15947985649108887,0.2178451418876648,-0.014221228659152985,0.07656287401914597,0.3912651240825653,-0.15152528882026672,-0.3117472231388092
0.7937059998512268,0.797380268573761,1.1897474527359009,-0.3171778629771629,0.0009168194699116519,0.00047230093904539644,0.008440540980342135,0.019723513663946486,0.06657909986331223,0.9140046596527099,0.09945558309555058,-0.20839216709136954,0.6873457431793213,0.7088032364845276,1.1719002723693848,-0.35896152,0.00989335,0.003946066,35.0,1740111805.523505,-0.0628400668501854,0.008383091539144516,0.15736238658428192,0.3197353780269623,-0.19353298842906952,0.056208036839962006,0.1734660565853119,0.382618248462677,0.061252862215042114,0.08454981446266174,0.12588484585285187,0.38161322474479675,0.2157144546508789,-0.013157974928617477,0.12318424880504608,0.06889960169792175,0.11087795346975327,0.15095315873622894,-0.17341113090515137,0.27922719717025757,0.05336571857333183,-0.21985509991645813,-0.20320047438144684,0.0835079550743103,-0.05780370533466339,-0.16094958782196045,0.2207346111536026,-0.015493307262659073,0.07662195712327957,0.39400649070739746,-0.15256331861019135,-0.3145192265510559
0.7937059998512268,0.797380268573761,1.1897474527359009,-0.3171778629771629,0.0009168194699116519,0.00047230093904539644,0.008440540980342135,0.019723513663946486,0.06657909986331223,0.8937059998512268,0.09738026857376103,-0.21025254726409903,0.6873457431793213,0.7088032364845276,1.1719002723693848,-0.34201413,0.005139418,0.019401088,36.0,1740111805.549492,-0.06110134720802307,0.009588941931724548,0.15510062873363495,0.31272026896476746,-0.18769636750221252,0.05331391841173172,0.16946403682231903,0.37478941679000854,0.06256051361560822,0.08352160453796387,0.12534654140472412,0.3743758797645569,0.21226944029331207,-0.014324545860290527,0.12194894254207611,0.06732112914323807,0.11025107651948929,0.1481010913848877,-0.16976483166217804,0.27259474992752075,0.050885360687971115,-0.21744121611118317,-0.20038312673568726,0.08145638555288315,-0.05469825118780136,-0.15702718496322632,0.21891017258167267,-0.015417780727148056,0.07429254055023193,0.38596177101135254,-0.14934371411800385,-0.3054090142250061
0.783042311668396,0.7991688251495361,1.191445231437683,-0.3171778629771629,0.0009168194699116519,0.00047230093904539644,0.012935020396626059,-0.15273585782758994,-0.04161088942732184,0.8937059998512268,0.09738026857376103,-0.21025254726409903,0.6873457431793213,0.7088032364845276,1.1719002723693848,-0.36154556,0.010147817,0.008697078,37.0,1740111805.5852616,-0.05962352454662323,0.010677007958292961,0.15249879658222198,0.30555108189582825,-0.18188908696174622,0.04941978305578232,0.16505618393421173,0.3664926290512085,0.06308814883232117,0.08239118754863739,0.12412673234939575,0.3667185604572296,0.2081599235534668,-0.015229187905788422,0.12059250473976135,0.06447847932577133,0.10932096838951111,0.14454226195812225,-0.16527709364891052,0.264851838350296,0.04743105173110962,-0.21541576087474823,-0.19672635197639465,0.07948999851942062,-0.05241898447275162,-0.15287333726882935,0.21691550314426422,-0.015812356024980545,0.07064716517925262,0.3772684931755066,-0.14484991133213043,-0.2954447567462921
0.7686607241630554,0.7980800867080688,1.1907296180725098,-0.38380984500811444,0.0008077663193608445,0.0012709224342162093,0.02497303709408631,-0.08103680458300058,0.005135601830920184,0.8686607241630554,0.09808008670806889,-0.20927038192749015,0.6873457431793213,0.7088032364845276,1.1719002723693848,-0.3576535,0.011630647,-0.0046943873,38.0,1740111805.6146936,-0.05631948262453079,0.0128470528870821,0.1506616771221161,0.2939997911453247,-0.17196932435035706,0.04600215703248978,0.15806029736995697,0.3556853234767914,0.06486872583627701,0.08201231062412262,0.12337382137775421,0.3563525676727295,0.20283932983875275,-0.012353470548987389,0.11931702494621277,0.06216132268309593,0.10727346688508987,0.13738200068473816,-0.15667389333248138,0.25427162647247314,0.046737611293792725,-0.21342884004116058,-0.19166959822177887,0.0761977806687355,-0.04934241622686386,-0.14654935896396637,0.21244335174560547,-0.013446129858493805,0.0672098696231842,0.36780115962028503,-0.13976193964481354,-0.28284236788749695
0.7438542246818542,0.7952122092247009,1.1899086236953735,-0.38380984500811444,0.0008077663193608445,0.0012709224342162093,0.027234046696525724,0.008504240151387382,0.109372591305371,0.854698634147644,0.09724913835525517,-0.21002485752105704,0.6873457431793213,0.7088032364845276,1.1719002723693848,-0.3576535,0.011630647,-0.0046943873,39.0,1740111805.6484766,-0.05631948262453079,0.0128470528870821,0.1506616771221161,0.2939997911453247,-0.17196932435035706,0.04600215703248978,0.15806029736995697,0.3556853234767914,0.06486872583627701,0.08201231062412262,0.12337382137775421,0.3563525676727295,0.20283932983875275,-0.012353470548987389,0.11931702494621277,0.06216132268309593,0.10727346688508987,0.13738200068473816,-0.15667389333248138,0.25427162647247314,0.046737611293792725,-0.21342884004116058,-0.19166959822177887,0.0761977806687355,-0.04934241622686386,-0.14654935896396637,0.21244335174560547,-0.013446129858493805,0.0672098696231842,0.36780115962028503,-0.13976193964481354,-0.28284236788749695
0.7221831679344177,0.7939767837524414,1.1886404752731323,-0.4611794152367749,-0.040715541245466655,-0.02072978299081384,0.02499162609186457,0.007304285065238369,0.10631822623343724,0.8438542246818542,0.09521220922470097,-0.21009137630462638,0.6873457431793213,0.7088032364845276,1.1719002723693848,-0.37163597,0.011036672,-0.015762806,40.0,1740111805.6893117,-0.05393557250499725,0.014160329475998878,0.15265345573425293,0.2939814329147339,-0.17065417766571045,0.044821277260780334,0.1558147817850113,0.3568076193332672,0.06852179765701294,0.08303947746753693,0.12560135126113892,0.35759225487709045,0.20313192903995514,-0.011543868109583855,0.12185616791248322,0.06147928908467293,0.1101231500506401,0.136283740401268,-0.15596644580364227,0.25316452980041504,0.04634060338139534,-0.21730223298072815,-0.19246594607830048,0.07645389437675476,-0.04812470078468323,-0.14581742882728577,0.21442915499210358,-0.013258777558803558,0.06519582867622375,0.3683698773384094,-0.14089837670326233,-0.280370831489563
0.7107115387916565,0.7948960661888123,1.187219262123108,-0.4611794152367749,-0.040715541245466655,-0.02072978299081384,0.023518900563265735,-0.07265946725416807,0.0034298122404174737,0.8221831679344177,0.09397678375244145,-0.2113595247268676,0.6873457431793213,0.7088032364845276,1.1719002723693848,-0.3388949,0.010614157,0.0029362738,41.0,1740111805.7230206,-0.05351477488875389,0.017281893640756607,0.15180367231369019,0.28663983941078186,-0.1613456904888153,0.038860492408275604,0.1504320204257965,0.3472035527229309,0.06989674270153046,0.08394975960254669,0.12895186245441437,0.3485546410083771,0.20043829083442688,-0.011709563434123993,0.12131264805793762,0.05931573733687401,0.10597431659698486,0.13069979846477509,-0.1507195681333542,0.24667775630950928,0.0427127368748188,-0.21772408485412598,-0.19027762115001678,0.07414773106575012,-0.046255163848400116,-0.13884785771369934,0.2154769003391266,-0.012542735785245895,0.06106620654463768,0.3601228892803192,-0.13314449787139893,-0.26886439323425293
0.6943662762641907,0.792731761932373,1.185339331626892,-0.4611794152367749,-0.040715541245466655,-0.02072978299081384,0.04186215479692409,-0.15778937253570854,-0.046982184620427116,0.8107115387916565,0.0948960661888123,-0.212780737876892,0.6873457431793213,0.7088032364845276,1.1719002723693848,-0.34751058,0.011506446,-0.0041858405,42.0,1740111805.7634573,-0.0526200532913208,0.017448648810386658,0.15229745209217072,0.28847500681877136,-0.16240859031677246,0.038721226155757904,0.15057528018951416,0.3488155007362366,0.07237537950277328,0.08410924673080444,0.13032032549381256,0.35117873549461365,0.20200520753860474,-0.01340356282889843,0.12344317138195038,0.05991487205028534,0.10905592888593674,0.13255101442337036,-0.1531316339969635,0.24774673581123352,0.04076557978987694,-0.21939894556999207,-0.19229818880558014,0.07573408633470535,-0.04511945694684982,-0.14003051817417145,0.21779774129390717,-0.014180678874254227,0.0599898099899292,0.36023592948913574,-0.13470984995365143,-0.2683624029159546
0.6809737086296082,0.793708324432373,1.1850121021270752,-0.4611794152367749,-0.040715541245466655,-0.02072978299081384,0.012456667426736474,-0.17459471811868263,-0.06970675769094951,0.7943662762641907,0.09273176193237309,-0.21466066837310782,0.6873457431793213,0.7088032364845276,1.1719002723693848,-0.31819272,0.007361725,0.013922773,43.0,1740111805.793606,-0.04920069873332977,0.018898194655776024,0.1520247459411621,0.2818674147129059,-0.15642598271369934,0.035510383546352386,0.1453714519739151,0.3428916335105896,0.0752105638384819,0.08389805257320404,0.13070009648799896,0.34607595205307007,0.19875353574752808,-0.01219966821372509,0.12473565340042114,0.05786965787410736,0.11027633398771286,0.12906338274478912,-0.14843107759952545,0.24029770493507385,0.03871607780456543,-0.22032378613948822,-0.18996988236904144,0.0744217112660408,-0.04209805279970169,-0.13678278028964996,0.21641987562179565,-0.013542607426643372,0.05612943321466446,0.3541821241378784,-0.13259564340114594,-0.2583025395870209
0.6631300449371338,0.7901139259338379,1.1829193830490112,-0.4233630803569643,-0.01408166898002776,-0.04359752317027804,0.04297904509456092,-0.1931442140922883,-0.07658614989374893,0.7809737086296081,0.09370832443237309,-0.21498789787292472,0.6873457431793213,0.7088032364845276,1.1719002723693848,-0.31454647,0.007456489,0.010746464,44.0,1740111805.8241498,-0.045564860105514526,0.020273298025131226,0.14997394382953644,0.27328255772590637,-0.15000104904174805,0.033085986971855164,0.13960859179496765,0.3350166976451874,0.07806675881147385,0.08310069143772125,0.1278800219297409,0.3384501039981842,0.19374991953372955,-0.010674407705664635,0.12422069907188416,0.05647527053952217,0.11040594428777695,0.12323562800884247,-0.14288665354251862,0.23161286115646362,0.03709810599684715,-0.21788343787193298,-0.18555022776126862,0.07191701978445053,-0.03740592300891876,-0.13174138963222504,0.21265271306037903,-0.012234162539243698,0.05311143025755882,0.3459816575050354,-0.12974813580513,-0.24827127158641815
0.6559082865715027,0.7913022041320801,1.1819628477096558,-0.4233630803569643,-0.01408166898002776,-0.04359752317027804,0.02069263821186908,0.01004775845469269,0.0584691442255305,0.7631300449371338,0.09011392593383794,-0.21708061695098868,0.6873457431793213,0.7088032364845276,1.1719002723693848,-0.31454647,0.007456489,0.010746464,45.0,1740111805.8551345,-0.045564860105514526,0.020273298025131226,0.14997394382953644,0.27328255772590637,-0.15000104904174805,0.033085986971855164,0.13960859179496765,0.3350166976451874,0.07806675881147385,0.08310069143772125,0.1278800219297409,0.3384501039981842,0.19374991953372955,-0.010674407705664635,0.12422069907188416,0.05647527053952217,0.11040594428777695,0.12323562800884247,-0.14288665354251862,0.23161286115646362,0.03709810599684715,-0.21788343787193298,-0.18555022776126862,0.07191701978445053,-0.03740592300891876,-0.13174138963222504,0.21265271306037903,-0.012234162539243698,0.05311143025755882,0.3459816575050354,-0.12974813580513,-0.24827127158641815
0.6338573694229126,0.7911300659179688,1.1809338331222534,-0.4233630803569643,-0.01408166898002776,-0.04359752317027804,0.012338506462711691,-0.17664123280126212,-0.07594009792957221,0.7399841904640198,0.0904295921325684,-0.219364309310913,0.6873457431793213,0.7088032364845276,1.1719002723693848,-0.3089018,0.0072823837,0.010959759,46.0,1740111805.9052587,-0.04500448703765869,0.023427020758390427,0.1418895423412323,0.25928401947021484,-0.13668851554393768,0.025604255497455597,0.13030081987380981,0.31643322110176086,0.07856950163841248,0.08239901065826416,0.1266922503709793,0.3212413787841797,0.18670319020748138,-0.012887399643659592,0.11875976622104645,0.05215981975197792,0.10683141648769379,0.1153312623500824,-0.13462887704372406,0.218354731798172,0.031594254076480865,-0.21310187876224518,-0.17926596105098724,0.07005413621664047,-0.033345893025398254,-0.12200362980365753,0.20819194614887238,-0.014083661139011383,0.046285782009363174,0.32553213834762573,-0.11753486096858978,-0.23051601648330688
0.6146281361579895,0.7873889803886414,1.1768138408660889,-0.5187917223687147,-0.04461327792378877,-0.06024704625671404,0.029211386367675393,-0.06967695317402066,-0.0014128411029650783,0.7338573694229126,0.0911300659179688,-0.2190661668777465,0.6873457431793213,0.7088032364845276,1.1719002723693848,-0.28624642,0.0012171566,0.023545869,47.0,1740111805.9280589,-0.04213063418865204,0.02612149529159069,0.13584227859973907,0.24229729175567627,-0.12350212037563324,0.018742404878139496,0.11933936178684235,0.2986222505569458,0.07850268483161926,0.0792718231678009,0.12266978621482849,0.30334416031837463,0.17651785910129547,-0.01199936494231224,0.11392892897129059,0.04545697569847107,0.10385212302207947,0.10608802735805511,-0.12306316196918488,0.20035001635551453,0.027842804789543152,-0.20796556770801544,-0.16972540318965912,0.06536265462636948,-0.028791889548301697,-0.11295169591903687,0.20067577064037323,-0.013200715184211731,0.03946065530180931,0.30662092566490173,-0.10818266868591309,-0.21041738986968994
0.5985994338989258,0.7873936891555786,1.1756092309951782,-0.5187917223687147,-0.04461327792378877,-0.06024704625671404,0.02731144855753585,-0.0037961104800853817,0.05204488149186491,0.7082572340965271,0.08849399089813237,-0.2225141763687133,0.6873457431793213,0.7088032364845276,1.1719002723693848,-0.28624642,0.0012171566,0.023545869,48.0,1740111805.9664354,-0.04213063418865204,0.02612149529159069,0.13584227859973907,0.24229729175567627,-0.12350212037563324,0.018742404878139496,0.11933936178684235,0.2986222505569458,0.07850268483161926,0.0792718231678009,0.12266978621482849,0.30334416031837463,0.17651785910129547,-0.01199936494231224,0.11392892897129059,0.04545697569847107,0.10385212302207947,0.10608802735805511,-0.12306316196918488,0.20035001635551453,0.027842804789543152,-0.20796556770801544,-0.16972540318965912,0.06536265462636948,-0.028791889548301697,-0.11295169591903687,0.20067577064037323,-0.013200715184211731,0.03946065530180931,0.30662092566490173,-0.10818266868591309,-0.21041738986968994
0.5824980735778809,0.7867686748504639,1.1742687225341797,-0.5187917223687147,-0.04461327792378877,-0.06024704625671404,0.026589855333544462,-0.005336755653590421,0.05319607483201705,0.6908516049385071,0.08716075420379643,-0.22497739791870108,0.6873457431793213,0.7088032364845276,1.1719002723693848,-0.2933874,0.002361782,0.026239127,49.0,1740111805.9957469,-0.04031313583254814,0.02735898643732071,0.13689211010932922,0.2399573028087616,-0.12079180777072906,0.0171901173889637,0.11653275787830353,0.29731181263923645,0.08070044964551926,0.08022370934486389,0.12332522869110107,0.301708459854126,0.1748683601617813,-0.010802226141095161,0.11559084057807922,0.044227972626686096,0.10467536002397537,0.10317480564117432,-0.1206037700176239,0.19716444611549377,0.027164079248905182,-0.2100633978843689,-0.16851408779621124,0.06479927152395248,-0.027469269931316376,-0.11093287169933319,0.20086631178855896,-0.012606557458639145,0.036437492817640305,0.3049968183040619,-0.10724739730358124,-0.20585106313228607
0.5666276812553406,0.7864360809326172,1.1731995344161987,-0.5187917223687147,-0.04461327792378877,-0.06024704625671404,0.027870725402946873,-0.0041481236983785235,0.05547338867584276,0.6824980735778808,0.08676867485046391,-0.22573127746582022,0.6873457431793213,0.7088032364845276,1.1719002723693848,-0.27436876,0.0009994879,0.028376214,50.0,1740111806.0329568,-0.03926611691713333,0.030601222068071365,0.1327820122241974,0.23030945658683777,-0.11231128871440887,0.010280460119247437,0.10912968963384628,0.2856651842594147,0.08170700818300247,0.07982172071933746,0.12259222567081451,0.28997522592544556,0.16904622316360474,-0.012756120413541794,0.11282375454902649,0.039334386587142944,0.10219375789165497,0.09739601612091064,-0.11426703631877899,0.18699514865875244,0.02191278338432312,-0.20865356922149658,-0.1632813811302185,0.06254443526268005,-0.024569086730480194,-0.10353392362594604,0.20030748844146729,-0.013745639473199844,0.02974843792617321,0.29148703813552856,-0.09891928732395172,-0.19110246002674103
0.5499534606933594,0.7855662107467651,1.1710377931594849,-0.4632579696103221,-0.011299142976423975,-0.03675827681546424,0.02432173125829353,-0.0061230665982989615,0.042768264215581164,0.6585415363311767,0.08602099418640141,-0.2276364803314208,0.6873457431793213,0.7088032364845276,1.1719002723693848,-0.26796645,0.004070461,0.013637178,51.0,1740111806.063357,-0.03876568004488945,0.0315057635307312,0.12937642633914948,0.2216218113899231,-0.10574620962142944,0.006553769111633301,0.10360889136791229,0.27630648016929626,0.08048240095376968,0.07784761488437653,0.1210106760263443,0.28014519810676575,0.16388289630413055,-0.012424081563949585,0.10979598760604858,0.0357171855866909,0.09992101788520813,0.09250809252262115,-0.10875681042671204,0.177671879529953,0.019604893401265144,-0.20602859556674957,-0.15807850658893585,0.06052418798208237,-0.02313898503780365,-0.09902628511190414,0.19687333703041077,-0.014048371464014053,0.02589135244488716,0.2812016010284424,-0.09281837940216064,-0.1807873398065567
0.5353527665138245,0.7858186364173889,1.1711219549179077,-0.4632579696103221,-0.011299142976423975,-0.03675827681546424,0.01438958140850734,0.0064456799180054565,0.044528838139362995,0.6437808632850647,0.08620672225952153,-0.2279242515563964,0.6873457431793213,0.7088032364845276,1.1719002723693848,-0.24415977,-0.0034820065,0.045398694,52.0,1740111806.0945632,-0.036579299718141556,0.03235190361738205,0.12916299700737,0.21856343746185303,-0.10372647643089294,0.00484563410282135,0.10102522373199463,0.2737683653831482,0.08226735889911652,0.07773475348949432,0.12027318775653839,0.278554767370224,0.1618436723947525,-0.012498769909143448,0.11098192632198334,0.03423786908388138,0.10142889618873596,0.0909634530544281,-0.10658231377601624,0.17378240823745728,0.017781345173716545,-0.2066471427679062,-0.1567303091287613,0.05980057269334793,-0.021272864192724228,-0.09752379357814789,0.19625449180603027,-0.013990204781293869,0.023115653544664383,0.2784702181816101,-0.09236280620098114,-0.17499729990959167
0.5194374322891235,0.7855721116065979,1.1701067686080933,-0.4632579696103221,-0.011299142976423975,-0.03675827681546424,0.01605063829213669,0.008710673062125963,0.045960359984772936,0.6353527665138244,0.08581863641738896,-0.2288780450820922,0.6873457431793213,0.7088032364845276,1.1719002723693848,-0.24415977,-0.0034820065,0.045398694,53.0,1740111806.1331751,-0.036579299718141556,0.03235190361738205,0.12916299700737,0.21856343746185303,-0.10372647643089294,0.00484563410282135,0.10102522373199463,0.2737683653831482,0.08226735889911652,0.07773475348949432,0.12027318775653839,0.278554767370224,0.1618436723947525,-0.012498769909143448,0.11098192632198334,0.03423786908388138,0.10142889618873596,0.0909634530544281,-0.10658231377601624,0.17378240823745728,0.017781345173716545,-0.2066471427679062,-0.1567303091287613,0.05980057269334793,-0.021272864192724228,-0.09752379357814789,0.19625449180603027,-0.013990204781293869,0.023115653544664383,0.2784702181816101,-0.09236280620098114,-0.17499729990959167
0.5031046271324158,0.7852654457092285,1.1688168048858643,-0.4664265855185031,-0.006356918188529063,-0.02984080623936836,0.016873581436501257,0.008059389349927016,0.043503602670927476,0.6112485885620117,0.08540223836898808,-0.2305276632308959,0.6873457431793213,0.7088032364845276,1.1719002723693848,-0.25039333,-0.00082881004,0.03715168,54.0,1740111806.1653917,-0.034332919865846634,0.033981483429670334,0.12943138182163239,0.21553561091423035,-0.1020413339138031,0.002444293349981308,0.09777302294969559,0.2719876766204834,0.08489152789115906,0.07776963710784912,0.11957567930221558,0.27621200680732727,0.15927956998348236,-0.012708306312561035,0.11240164935588837,0.03193412348628044,0.10295603424310684,0.08896927535533905,-0.10475976765155792,0.16953963041305542,0.015423932112753391,-0.20728211104869843,-0.15499770641326904,0.05866830796003342,-0.01895933225750923,-0.09505175054073334,0.19737501442432404,-0.013641495257616043,0.01970023289322853,0.2752756178379059,-0.09182792901992798,-0.16870443522930145
0.4867039918899536,0.7850014567375183,1.1676061153411865,-0.4664265855185031,-0.006356918188529063,-0.02984080623936836,0.01726891870310249,0.008915188874602156,0.041214256084903984,0.5949721097946167,0.08508794307708745,-0.23174657821655265,0.6873457431793213,0.7088032364845276,1.1719002723693848,-0.22731975,-0.004528418,0.04429028,55.0,1740111806.1991117,-0.03178054466843605,0.03734741359949112,0.12797914445400238,0.20794761180877686,-0.09534955024719238,-0.004142388701438904,0.09067142754793167,0.26376843452453613,0.08747788518667221,0.07678364217281342,0.11949348449707031,0.2675764858722687,0.1524955779314041,-0.015764478594064713,0.11200325191020966,0.025918656960129738,0.10304952412843704,0.08474873006343842,-0.10026125609874725,0.15952879190444946,0.008966836147010326,-0.20715630054473877,-0.15033070743083954,0.05569758266210556,-0.014418911188840866,-0.08905337750911713,0.19791333377361298,-0.014661367982625961,0.012326572090387344,0.26409944891929626,-0.08692802488803864,-0.1530359983444214
0.47019582986831665,0.7848852872848511,1.1664624214172363,-0.4664265855185031,-0.006356918188529063,-0.02984080623936836,0.0164818165250887,0.007001378107996868,0.03809506449522306,0.5867039918899536,0.08500145673751835,-0.2323938846588134,0.6873457431793213,0.7088032364845276,1.1719002723693848,-0.23900817,-0.0025198162,0.042979985,56.0,1740111806.2357433,-0.028290005400776863,0.038079116493463516,0.12759366631507874,0.20371031761169434,-0.09202846884727478,-0.005397100001573563,0.08709326386451721,0.2604938745498657,0.09108591824769974,0.0763300359249115,0.11875496804714203,0.2656196057796478,0.15063989162445068,-0.0150102898478508,0.11438392102718353,0.025956129655241966,0.10589848458766937,0.08262699842453003,-0.09800483286380768,0.15445485711097717,0.006960378028452396,-0.20713411271572113,-0.14926496148109436,0.05527700483798981,-0.01088041067123413,-0.08750627934932709,0.1961863785982132,-0.014267675578594208,0.009347600862383842,0.25996074080467224,-0.0873022973537445,-0.14597663283348083
0.4458027184009552,0.7846164703369141,1.164762020111084,-0.4912417575087666,-0.00621462398993749,-0.03501391218173502,0.017389072329194306,0.006698387076115595,0.032021831595024544,0.5620665907859802,0.08466820716857915,-0.23421659469604483,0.6873457431793213,0.7088032364845276,1.1719002723693848,-0.21262819,-0.009262983,0.06347206,57.0,1740111806.270233,-0.027508679777383804,0.039726775139570236,0.12754513323307037,0.20186704397201538,-0.08965173363685608,-0.008449885994195938,0.0840817242860794,0.2576007544994354,0.09193897247314453,0.0769353061914444,0.1193329244852066,0.26274794340133667,0.14753395318984985,-0.015842769294977188,0.11521059274673462,0.022589441388845444,0.10634338110685349,0.08059026300907135,-0.09507942199707031,0.15051037073135376,0.00471288850530982,-0.209406778216362,-0.14681178331375122,0.0549369677901268,-0.011650077998638153,-0.08535535633563995,0.1967337280511856,-0.01493016630411148,0.004591304808855057,0.2561939060688019,-0.08475594222545624,-0.14011701941490173
0.43758726119995117,0.7846457362174988,1.164459466934204,-0.4912417575087666,-0.00621462398993749,-0.03501391218173502,0.01742181682089538,0.00790092869085695,0.03129786545755798,0.5458027184009552,0.0846164703369141,-0.23523797988891593,0.6873457431793213,0.7088032364845276,1.1719002723693848,-0.2272411,-0.0044747666,0.04995151,58.0,1740111806.306424,-0.02763996459543705,0.041215408593416214,0.1262989193201065,0.2000042349100113,-0.08705054223537445,-0.011608287692070007,0.08164732158184052,0.253813236951828,0.09292346239089966,0.07725144922733307,0.12005403637886047,0.25945618748664856,0.14630131423473358,-0.017564643174409866,0.11468899250030518,0.020759696140885353,0.10581737011671066,0.07910287380218506,-0.09412866830825806,0.14813736081123352,0.001741904765367508,-0.2095271199941635,-0.14572708308696747,0.054594606161117554,-0.011016029864549637,-0.0827169120311737,0.19816122949123383,-0.015591651201248169,0.0018707085400819778,0.2515093684196472,-0.0814158022403717,-0.1357424259185791
0.41351547837257385,0.7845555543899536,1.1633912324905396,-0.4912417575087666,-0.00621462398993749,-0.03501391218173502,0.018499805077520713,0.00867773602108562,0.02550423185907764,0.5375872611999511,0.08464573621749882,-0.2355405330657958,0.6873457431793213,0.7088032364845276,1.1719002723693848,-0.2272411,-0.0044747666,0.04995151,59.0,1740111806.3467019,-0.02763996459543705,0.041215408593416214,0.1262989193201065,0.2000042349100113,-0.08705054223537445,-0.011608287692070007,0.08164732158184052,0.253813236951828,0.09292346239089966,0.07725144922733307,0.12005403637886047,0.25945618748664856,0.14630131423473358,-0.017564643174409866,0.11468899250030518,0.020759696140885353,0.10581737011671066,0.07910287380218506,-0.09412866830825806,0.14813736081123352,0.001741904765367508,-0.2095271199941635,-0.14572708308696747,0.054594606161117554,-0.011016029864549637,-0.0827169120311737,0.19816122949123383,-0.015591651201248169,0.0018707085400819778,0.2515093684196472,-0.0814158022403717,-0.1357424259185791
0.3975461721420288,0.7845609188079834,1.1628838777542114,-0.42461113622948143,-0.0007116871590704528,-0.019187295128292075,0.017654913888710357,0.008445655255725198,0.021767651599943042,0.5135154783725738,0.08455555438995366,-0.23660876750946036,0.6873457431793213,0.7088032364845276,1.1719002723693848,-0.17189288,-0.012539156,0.08815156,60.0,1740111806.3801658,-0.03707949444651604,0.04206957668066025,0.13646908104419708,0.22865840792655945,-0.09865747392177582,-0.015878945589065552,0.09058137238025665,0.27376630902290344,0.09045884013175964,0.08548508584499359,0.14003632962703705,0.281387597322464,0.15957540273666382,-0.02700597420334816,0.12400008738040924,0.017214791849255562,0.10889288038015366,0.08978699147701263,-0.10886627435684204,0.1695917248725891,-0.004392401315271854,-0.2343120276927948,-0.15907134115695953,0.06713667511940002,-0.025701656937599182,-0.09280335158109665,0.22020934522151947,-0.027758941054344177,-0.004433006048202515,0.2701222598552704,-0.0788748562335968,-0.150895893573761
0.38964176177978516,0.7845862507820129,1.1626167297363281,-0.42461113622948143,-0.0007116871590704528,-0.019187295128292075,0.018549529074132598,0.008301235691656339,0.020565763740328303,0.4975461721420288,0.08456091880798344,-0.23711612224578849,0.6873457431793213,0.7088032364845276,1.1719002723693848,-0.1708411,-0.012603909,0.09324123,61.0,1740111806.4065924,-0.03553945943713188,0.04344445466995239,0.14030490815639496,0.232444167137146,-0.09938624501228333,-0.01721186935901642,0.08976811170578003,0.27794989943504333,0.09376557171344757,0.08731573820114136,0.14387530088424683,0.28599148988723755,0.16080719232559204,-0.02733217179775238,0.12899261713027954,0.016172165051102638,0.11260788887739182,0.09065616130828857,-0.11017951369285583,0.17048212885856628,-0.00610146950930357,-0.24068035185337067,-0.1614539474248886,0.06873100250959396,-0.025658398866653442,-0.09394587576389313,0.2243521362543106,-0.028783373534679413,-0.007579870522022247,0.27333688735961914,-0.08099229633808136,-0.14942727982997894
0.3669516444206238,0.7849982380867004,1.1625863313674927,-0.42461113622948143,-0.0007116871590704528,-0.019187295128292075,0.009293287262283755,0.013264780196035662,0.015562074867871348,0.48166236877441404,0.08480523824691777,-0.2374551534652709,0.6873457431793213,0.7088032364845276,1.1719002723693848,-0.15600517,-0.013585195,0.09206134,62.0,1740111806.445842,-0.03151661157608032,0.04520552232861519,0.13917885720729828,0.22394317388534546,-0.0933520495891571,-0.01947612874209881,0.08408819884061813,0.2714718282222748,0.0969017967581749,0.08675175905227661,0.14175637066364288,0.27903664112091064,0.15618973970413208,-0.025063134729862213,0.1294255405664444,0.014782030135393143,0.11313893646001816,0.08533401787281036,-0.1046694666147232,0.16217365860939026,-0.006700317375361919,-0.239012211561203,-0.157638281583786,0.06623386591672897,-0.021479472517967224,-0.08948405086994171,0.22151035070419312,-0.02679198607802391,-0.010694071650505066,0.2664441168308258,-0.07919006049633026,-0.13966505229473114
0.35192397236824036,0.7851266860961914,1.1627016067504883,-0.42461113622948143,-0.0007116871590704528,-0.019187295128292075,0.007501367276129143,0.012524182071021224,0.012574450538284437,0.46695164442062376,0.08499823808670048,-0.23741366863250724,0.6873457431793213,0.7088032364845276,1.1719002723693848,-0.15600517,-0.013585195,0.09206134,63.0,1740111806.4731648,-0.03151661157608032,0.04520552232861519,0.13917885720729828,0.22394317388534546,-0.0933520495891571,-0.01947612874209881,0.08408819884061813,0.2714718282222748,0.0969017967581749,0.08675175905227661,0.14175637066364288,0.27903664112091064,0.15618973970413208,-0.025063134729862213,0.1294255405664444,0.014782030135393143,0.11313893646001816,0.08533401787281036,-0.1046694666147232,0.16217365860939026,-0.006700317375361919,-0.239012211561203,-0.157638281583786,0.06623386591672897,-0.021479472517967224,-0.08948405086994171,0.22151035070419312,-0.02679198607802391,-0.010694071650505066,0.2664441168308258,-0.07919006049633026,-0.13966505229473114
0.3370552361011505,0.78544020652771,1.16300368309021,-0.5295276823787497,0.006287948500957185,-0.0029598803723574697,0.009691690742538303,0.0096482528792099,0.010005007203381343,0.45192397236824033,0.08512668609619145,-0.23729839324951163,0.6873457431793213,0.7088032364845276,1.1719002723693848,-0.16223711,-0.014219239,0.08975551,64.0,1740111806.50878,-0.032593369483947754,0.04624433442950249,0.136064350605011,0.2198142111301422,-0.08944571018218994,-0.022990349680185318,0.08118270337581635,0.2648352384567261,0.09616721421480179,0.08622787892818451,0.14116735756397247,0.272861510515213,0.1537279486656189,-0.027165424078702927,0.12678250670433044,0.012181742116808891,0.11114988476037979,0.08321592211723328,-0.10254387557506561,0.15798336267471313,-0.009898302145302296,-0.23728597164154053,-0.155223548412323,0.0654909759759903,-0.020630180835723877,-0.08610804378986359,0.2209378331899643,-0.02785380929708481,-0.013347789645195007,0.2589018642902374,-0.07413183152675629,-0.13373391330242157
0.3216443359851837,0.785645604133606,1.1633660793304443,-0.5295276823787497,0.006287948500957185,-0.0029598803723574697,0.008295462496540586,0.010506746277881725,0.009809041292775465,0.4370552361011505,0.08544020652771,-0.23699631690978995,0.6873457431793213,0.7088032364845276,1.1719002723693848,-0.15399277,-0.013616502,0.09930121,65.0,1740111806.5426972,-0.03210705891251564,0.04913727939128876,0.13646161556243896,0.21212226152420044,-0.08132485300302505,-0.03014320135116577,0.07449250668287277,0.256130188703537,0.0949392020702362,0.08710238337516785,0.14522451162338257,0.26379936933517456,0.14793293178081512,-0.02739320695400238,0.12618687748908997,0.004871978424489498,0.10767460614442825,0.07704272866249084,-0.09381857514381409,0.14882150292396545,-0.014071800746023655,-0.2424352765083313,-0.14962425827980042,0.06403360515832901,-0.022948376834392548,-0.08027778565883636,0.22281762957572937,-0.029260672628879547,-0.022224709391593933,0.2512076497077942,-0.06457261741161346,-0.1187366396188736
0.30686646699905396,0.7859247922897339,1.1639078855514526,-0.5295276823787497,0.006287948500957185,-0.0029598803723574697,0.009619196293385451,0.010146393096353777,0.009873260679400178,0.4216443359851837,0.085645604133606,-0.23663392066955558,0.6873457431793213,0.7088032364845276,1.1719002723693848,-0.1630079,-0.011943001,0.09176322,66.0,1740111806.5818233,-0.03128671646118164,0.049482520669698715,0.14028169214725494,0.21769973635673523,-0.08452606201171875,-0.029821917414665222,0.07554476708173752,0.2626465857028961,0.09735772013664246,0.08883704245090485,0.14844052493572235,0.2707281708717346,0.1503635048866272,-0.027578599750995636,0.13071465492248535,0.00508689321577549,0.11102336645126343,0.07917743921279907,-0.09656888246536255,0.15214437246322632,-0.014347539283335209,-0.24804618954658508,-0.15269918739795685,0.06604501605033875,-0.02386157214641571,-0.08286675065755844,0.22664320468902588,-0.030217133462429047,-0.02363431453704834,0.2570156455039978,-0.0679825097322464,-0.12103687226772308
0.2926596403121948,0.7863451242446899,1.164817214012146,-0.43572253581365616,0.008552155399308167,0.01508333020003008,0.00678416495184395,0.011748072567740964,0.006394919431395779,0.40686646699905393,0.08592479228973393,-0.23609211444854727,0.6873457431793213,0.7088032364845276,1.1719002723693848,-0.14685386,-0.01437347,0.100902975,67.0,1740111806.61222,-0.029657773673534393,0.052048951387405396,0.14037366211414337,0.21635699272155762,-0.0825706273317337,-0.037163082510232925,0.07106912136077881,0.2591254711151123,0.09873852878808975,0.0879703164100647,0.14797410368919373,0.26689037680625916,0.1453029215335846,-0.03219667449593544,0.13246579468250275,-0.002072588773444295,0.1127709150314331,0.07744021713733673,-0.09578096866607666,0.14622512459754944,-0.022449307143688202,-0.25098633766174316,-0.14930413663387299,0.06427951902151108,-0.022029384970664978,-0.0795978233218193,0.23114748299121857,-0.03253094106912613,-0.0310676209628582,0.25005316734313965,-0.06420116126537323,-0.1099657192826271
0.27859359979629517,0.786732017993927,1.1658744812011719,-0.43572253581365616,0.008552155399308167,0.01508333020003008,0.005930876928752275,0.012095962416887884,0.004241613405856306,0.3926596403121948,0.08634512424468999,-0.23518278598785392,0.6873457431793213,0.7088032364845276,1.1719002723693848,-0.14685386,-0.01437347,0.100902975,68.0,1740111806.6408253,-0.029657773673534393,0.052048951387405396,0.14037366211414337,0.21635699272155762,-0.0825706273317337,-0.037163082510232925,0.07106912136077881,0.2591254711151123,0.09873852878808975,0.0879703164100647,0.14797410368919373,0.26689037680625916,0.1453029215335846,-0.03219667449593544,0.13246579468250275,-0.002072588773444295,0.1127709150314331,0.07744021713733673,-0.09578096866607666,0.14622512459754944,-0.022449307143688202,-0.25098633766174316,-0.14930413663387299,0.06427951902151108,-0.022029384970664978,-0.0795978233218193,0.23114748299121857,-0.03253094106912613,-0.0310676209628582,0.25005316734313965,-0.06420116126537323,-0.1099657192826271
0.26444312930107117,0.7869361639022827,1.1668800115585327,-0.43572253581365616,0.008552155399308167,0.01508333020003008,0.010152616226090849,0.013495971182446703,0.0054388156721293275,0.37859359979629514,0.08673201799392705,-0.23412551879882804,0.6873457431793213,0.7088032364845276,1.1719002723693848,-0.17212492,-0.009062983,0.08810575,69.0,1740111806.67476,-0.030990712344646454,0.053089242428541183,0.1404344141483307,0.2203879952430725,-0.08420464396476746,-0.03912324085831642,0.07147479802370071,0.2607148289680481,0.09994722902774811,0.08932369947433472,0.15089845657348633,0.2695011496543884,0.14732345938682556,-0.03569094464182854,0.1336548626422882,-0.0027054299134761095,0.11391905695199966,0.07947039604187012,-0.09880197048187256,0.14897629618644714,-0.02540728449821472,-0.25390955805778503,-0.1515267789363861,0.06626366078853607,-0.023291781544685364,-0.08007078617811203,0.2349904626607895,-0.03461966663599014,-0.03309812769293785,0.25046929717063904,-0.06327079236507416,-0.11047239601612091
0.24495640397071838,0.7880458831787109,1.1693150997161865,-0.4075496090856388,0.013464604335083256,0.03689128474347,0.0040183885867162905,0.013998074176914283,-0.004688299754898649,0.36444312930107114,0.08693616390228276,-0.2331199884414672,0.6873457431793213,0.7088032364845276,1.1719002723693848,-0.13443032,-0.013733447,0.097475365,70.0,1740111806.722966,-0.024534832686185837,0.05538170412182808,0.13726374506950378,0.2049298882484436,-0.0725841224193573,-0.04315798729658127,0.06244640424847603,0.24681399762630463,0.10467062145471573,0.08760842680931091,0.14719219505786896,0.25683721899986267,0.13914178311824799,-0.03410939872264862,0.13395357131958008,-0.004857102409005165,0.11499136686325073,0.0714653730392456,-0.08956103026866913,0.133693128824234,-0.02922152355313301,-0.24952073395252228,-0.14485782384872437,0.06250958144664764,-0.014513183385133743,-0.07272986322641373,0.2290520966053009,-0.03320515900850296,-0.039178501814603806,0.2358962595462799,-0.05890240892767906,-0.09118134528398514
0.23846593499183655,0.7883127927780151,1.1701115369796753,-0.4075496090856388,0.013464604335083256,0.03689128474347,0.0029915368539415407,0.014852229112574227,-0.004383977441262449,0.34495640397071836,0.08804588317871098,-0.2306849002838134,0.6873457431793213,0.7088032364845276,1.1719002723693848,-0.14774342,-0.011141859,0.0969076,71.0,1740111806.7514446,-0.02252403274178505,0.05604797229170799,0.14026999473571777,0.20989695191383362,-0.07600864768028259,-0.042006924748420715,0.06346846371889114,0.2530701458454132,0.10875426232814789,0.08932504057884216,0.14919449388980865,0.2638341188430786,0.1416839063167572,-0.034223999828100204,0.1392878293991089,-0.0032686148770153522,0.11993911117315292,0.07452385127544403,-0.09308792650699615,0.13695085048675537,-0.029530372470617294,-0.2533312737941742,-0.14872147142887115,0.06466714292764664,-0.013729393482208252,-0.07551471143960953,0.23212604224681854,-0.033864423632621765,-0.03988680616021156,0.24073496460914612,-0.06394712626934052,-0.0934324637055397
0.22529588639736176,0.7884581685066223,1.1716183423995972,-0.4075496090856388,0.013464604335083256,0.03689128474347,0.006761250350056176,0.014133475281058756,-0.0009138929719060917,0.3384659349918365,0.08831279277801518,-0.22988846302032462,0.6873457431793213,0.7088032364845276,1.1719002723693848,-0.1549106,-0.011110958,0.08757672,72.0,1740111806.7848415,-0.02096664160490036,0.05715649574995041,0.13737176358699799,0.2059756964445114,-0.07334141433238983,-0.04503647983074188,0.06005074828863144,0.2480783611536026,0.11074323952198029,0.08793768286705017,0.14695939421653748,0.2592487037181854,0.13926394283771515,-0.035981111228466034,0.13873210549354553,-0.0046706534922122955,0.12093278765678406,0.07279728353023529,-0.09221988916397095,0.13253426551818848,-0.032699618488550186,-0.2512134313583374,-0.14698970317840576,0.063595712184906,-0.010435767471790314,-0.07285211980342865,0.231479674577713,-0.0339689627289772,-0.042017560452222824,0.2340170443058014,-0.06185777857899666,-0.08730176091194153
0.2069210708141327,0.7894196510314941,1.1750130653381348,-0.3902090110701986,0.0101317937535004,0.04900678034771625,0.0017808027562847349,0.015546720071967975,-0.004077798490748323,0.3188652157783508,0.08848505020141606,-0.22746374607086173,0.6873457431793213,0.7088032364845276,1.1719002723693848,-0.1549106,-0.011110958,0.08757672,73.0,1740111806.8203094,-0.02096664160490036,0.05715649574995041,0.13737176358699799,0.2059756964445114,-0.07334141433238983,-0.04503647983074188,0.06005074828863144,0.2480783611536026,0.11074323952198029,0.08793768286705017,0.14695939421653748,0.2592487037181854,0.13926394283771515,-0.035981111228466034,0.13873210549354553,-0.0046706534922122955,0.12093278765678406,0.07279728353023529,-0.09221988916397095,0.13253426551818848,-0.032699618488550186,-0.2512134313583374,-0.14698970317840576,0.063595712184906,-0.010435767471790314,-0.07285211980342865,0.231479674577713,-0.0339689627289772,-0.042017560452222824,0.2340170443058014,-0.06185777857899666,-0.08730176091194153
0.2008705735206604,0.7894253730773926,1.1764761209487915,-0.3902090110701986,0.0101317937535004,0.04900678034771625,0.0026309538974951846,0.014447920463741097,-0.007617360389228995,0.30692107081413267,0.08941965103149419,-0.22498693466186515,0.6873457431793213,0.7088032364845276,1.1719002723693848,-0.14985928,-0.009828482,0.09231008,74.0,1740111806.8456945,-0.019038531929254532,0.05857319384813309,0.13589103519916534,0.20148742198944092,-0.06937552988529205,-0.0474746897816658,0.056371260434389114,0.24344730377197266,0.11337311565876007,0.08766336739063263,0.14626090228557587,0.25544124841690063,0.1373274177312851,-0.036955710500478745,0.13886405527591705,-0.005602232180535793,0.12185647338628769,0.07054248452186584,-0.09026600420475006,0.12782582640647888,-0.03518690913915634,-0.250205397605896,-0.14569315314292908,0.06256182491779327,-0.006728306412696838,-0.0698247030377388,0.2307201623916626,-0.033874139189720154,-0.044624213129282,0.22839117050170898,-0.060227420181035995,-0.0802878886461258
0.1885775923728943,0.7900432348251343,1.178903341293335,-0.3902090110701986,0.0101317937535004,0.04900678034771625,0.0003747507534507126,0.015820212973224352,-0.007569245667716559,0.3008705735206604,0.08942537307739262,-0.2235238790512084,0.6873457431793213,0.7088032364845276,1.1719002723693848,-0.119928315,-0.017576002,0.09272531,75.0,1740111806.878718,-0.012763416394591331,0.06182215362787247,0.12740890681743622,0.1768016666173935,-0.052656933665275574,-0.05575038120150566,0.04181330278515816,0.22061175107955933,0.11585845053195953,0.08261904120445251,0.13889607787132263,0.23138879239559174,0.124566450715065,-0.035686276853084564,0.13339626789093018,-0.011403375305235386,0.11957410722970963,0.058276157826185226,-0.07716833800077438,0.1038982942700386,-0.04061350226402283,-0.24048298597335815,-0.13377542793750763,0.055925630033016205,0.003466825932264328,-0.057626672089099884,0.2211611121892929,-0.03207158297300339,-0.05156243219971657,0.20249077677726746,-0.050002340227365494,-0.051606591790914536
0.1757139265537262,0.7897772192955017,1.1806787252426147,-0.36783697512958297,0.010061700508821152,0.07073446193352037,0.019271627276252215,0.009082612881672504,-0.0005409656764010908,0.2827089041471481,0.09008394479751591,-0.2198366165161132,0.6873457431793213,0.7088032364845276,1.1719002723693848,-0.12542175,-0.015433576,0.08383404,76.0,1740111806.9124548,-0.009897595271468163,0.06319528073072433,0.1213115006685257,0.16416241228580475,-0.045054562389850616,-0.06003078445792198,0.03453848138451576,0.20743660628795624,0.11628623306751251,0.07946862280368805,0.13344191014766693,0.2184755653142929,0.11738716065883636,-0.03565182909369469,0.12966029345989227,-0.014735466800630093,0.11829955130815506,0.05301463231444359,-0.07042188197374344,0.09137559682130814,-0.04397153854370117,-0.23389169573783875,-0.12718501687049866,0.05251523107290268,0.008230000734329224,-0.05143029987812042,0.21499794721603394,-0.03164045512676239,-0.05469770357012749,0.18793806433677673,-0.04446551576256752,-0.037534743547439575
0.16554053127765656,0.7903303503990173,1.1838558912277222,-0.36783697512958297,0.010061700508821152,0.07073446193352037,0.006152398470720214,0.018568541330188763,-0.0032165113184770325,0.27083360254764555,0.09030686616897587,-0.2174288272857665,0.6873457431793213,0.7088032364845276,1.1719002723693848,-0.119429834,-0.019760989,0.07409847,77.0,1740111806.9512177,-0.008539194241166115,0.0636487752199173,0.12171468138694763,0.16373439133167267,-0.04492823779582977,-0.06080521270632744,0.033887822180986404,0.20725946128368378,0.11729373782873154,0.07996560633182526,0.1330985277891159,0.2185290902853012,0.11650598049163818,-0.03614110127091408,0.13103368878364563,-0.015432411804795265,0.11954256892204285,0.05290684476494789,-0.07021606713533401,0.09030238538980484,-0.045249149203300476,-0.2345842570066452,-0.12710443139076233,0.05241430550813675,0.009244555607438087,-0.05113079398870468,0.21577642858028412,-0.03200239688158035,-0.055962931364774704,0.18733566999435425,-0.04461038485169411,-0.03499038890004158
0.1543559730052948,0.7903842329978943,1.1863797903060913,-0.36783697512958297,0.010061700508821152,0.07073446193352037,0.01123163560943397,0.018699887730184404,-0.0008954490706747969,0.26554053127765653,0.09033035039901738,-0.21614410877227774,0.6873457431793213,0.7088032364845276,1.1719002723693848,-0.119429834,-0.019760989,0.07409847,78.0,1740111806.9767056,-0.008539194241166115,0.0636487752199173,0.12171468138694763,0.16373439133167267,-0.04492823779582977,-0.06080521270632744,0.033887822180986404,0.20725946128368378,0.11729373782873154,0.07996560633182526,0.1330985277891159,0.2185290902853012,0.11650598049163818,-0.03614110127091408,0.13103368878364563,-0.015432411804795265,0.11954256892204285,0.05290684476494789,-0.07021606713533401,0.09030238538980484,-0.045249149203300476,-0.2345842570066452,-0.12710443139076233,0.05241430550813675,0.009244555607438087,-0.05113079398870468,0.21577642858028412,-0.03200239688158035,-0.055962931364774704,0.18733566999435425,-0.04461038485169411,-0.03499038890004158
0.14391852915287018,0.7909024357795715,1.1892915964126587,-0.36783697512958297,0.010061700508821152,0.07073446193352037,0.004811328568268881,0.01767749314457934,-0.005962783903265276,0.248220956325531,0.0903227806091309,-0.21227433681488028,0.6873457431793213,0.7088032364845276,1.1719002723693848,-0.09043488,-0.026179787,0.09124599,79.0,1740111807.0092993,-0.007966114208102226,0.06419750303030014,0.12197631597518921,0.16828733682632446,-0.04873448610305786,-0.06239304691553116,0.03497171401977539,0.21143828332424164,0.12037471681833267,0.08031804859638214,0.1335965096950531,0.2232259064912796,0.11924882233142853,-0.040175873786211014,0.1337970495223999,-0.015187211334705353,0.1236206442117691,0.05672750249505043,-0.07609902322292328,0.09340714663267136,-0.04918045178055763,-0.23640306293964386,-0.13048437237739563,0.054387763142585754,0.011041764169931412,-0.052973970770835876,0.22033868730068207,-0.034256711602211,-0.05633453652262688,0.1885068714618683,-0.047043342143297195,-0.03578147664666176
0.13385611772537231,0.7912819981575012,1.1921497583389282,-0.3344266267380051,0.013217857499880475,0.09289933370132608,-0.000863852453738693,0.01678620433364344,-0.008582819277004525,0.23902422785758973,0.09122734069824223,-0.20912935733795157,0.6873457431793213,0.7088032364845276,1.1719002723693848,-0.061357275,-0.029316865,0.09796741,80.0,1740111807.0418563,-0.005042042583227158,0.06670166552066803,0.11595680564641953,0.1536688655614853,-0.03837673366069794,-0.07061545550823212,0.02650066278874874,0.19510476291179657,0.12098798900842667,0.07834188640117645,0.12993201613426208,0.2075609415769577,0.1114363819360733,-0.04306231439113617,0.13003696501255035,-0.02057836763560772,0.12148106843233109,0.05012829229235649,-0.06870784610509872,0.07944024354219437,-0.05656447634100914,-0.23197048902511597,-0.12309471517801285,0.05094479024410248,0.016351116821169853,-0.04500691592693329,0.21757856011390686,-0.03537483513355255,-0.0625523030757904,0.1706678867340088,-0.038079481571912766,-0.015129906125366688
0.12374183535575867,0.791412353515625,1.194693684577942,-0.3344266267380051,0.013217857499880475,0.09289933370132608,-0.0012349742953132485,0.01669059947899303,-0.0076243374258653926,0.23385611772537232,0.09128199815750127,-0.2078502416610717,0.6873457431793213,0.7088032364845276,1.1719002723693848,-0.063888684,-0.026331741,0.101838596,81.0,1740111807.0763342,-0.0034664366394281387,0.06589247286319733,0.12215608358383179,0.16537772119045258,-0.046855486929416656,-0.0679415836930275,0.032247722148895264,0.2093496471643448,0.12611551582813263,0.08130127191543579,0.13373206555843353,0.22314301133155823,0.11952514946460724,-0.0452527292072773,0.13840506970882416,-0.016425717622041702,0.12859100103378296,0.05745812878012657,-0.0780930295586586,0.09016961604356766,-0.057808827608823776,-0.23944929242134094,-0.1312914341688156,0.055619195103645325,0.016944322735071182,-0.051794297993183136,0.2256356030702591,-0.037810638546943665,-0.06083909049630165,0.18377280235290527,-0.04721086844801903,-0.023385927081108093
0.11400524526834488,0.7914573550224304,1.1971077919006348,-0.3344266267380051,0.013217857499880475,0.09289933370132608,-0.0009990967392645217,0.017717141455972325,-0.00821571926343357,0.21919113248586655,0.09115176200866704,-0.20410397052764884,0.6873457431793213,0.7088032364845276,1.1719002723693848,-0.074006945,-0.02375238,0.10496576,82.0,1740111807.108542,-0.0016040876507759094,0.06569389253854752,0.11968815326690674,0.16030119359493256,-0.04454914480447769,-0.0692564845085144,0.030051803216338158,0.20459258556365967,0.12700346112251282,0.07931995391845703,0.1301293969154358,0.21900765597820282,0.11764878034591675,-0.04555918648838997,0.1373283416032791,-0.01654532551765442,0.12915945053100586,0.05640502646565437,-0.07665503025054932,0.08587843924760818,-0.060074251145124435,-0.23564499616622925,-0.12935034930706024,0.054213352501392365,0.020546622574329376,-0.05007490515708923,0.22322478890419006,-0.037626802921295166,-0.06092232093214989,0.17849531769752502,-0.04689144715666771,-0.018183279782533646
0.10463365167379379,0.7912821769714355,1.1995407342910767,-0.29750059541530216,0.0019267639178326883,0.07474724620422744,-0.0006927875116202876,0.018684950717177767,-0.009026978547209144,0.20924263298511506,0.0914202213287354,-0.20164670944213858,0.6873457431793213,0.7088032364845276,1.1719002723693848,-0.074006945,-0.02375238,0.10496576,83.0,1740111807.1433597,-0.0016040876507759094,0.06569389253854752,0.11968815326690674,0.16030119359493256,-0.04454914480447769,-0.0692564845085144,0.030051803216338158,0.20459258556365967,0.12700346112251282,0.07931995391845703,0.1301293969154358,0.21900765597820282,0.11764878034591675,-0.04555918648838997,0.1373283416032791,-0.01654532551765442,0.12915945053100586,0.05640502646565437,-0.07665503025054932,0.08587843924760818,-0.060074251145124435,-0.23564499616622925,-0.12935034930706024,0.054213352501392365,0.020546622574329376,-0.05007490515708923,0.22322478890419006,-0.037626802921295166,-0.06092232093214989,0.17849531769752502,-0.04689144715666771,-0.018183279782533646
0.09542874991893768,0.7912614941596985,1.2019203901290894,-0.29750059541530216,0.0019267639178326883,0.07474724620422744,-0.001348576846746294,0.018348585798988237,-0.010070192083971401,0.2046336516737938,0.09128217697143559,-0.20045926570892325,0.6873457431793213,0.7088032364845276,1.1719002723693848,-0.057816774,-0.025792405,0.11169854,84.0,1740111807.1772249,-0.00013279542326927185,0.06530193984508514,0.11660809814929962,0.15341489017009735,-0.040712542831897736,-0.06928420811891556,0.02819048799574375,0.19827310740947723,0.1271965503692627,0.07739216089248657,0.12618201971054077,0.21266113221645355,0.11522118747234344,-0.044015463441610336,0.13516917824745178,-0.01603889837861061,0.1278718262910843,0.05351102724671364,-0.07315622270107269,0.08096446841955185,-0.060202453285455704,-0.23023994266986847,-0.12628044188022614,0.05221305042505264,0.0241512730717659,-0.04727891832590103,0.21867981553077698,-0.03640791028738022,-0.05981612578034401,0.17330294847488403,-0.04531867429614067,-0.014080633409321308
0.08655259013175964,0.7910207509994507,1.2043578624725342,-0.29750059541530216,0.0019267639178326883,0.07474724620422744,-0.0009089574333648416,0.018241952092967268,-0.013091139884679899,0.1909244567155838,0.0911460399627686,-0.19686570167541495,0.6873457431793213,0.7088032364845276,1.1719002723693848,-0.046693996,-0.023774851,0.12053314,85.0,1740111807.209637,0.0008838772773742676,0.06478238105773926,0.11334605515003204,0.1488015055656433,-0.038819700479507446,-0.07124980539083481,0.02853056788444519,0.19244292378425598,0.12831279635429382,0.07553704082965851,0.12192772328853607,0.20851653814315796,0.11525477468967438,-0.04730822890996933,0.1333313286304474,-0.015255453996360302,0.12835635244846344,0.0542411245405674,-0.07317328453063965,0.07895480841398239,-0.06484519690275192,-0.22444738447666168,-0.12500545382499695,0.05129813402891159,0.02951519750058651,-0.045351214706897736,0.21792811155319214,-0.037281207740306854,-0.05862974748015404,0.1677905023097992,-0.04511450603604317,-0.009641149081289768
0.07814906537532806,0.7907425761222839,1.206775188446045,-0.2592822791000978,-0.005650731230168513,0.07022831558605772,-0.0014206823354093582,0.019293168756027764,-0.014661254225299007,0.182231804728508,0.09097449779510502,-0.19443681240081778,0.6873457431793213,0.7088032364845276,1.1719002723693848,-0.047430307,-0.023779742,0.11593224,86.0,1740111807.2425723,0.0036463942378759384,0.06557390093803406,0.1132935956120491,0.14822694659233093,-0.03970976173877716,-0.07321354746818542,0.02778168022632599,0.19278839230537415,0.13288156688213348,0.07494145631790161,0.12118273973464966,0.2100605070590973,0.11674068868160248,-0.04952485114336014,0.13634991645812988,-0.014271819964051247,0.13245970010757446,0.05607743188738823,-0.07498756796121597,0.07870080322027206,-0.06901190429925919,-0.22489647567272186,-0.12588295340538025,0.05219987779855728,0.03288199380040169,-0.045444026589393616,0.2208632528781891,-0.03854743391275406,-0.05965026840567589,0.16701602935791016,-0.04740016534924507,-0.005297149531543255
0.07394038885831833,0.7905724048614502,1.2080192565917969,-0.2592822791000978,-0.005650731230168513,0.07022831558605772,-0.0012357312484715228,0.020161535457392386,-0.01734229330450871,0.17814906537532807,0.09074257612228398,-0.193224811553955,0.6873457431793213,0.7088032364845276,1.1719002723693848,-0.040335648,-0.026408479,0.11268345,87.0,1740111807.2768338,0.006656652316451073,0.06627523899078369,0.11405502259731293,0.1463649719953537,-0.03993745148181915,-0.07387104630470276,0.02629617601633072,0.19376997649669647,0.13677196204662323,0.07376366853713989,0.11892503499984741,0.21052441000938416,0.11672919988632202,-0.05038336664438248,0.1392088085412979,-0.014091524295508862,0.13646699488162994,0.05687529966235161,-0.07664868235588074,0.07595773786306381,-0.07240071147680283,-0.22401607036590576,-0.12566104531288147,0.05198977142572403,0.03699323907494545,-0.045651115477085114,0.22249723970890045,-0.038799889385700226,-0.06067347154021263,0.1655888855457306,-0.05075696483254433,-0.0003852788358926773
0.062064461410045624,0.7899098992347717,1.2119736671447754,-0.2592822791000978,-0.005650731230168513,0.07022831558605772,-0.001760360586770319,0.01916299913804254,-0.018710638541644967,0.16586717814207078,0.09015314579010014,-0.1894340753555297,0.6873457431793213,0.7088032364845276,1.1719002723693848,-0.03544069,-0.026062451,0.11903471,88.0,1740111807.3094788,0.007251696661114693,0.06590298563241959,0.11265333741903305,0.14386418461799622,-0.037922993302345276,-0.07519930601119995,0.02572733163833618,0.19041602313518524,0.13744905591011047,0.07325516641139984,0.11853514611721039,0.20879901945590973,0.11691991984844208,-0.05035741627216339,0.1391025185585022,-0.013422155752778053,0.13646316528320312,0.055802058428525925,-0.07489021122455597,0.07495369017124176,-0.07376016676425934,-0.22359050810337067,-0.12494922429323196,0.05234834551811218,0.03790968284010887,-0.04436309635639191,0.22186094522476196,-0.039557717740535736,-0.060771625488996506,0.16328051686286926,-0.049077171832323074,0.0020154528319835663
0.05458409711718559,0.7894278168678284,1.2146666049957275,-0.2592822791000978,-0.005650731230168513,0.07022831558605772,-0.0011021369417149574,0.016881676376730756,-0.01857623842777348,0.15817103385925294,0.08977483510971074,-0.1867109775543212,0.6873457431793213,0.7088032364845276,1.1719002723693848,-0.03544069,-0.026062451,0.11903471,89.0,1740111807.343469,0.007251696661114693,0.06590298563241959,0.11265333741903305,0.14386418461799622,-0.037922993302345276,-0.07519930601119995,0.02572733163833618,0.19041602313518524,0.13744905591011047,0.07325516641139984,0.11853514611721039,0.20879901945590973,0.11691991984844208,-0.05035741627216339,0.1391025185585022,-0.013422155752778053,0.13646316528320312,0.055802058428525925,-0.07489021122455597,0.07495369017124176,-0.07376016676425934,-0.22359050810337067,-0.12494922429323196,0.05234834551811218,0.03790968284010887,-0.04436309635639191,0.22186094522476196,-0.039557717740535736,-0.060771625488996506,0.16328051686286926,-0.049077171832323074,0.0020154528319835663
0.050884004682302475,0.7891711592674255,1.2160242795944214,-0.22733688073148284,-0.013102520112994575,0.0771191949633523,-0.00166710425066107,0.01674905011011918,-0.017403891265999793,0.1545840971171856,0.08942781686782841,-0.18533339500427237,0.6873457431793213,0.7088032364845276,1.1719002723693848,-0.02694656,-0.025325548,0.1045599,90.0,1740111807.3771555,0.01098603941500187,0.0638047456741333,0.11677300930023193,0.14848551154136658,-0.04375588148832321,-0.07109867036342621,0.030040746554732323,0.19878478348255157,0.1434762328863144,0.07193946838378906,0.11568333208560944,0.21786311268806458,0.1217099130153656,-0.04996778070926666,0.14622756838798523,-0.006891027092933655,0.14337459206581116,0.05948537960648537,-0.08114529401063919,0.07952141016721725,-0.07374700903892517,-0.2237056940793991,-0.12871088087558746,0.052833616733551025,0.04423752427101135,-0.049720294773578644,0.22357401251792908,-0.03795451670885086,-0.057846423238515854,0.17113560438156128,-0.06011592224240303,-0.0033003902062773705
0.04043184220790863,0.7882847785949707,1.2202987670898438,-0.22733688073148284,-0.013102520112994575,0.0771191949633523,-0.0022563007992537814,0.0161194638390287,-0.01661768089383668,0.14387217015028,0.08857952356338505,-0.18111553192138663,0.6873457431793213,0.7088032364845276,1.1719002723693848,-0.0236447,-0.024987586,0.11273223,91.0,1740111807.4088788,0.01108020730316639,0.06339395046234131,0.11728251725435257,0.14877112209796906,-0.044838279485702515,-0.07022381573915482,0.030924910679459572,0.19969789683818817,0.14359155297279358,0.0715983659029007,0.11432665586471558,0.21828502416610718,0.12169739603996277,-0.050022855401039124,0.14657264947891235,-0.006478922441601753,0.143754780292511,0.0601578988134861,-0.08175982534885406,0.0795900747179985,-0.073756642639637,-0.22251275181770325,-0.1286059021949768,0.05260293930768967,0.04535253345966339,-0.05043027549982071,0.22324644029140472,-0.037852734327316284,-0.05706215277314186,0.17182889580726624,-0.061545033007860184,-0.00445918645709753
0.0340941958129406,0.7876851558685303,1.2233811616897583,-0.22733688073148284,-0.013102520112994575,0.0771191949633523,-0.002072616094033381,0.01563759209709156,-0.020645078318152998,0.14043184220790864,0.08828477859497075,-0.17970123291015616,0.6873457431793213,0.7088032364845276,1.1719002723693848,-0.02281396,-0.024673697,0.11175577,92.0,1740111807.4421008,0.010107161477208138,0.06383494287729263,0.11387547105550766,0.1450374275445938,-0.04168599843978882,-0.07257798314094543,0.02899453416466713,0.19326473772525787,0.14306867122650146,0.06989042460918427,0.11274336278438568,0.2127462923526764,0.12019100785255432,-0.051649317145347595,0.1435261219739914,-0.007495679892599583,0.1419716626405716,0.05818689242005348,-0.08007942885160446,0.07621791213750839,-0.07607512921094894,-0.2194969207048416,-0.12668797373771667,0.05131566524505615,0.04716246947646141,-0.047745198011398315,0.22178371250629425,-0.03881514072418213,-0.05770104005932808,0.16567662358283997,-0.057489778846502304,-0.0004998445510864258
0.031023897230625153,0.7873368859291077,1.2248212099075317,-0.1984843775689399,-0.018331955289424964,0.08791761283081989,-0.0027103517401142452,0.01584132214125292,-0.019214215141130263,0.1340941958129406,0.08768515586853032,-0.1766188383102416,0.6873457431793213,0.7088032364845276,1.1719002723693848,-0.02281396,-0.024673697,0.11175577,93.0,1740111807.4767644,0.010107161477208138,0.06383494287729263,0.11387547105550766,0.1450374275445938,-0.04168599843978882,-0.07257798314094543,0.02899453416466713,0.19326473772525787,0.14306867122650146,0.06989042460918427,0.11274336278438568,0.2127462923526764,0.12019100785255432,-0.051649317145347595,0.1435261219739914,-0.007495679892599583,0.1419716626405716,0.05818689242005348,-0.08007942885160446,0.07621791213750839,-0.07607512921094894,-0.2194969207048416,-0.12668797373771667,0.05131566524505615,0.04716246947646141,-0.047745198011398315,0.22178371250629425,-0.03881514072418213,-0.05770104005932808,0.16567662358283997,-0.057489778846502304,-0.0004998445510864258
0.02227090299129486,0.786435604095459,1.229388952255249,-0.1984843775689399,-0.018331955289424964,0.08791761283081989,-0.0020039280715792554,0.013085254324546857,-0.019574200804612116,0.12495428919792176,0.08663027286529545,-0.1722834348678588,0.6873457431793213,0.7088032364845276,1.1719002723693848,-0.018979758,-0.023976091,0.108917825,94.0,1740111807.5090358,0.012324264273047447,0.06497213244438171,0.1140129491686821,0.14210380613803864,-0.04016457498073578,-0.07510469853878021,0.026159698143601418,0.19161559641361237,0.14641036093235016,0.06844732165336609,0.1116175651550293,0.21109583973884583,0.11982817947864532,-0.052669353783130646,0.14476440846920013,-0.008441193960607052,0.14420181512832642,0.0577506385743618,-0.07990404963493347,0.07264766097068787,-0.07925169169902802,-0.219635471701622,-0.12578773498535156,0.05028350651264191,0.0507861003279686,-0.0466160923242569,0.22313089668750763,-0.03872267156839371,-0.05907803401350975,0.16236057877540588,-0.05831129476428032,0.005404292605817318
0.016941476613283157,0.7857775688171387,1.2325009107589722,-0.1984843775689399,-0.018331955289424964,0.08791761283081989,-0.0030487187256134007,0.012388367533444957,-0.01829609334615046,0.11947372779250146,0.08602719306945805,-0.1689809799194335,0.6873457431793213,0.7088032364845276,1.1719002723693848,-0.0051669776,-0.021401275,0.10672654,95.0,1740111807.5433543,0.01176627166569233,0.06575709581375122,0.1091497391462326,0.1366962492465973,-0.03665473312139511,-0.08011513948440552,0.022964410483837128,0.18282797932624817,0.14621064066886902,0.06636126339435577,0.11009560525417328,0.20521125197410583,0.11813794076442719,-0.05614995211362839,0.14187386631965637,-0.010187072679400444,0.14253439009189606,0.05575817450881004,-0.0775710865855217,0.068440742790699,-0.08444557338953018,-0.2172349989414215,-0.12289547175168991,0.049673892557621,0.05215936899185181,-0.04335329681634903,0.2227710783481598,-0.04105573147535324,-0.06150200590491295,0.15374359488487244,-0.05247348174452782,0.01357188168913126
0.011775564402341843,0.7850837111473083,1.23551607131958,-0.17021944659673383,-0.01999463583263798,0.09028132077720825,-0.003280776427176329,0.012084891534094085,-0.016962776016041882,0.11694147661328316,0.08577756881713872,-0.16749908924102774,0.6873457431793213,0.7088032364845276,1.1719002723693848,-0.00558839,-0.021392524,0.10048445,96.0,1740111807.5765238,0.013276739045977592,0.06591817736625671,0.10793488472700119,0.1322367936372757,-0.03481703996658325,-0.08068926632404327,0.02093362808227539,0.17966227233409882,0.14687520265579224,0.06420294940471649,0.10709261894226074,0.20135079324245453,0.11623318493366241,-0.05532599240541458,0.14115561544895172,-0.010153553448617458,0.1422807276248932,0.05381211265921593,-0.07546443492174149,0.06413629651069641,-0.08504444360733032,-0.21440578997135162,-0.12023838609457016,0.04804827272891998,0.054365839809179306,-0.04185083508491516,0.22064140439033508,-0.04017810523509979,-0.06145215407013893,0.15000608563423157,-0.05217801406979561,0.017564760521054268
0.007001969963312149,0.7844451069831848,1.2386058568954468,-0.17021944659673383,-0.01999463583263798,0.09028132077720825,-0.0031928765333583803,0.012038192607632652,-0.017762328190990898,0.10935690477490426,0.08473436832427983,-0.16291680335998526,0.6873457431793213,0.7088032364845276,1.1719002723693848,-0.01368852,-0.020731661,0.09981748,97.0,1740111807.6086435,0.015475722029805183,0.06660974025726318,0.11029304563999176,0.13803337514400482,-0.039390332996845245,-0.08098767697811127,0.021692050620913506,0.18639902770519257,0.15156328678131104,0.06415258347988129,0.10731114447116852,0.20907171070575714,0.11938430368900299,-0.058586254715919495,0.147172749042511,-0.008896120823919773,0.14846280217170715,0.0571550615131855,-0.08203517645597458,0.06711004674434662,-0.0898568332195282,-0.21728967130184174,-0.12421681731939316,0.0502641424536705,0.05783264338970184,-0.044672854244709015,0.2259228229522705,-0.042798660695552826,-0.06363493204116821,0.15349721908569336,-0.057249996811151505,0.017513960599899292
0.0025432147085666656,0.7836695909500122,1.2415070533752441,-0.17021944659673383,-0.01999463583263798,0.09028132077720825,-0.0047968994855686654,0.014231367524291792,-0.014312146938420298,0.10700196996331215,0.08444510698318486,-0.16139414310455313,0.6873457431793213,0.7088032364845276,1.1719002723693848,-0.01368852,-0.020731661,0.09981748,98.0,1740111807.643672,0.015475722029805183,0.06660974025726318,0.11029304563999176,0.13803337514400482,-0.039390332996845245,-0.08098767697811127,0.021692050620913506,0.18639902770519257,0.15156328678131104,0.06415258347988129,0.10731114447116852,0.20907171070575714,0.11938430368900299,-0.058586254715919495,0.147172749042511,-0.008896120823919773,0.14846280217170715,0.0571550615131855,-0.08203517645597458,0.06711004674434662,-0.0898568332195282,-0.21728967130184174,-0.12421681731939316,0.0502641424536705,0.05783264338970184,-0.044672854244709015,0.2259228229522705,-0.042798660695552826,-0.06363493204116821,0.15349721908569336,-0.057249996811151505,0.017513960599899292
-0.0014899186789989471,0.7831230759620667,1.244760274887085,-0.12920665787050756,-0.018468454136349084,0.09100146956177628,-0.004258808568513224,0.013463593791874947,-0.016348212974147746,0.10254321470856667,0.08366959095001225,-0.15849294662475577,0.6873457431793213,0.7088032364845276,1.1719002723693848,0.01121062,-0.018214364,0.10159416,99.0,1740111807.6778092,0.01588422618806362,0.06710578501224518,0.10430628061294556,0.12709656357765198,-0.03179661184549332,-0.08578957617282867,0.016485091298818588,0.17259334027767181,0.15061348676681519,0.06157170608639717,0.10501918941736221,0.19750307500362396,0.11451855301856995,-0.058499082922935486,0.1426159292459488,-0.010832032188773155,0.14444662630558014,0.05090845003724098,-0.07433631271123886,0.058169521391391754,-0.09185484796762466,-0.2131054699420929,-0.11827357858419418,0.0479397252202034,0.059879422187805176,-0.03833732753992081,0.22068077325820923,-0.042970605194568634,-0.06612123548984528,0.14156541228294373,-0.049050744622945786,0.027902275323867798
-0.005259282886981964,0.782508909702301,1.248024821281433,-0.12920665787050756,-0.018468454136349084,0.09100146956177628,-0.00446935190893756,0.012289788260234347,-0.01642934140475231,0.09564609304070473,0.082036304473877,-0.1543109655380248,0.6873457431793213,0.7088032364845276,1.1719002723693848,0.03738062,-0.014179796,0.0894658,100.0,1740111807.7087104,0.01862853206694126,0.06627954542636871,0.10458752512931824,0.12379546463489532,-0.030955389142036438,-0.08555911481380463,0.016807259991765022,0.16917814314365387,0.15295004844665527,0.05953241512179375,0.10248558223247528,0.19711405038833618,0.11573155224323273,-0.05888212472200394,0.14485760033130646,-0.007667933590710163,0.14570032060146332,0.04983574524521828,-0.07370878010988235,0.05658062547445297,-0.09437558054924011,-0.21128873527050018,-0.11877062171697617,0.047774024307727814,0.06545230001211166,-0.037862345576286316,0.21974119544029236,-0.044840410351753235,-0.065388023853302,0.14080795645713806,-0.050320643931627274,0.031200867146253586
-0.008915804326534271,0.7818617820739746,1.251181960105896,-0.12920665787050756,-0.018468454136349084,0.09100146956177628,-0.004225526123177606,0.010474727284482581,-0.012475599614939636,0.09474071711301804,0.08250890970230107,-0.1519751787185668,0.6873457431793213,0.7088032364845276,1.1719002723693848,0.03738062,-0.014179796,0.0894658,101.0,1740111807.7424235,0.01862853206694126,0.06627954542636871,0.10458752512931824,0.12379546463489532,-0.030955389142036438,-0.08555911481380463,0.016807259991765022,0.16917814314365387,0.15295004844665527,0.05953241512179375,0.10248558223247528,0.19711405038833618,0.11573155224323273,-0.05888212472200394,0.14485760033130646,-0.007667933590710163,0.14570032060146332,0.04983574524521828,-0.07370878010988235,0.05658062547445297,-0.09437558054924011,-0.21128873527050018,-0.11877062171697617,0.047774024307727814,0.06545230001211166,-0.037862345576286316,0.21974119544029236,-0.044840410351753235,-0.065388023853302,0.14080795645713806,-0.050320643931627274,0.031200867146253586
-0.01050093024969101,0.7815308570861816,1.2530347108840942,-0.12920665787050756,-0.018468454136349084,0.09100146956177628,-0.00448129039200829,0.008300960008625945,-0.014303266745726672,0.09108419567346573,0.08186178207397465,-0.14881803989410392,0.6873457431793213,0.7088032364845276,1.1719002723693848,0.047173023,-0.013865758,0.093182005,102.0,1740111807.7745817,0.01701497472822666,0.06433610618114471,0.1091306135058403,0.13573066890239716,-0.039720579981803894,-0.08017970621585846,0.02447391115128994,0.18191105127334595,0.15352213382720947,0.06177668645977974,0.10560641437768936,0.21081702411174774,0.12362797558307648,-0.05948715656995773,0.14938227832317352,-0.0024993796832859516,0.14886465668678284,0.05725373700261116,-0.0818803533911705,0.06861776858568192,-0.09200777113437653,-0.21541135013103485,-0.1267402321100235,0.051949433982372284,0.06345073878765106,-0.04483157396316528,0.2241649031639099,-0.046649083495140076,-0.061005983501672745,0.1541789174079895,-0.05814359709620476,0.01730107143521309
-0.015262234956026077,0.7806258201599121,1.2581431865692139,-0.10668791528536122,-0.018720611261919345,0.09820754019986129,-0.0030549322458016414,0.004598813696140218,-0.011559998319868982,0.08624907433986664,0.08095710277557377,-0.14361813068389884,0.6873457431793213,0.7088032364845276,1.1719002723693848,0.047173023,-0.013865758,0.093182005,103.0,1740111807.808598,0.01701497472822666,0.06433610618114471,0.1091306135058403,0.13573066890239716,-0.039720579981803894,-0.08017970621585846,0.02447391115128994,0.18191105127334595,0.15352213382720947,0.06177668645977974,0.10560641437768936,0.21081702411174774,0.12362797558307648,-0.05948715656995773,0.14938227832317352,-0.0024993796832859516,0.14886465668678284,0.05725373700261116,-0.0818803533911705,0.06861776858568192,-0.09200777113437653,-0.21541135013103485,-0.1267402321100235,0.051949433982372284,0.06345073878765106,-0.04483157396316528,0.2241649031639099,-0.046649083495140076,-0.061005983501672745,0.1541789174079895,-0.05814359709620476,0.01730107143521309
-0.017966441810131073,0.7800789475440979,1.261549472808838,-0.10668791528536122,-0.018720611261919345,0.09820754019986129,-0.003492474406885524,0.004808963436586371,-0.007756817073069198,0.08473776504397393,0.08062582015991215,-0.14185681343078604,0.6873457431793213,0.7088032364845276,1.1719002723693848,0.05120705,-0.01377368,0.10052264,104.0,1740111807.8427513,0.021749204024672508,0.06547273695468903,0.10475772619247437,0.12089376151561737,-0.031076326966285706,-0.08357597887516022,0.017431411892175674,0.16806212067604065,0.1561836451292038,0.058008357882499695,0.09944148361682892,0.197642982006073,0.11660191416740417,-0.058025628328323364,0.14731326699256897,-0.003340022172778845,0.1477281004190445,0.04982105270028114,-0.07377264648675919,0.05566004663705826,-0.09466946870088577,-0.2078520506620407,-0.11970995366573334,0.046983711421489716,0.07125262171030045,-0.03795040398836136,0.21770793199539185,-0.04416657239198685,-0.06342516839504242,0.14156273007392883,-0.05448735132813454,0.032304469496011734
-0.019443882629275322,0.7798409461975098,1.2631542682647705,-0.10668791528536122,-0.018720611261919345,0.09820754019986129,-0.004718963619715177,0.005888482331652934,-0.006976825882208271,0.08203355818986893,0.08007894754409794,-0.13845052719116202,0.6873457431793213,0.7088032364845276,1.1719002723693848,0.051463336,-0.012932397,0.091556326,105.0,1740111807.875271,0.015044348314404488,0.06416533142328262,0.10276652127504349,0.13195709884166718,-0.03862180560827255,-0.07944431900978088,0.02152896299958229,0.17768454551696777,0.14979040622711182,0.05879707261919975,0.10099953413009644,0.20366978645324707,0.11897128820419312,-0.059058308601379395,0.14190365374088287,-0.005418728105723858,0.14682868123054504,0.0560687892138958,-0.0815596655011177,0.06324437260627747,-0.09045127779245377,-0.20741958916187286,-0.12359856814146042,0.04945570230484009,0.0631554126739502,-0.04279104620218277,0.21761977672576904,-0.04502032697200775,-0.059459324926137924,0.14549601078033447,-0.05533653870224953,0.017138734459877014
-0.026902154088020325,0.7768447995185852,1.2666915655136108,-0.08957982973243901,-0.01714691822047476,0.1080939472932129,0.03690074819159658,-0.0821873320166215,-0.046444794953766515,0.07797269001603127,0.07936208248138432,-0.13351192474365225,0.6873457431793213,0.7088032364845276,1.1719002723693848,0.04855378,-0.012502417,0.09083339,106.0,1740111807.909644,0.02310859225690365,0.06799481064081192,0.08632221072912216,0.09243369102478027,-0.01228591799736023,-0.09062784910202026,0.0014595635002478957,0.1367771029472351,0.15056437253952026,0.049534596502780914,0.08522244542837143,0.16329069435596466,0.0976489782333374,-0.055622100830078125,0.1292431354522705,-0.012904847040772438,0.13899537920951843,0.03426870331168175,-0.0579347237944603,0.027170009911060333,-0.09658490121364594,-0.18762344121932983,-0.10187843441963196,0.03693113476037979,0.07746390998363495,-0.021653732284903526,0.19857154786586761,-0.040099889039993286,-0.06802254915237427,0.10474453121423721,-0.036928821355104446,0.05616820231080055
-0.025695055723190308,0.7786863446235657,1.2709803581237793,-0.08957982973243901,-0.01714691822047476,0.1080939472932129,-0.006123964090318028,0.005320331401014626,-0.0005306734950254558,0.07309784591197968,0.07684479951858525,-0.13330843448638907,0.6873457431793213,0.7088032364845276,1.1719002723693848,0.06504981,-0.01151403,0.09779632,107.0,1740111807.941446,0.01554354839026928,0.06328116357326508,0.10207048803567886,0.1303141713142395,-0.03788413107395172,-0.07900001853704453,0.022240938618779182,0.17549528181552887,0.1498485952615738,0.05793070048093796,0.09938876330852509,0.20299288630485535,0.11954143643379211,-0.05916956067085266,0.14147242903709412,-0.0038772092666476965,0.14641886949539185,0.05540202185511589,-0.08052688837051392,0.0633639320731163,-0.09076561778783798,-0.2059609293937683,-0.1230807900428772,0.0492800697684288,0.0642414391040802,-0.04234372079372406,0.21672122180461884,-0.04559258371591568,-0.058092210441827774,0.14525258541107178,-0.05522865429520607,0.01715993508696556
-0.030487148091197014,0.7763460874557495,1.271010160446167,-0.08957982973243901,-0.01714691822047476,0.1080939472932129,0.03944082233276212,-0.08952255770957024,-0.05089339345512142,0.0743049442768097,0.07868634462356572,-0.12901964187622061,0.6873457431793213,0.7088032364845276,1.1719002723693848,0.06504981,-0.01151403,0.09779632,108.0,1740111807.9744425,0.01554354839026928,0.06328116357326508,0.10207048803567886,0.1303141713142395,-0.03788413107395172,-0.07900001853704453,0.022240938618779182,0.17549528181552887,0.1498485952615738,0.05793070048093796,0.09938876330852509,0.20299288630485535,0.11954143643379211,-0.05916956067085266,0.14147242903709412,-0.0038772092666476965,0.14641886949539185,0.05540202185511589,-0.08052688837051392,0.0633639320731163,-0.09076561778783798,-0.2059609293937683,-0.1230807900428772,0.0492800697684288,0.0642414391040802,-0.04234372079372406,0.21672122180461884,-0.04559258371591568,-0.058092210441827774,0.14525258541107178,-0.05522865429520607,0.01715993508696556
-0.03024154156446457,0.777951180934906,1.276133418083191,-0.06386333647527914,-0.009795169719307455,0.07736020148947756,-0.0060400881986902326,0.007126788300756186,0.0020809069173731,0.07091358155012131,0.07803313732147221,-0.12618317604064933,0.6873457431793213,0.7088032364845276,1.1719002723693848,0.06530972,-0.009981614,0.08928958,109.0,1740111808.011141,0.019922027364373207,0.06484667956829071,0.09752277284860611,0.11513201892375946,-0.028450898826122284,-0.08270356059074402,0.01472218707203865,0.16136637330055237,0.15192046761512756,0.05418529361486435,0.09251420944929123,0.18880437314510345,0.11166724562644958,-0.05796109139919281,0.13861216604709625,-0.006026996299624443,0.1450781226158142,0.047424327582120895,-0.07169576734304428,0.04973110556602478,-0.09340981394052505,-0.19896994531154633,-0.11548049002885818,0.04421636462211609,0.07195858657360077,-0.035176753997802734,0.20983122289180756,-0.04320009797811508,-0.06122306361794472,0.13141658902168274,-0.05108092352747917,0.03318668156862259
-0.032088618725538254,0.7776294350624084,1.2784861326217651,-0.06386333647527914,-0.009795169719307455,0.07736020148947756,-0.005302973132343638,0.006129629068287173,-0.0008528410810545227,0.06975845843553544,0.07795118093490605,-0.123866581916809,0.6873457431793213,0.7088032364845276,1.1719002723693848,0.06001711,-0.01034876,0.091621526,110.0,1740111808.052179,0.02363213337957859,0.06350404024124146,0.10238007456064224,0.12042029201984406,-0.035157740116119385,-0.07774755358695984,0.02018466219305992,0.17102932929992676,0.15813033282756805,0.055253271013498306,0.0925256609916687,0.2008724957704544,0.11856691539287567,-0.058373913168907166,0.14663547277450562,0.0018887992482632399,0.15106377005577087,0.05327026918530464,-0.0778040736913681,0.05742365121841431,-0.09320810437202454,-0.19984358549118042,-0.12179119139909744,0.046258777379989624,0.07679741084575653,-0.04090585559606552,0.21318764984607697,-0.04225534200668335,-0.057385217398405075,0.14331728219985962,-0.06247697398066521,0.02714405208826065
-0.03640160709619522,0.7767755389213562,1.2813081741333008,-0.06386333647527914,-0.009795169719307455,0.07736020148947756,0.0017828763551049987,0.017755423906149877,0.004229879211657473,0.06791138127446175,0.07762943506240849,-0.12151386737823477,0.6873457431793213,0.7088032364845276,1.1719002723693848,0.07859312,-0.007920131,0.094834164,111.0,1740111808.0890133,0.026867033913731575,0.06432976573705673,0.10039675235748291,0.11237338185310364,-0.030724555253982544,-0.08006571233272552,0.015595919452607632,0.16457059979438782,0.16093064844608307,0.052094776183366776,0.08776764571666718,0.19355148077011108,0.11533527076244354,-0.057811588048934937,0.14637839794158936,0.0016339297872036695,0.15191076695919037,0.04875579848885536,-0.07422605901956558,0.04966486990451813,-0.09565387666225433,-0.19624745845794678,-0.11844249814748764,0.04375988245010376,0.08301068097352982,-0.03687898814678192,0.21031568944454193,-0.041362419724464417,-0.05883221700787544,0.13580361008644104,-0.06145404651761055,0.03633646294474602
