mav_pos_x,mav_pos_y,mav_pos_z,mav_vel_x,mav_vel_y,mav_vel_z,mav_yaw,mav_pitch,mav_roll,delta_x,delta_y,delta_z,init_pos_x,init_pos_y,init_pos_z,control_x,control_y,control_z,index_image,timestamp,encoding_1,encoding_2,encoding_3,encoding_4,encoding_5,encoding_6,encoding_7,encoding_8,encoding_9,encoding_10,encoding_11,encoding_12,encoding_13,encoding_14,encoding_15,encoding_16,encoding_17,encoding_18,encoding_19,encoding_20,encoding_21,encoding_22,encoding_23,encoding_24,encoding_25,encoding_26,encoding_27,encoding_28,encoding_29,encoding_30,encoding_31,encoding_32
0.590794563293457,0.7381870746612549,1.0647621154785156,0.4439699346809305,0.06657932093848308,-0.2037113215757423,0.0309606111008688,0.010434434564308018,0.013827102109393478,0.6627004504203796,0.03399192094802861,-0.32305397987365714,0.5547954440116882,0.7325965762138367,1.0795233249664307,-0.2221604,-0.012750417,0.09487977,2.0,1740111779.036643,-0.07807716727256775,0.032592859119176865,0.16571596264839172,0.3439981937408447,-0.17869862914085388,0.005683667957782745,0.14674261212348938,0.3736727833747864,0.06651141494512558,0.10242924094200134,0.17665405571460724,0.3731909394264221,0.21201251447200775,-0.04826735705137253,0.13771718740463257,0.02157781645655632,0.11648552864789963,0.15131807327270508,-0.1729549616575241,0.27069321274757385,0.007063407450914383,-0.28245511651039124,-0.20929385721683502,0.09974537044763565,-0.09249864518642426,-0.14986379444599152,0.2746865451335907,-0.046593450009822845,0.012274742126464844,0.362469881772995,-0.10612043738365173,-0.2634272873401642
0.6042790412902832,0.7402300238609314,1.059306263923645,0.4170963917163212,0.06434219913385114,-0.17040926035711057,0.02792958702924279,0.010243125068941282,0.015575563853834868,0.690794563293457,0.03818707466125493,-0.3352378845214843,0.5547954440116882,0.7325965762138367,1.0795233249664307,-0.20118287,-0.013898991,0.09661342,3.0,1740111779.0586839,-0.08089689165353775,0.030331678688526154,0.16379523277282715,0.34721946716308594,-0.1844702512025833,0.009078949689865112,0.15085932612419128,0.3766465187072754,0.062682144343853,0.10057568550109863,0.17371566593647003,0.3758750855922699,0.2139754742383957,-0.04852472245693207,0.13507887721061707,0.023633943870663643,0.11536785215139389,0.15495574474334717,-0.1760692298412323,0.27553004026412964,0.00963503122329712,-0.2782094478607178,-0.21078206598758698,0.1003274992108345,-0.09550108015537262,-0.15358181297779083,0.27266454696655273,-0.04663405567407608,0.016705280169844627,0.36566776037216187,-0.10816866159439087,-0.2713758051395416
0.6180047988891602,0.742996335029602,1.054480791091919,0.4170963917163212,0.06434219913385114,-0.17040926035711057,0.03190995718902796,0.013176829187730171,0.01986671934091218,0.7042790412902832,0.04023002386093144,-0.3406937360763549,0.5547954440116882,0.7325965762138367,1.0795233249664307,-0.22326209,-0.017650388,0.10219487,4.0,1740111779.095754,-0.08183186501264572,0.02798476815223694,0.15588395297527313,0.33617761731147766,-0.18188899755477905,0.012532733380794525,0.1504712700843811,0.36617860198020935,0.05682503432035446,0.09473550319671631,0.1641468107700348,0.3653407096862793,0.20928172767162323,-0.043872613459825516,0.12545937299728394,0.02591218426823616,0.10912243276834488,0.15210901200771332,-0.17062605917453766,0.2693380117416382,0.015435641631484032,-0.26374250650405884,-0.20469506084918976,0.09571859985589981,-0.09431993961334229,-0.15147221088409424,0.2602452039718628,-0.04195539653301239,0.024254223331809044,0.3575860261917114,-0.1054680347442627,-0.2719446122646332
0.6372731328010559,0.7463409900665283,1.0475821495056152,0.4170963917163212,0.06434219913385114,-0.17040926035711057,0.03200258880982166,0.015144847175975919,0.023430007267252324,0.7180047988891601,0.042996335029602095,-0.34551920890808097,0.5547954440116882,0.7325965762138367,1.0795233249664307,-0.19560923,-0.017710488,0.10513234,5.0,1740111779.143546,-0.08317097276449203,0.026201728731393814,0.15274280309677124,0.33554181456565857,-0.18395909667015076,0.014497429132461548,0.15248720347881317,0.3655196726322174,0.05468698590993881,0.09201738238334656,0.15963077545166016,0.36435872316360474,0.20942682027816772,-0.04366336390376091,0.12178494036197662,0.028027817606925964,0.10738220065832138,0.15252380073070526,-0.1725776344537735,0.2700471878051758,0.016638116911053658,-0.2574438154697418,-0.20368309319019318,0.0945115014910698,-0.09279431402683258,-0.151931494474411,0.25682979822158813,-0.041038691997528076,0.028603445738554,0.3566400408744812,-0.10585063695907593,-0.27624428272247314
0.6433609127998352,0.7474732398986816,1.0454901456832886,0.39070171800665465,0.07241047678974917,-0.1381198219069683,0.03196302482611041,0.014957780654013738,0.026186349370019096,0.7372731328010559,0.046340990066528365,-0.3524178504943847,0.5547954440116882,0.7325965762138367,1.0795233249664307,-0.19336051,-0.016487122,0.105298415,6.0,1740111779.1759067,-0.08594661206007004,0.024536624550819397,0.1529882699251175,0.3411194682121277,-0.18934351205825806,0.01792600378394127,0.1575290858745575,0.3711690306663513,0.05144447833299637,0.09220388531684875,0.15992049872875214,0.36959707736968994,0.2128760665655136,-0.04315850883722305,0.12022922933101654,0.03028719127178192,0.1064455509185791,0.15693886578083038,-0.17630484700202942,0.2768439054489136,0.020524470135569572,-0.2569142282009125,-0.20620284974575043,0.09594383090734482,-0.09671714901924133,-0.1559305340051651,0.25706255435943604,-0.040755026042461395,0.033824652433395386,0.36308857798576355,-0.1086670309305191,-0.286489874124527
0.6609500050544739,0.7506970167160034,1.0400234460830688,0.39070171800665465,0.07241047678974917,-0.1381198219069683,0.03014648475437416,0.016243616099508567,0.03449174950262399,0.7433609127998352,0.047473239898681685,-0.35450985431671134,0.5547954440116882,0.7325965762138367,1.0795233249664307,-0.19336051,-0.016487122,0.105298415,7.0,1740111779.20842,-0.08594661206007004,0.024536624550819397,0.1529882699251175,0.3411194682121277,-0.18934351205825806,0.01792600378394127,0.1575290858745575,0.3711690306663513,0.05144447833299637,0.09220388531684875,0.15992049872875214,0.36959707736968994,0.2128760665655136,-0.04315850883722305,0.12022922933101654,0.03028719127178192,0.1064455509185791,0.15693886578083038,-0.17630484700202942,0.2768439054489136,0.020524470135569572,-0.2569142282009125,-0.20620284974575043,0.09594383090734482,-0.09671714901924133,-0.1559305340051651,0.25706255435943604,-0.040755026042461395,0.033824652433395386,0.36308857798576355,-0.1086670309305191,-0.286489874124527
0.6719184517860413,0.752953827381134,1.0371809005737305,0.39070171800665465,0.07241047678974917,-0.1381198219069683,0.0301418859630752,0.015674502069351785,0.03964018907278967,0.7609500050544739,0.05069701671600346,-0.35997655391693106,0.5547954440116882,0.7325965762138367,1.0795233249664307,-0.20099331,-0.01846765,0.11205952,8.0,1740111779.2468464,-0.08746738731861115,0.02253851294517517,0.15191535651683807,0.3429510295391083,-0.19254636764526367,0.021679304540157318,0.1609022468328476,0.37368035316467285,0.04875549301505089,0.0914434939622879,0.15794846415519714,0.37171629071235657,0.21465075016021729,-0.04176974296569824,0.11788855493068695,0.03295712545514107,0.10512474179267883,0.15923410654067993,-0.17811265587806702,0.2804444134235382,0.02416551113128662,-0.2537981867790222,-0.20696257054805756,0.09642661362886429,-0.09809857606887817,-0.15831008553504944,0.2544891834259033,-0.039886631071567535,0.03874761983752251,0.3664747178554535,-0.11100409924983978,-0.2938283383846283
0.6772420406341553,0.7539852261543274,1.0360112190246582,0.39070171800665465,0.07241047678974917,-0.1381198219069683,0.030367638063146105,0.015390164005836109,0.042568073032908986,0.7719184517860412,0.05295382738113408,-0.36281909942626944,0.5547954440116882,0.7325965762138367,1.0795233249664307,-0.21756731,-0.019558236,0.11506453,9.0,1740111779.2693164,-0.086576908826828,0.01951722986996174,0.13758400082588196,0.31938624382019043,-0.18251146376132965,0.023809831589460373,0.15665918588638306,0.35175761580467224,0.04263825714588165,0.08227655291557312,0.14122022688388824,0.3489636778831482,0.20525582134723663,-0.03631891682744026,0.10266374051570892,0.0365702249109745,0.094693124294281,0.14887216687202454,-0.16853921115398407,0.2649567723274231,0.02845912054181099,-0.22827473282814026,-0.19453126192092896,0.0876663401722908,-0.08796818554401398,-0.14891141653060913,0.23391056060791016,-0.033094219863414764,0.047956064343452454,0.3478803038597107,-0.10430958867073059,-0.2863556444644928
0.6921337246894836,0.7573603987693787,1.0330357551574707,0.32552225159507864,0.06450676790363936,-0.0881328138975572,0.029481732413724912,0.0174676477875422,0.04865836230262717,0.7824075579643249,0.055210876464843794,-0.36508145332336417,0.5547954440116882,0.7325965762138367,1.0795233249664307,-0.21756731,-0.019558236,0.11506453,10.0,1740111779.3109324,-0.086576908826828,0.01951722986996174,0.13758400082588196,0.31938624382019043,-0.18251146376132965,0.023809831589460373,0.15665918588638306,0.35175761580467224,0.04263825714588165,0.08227655291557312,0.14122022688388824,0.3489636778831482,0.20525582134723663,-0.03631891682744026,0.10266374051570892,0.0365702249109745,0.094693124294281,0.14887216687202454,-0.16853921115398407,0.2649567723274231,0.02845912054181099,-0.22827473282814026,-0.19453126192092896,0.0876663401722908,-0.08796818554401398,-0.14891141653060913,0.23391056060791016,-0.033094219863414764,0.047956064343452454,0.3478803038597107,-0.10430958867073059,-0.2863556444644928
0.6967049241065979,0.7583995461463928,1.0322128534317017,0.32552225159507864,0.06450676790363936,-0.0881328138975572,0.029892154156321744,0.018948077980434515,0.05051860259333718,0.7921337246894836,0.057360398769378707,-0.3669642448425292,0.5547954440116882,0.7325965762138367,1.0795233249664307,-0.14697629,-0.027259827,0.12313847,11.0,1740111779.335608,-0.05326934903860092,0.031318459659814835,0.09247317910194397,0.19222688674926758,-0.10249264538288116,-0.004374019801616669,0.08852910995483398,0.23491057753562927,0.05375160276889801,0.04743286594748497,0.08157387375831604,0.22230885922908783,0.1360359489917755,-0.01763586699962616,0.0691949799656868,0.016854651272296906,0.0793893113732338,0.07649882137775421,-0.09847110509872437,0.1426064670085907,0.011309937573969364,-0.15979868173599243,-0.12694066762924194,0.04497949779033661,-0.027433350682258606,-0.0847589448094368,0.1689991056919098,-0.013431888073682785,0.023830363526940346,0.220258891582489,-0.05978044494986534,-0.16191376745700836
0.709457278251648,0.7615020275115967,1.030352234840393,0.32552225159507864,0.06450676790363936,-0.0881328138975572,0.029787548827101128,0.02047004789998115,0.05271616618685379,0.7967049241065979,0.05839954614639287,-0.36778714656829825,0.5547954440116882,0.7325965762138367,1.0795233249664307,-0.14697629,-0.027259827,0.12313847,12.0,1740111779.385472,-0.05326934903860092,0.031318459659814835,0.09247317910194397,0.19222688674926758,-0.10249264538288116,-0.004374019801616669,0.08852910995483398,0.23491057753562927,0.05375160276889801,0.04743286594748497,0.08157387375831604,0.22230885922908783,0.1360359489917755,-0.01763586699962616,0.0691949799656868,0.016854651272296906,0.0793893113732338,0.07649882137775421,-0.09847110509872437,0.1426064670085907,0.011309937573969364,-0.15979868173599243,-0.12694066762924194,0.04497949779033661,-0.027433350682258606,-0.0847589448094368,0.1689991056919098,-0.013431888073682785,0.023830363526940346,0.220258891582489,-0.05978044494986534,-0.16191376745700836
0.7168384790420532,0.7633528709411621,1.0295606851577759,0.28118777806487477,0.06655915005786572,-0.045333938408290975,0.029550687665961792,0.021633555773133514,0.0532552397572553,0.8094572782516479,0.061502027511596724,-0.36964776515960684,0.5547954440116882,0.7325965762138367,1.0795233249664307,-0.15067989,-0.027241714,0.10776204,13.0,1740111779.4118733,-0.0532756932079792,0.0290968120098114,0.10541654378175735,0.2111067771911621,-0.11440151929855347,0.004256606101989746,0.09857316315174103,0.25931039452552795,0.05687868595123291,0.05375651642680168,0.09009416401386261,0.24527189135551453,0.14747574925422668,-0.01548406109213829,0.0794806107878685,0.022449590265750885,0.08740117400884628,0.08669188618659973,-0.10928323864936829,0.16025051474571228,0.01770484633743763,-0.1728404462337494,-0.13931205868721008,0.05198540538549423,-0.0324442982673645,-0.09670430421829224,0.178556427359581,-0.014910474419593811,0.028933193534612656,0.24473094940185547,-0.0743403434753418,-0.18116718530654907
0.7236722111701965,0.7652775645256042,1.029150366783142,0.28118777806487477,0.06655915005786572,-0.045333938408290975,0.029638764077968702,0.020909770257253813,0.052231689382979965,0.8168384790420532,0.06335287094116215,-0.37043931484222403,0.5547954440116882,0.7325965762138367,1.0795233249664307,-0.25443035,-0.021551438,0.10291894,14.0,1740111779.447978,-0.0938173308968544,0.012648779898881912,0.14178220927715302,0.34102967381477356,-0.20152334868907928,0.037105463445186615,0.1753472089767456,0.374496728181839,0.03552064299583435,0.0844898670911789,0.142473965883255,0.37213996052742004,0.22010762989521027,-0.035598598420619965,0.10249264538288116,0.04774218052625656,0.09397237747907639,0.16270267963409424,-0.18444055318832397,0.2904963791370392,0.038297008723020554,-0.22716712951660156,-0.20644664764404297,0.0933610275387764,-0.09488485753536224,-0.16232623159885406,0.2365584373474121,-0.033095650374889374,0.06529605388641357,0.3752098083496094,-0.11662854254245758,-0.3207564353942871
0.7312902808189392,0.7681410312652588,1.0309221744537354,0.28118777806487477,0.06655915005786572,-0.045333938408290975,0.04291889575929313,-0.0006220775391351275,0.04848375935481555,0.8236722111701965,0.06527756452560429,-0.3708496332168578,0.5547954440116882,0.7325965762138367,1.0795233249664307,-0.2798231,-0.016040854,0.08301619,15.0,1740111779.4812422,-0.10454975068569183,0.007014386355876923,0.16110283136367798,0.394997775554657,-0.2381550520658493,0.05295109748840332,0.20451019704341888,0.42791643738746643,0.03514016792178154,0.09635123610496521,0.1622220277786255,0.4274839460849762,0.2509470283985138,-0.04064525291323662,0.11947229504585266,0.062126729637384415,0.1042385920882225,0.19113776087760925,-0.21810634434223175,0.34221819043159485,0.04604312404990196,-0.2514878809452057,-0.23604676127433777,0.11128843575716019,-0.11338889598846436,-0.18984533846378326,0.26175451278686523,-0.04108584672212601,0.07807432115077972,0.4308423101902008,-0.14042411744594574,-0.37625738978385925
0.736760675907135,0.7697356939315796,1.0311846733093262,0.2078647534145353,0.06438991252115463,0.010908635854408506,0.04147946367935445,0.00030806820133094605,0.04647856413965086,0.8312902808189392,0.06814103126525883,-0.36907782554626456,0.5547954440116882,0.7325965762138367,1.0795233249664307,-0.2798231,-0.016040854,0.08301619,16.0,1740111779.5096304,-0.10454975068569183,0.007014386355876923,0.16110283136367798,0.394997775554657,-0.2381550520658493,0.05295109748840332,0.20451019704341888,0.42791643738746643,0.03514016792178154,0.09635123610496521,0.1622220277786255,0.4274839460849762,0.2509470283985138,-0.04064525291323662,0.11947229504585266,0.062126729637384415,0.1042385920882225,0.19113776087760925,-0.21810634434223175,0.34221819043159485,0.04604312404990196,-0.2514878809452057,-0.23604676127433777,0.11128843575716019,-0.11338889598846436,-0.18984533846378326,0.26175451278686523,-0.04108584672212601,0.07807432115077972,0.4308423101902008,-0.14042411744594574,-0.37625738978385925
0.7416835427284241,0.7715615034103394,1.0316444635391235,0.2078647534145353,0.06438991252115463,0.010908635854408506,0.04356307028806975,0.0006644243676509589,0.04525068120008238,0.836760675907135,0.06973569393157963,-0.36881532669067374,0.5547954440116882,0.7325965762138367,1.0795233249664307,-0.2741583,-0.018499058,0.09079949,17.0,1740111779.5483263,-0.10609851777553558,0.006408970803022385,0.1601913720369339,0.3970053791999817,-0.24020744860172272,0.05327140539884567,0.2061150074005127,0.42883867025375366,0.03363626077771187,0.09609727561473846,0.16179680824279785,0.42836886644363403,0.25180622935295105,-0.04204345494508743,0.11827352643013,0.061969686299562454,0.10361024737358093,0.19284860789775848,-0.2196776419878006,0.3442516326904297,0.045955974608659744,-0.25087395310401917,-0.2364635020494461,0.11180488020181656,-0.11484257876873016,-0.1908898651599884,0.26216867566108704,-0.04190855473279953,0.07911747694015503,0.43152889609336853,-0.14025191962718964,-0.3790675103664398
0.7438281178474426,0.7721798419952393,1.0319793224334717,0.2078647534145353,0.06438991252115463,0.010908635854408506,0.043086453432558555,0.002099794814497149,0.04444814562318452,0.841683542728424,0.0715615034103394,-0.3683555364608764,0.5547954440116882,0.7325965762138367,1.0795233249664307,-0.2733093,-0.020881966,0.104603,18.0,1740111779.576157,-0.11025653034448624,0.004284299910068512,0.16608797013759613,0.4158661961555481,-0.25322699546813965,0.05838405340909958,0.21625666320323944,0.4470402002334595,0.0330229178071022,0.09983032941818237,0.1677490621805191,0.4470740556716919,0.2621377408504486,-0.04459860920906067,0.1232607364654541,0.06618763506412506,0.10703853517770767,0.2029489427804947,-0.23162363469600677,0.361875981092453,0.04805520549416542,-0.25882211327552795,-0.24630853533744812,0.1179119274020195,-0.12134280800819397,-0.20039169490337372,0.27078235149383545,-0.04497634619474411,0.08358186483383179,0.44975924491882324,-0.14796824753284454,-0.39822253584861755
0.749468982219696,0.7742199897766113,1.0331343412399292,0.13465185618796743,0.044344581587319715,0.016645131507247,0.04240802043879423,0.0023449424855166504,0.04461187950260257,0.8457423210144043,0.0728706002235413,-0.36779727935791007,0.5547954440116882,0.7325965762138367,1.0795233249664307,-0.29271895,-0.017295234,0.09375744,19.0,1740111779.610677,-0.11102744936943054,0.0031001530587673187,0.16783803701400757,0.4207681715488434,-0.25700753927230835,0.061120279133319855,0.21982872486114502,0.45255574584007263,0.032698772847652435,0.10107804834842682,0.1688271164894104,0.4527791440486908,0.26529252529144287,-0.0442608967423439,0.12460596859455109,0.06841657310724258,0.10785745829343796,0.20594926178455353,-0.23455356061458588,0.36720314621925354,0.05002880468964577,-0.26026344299316406,-0.24909645318984985,0.1195187047123909,-0.12303993105888367,-0.2034216672182083,0.27203619480133057,-0.04488486051559448,0.0862160250544548,0.4560513198375702,-0.1513139009475708,-0.40497323870658875
0.752359926700592,0.775426983833313,1.034034013748169,0.13465185618796743,0.044344581587319715,0.016645131507247,0.04305729629412188,0.0025248910312893175,0.04604790543349678,0.849468982219696,0.07421998977661137,-0.3668656587600707,0.5547954440116882,0.7325965762138367,1.0795233249664307,-0.28849566,-0.018655676,0.09807415,20.0,1740111779.6429152,-0.10993198305368423,0.00292922742664814,0.16717246174812317,0.4190768003463745,-0.25629645586013794,0.061629585921764374,0.21924467384815216,0.4515802264213562,0.03374280780553818,0.10045288503170013,0.16739867627620697,0.4519351124763489,0.26467031240463257,-0.04369276016950607,0.12460309267044067,0.06935425847768784,0.10828932374715805,0.20483730733394623,-0.23399664461612701,0.36605268716812134,0.05031515285372734,-0.2587258815765381,-0.24839253723621368,0.11892803758382797,-0.12125769257545471,-0.20267954468727112,0.2703401446342468,-0.04408515244722366,0.0865812674164772,0.45524364709854126,-0.1519821286201477,-0.4040489196777344
0.7556112408638,0.7768229842185974,1.035542368888855,0.13465185618796743,0.044344581587319715,0.016645131507247,0.0414328287794325,0.002708696605733178,0.04977601324345076,0.852359926700592,0.07542698383331303,-0.36596598625183097,0.5547954440116882,0.7325965762138367,1.0795233249664307,-0.28849566,-0.018655676,0.09807415,21.0,1740111779.7029235,-0.10993198305368423,0.00292922742664814,0.16717246174812317,0.4190768003463745,-0.25629645586013794,0.061629585921764374,0.21924467384815216,0.4515802264213562,0.03374280780553818,0.10045288503170013,0.16739867627620697,0.4519351124763489,0.26467031240463257,-0.04369276016950607,0.12460309267044067,0.06935425847768784,0.10828932374715805,0.20483730733394623,-0.23399664461612701,0.36605268716812134,0.05031515285372734,-0.2587258815765381,-0.24839253723621368,0.11892803758382797,-0.12125769257545471,-0.20267954468727112,0.2703401446342468,-0.04408515244722366,0.0865812674164772,0.45524364709854126,-0.1519821286201477,-0.4040489196777344
0.7575404047966003,0.7779532670974731,1.0374083518981934,0.07418270511388259,0.032554138456094873,0.028818515411619245,0.04103744202667747,-0.0004964861698247626,0.05144307641629964,0.8556112408638,0.07682298421859746,-0.36445763111114493,0.5547954440116882,0.7325965762138367,1.0795233249664307,-0.27958286,-0.020364828,0.106182754,22.0,1740111779.7393508,-0.11001802235841751,0.002908967435359955,0.16743041574954987,0.4220193326473236,-0.25882816314697266,0.0618136003613472,0.2201390266418457,0.454184889793396,0.03460422158241272,0.10026369988918304,0.16735897958278656,0.45466378331184387,0.2657028138637543,-0.04479429870843887,0.12570935487747192,0.06951297074556351,0.10992879420518875,0.20607717335224152,-0.23632238805294037,0.3678995370864868,0.04957128316164017,-0.25982773303985596,-0.24944321811199188,0.11988169699907303,-0.1214175671339035,-0.20402108132839203,0.27163729071617126,-0.04508943110704422,0.0860687643289566,0.4566546678543091,-0.15315008163452148,-0.40587034821510315
0.7578713297843933,0.7782641649246216,1.03811514377594,0.07418270511388259,0.032554138456094873,0.028818515411619245,0.04080685515127024,-0.0009145000584175568,0.05002118913584034,0.8575404047966003,0.07795326709747319,-0.36259164810180655,0.5547954440116882,0.7325965762138367,1.0795233249664307,-0.28732902,-0.019638676,0.10465446,23.0,1740111779.7671237,-0.11184133589267731,0.0014933161437511444,0.1688033491373062,0.42843303084373474,-0.263699471950531,0.06383796781301498,0.22424010932445526,0.4600088596343994,0.03343263268470764,0.10116250813007355,0.16850198805332184,0.46074604988098145,0.2690913677215576,-0.04622437432408333,0.1264319121837616,0.07068537175655365,0.11063946038484573,0.2101939171552658,-0.24063055217266083,0.37410032749176025,0.05027047172188759,-0.26136261224746704,-0.25253021717071533,0.12192385643720627,-0.12386719882488251,-0.20769459009170532,0.27385213971138,-0.04637902230024338,0.08807145059108734,0.4623250961303711,-0.1556805819272995,-0.41287338733673096
0.7581267356872559,0.7789433002471924,1.0393348932266235,0.07418270511388259,0.032554138456094873,0.028818515411619245,0.043418775134210004,-0.001801268366800453,0.052969282903470055,0.8578713297843933,0.07826416492462163,-0.36188485622405997,0.5547954440116882,0.7325965762138367,1.0795233249664307,-0.28245378,-0.020191487,0.101590365,24.0,1740111779.7999754,-0.11210262030363083,0.001166798174381256,0.17035335302352905,0.4320225715637207,-0.2662162184715271,0.06514452397823334,0.22616945207118988,0.46399807929992676,0.03412635624408722,0.10181093215942383,0.16969099640846252,0.46488597989082336,0.27144312858581543,-0.04624556750059128,0.12814369797706604,0.07233558595180511,0.11173048615455627,0.21176846325397491,-0.24323047697544098,0.3776354193687439,0.050783123821020126,-0.2628062963485718,-0.25482550263404846,0.123025082051754,-0.12420104444026947,-0.20942604541778564,0.275546133518219,-0.0467066615819931,0.08902040123939514,0.4663987159729004,-0.15784695744514465,-0.416679710149765
0.7577451467514038,0.779320240020752,1.040597677230835,0.010686733148646446,0.016777823264983286,0.037022500268286185,0.0411404975097437,0.0009334436130549033,0.05207432950777141,0.8581267356872558,0.07894330024719243,-0.3606651067733764,0.5547954440116882,0.7325965762138367,1.0795233249664307,-0.28503633,-0.020044915,0.09609763,25.0,1740111779.830476,-0.11333408951759338,0.00046775490045547485,0.17320744693279266,0.43908780813217163,-0.2707790732383728,0.06720016151666641,0.22980763018131256,0.47119173407554626,0.03420743718743324,0.10372687876224518,0.17264647781848907,0.47224998474121094,0.27522122859954834,-0.046921804547309875,0.13031446933746338,0.07347506284713745,0.11349228024482727,0.21598173677921295,-0.24702872335910797,0.3841093182563782,0.05216817930340767,-0.26686519384384155,-0.25854817032814026,0.1254843771457672,-0.1270771324634552,-0.21336805820465088,0.2787090539932251,-0.04760264605283737,0.09044834971427917,0.4735551178455353,-0.16142769157886505,-0.42352473735809326
0.7568573355674744,0.7797336578369141,1.0419832468032837,0.010686733148646446,0.016777823264983286,0.037022500268286185,0.04111649957668679,-0.0010534729281048592,0.050202682431860865,0.8573688626289367,0.0795084118843079,-0.3587467908859252,0.5547954440116882,0.7325965762138367,1.0795233249664307,-0.28503633,-0.020044915,0.09609763,26.0,1740111779.8690724,-0.11333408951759338,0.00046775490045547485,0.17320744693279266,0.43908780813217163,-0.2707790732383728,0.06720016151666641,0.22980763018131256,0.47119173407554626,0.03420743718743324,0.10372687876224518,0.17264647781848907,0.47224998474121094,0.27522122859954834,-0.046921804547309875,0.13031446933746338,0.07347506284713745,0.11349228024482727,0.21598173677921295,-0.24702872335910797,0.3841093182563782,0.05216817930340767,-0.26686519384384155,-0.25854817032814026,0.1254843771457672,-0.1270771324634552,-0.21336805820465088,0.2787090539932251,-0.04760264605283737,0.09044834971427917,0.4735551178455353,-0.16142769157886505,-0.42352473735809326
0.7543967366218567,0.7799582481384277,1.0442801713943481,0.010686733148646446,0.016777823264983286,0.037022500268286185,0.04199336654472904,-0.0012489597645174845,0.050502171134027524,0.8568573355674743,0.0797336578369141,-0.3580167531967162,0.5547954440116882,0.7325965762138367,1.0795233249664307,-0.27482194,-0.020338025,0.101547405,27.0,1740111779.923122,-0.11357418447732925,0.0004811808466911316,0.17571508884429932,0.4429868459701538,-0.2727670669555664,0.06813065707683563,0.23138929903507233,0.47560110688209534,0.034886620938777924,0.10522130131721497,0.1751503050327301,0.47658076882362366,0.27728724479675293,-0.04670305550098419,0.13239438831806183,0.07390231639146805,0.11486279219388962,0.217921644449234,-0.2487287074327469,0.38738465309143066,0.053090907633304596,-0.27034860849380493,-0.2608388364315033,0.12690246105194092,-0.12864136695861816,-0.21539540588855743,0.281088650226593,-0.04788954555988312,0.09061683714389801,0.47796136140823364,-0.16355425119400024,-0.4266781210899353
0.7520427107810974,0.779965341091156,1.0459589958190918,-0.044619205495036424,0.006460023657597921,0.0452267107132742,0.040555898670297436,-0.002037753535680134,0.04910145546529483,0.8543967366218567,0.07995824813842778,-0.35571982860565177,0.5547954440116882,0.7325965762138367,1.0795233249664307,-0.27514416,-0.018866125,0.0943075,28.0,1740111779.951352,-0.11356387287378311,0.0010077469050884247,0.17684796452522278,0.4436190724372864,-0.27231138944625854,0.06756497174501419,0.2310197502374649,0.47634562849998474,0.035070840269327164,0.10581827163696289,0.17640052735805511,0.47700831294059753,0.27729788422584534,-0.046700336039066315,0.13314978778362274,0.07294516265392303,0.11519470065832138,0.21785491704940796,-0.24843205511569977,0.3873542845249176,0.052857138216495514,-0.2723374366760254,-0.26113981008529663,0.1272410750389099,-0.12932345271110535,-0.21546097099781036,0.28234586119651794,-0.04833564907312393,0.08941233158111572,0.4783748388290405,-0.16339588165283203,-0.42605504393577576
0.7454876899719238,0.7785938382148743,1.040899634361267,-0.044619205495036424,0.006460023657597921,0.0452267107132742,-0.9839954486847845,0.04147089718050943,-3.047482905711863,0.8520427107810974,0.07996534109115605,-0.3540410041809081,0.5547954440116882,0.7325965762138367,1.0795233249664307,-0.25435662,-0.020576898,0.11200932,29.0,1740111779.988589,-0.09502169489860535,0.009684152901172638,0.14345340430736542,0.3476857841014862,-0.20786434412002563,0.043588489294052124,0.1824721246957779,0.3827137053012848,0.03467092290520668,0.08606728911399841,0.14258959889411926,0.38120588660240173,0.22557318210601807,-0.034200478345155716,0.10353629291057587,0.0535559318959713,0.09465215355157852,0.16768378019332886,-0.1887262612581253,0.3001866042613983,0.043395377695560455,-0.22709280252456665,-0.21050097048282623,0.0959877148270607,-0.09743137657642365,-0.1677684634923935,0.23604784905910492,-0.03250381350517273,0.07148335874080658,0.3857837915420532,-0.1232273131608963,-0.3337012231349945
0.7440430521965027,0.7782588601112366,1.0476839542388916,-0.044619205495036424,0.006460023657597921,0.0452267107132742,0.024131106191480137,0.017478869454983812,0.0492120596378799,0.8454876899719238,0.07859383821487431,-0.3591003656387328,0.5547954440116882,0.7325965762138367,1.0795233249664307,-0.25435662,-0.020576898,0.11200932,30.0,1740111780.0193298,-0.09502169489860535,0.009684152901172638,0.14345340430736542,0.3476857841014862,-0.20786434412002563,0.043588489294052124,0.1824721246957779,0.3827137053012848,0.03467092290520668,0.08606728911399841,0.14258959889411926,0.38120588660240173,0.22557318210601807,-0.034200478345155716,0.10353629291057587,0.0535559318959713,0.09465215355157852,0.16768378019332886,-0.1887262612581253,0.3001866042613983,0.043395377695560455,-0.22709280252456665,-0.21050097048282623,0.0959877148270607,-0.09743137657642365,-0.1677684634923935,0.23604784905910492,-0.03250381350517273,0.07148335874080658,0.3857837915420532,-0.1232273131608963,-0.3337012231349945
0.7422443628311157,0.7781541347503662,1.048586130142212,-0.044619205495036424,0.006460023657597921,0.0452267107132742,0.02436238442940329,0.017319798306275672,0.04904709293942536,0.8440430521965027,0.07825886011123662,-0.3523160457611083,0.5547954440116882,0.7325965762138367,1.0795233249664307,-0.25621212,-0.020606108,0.111039825,31.0,1740111780.044967,-0.09446550905704498,0.010231833904981613,0.14322936534881592,0.34625932574272156,-0.20635513961315155,0.04241771996021271,0.18097949028015137,0.38119956851005554,0.035471729934215546,0.08581545948982239,0.1424921154975891,0.37965041399002075,0.22452875971794128,-0.034405726939439774,0.1036543995141983,0.052673522382974625,0.09489405900239944,0.1665036976337433,-0.18787497282028198,0.29821494221687317,0.04244904965162277,-0.22716210782527924,-0.20978893339633942,0.09542056173086166,-0.09651677310466766,-0.1666329950094223,0.23599077761173248,-0.03244929015636444,0.07009842246770859,0.3836685121059418,-0.12241439521312714,-0.33120211958885193
0.7359607219696045,0.777780294418335,1.0511603355407715,-0.09351860875376143,-0.003004170636096587,0.05134436884572624,0.023660495092052237,0.01844836828741431,0.044976725412911214,0.8420647144317627,0.0796072363853455,-0.34871675968170157,0.5547954440116882,0.7325965762138367,1.0795233249664307,-0.25454068,-0.020983133,0.108145565,32.0,1740111780.084224,-0.0936734676361084,0.011009108275175095,0.14096727967262268,0.34188181161880493,-0.20341043174266815,0.04008883982896805,0.1777401566505432,0.37608271837234497,0.03576255589723587,0.08401228487491608,0.13997812569141388,0.3742358088493347,0.22148533165454865,-0.03504570573568344,0.10216109454631805,0.05099846050143242,0.09427477419376373,0.16351579129695892,-0.1856379210948944,0.2930775582790375,0.04008010774850845,-0.22465670108795166,-0.20687530934810638,0.09375526756048203,-0.09424909949302673,-0.16375157237052917,0.23426195979118347,-0.03261987864971161,0.06780628859996796,0.3773634433746338,-0.1195114403963089,-0.32542684674263
0.7360385656356812,0.77974534034729,1.054701328277588,-0.09351860875376143,-0.003004170636096587,0.05134436884572624,0.031109967331866724,-0.007141698519333799,0.029517578407004315,0.8359607219696045,0.077780294418335,-0.3488396644592284,0.5547954440116882,0.7325965762138367,1.0795233249664307,-0.2512899,-0.020118065,0.11013874,33.0,1740111780.110693,-0.09488634765148163,0.010891508311033249,0.14231058955192566,0.3460632860660553,-0.20600973069667816,0.04032664746046066,0.17953690886497498,0.37953096628189087,0.0351213701069355,0.08499053120613098,0.1416274607181549,0.37756580114364624,0.2231174111366272,-0.03618958219885826,0.10300716757774353,0.05031438171863556,0.0950883999466896,0.16609995067119598,-0.18762749433517456,0.2962331175804138,0.039964668452739716,-0.22748024761676788,-0.2086023986339569,0.09526721388101578,-0.09671001136302948,-0.165904238820076,0.2368440181016922,-0.033965952694416046,0.06742791831493378,0.38016602396965027,-0.12040373682975769,-0.3283376395702362
0.7260906100273132,0.7769925594329834,1.0547913312911987,-0.09351860875376143,-0.003004170636096587,0.05134436884572624,0.023788096328924938,0.016590689509875325,0.04169551813862341,0.8332030534744262,0.07849829196929936,-0.34432830810546866,0.5547954440116882,0.7325965762138367,1.0795233249664307,-0.2554382,-0.020943306,0.10688204,34.0,1740111780.1515286,-0.09327071160078049,0.011614272370934486,0.14124885201454163,0.34063467383384705,-0.20178501307964325,0.03865724056959152,0.17631426453590393,0.3745182752609253,0.03600061312317848,0.08431077003479004,0.14049433171749115,0.3724465072154999,0.22027075290679932,-0.03524407744407654,0.10226775705814362,0.04905297979712486,0.09445113688707352,0.1629389524459839,-0.1841205209493637,0.29102569818496704,0.039236292243003845,-0.22596819698810577,-0.20609097182750702,0.09341195970773697,-0.09452277421951294,-0.1630518138408661,0.23495441675186157,-0.03290165960788727,0.06577005982398987,0.3751150369644165,-0.11843015253543854,-0.3222412168979645
0.7222743034362793,0.7777107954025269,1.0585366487503052,-0.15361558757339816,-0.014032954810005433,0.05680544418289833,0.04068148654828413,-0.006013381312179075,0.03942082584853802,0.8260906100273132,0.07699255943298344,-0.3452086687088012,0.5547954440116882,0.7325965762138367,1.0795233249664307,-0.2554382,-0.020943306,0.10688204,35.0,1740111780.187743,-0.09327071160078049,0.011614272370934486,0.14124885201454163,0.34063467383384705,-0.20178501307964325,0.03865724056959152,0.17631426453590393,0.3745182752609253,0.03600061312317848,0.08431077003479004,0.14049433171749115,0.3724465072154999,0.22027075290679932,-0.03524407744407654,0.10226775705814362,0.04905297979712486,0.09445113688707352,0.1629389524459839,-0.1841205209493637,0.29102569818496704,0.039236292243003845,-0.22596819698810577,-0.20609097182750702,0.09341195970773697,-0.09452277421951294,-0.1630518138408661,0.23495441675186157,-0.03290165960788727,0.06577005982398987,0.3751150369644165,-0.11843015253543854,-0.3222412168979645
0.7133415937423706,0.7768264412879944,1.06154203414917,-0.15361558757339816,-0.014032954810005433,0.05680544418289833,0.04007972655649554,-0.004148421764605983,0.03819826961888419,0.8222743034362793,0.0777107954025269,-0.34146335124969474,0.5547954440116882,0.7325965762138367,1.0795233249664307,-0.26145405,-0.020446684,0.10134484,36.0,1740111780.2354934,-0.09539758414030075,0.011311713606119156,0.14554384350776672,0.3502517342567444,-0.20729930698871613,0.040301211178302765,0.18063239753246307,0.3837011754512787,0.03592177480459213,0.08716064691543579,0.1456488072872162,0.38197243213653564,0.2253984957933426,-0.03633866086602211,0.10567949712276459,0.05028248578310013,0.09605080634355545,0.16772182285785675,-0.18936365842819214,0.299660325050354,0.0400732159614563,-0.2321992814540863,-0.21127350628376007,0.09667327255010605,-0.09869047999382019,-0.16753068566322327,0.24068257212638855,-0.034523412585258484,0.06664130091667175,0.38471144437789917,-0.12164424359798431,-0.33076050877571106
0.7069646716117859,0.7760939598083496,1.0636595487594604,-0.15361558757339816,-0.014032954810005433,0.05680544418289833,0.03976470296472541,-0.0041205836975849106,0.03622500947997624,0.8133415937423706,0.07682644128799443,-0.33845796585083,0.5547954440116882,0.7325965762138367,1.0795233249664307,-0.26466724,-0.02040672,0.105168015,37.0,1740111780.26301,-0.095491923391819,0.012632494792342186,0.14822788536548615,0.35438913106918335,-0.20896019041538239,0.03892579674720764,0.18059800565242767,0.3875427544116974,0.037768058478832245,0.0887850672006607,0.1493774801492691,0.3857794404029846,0.2265547215938568,-0.03766874223947525,0.10917915403842926,0.04875582829117775,0.09834747761487961,0.1692715585231781,-0.19095954298973083,0.301688015460968,0.03839093819260597,-0.23796628415584564,-0.21332958340644836,0.09848614782094955,-0.1006632149219513,-0.16888198256492615,0.24546539783477783,-0.03637012839317322,0.06331843137741089,0.3873230516910553,-0.12215946614742279,-0.33092087507247925
0.7036980986595154,0.7757262587547302,1.0647919178009033,-0.17915963112092478,-0.019519018453945068,0.060561311658856795,0.04051630161422518,-0.004535011945609889,0.03575741786071545,0.8069646716117859,0.07609395980834965,-0.33634045124053946,0.5547954440116882,0.7325965762138367,1.0795233249664307,-0.26466724,-0.02040672,0.105168015,38.0,1740111780.304054,-0.095491923391819,0.012632494792342186,0.14822788536548615,0.35438913106918335,-0.20896019041538239,0.03892579674720764,0.18059800565242767,0.3875427544116974,0.037768058478832245,0.0887850672006607,0.1493774801492691,0.3857794404029846,0.2265547215938568,-0.03766874223947525,0.10917915403842926,0.04875582829117775,0.09834747761487961,0.1692715585231781,-0.19095954298973083,0.301688015460968,0.03839093819260597,-0.23796628415584564,-0.21332958340644836,0.09848614782094955,-0.1006632149219513,-0.16888198256492615,0.24546539783477783,-0.03637012839317322,0.06331843137741089,0.3873230516910553,-0.12215946614742279,-0.33092087507247925
0.6920118927955627,0.7735375761985779,1.0666221380233765,-0.17915963112092478,-0.019519018453945068,0.060561311658856795,0.028197166623537773,0.01491239583865228,0.03399796470244552,0.8036980986595154,0.07572625875473027,-0.3352080821990966,0.5547954440116882,0.7325965762138367,1.0795233249664307,-0.31770253,-0.015316229,0.1079453,39.0,1740111780.3359225,-0.10212402790784836,0.010992560535669327,0.15951482951641083,0.38504794239997864,-0.22812588512897491,0.04506343603134155,0.19509756565093994,0.41635823249816895,0.037003278732299805,0.09610815346240997,0.16237413883209229,0.41499558091163635,0.2424595206975937,-0.04250890389084816,0.11833590269088745,0.05229255184531212,0.10431678593158722,0.1857975721359253,-0.2082618921995163,0.3285166025161743,0.040939342230558395,-0.25502943992614746,-0.22894102334976196,0.10882917791604996,-0.11324723064899445,-0.1838088184595108,0.26153844594955444,-0.042279571294784546,0.06738598644733429,0.4159955680370331,-0.13326112926006317,-0.35866278409957886
0.6848577260971069,0.7724526524543762,1.0690275430679321,-0.17915963112092478,-0.019519018453945068,0.060561311658856795,0.029050119284534614,0.013470789077830728,0.03371572548183386,0.7920118927955627,0.07353757619857793,-0.33337786197662345,0.5547954440116882,0.7325965762138367,1.0795233249664307,-0.31770253,-0.015316229,0.1079453,40.0,1740111780.3725412,-0.10212402790784836,0.010992560535669327,0.15951482951641083,0.38504794239997864,-0.22812588512897491,0.04506343603134155,0.19509756565093994,0.41635823249816895,0.037003278732299805,0.09610815346240997,0.16237413883209229,0.41499558091163635,0.2424595206975937,-0.04250890389084816,0.11833590269088745,0.05229255184531212,0.10431678593158722,0.1857975721359253,-0.2082618921995163,0.3285166025161743,0.040939342230558395,-0.25502943992614746,-0.22894102334976196,0.10882917791604996,-0.11324723064899445,-0.1838088184595108,0.26153844594955444,-0.042279571294784546,0.06738598644733429,0.4159955680370331,-0.13326112926006317,-0.35866278409957886
0.6776398420333862,0.771797776222229,1.0717211961746216,-0.2173367283834007,-0.03276518277393222,0.05779307163210967,0.02798707166253503,0.011868142013998802,0.03181012835458511,0.7848577260971069,0.07245265245437627,-0.3309724569320678,0.5547954440116882,0.7325965762138367,1.0795233249664307,-0.31517893,-0.01575917,0.105162114,41.0,1740111780.4042482,-0.10165718197822571,0.011118803173303604,0.159737691283226,0.3854205012321472,-0.22821275889873505,0.04504188150167465,0.19495759904384613,0.4167551100254059,0.03790188208222389,0.0963435024023056,0.16261179745197296,0.4155898988246918,0.24261349439620972,-0.04278620705008507,0.11914458870887756,0.0525842122733593,0.10495143383741379,0.18572504818439484,-0.20847125351428986,0.3286065459251404,0.04046723246574402,-0.2555443048477173,-0.22920477390289307,0.10898713022470474,-0.1127544641494751,-0.18369561433792114,0.2619367837905884,-0.04227367788553238,0.06707727909088135,0.4161827564239502,-0.13361936807632446,-0.35827741026878357
0.6660875082015991,0.7703992128372192,1.0755939483642578,-0.2173367283834007,-0.03276518277393222,0.05779307163210967,0.028156526987344572,0.013042694569915641,0.032765607327878664,0.7776398420333862,0.07179777622222905,-0.32827880382537833,0.5547954440116882,0.7325965762138367,1.0795233249664307,-0.30381417,-0.016790275,0.1064226,42.0,1740111780.4409335,-0.09904392808675766,0.013536417856812477,0.16029921174049377,0.38023442029953003,-0.22310851514339447,0.04173414409160614,0.18959900736808777,0.41228339076042175,0.04044511169195175,0.0959291011095047,0.16298812627792358,0.41051381826400757,0.23855087161064148,-0.04183018207550049,0.12059780955314636,0.049187567085027695,0.10608124732971191,0.18137574195861816,-0.20386211574077606,0.32120639085769653,0.03837866708636284,-0.25765007734298706,-0.22654132544994354,0.10757798701524734,-0.11081661283969879,-0.1803082823753357,0.26194286346435547,-0.04192759096622467,0.06162995845079422,0.4100315272808075,-0.13107459247112274,-0.3485961854457855
0.6621525883674622,0.7696589231491089,1.0770468711853027,-0.2173367283834007,-0.03276518277393222,0.05779307163210967,0.027863940434115147,0.010867913829643267,0.033390006966598225,0.7660875082015991,0.07039921283721928,-0.3244060516357421,0.5547954440116882,0.7325965762138367,1.0795233249664307,-0.2902823,-0.017854728,0.10615603,43.0,1740111780.469877,-0.09664829820394516,0.014557845890522003,0.15811105072498322,0.3721732199192047,-0.2177330106496811,0.03927362710237503,0.18512991070747375,0.4047224223613739,0.041094474494457245,0.09441463649272919,0.15989390015602112,0.40296459197998047,0.23351509869098663,-0.0410611629486084,0.11898362636566162,0.04637551307678223,0.105650395154953,0.1774081587791443,-0.19858908653259277,0.3130902945995331,0.03693476319313049,-0.2548026144504547,-0.222099170088768,0.10486543923616409,-0.10764102637767792,-0.17655383050441742,0.2586062550544739,-0.04077746719121933,0.05902685970067978,0.4017612934112549,-0.12819628417491913,-0.3393765985965729
0.6539940237998962,0.7688159942626953,1.079759955406189,-0.2173367283834007,-0.03276518277393222,0.05779307163210967,0.027846446714833495,0.011689824238265992,0.03561860765520994,0.7621525883674621,0.06965892314910893,-0.3229531288146972,0.5547954440116882,0.7325965762138367,1.0795233249664307,-0.28517142,-0.019195743,0.114821225,44.0,1740111780.5053468,-0.09620339423418045,0.014871230348944664,0.15776951611042023,0.37103280425071716,-0.21670739352703094,0.03830929845571518,0.18422827124595642,0.40328025817871094,0.04143568128347397,0.09424285590648651,0.15957887470722198,0.40176016092300415,0.23279565572738647,-0.041663799434900284,0.11904700100421906,0.04560011997818947,0.10588434338569641,0.17706167697906494,-0.19796523451805115,0.31180956959724426,0.03580811992287636,-0.2545737624168396,-0.22149072587490082,0.1043979600071907,-0.10706290602684021,-0.1758989691734314,0.25870704650878906,-0.041001543402671814,0.05814656242728233,0.39993759989738464,-0.127517968416214,-0.3372659385204315
0.6413690447807312,0.7671570181846619,1.0842037200927734,-0.25073337290874975,-0.032329071032095084,0.08750536218005658,0.028017059111998893,0.010671752650989616,0.039061379544054385,0.7500476598739624,0.06824009418487553,-0.31864919662475577,0.5547954440116882,0.7325965762138367,1.0795233249664307,-0.28517142,-0.019195743,0.114821225,45.0,1740111780.539794,-0.09620339423418045,0.014871230348944664,0.15776951611042023,0.37103280425071716,-0.21670739352703094,0.03830929845571518,0.18422827124595642,0.40328025817871094,0.04143568128347397,0.09424285590648651,0.15957887470722198,0.40176016092300415,0.23279565572738647,-0.041663799434900284,0.11904700100421906,0.04560011997818947,0.10588434338569641,0.17706167697906494,-0.19796523451805115,0.31180956959724426,0.03580811992287636,-0.2545737624168396,-0.22149072587490082,0.1043979600071907,-0.10706290602684021,-0.1758989691734314,0.25870704650878906,-0.041001543402671814,0.05814656242728233,0.39993759989738464,-0.127517968416214,-0.3372659385204315
0.6327516436576843,0.7659463882446289,1.0872883796691895,-0.25073337290874975,-0.032329071032095084,0.08750536218005658,0.028627221516532304,0.008765461365451095,0.039970313982868426,0.7413690447807312,0.06715701818466191,-0.3157962799072265,0.5547954440116882,0.7325965762138367,1.0795233249664307,-0.27415344,-0.019305497,0.11782887,46.0,1740111780.5786865,-0.09214304387569427,0.016705039888620377,0.15371756255626678,0.3573894500732422,-0.20667050778865814,0.03385952115058899,0.17587246000766754,0.390034556388855,0.04349376633763313,0.09213313460350037,0.15537993609905243,0.38814660906791687,0.22514311969280243,-0.04042893275618553,0.11669760942459106,0.04257788136601448,0.1043449267745018,0.1691722422838211,-0.18926770985126495,0.29873910546302795,0.033014874905347824,-0.249800443649292,-0.21438798308372498,0.09997162967920303,-0.10167200863361359,-0.16817063093185425,0.2532237768173218,-0.03905048966407776,0.05379641056060791,0.38654157519340515,-0.12184108793735504,-0.32159852981567383
0.6236975193023682,0.7649093270301819,1.0903325080871582,-0.25073337290874975,-0.032329071032095084,0.08750536218005658,0.028563573831218905,0.007922146004674212,0.0408119643572854,0.7327516436576843,0.06594638824462895,-0.31271162033081046,0.5547954440116882,0.7325965762138367,1.0795233249664307,-0.2612353,-0.0191774,0.116668485,47.0,1740111780.6171074,-0.08744373172521591,0.019400011748075485,0.14571309089660645,0.33583009243011475,-0.19220073521137238,0.026196740567684174,0.1635948270559311,0.3680461049079895,0.04415544867515564,0.08677862584590912,0.1468382179737091,0.36565500497817993,0.2116069793701172,-0.03999341279268265,0.11031915247440338,0.03541288897395134,0.10119818150997162,0.15807144343852997,-0.1761283427476883,0.27698466181755066,0.027839716523885727,-0.2400256246328354,-0.20195119082927704,0.09248272329568863,-0.0933624804019928,-0.1571614146232605,0.24391204118728638,-0.03688232600688934,0.046874307096004486,0.36212673783302307,-0.11199431121349335,-0.2973828613758087
0.6148878931999207,0.76396644115448,1.0939656496047974,-0.2554364192541169,-0.03201028640261202,0.08919571109314821,0.03068756996326277,0.008446135973375178,0.048107112050752805,0.7236975193023681,0.06490932703018193,-0.3096674919128417,0.5547954440116882,0.7325965762138367,1.0795233249664307,-0.26740313,-0.017791007,0.117888875,48.0,1740111780.645967,-0.08747779577970505,0.018675176426768303,0.14999543130397797,0.3449360728263855,-0.198455348610878,0.028224408626556396,0.16784825921058655,0.3778679370880127,0.045779965817928314,0.08896543085575104,0.14968439936637878,0.37608492374420166,0.2157590240240097,-0.04150669276714325,0.11477556824684143,0.03650052472949028,0.10534729808568954,0.16292153298854828,-0.18173587322235107,0.284477561712265,0.028028149157762527,-0.24548232555389404,-0.20672157406806946,0.09529083222150803,-0.09469030797481537,-0.1621761918067932,0.2488257735967636,-0.03841722011566162,0.0472898855805397,0.3709818124771118,-0.11765146255493164,-0.30430111289024353
0.6101707816123962,0.7634773850440979,1.0956555604934692,-0.2554364192541169,-0.03201028640261202,0.08919571109314821,0.03025100302011214,0.009721328617685635,0.048544994984211956,0.7148878931999206,0.06396644115448002,-0.30603435039520255,0.5547954440116882,0.7325965762138367,1.0795233249664307,-0.26221436,-0.0175228,0.12096855,49.0,1740111780.672487,-0.08551948517560959,0.019588466733694077,0.14990009367465973,0.3403302729129791,-0.19404618442058563,0.02670622617006302,0.16491718590259552,0.37354061007499695,0.04785412177443504,0.08933457732200623,0.15015050768852234,0.3722468614578247,0.21419253945350647,-0.040837813168764114,0.11558140814304352,0.03685319796204567,0.10500114411115646,0.15991109609603882,-0.17877832055091858,0.2806694507598877,0.02678321674466133,-0.2448345124721527,-0.20529331266880035,0.09388605505228043,-0.09178033471107483,-0.1591549962759018,0.2479773312807083,-0.03761673718690872,0.04558651149272919,0.3676856458187103,-0.11613495647907257,-0.29835808277130127
0.6000276207923889,0.7617992162704468,1.0983937978744507,-0.2554364192541169,-0.03201028640261202,0.08919571109314821,0.024196498635411724,0.007481015207873876,0.03939906159833709,0.7052548289299011,0.0626847624778748,-0.3031087160110473,0.5547954440116882,0.7325965762138367,1.0795233249664307,-0.25840354,-0.01862447,0.11167802,50.0,1740111780.7064629,-0.08362282812595367,0.020017549395561218,0.15147627890110016,0.3388471305370331,-0.19237607717514038,0.02703869342803955,0.1638094186782837,0.3735087811946869,0.049752846360206604,0.09015817940235138,0.1510828286409378,0.3722398281097412,0.2139836996793747,-0.039134301245212555,0.11748412251472473,0.03757232800126076,0.10589320957660675,0.1585703045129776,-0.17733199894428253,0.279445081949234,0.02737690880894661,-0.24621853232383728,-0.20528656244277954,0.09380433708429337,-0.09046617150306702,-0.15851327776908875,0.2479238510131836,-0.03690429776906967,0.04483668878674507,0.3683169186115265,-0.11713789403438568,-0.29637411236763
0.5852162837982178,0.7603881359100342,1.1033906936645508,-0.3109648025922342,-0.036483738732371394,0.10312612132612785,0.023873510957011353,0.007186559762872068,0.039017656909863814,0.6955130457878113,0.06180231571197514,-0.2996936082839965,0.5547954440116882,0.7325965762138367,1.0795233249664307,-0.25840354,-0.01862447,0.11167802,51.0,1740111780.744574,-0.08362282812595367,0.020017549395561218,0.15147627890110016,0.3388471305370331,-0.19237607717514038,0.02703869342803955,0.1638094186782837,0.3735087811946869,0.049752846360206604,0.09015817940235138,0.1510828286409378,0.3722398281097412,0.2139836996793747,-0.039134301245212555,0.11748412251472473,0.03757232800126076,0.10589320957660675,0.1585703045129776,-0.17733199894428253,0.279445081949234,0.02737690880894661,-0.24621853232383728,-0.20528656244277954,0.09380433708429337,-0.09046617150306702,-0.15851327776908875,0.2479238510131836,-0.03690429776906967,0.04483668878674507,0.3683169186115265,-0.11713789403438568,-0.29637411236763
0.5751087665557861,0.7594938278198242,1.1068305969238281,-0.3109648025922342,-0.036483738732371394,0.10312612132612785,0.023674331127111068,0.0062473038127617685,0.03871972766235714,0.6852162837982178,0.060388135910034224,-0.29660930633544913,0.5547954440116882,0.7325965762138367,1.0795233249664307,-0.24990445,-0.017511714,0.10846667,52.0,1740111780.7842762,-0.07903946191072464,0.02256888337433338,0.1544502079486847,0.3328608572483063,-0.18440137803554535,0.02386435866355896,0.1576290726661682,0.36953264474868774,0.05540075898170471,0.09234748780727386,0.1549159735441208,0.3683268427848816,0.2117116004228592,-0.03688162565231323,0.1219840943813324,0.03611714020371437,0.10791471600532532,0.1531790792942047,-0.17197124660015106,0.272397518157959,0.025662880390882492,-0.25086814165115356,-0.20414157211780548,0.09291725605726242,-0.08685888350009918,-0.15395011007785797,0.248711958527565,-0.03595676273107529,0.03906053304672241,0.36495083570480347,-0.1161251813173294,-0.2849034070968628
0.5656413435935974,0.7592792510986328,1.1110225915908813,-0.3109648025922342,-0.036483738732371394,0.10312612132612785,0.03285410023299988,0.0065378907659098436,0.04790344351225061,0.6751087665557861,0.05949382781982426,-0.2931694030761718,0.5547954440116882,0.7325965762138367,1.0795233249664307,-0.2652282,-0.01641493,0.10160267,53.0,1740111780.8100412,-0.0777527466416359,0.0235655065625906,0.15361563861370087,0.32910120487213135,-0.18145586550235748,0.02153065800666809,0.15468716621398926,0.3656911849975586,0.056190125644207,0.09180973470211029,0.15390582382678986,0.3642970025539398,0.2089572697877884,-0.03722228482365608,0.12167796492576599,0.03397190943360329,0.1080247014760971,0.15084683895111084,-0.1693762242794037,0.268008291721344,0.023895855993032455,-0.2505376935005188,-0.2018687129020691,0.09174887090921402,-0.08534230291843414,-0.1515604704618454,0.2481546550989151,-0.03612450510263443,0.036289993673563004,0.36029255390167236,-0.11417463421821594,-0.2792274057865143
0.5541585087776184,0.7576572299003601,1.1134196519851685,-0.3109648025922342,-0.036483738732371394,0.10312612132612785,0.023506628907158447,0.004087655617297567,0.034957692036315394,0.6656413435935974,0.05927925109863286,-0.28897740840911856,0.5547954440116882,0.7325965762138367,1.0795233249664307,-0.2652282,-0.01641493,0.10160267,54.0,1740111780.8415089,-0.0777527466416359,0.0235655065625906,0.15361563861370087,0.32910120487213135,-0.18145586550235748,0.02153065800666809,0.15468716621398926,0.3656911849975586,0.056190125644207,0.09180973470211029,0.15390582382678986,0.3642970025539398,0.2089572697877884,-0.03722228482365608,0.12167796492576599,0.03397190943360329,0.1080247014760971,0.15084683895111084,-0.1693762242794037,0.268008291721344,0.023895855993032455,-0.2505376935005188,-0.2018687129020691,0.09174887090921402,-0.08534230291843414,-0.1515604704618454,0.2481546550989151,-0.03612450510263443,0.036289993673563004,0.36029255390167236,-0.11417463421821594,-0.2792274057865143
0.5485882759094238,0.7572075724601746,1.1149847507476807,-0.3053623107747106,-0.026515889358860196,0.09665794746215495,0.02383555164792855,0.0043121942513788146,0.034276577054939146,0.6541585087776184,0.05765722990036015,-0.28658034801483145,0.5547954440116882,0.7325965762138367,1.0795233249664307,-0.26469997,-0.017196298,0.10128298,55.0,1740111780.8738189,-0.07888029515743256,0.02404644340276718,0.15305781364440918,0.3293877840042114,-0.18068717420101166,0.019207648932933807,0.1540275365114212,0.36413124203681946,0.05557025969028473,0.09244105219841003,0.15511417388916016,0.3629230856895447,0.20855000615119934,-0.039292629808187485,0.12122683227062225,0.03199801594018936,0.10739248245954514,0.15106044709682465,-0.1693393737077713,0.2676064968109131,0.02152147889137268,-0.25194936990737915,-0.20147733390331268,0.09221740812063217,-0.0865308940410614,-0.15073323249816895,0.250133216381073,-0.037576548755168915,0.03417108580470085,0.3581797778606415,-0.11167646944522858,-0.2771069407463074
0.5333465933799744,0.7566965222358704,1.1209509372711182,-0.3053623107747106,-0.026515889358860196,0.09665794746215495,0.03211925926289075,0.0070598293006332415,0.04262356542295915,0.6431224703788757,0.056732106208801314,-0.2834233283996581,0.5547954440116882,0.7325965762138367,1.0795233249664307,-0.24243717,-0.018131882,0.10375617,56.0,1740111780.9156399,-0.07445698976516724,0.027318818494677544,0.15042798221111298,0.3152173161506653,-0.16770750284194946,0.012620251625776291,0.14405155181884766,0.3500857651233673,0.05975228548049927,0.09180457890033722,0.15431077778339386,0.34914132952690125,0.20115108788013458,-0.03865446150302887,0.12069177627563477,0.02857600711286068,0.10585222393274307,0.14135891199111938,-0.16026780009269714,0.2532685399055481,0.01647114008665085,-0.2504866421222687,-0.19465994834899902,0.08853821456432343,-0.07934800535440445,-0.14129933714866638,0.24716132879257202,-0.03650287538766861,0.027076568454504013,0.3437052369117737,-0.10404744744300842,-0.25793734192848206
0.522301435470581,0.7559270858764648,1.1240601539611816,-0.3053623107747106,-0.026515889358860196,0.09665794746215495,0.03226180677887861,0.006476391774804846,0.04193466745505071,0.6333465933799743,0.056696522235870406,-0.27904906272888175,0.5547954440116882,0.7325965762138367,1.0795233249664307,-0.24243717,-0.018131882,0.10375617,57.0,1740111780.9501002,-0.07445698976516724,0.027318818494677544,0.15042798221111298,0.3152173161506653,-0.16770750284194946,0.012620251625776291,0.14405155181884766,0.3500857651233673,0.05975228548049927,0.09180457890033722,0.15431077778339386,0.34914132952690125,0.20115108788013458,-0.03865446150302887,0.12069177627563477,0.02857600711286068,0.10585222393274307,0.14135891199111938,-0.16026780009269714,0.2532685399055481,0.01647114008665085,-0.2504866421222687,-0.19465994834899902,0.08853821456432343,-0.07934800535440445,-0.14129933714866638,0.24716132879257202,-0.03650287538766861,0.027076568454504013,0.3437052369117737,-0.10404744744300842,-0.25793734192848206
0.5166897177696228,0.7554975748062134,1.1256064176559448,-0.3188885684458406,-0.017094775930860572,0.10618436545126061,0.032040588220046205,0.005421649781910848,0.04138424362722118,0.622301435470581,0.05592708587646489,-0.27593984603881827,0.5547954440116882,0.7325965762138367,1.0795233249664307,-0.23572358,-0.017985351,0.104636595,58.0,1740111780.9753194,-0.07394450157880783,0.028035828843712807,0.15240727365016937,0.31597378849983215,-0.16688264906406403,0.011965177953243256,0.1433602124452591,0.3511498272418976,0.061302587389945984,0.09325756132602692,0.15701612830162048,0.35038304328918457,0.2018168568611145,-0.03820258751511574,0.1229703277349472,0.02850721962749958,0.10672802478075027,0.14074596762657166,-0.15990346670150757,0.2534330487251282,0.015801165252923965,-0.2538635730743408,-0.1954878270626068,0.08945395797491074,-0.07939957082271576,-0.14118677377700806,0.24918927252292633,-0.03685302287340164,0.02550099417567253,0.3452533781528473,-0.10391263663768768,-0.2566043436527252
0.49973762035369873,0.7544741630554199,1.1302368640899658,-0.3188885684458406,-0.017094775930860572,0.10618436545126061,0.03170017858739144,0.005635873402002948,0.040489318461122824,0.6110463500022888,0.055115568637847945,-0.2728247880935668,0.5547954440116882,0.7325965762138367,1.0795233249664307,-0.22658786,-0.017926812,0.108309016,59.0,1740111781.0146,-0.07188910990953445,0.02913968451321125,0.1520412266254425,0.31158247590065,-0.16301941871643066,0.010398156940937042,0.1398906111717224,0.347202330827713,0.06301391124725342,0.09340375661849976,0.1572055220603943,0.34666863083839417,0.1995895355939865,-0.03699563071131706,0.12369212508201599,0.027578648179769516,0.1067885309457779,0.1376292109489441,-0.15629138052463531,0.2487725019454956,0.014996856451034546,-0.2543978691101074,-0.19362393021583557,0.08883006870746613,-0.07795698940753937,-0.13846801221370697,0.2479824423789978,-0.036546751856803894,0.023182479664683342,0.34185361862182617,-0.10198991000652313,-0.2505946457386017
0.4882950186729431,0.753677248954773,1.133126139640808,-0.3188885684458406,-0.017094775930860572,0.10618436545126061,0.032681636832766855,0.005502936885274338,0.0391240022266635,0.5997376203536987,0.054474163055419966,-0.2697631359100341,0.5547954440116882,0.7325965762138367,1.0795233249664307,-0.22658786,-0.017926812,0.108309016,60.0,1740111781.0444753,-0.07188910990953445,0.02913968451321125,0.1520412266254425,0.31158247590065,-0.16301941871643066,0.010398156940937042,0.1398906111717224,0.347202330827713,0.06301391124725342,0.09340375661849976,0.1572055220603943,0.34666863083839417,0.1995895355939865,-0.03699563071131706,0.12369212508201599,0.027578648179769516,0.1067885309457779,0.1376292109489441,-0.15629138052463531,0.2487725019454956,0.014996856451034546,-0.2543978691101074,-0.19362393021583557,0.08883006870746613,-0.07795698940753937,-0.13846801221370697,0.2479824423789978,-0.036546751856803894,0.023182479664683342,0.34185361862182617,-0.10198991000652313,-0.2505946457386017
0.4709477126598358,0.7526402473449707,1.1373549699783325,-0.34119508656059244,-0.02134827712732246,0.08935064068657585,0.031715388602189226,0.004442729128668241,0.03731504668125182,0.5882950186729431,0.053677248954772994,-0.2668738603591918,0.5547954440116882,0.7325965762138367,1.0795233249664307,-0.22250956,-0.0150753595,0.104990676,61.0,1740111781.0882373,-0.06624417006969452,0.03344079479575157,0.14907591044902802,0.29553472995758057,-0.1486876755952835,0.0011527501046657562,0.12768295407295227,0.33064502477645874,0.06705666333436966,0.09308299422264099,0.15571507811546326,0.33087098598480225,0.18951323628425598,-0.03709921985864639,0.12363620102405548,0.02068060263991356,0.10616853088140488,0.1271113157272339,-0.1446758657693863,0.23133519291877747,0.008070514537394047,-0.2543116807937622,-0.18507076799869537,0.0846899002790451,-0.07159100472927094,-0.12762223184108734,0.24575194716453552,-0.03650406002998352,0.012975865975022316,0.3248354196548462,-0.09264199435710907,-0.22655640542507172
0.46519771218299866,0.7522672414779663,1.138817310333252,-0.34119508656059244,-0.02134827712732246,0.08935064068657585,0.0320345245737593,0.003805603685019482,0.0370388366046631,0.5709477126598358,0.05264024734497075,-0.2626450300216674,0.5547954440116882,0.7325965762138367,1.0795233249664307,-0.22250956,-0.0150753595,0.104990676,62.0,1740111781.1212437,-0.06624417006969452,0.03344079479575157,0.14907591044902802,0.29553472995758057,-0.1486876755952835,0.0011527501046657562,0.12768295407295227,0.33064502477645874,0.06705666333436966,0.09308299422264099,0.15571507811546326,0.33087098598480225,0.18951323628425598,-0.03709921985864639,0.12363620102405548,0.02068060263991356,0.10616853088140488,0.1271113157272339,-0.1446758657693863,0.23133519291877747,0.008070514537394047,-0.2543116807937622,-0.18507076799869537,0.0846899002790451,-0.07159100472927094,-0.12762223184108734,0.24575194716453552,-0.03650406002998352,0.012975865975022316,0.3248354196548462,-0.09264199435710907,-0.22655640542507172
0.4542347490787506,0.7516734600067139,1.141677737236023,-0.34119508656059244,-0.02134827712732246,0.08935064068657585,0.026118819417096362,0.00800925486402485,0.034730550392963126,0.5651977121829986,0.05226724147796635,-0.26118268966674796,0.5547954440116882,0.7325965762138367,1.0795233249664307,-0.21593484,-0.013247289,0.10585898,63.0,1740111781.15126,-0.06381704658269882,0.035517677664756775,0.1506364643573761,0.29187196493148804,-0.1431046724319458,-0.002728652209043503,0.1239822506904602,0.32680413126945496,0.06982185691595078,0.09495139122009277,0.1589050441980362,0.3283458650112152,0.18778297305107117,-0.037185002118349075,0.12600412964820862,0.018750367686152458,0.10639975219964981,0.1236681193113327,-0.14128682017326355,0.2270410656929016,0.00489540072157979,-0.25806841254234314,-0.18389901518821716,0.08428080379962921,-0.06894782930612564,-0.12411665916442871,0.24811114370822906,-0.037201233208179474,0.008390597999095917,0.32197070121765137,-0.08966796100139618,-0.2174864262342453
0.4367992877960205,0.7507423162460327,1.1457493305206299,-0.3331577346578112,-0.019001930260157722,0.08255191922725981,0.023209820654550593,0.011424077604179647,0.0291309584416305,0.5542347490787506,0.05167346000671391,-0.25832226276397696,0.5547954440116882,0.7325965762138367,1.0795233249664307,-0.21593484,-0.013247289,0.10585898,64.0,1740111781.1885521,-0.06381704658269882,0.035517677664756775,0.1506364643573761,0.29187196493148804,-0.1431046724319458,-0.002728652209043503,0.1239822506904602,0.32680413126945496,0.06982185691595078,0.09495139122009277,0.1589050441980362,0.3283458650112152,0.18778297305107117,-0.037185002118349075,0.12600412964820862,0.018750367686152458,0.10639975219964981,0.1236681193113327,-0.14128682017326355,0.2270410656929016,0.00489540072157979,-0.25806841254234314,-0.18389901518821716,0.08428080379962921,-0.06894782930612564,-0.12411665916442871,0.24811114370822906,-0.037201233208179474,0.008390597999095917,0.32197070121765137,-0.08966796100139618,-0.2174864262342453
0.43097183108329773,0.7502957582473755,1.1468486785888672,-0.3331577346578112,-0.019001930260157722,0.08255191922725981,0.026271866242555682,0.01082716695972453,0.030273620209500016,0.5367992877960205,0.05074231624603276,-0.25425066947937003,0.5547954440116882,0.7325965762138367,1.0795233249664307,-0.21512127,-0.013148908,0.106371954,65.0,1740111781.208025,-0.062351539731025696,0.036275334656238556,0.15131165087223053,0.2891482710838318,-0.14025184512138367,-0.00377621129155159,0.12225832045078278,0.3247276842594147,0.07112342864274979,0.09559209644794464,0.15982572734355927,0.3269258737564087,0.18678054213523865,-0.036276914179325104,0.12713618576526642,0.01864960603415966,0.10648634284734726,0.12154223024845123,-0.13922397792339325,0.2246096432209015,0.004194903187453747,-0.2590635120868683,-0.1831890344619751,0.08390185981988907,-0.06722013652324677,-0.12246619164943695,0.2480381578207016,-0.03702125698328018,0.00684422068297863,0.32120952010154724,-0.08850541710853577,-0.2132595032453537
0.4194503128528595,0.7495831251144409,1.149284839630127,-0.3331577346578112,-0.019001930260157722,0.08255191922725981,0.02393266908228026,0.011523033595242309,0.026086483665821062,0.5309718310832977,0.05029575824737553,-0.2531513214111327,0.5547954440116882,0.7325965762138367,1.0795233249664307,-0.20251751,-0.01365355,0.10489766,66.0,1740111781.2538993,-0.05590424686670303,0.038217943161726,0.14477255940437317,0.26906803250312805,-0.1272248923778534,-0.008010372519493103,0.11206933110952377,0.3061547577381134,0.07466618716716766,0.0916372686624527,0.1520562767982483,0.30990901589393616,0.17695999145507812,-0.03389180824160576,0.12425261735916138,0.017158010974526405,0.1049647182226181,0.11099393665790558,-0.1280454844236374,0.20632705092430115,0.000779150053858757,-0.24901054799556732,-0.17418058216571808,0.07786949723958969,-0.05628203600645065,-0.11220262944698334,0.23784729838371277,-0.0341150239109993,0.002724248915910721,0.30355024337768555,-0.08292809128761292,-0.19252055883407593
0.4075202941894531,0.7488960027694702,1.151584506034851,-0.3505552192636478,-0.021854273859712257,0.0713330743620847,0.025110437694731442,0.013392553465399984,0.02425770990265953,0.5194503128528595,0.04958312511444096,-0.25071516036987296,0.5547954440116882,0.7325965762138367,1.0795233249664307,-0.20271641,-0.011940323,0.102469414,67.0,1740111781.2830143,-0.05444328486919403,0.038905270397663116,0.15088529884815216,0.2757006883621216,-0.13026902079582214,-0.007474970072507858,0.11435256898403168,0.3144388496875763,0.07821456342935562,0.09505961835384369,0.1571454107761383,0.31902170181274414,0.18035441637039185,-0.03386300802230835,0.1303677260875702,0.017952652648091316,0.10885563492774963,0.1141163557767868,-0.13157309591770172,0.21161940693855286,0.000689270906150341,-0.2564520239830017,-0.1786605566740036,0.08021225780248642,-0.05634159594774246,-0.11505307257175446,0.24388286471366882,-0.03484639525413513,0.002001240849494934,0.3124162256717682,-0.08757762610912323,-0.19588212668895721
0.3961910009384155,0.7480420470237732,1.1538349390029907,-0.3505552192636478,-0.021854273859712257,0.0713330743620847,0.02313742354142034,0.015028679263315128,0.02144693155768063,0.5018842875957489,0.04844300746917729,-0.24728503227233878,0.5547954440116882,0.7325965762138367,1.0795233249664307,-0.19609806,-0.00842483,0.08660414,68.0,1740111781.3098128,-0.04827136546373367,0.042393360286951065,0.15653197467327118,0.2739214301109314,-0.1246853917837143,-0.013386577367782593,0.10818925499916077,0.31405729055404663,0.08697569370269775,0.09860898554325104,0.16347284615039825,0.32108035683631897,0.1785700023174286,-0.03455808758735657,0.13874641060829163,0.014489231631159782,0.11495950073003769,0.11049197614192963,-0.129556804895401,0.20677879452705383,-0.004762399010360241,-0.26717516779899597,-0.17968399822711945,0.0808907151222229,-0.050613947212696075,-0.11178462207317352,0.2504916787147522,-0.03580516576766968,-0.007083140313625336,0.31122440099716187,-0.0879698395729065,-0.18286430835723877
0.3846338093280792,0.7471943497657776,1.1560364961624146,-0.3505552192636478,-0.021854273859712257,0.0713330743620847,0.024516833340064284,0.013199179441709837,0.02092171535554539,0.4961910009384155,0.04804204702377324,-0.2461650609970092,0.5547954440116882,0.7325965762138367,1.0795233249664307,-0.19609806,-0.00842483,0.08660414,69.0,1740111781.341134,-0.04827136546373367,0.042393360286951065,0.15653197467327118,0.2739214301109314,-0.1246853917837143,-0.013386577367782593,0.10818925499916077,0.31405729055404663,0.08697569370269775,0.09860898554325104,0.16347284615039825,0.32108035683631897,0.1785700023174286,-0.03455808758735657,0.13874641060829163,0.014489231631159782,0.11495950073003769,0.11049197614192963,-0.129556804895401,0.20677879452705383,-0.004762399010360241,-0.26717516779899597,-0.17968399822711945,0.0808907151222229,-0.050613947212696075,-0.11178462207317352,0.2504916787147522,-0.03580516576766968,-0.007083140313625336,0.31122440099716187,-0.0879698395729065,-0.18286430835723877
0.37285569310188293,0.7464011907577515,1.1581660509109497,-0.34623030047578907,-0.024918201431653547,0.06573652050084061,0.02610776443500914,0.010799061599476516,0.02139133227462398,0.4846338093280792,0.04719434976577763,-0.24396350383758536,0.5547954440116882,0.7325965762138367,1.0795233249664307,-0.1914298,-0.010366853,0.09345719,70.0,1740111781.3786952,-0.04873353987932205,0.04229853302240372,0.16014030575752258,0.2813927233219147,-0.12953390181064606,-0.012442927807569504,0.11138641834259033,0.3221864700317383,0.08810562640428543,0.10052409768104553,0.16664637625217438,0.3292102813720703,0.18218441307544708,-0.03586364537477493,0.14239566028118134,0.015100650489330292,0.11751952767372131,0.11461228132247925,-0.13445600867271423,0.21280395984649658,-0.00493672676384449,-0.27222761511802673,-0.18356969952583313,0.08336778730154037,-0.05220452696084976,-0.11538012325763702,0.25541916489601135,-0.0374344140291214,-0.006867989897727966,0.3185543417930603,-0.09167465567588806,-0.18819628655910492
0.3616434335708618,0.7454990744590759,1.16023588180542,-0.34623030047578907,-0.024918201431653547,0.06573652050084061,0.024383695115543037,0.00928190097117991,0.020370583931638073,0.4673129379749298,0.0458957433700562,-0.24084594249725333,0.5547954440116882,0.7325965762138367,1.0795233249664307,-0.17017044,-0.010698196,0.094490916,71.0,1740111781.4079728,-0.044719867408275604,0.044298477470874786,0.155629500746727,0.2676824927330017,-0.11889670789241791,-0.018826279789209366,0.10246118903160095,0.30795255303382874,0.09044496715068817,0.097230464220047,0.1630636304616928,0.31561872363090515,0.1744053214788437,-0.03654884919524193,0.14062485098838806,0.010917085222899914,0.11710043996572495,0.1066550761461258,-0.1270594447851181,0.19799095392227173,-0.011017466895282269,-0.2681538462638855,-0.17637419700622559,0.07972043007612228,-0.045011505484580994,-0.10774707794189453,0.25112903118133545,-0.03782026469707489,-0.013180118054151535,0.30236178636550903,-0.0848417580127716,-0.1695658415555954
0.35038062930107117,0.7446075081825256,1.1622177362442017,-0.34623030047578907,-0.024918201431653547,0.06573652050084061,0.024476358860022352,0.008750199190204564,0.019793395143684528,0.4616434335708618,0.04549907445907597,-0.23976411819458,0.5547954440116882,0.7325965762138367,1.0795233249664307,-0.17990191,-0.00997686,0.092750944,72.0,1740111781.4532592,-0.042411208152770996,0.04468579590320587,0.15806128084659576,0.270047128200531,-0.11983892321586609,-0.01829252764582634,0.10173822194337845,0.3119600713253021,0.09475630521774292,0.09797495603561401,0.16479699313640594,0.32037636637687683,0.17617075145244598,-0.03615675866603851,0.1446877121925354,0.01244860328733921,0.12111436575651169,0.10685311257839203,-0.12905406951904297,0.1985701024532318,-0.011121581308543682,-0.2713058888912201,-0.17884992063045502,0.08101624995470047,-0.04233573377132416,-0.10861264169216156,0.25225216150283813,-0.03804939240217209,-0.014251913875341415,0.30528023838996887,-0.08844882249832153,-0.16955198347568512
0.34491991996765137,0.7442368865013123,1.1631697416305542,-0.34623030047578907,-0.024918201431653547,0.06573652050084061,0.027079035581543353,0.008057265691499714,0.019216567886892084,0.45038062930107114,0.04460750818252568,-0.23778226375579825,0.5547954440116882,0.7325965762138367,1.0795233249664307,-0.17342511,-0.009899776,0.094978355,73.0,1740111781.4757383,-0.04246772080659866,0.04500022530555725,0.16218248009681702,0.27777099609375,-0.12387551367282867,-0.0176628977060318,0.10434635728597641,0.3194679319858551,0.09672138839960098,0.10075686872005463,0.16886195540428162,0.32835036516189575,0.17969796061515808,-0.03715156763792038,0.14951996505260468,0.013103908859193325,0.12412996590137482,0.10969088971614838,-0.13285711407661438,0.20453542470932007,-0.011695032007992268,-0.277631014585495,-0.1827627420425415,0.08381515741348267,-0.04449908435344696,-0.11161226034164429,0.2576459050178528,-0.03971987962722778,-0.0156685933470726,0.3124435245990753,-0.09126649796962738,-0.17393375933170319
0.3281824290752411,0.7428136467933655,1.1659045219421387,-0.35822643780360863,-0.02892630985426787,0.06198928695350451,0.02361479437228221,0.007494239785195855,0.018226786485096153,0.43347243070602415,0.04322104454040532,-0.2350188732147216,0.5547954440116882,0.7325965762138367,1.0795233249664307,-0.17342511,-0.009899776,0.094978355,74.0,1740111781.513164,-0.04246772080659866,0.04500022530555725,0.16218248009681702,0.27777099609375,-0.12387551367282867,-0.0176628977060318,0.10434635728597641,0.3194679319858551,0.09672138839960098,0.10075686872005463,0.16886195540428162,0.32835036516189575,0.17969796061515808,-0.03715156763792038,0.14951996505260468,0.013103908859193325,0.12412996590137482,0.10969088971614838,-0.13285711407661438,0.20453542470932007,-0.011695032007992268,-0.277631014585495,-0.1827627420425415,0.08381515741348267,-0.04449908435344696,-0.11161226034164429,0.2576459050178528,-0.03971987962722778,-0.0156685933470726,0.3124435245990753,-0.09126649796962738,-0.17393375933170319
0.3227602243423462,0.7424890398979187,1.1667733192443848,-0.35822643780360863,-0.02892630985426787,0.06198928695350451,0.02580524756185821,0.007043589065114641,0.01693976123721105,0.42818242907524107,0.04281364679336552,-0.23409547805786124,0.5547954440116882,0.7325965762138367,1.0795233249664307,-0.1760683,-0.010442741,0.094246894,75.0,1740111781.541382,-0.04111773148179054,0.04630410671234131,0.16006682813167572,0.27227601408958435,-0.11982183158397675,-0.021452877670526505,0.10065207630395889,0.31344181299209595,0.09762731939554214,0.09963615238666534,0.16698160767555237,0.32231178879737854,0.1757746785879135,-0.038489215075969696,0.14812563359737396,0.00991151761263609,0.12391012907028198,0.10711108148097992,-0.13003021478652954,0.19819232821464539,-0.014888538978993893,-0.27601101994514465,-0.1793603003025055,0.0818144902586937,-0.041490338742733,-0.10797472298145294,0.25674647092819214,-0.039542488753795624,-0.01857614889740944,0.304718941450119,-0.08841098845005035,-0.16590701043605804
0.31175559759140015,0.7415017485618591,1.1685353517532349,-0.35822643780360863,-0.02892630985426787,0.06198928695350451,0.023331042756966614,0.009125236211154915,0.015907484694087905,0.417021906375885,0.04186295270919804,-0.2323967456817626,0.5547954440116882,0.7325965762138367,1.0795233249664307,-0.1760683,-0.010442741,0.094246894,76.0,1740111781.574834,-0.04111773148179054,0.04630410671234131,0.16006682813167572,0.27227601408958435,-0.11982183158397675,-0.021452877670526505,0.10065207630395889,0.31344181299209595,0.09762731939554214,0.09963615238666534,0.16698160767555237,0.32231178879737854,0.1757746785879135,-0.038489215075969696,0.14812563359737396,0.00991151761263609,0.12391012907028198,0.10711108148097992,-0.13003021478652954,0.19819232821464539,-0.014888538978993893,-0.27601101994514465,-0.1793603003025055,0.0818144902586937,-0.041490338742733,-0.10797472298145294,0.25674647092819214,-0.039542488753795624,-0.01857614889740944,0.304718941450119,-0.08841098845005035,-0.16590701043605804
0.29549047350883484,0.7402054667472839,1.1709595918655396,-0.2966327792726326,-0.022962958944536066,0.04654543876399618,0.02265728262940939,0.008834913970455945,0.015362950714875083,0.4062583804130554,0.04111193418502812,-0.2306572437286376,0.5547954440116882,0.7325965762138367,1.0795233249664307,-0.15270805,-0.011088911,0.0921099,77.0,1740111781.6081848,-0.034125879406929016,0.050779953598976135,0.15184006094932556,0.24886703491210938,-0.10153993964195251,-0.03208620846271515,0.08525537699460983,0.2889065444469452,0.10369007289409637,0.09551429748535156,0.1615108698606491,0.2993462383747101,0.16377294063568115,-0.03987106308341026,0.14493857324123383,0.004302261397242546,0.12323646247386932,0.09481377899646759,-0.11834971606731415,0.17448148131370544,-0.024084966629743576,-0.2681054472923279,-0.16874749958515167,0.07570742815732956,-0.02820904552936554,-0.0944562628865242,0.2500467896461487,-0.03893139213323593,-0.02795487642288208,0.27757152915000916,-0.07735058665275574,-0.1356174200773239
0.28994154930114746,0.7397111654281616,1.171735167503357,-0.2966327792726326,-0.022962958944536066,0.04654543876399618,0.025397915439871015,0.008757540582272828,0.015512433858794599,0.3954904735088348,0.04020546674728398,-0.22904040813446036,0.5547954440116882,0.7325965762138367,1.0795233249664307,-0.15568542,-0.010481298,0.087103225,78.0,1740111781.6413455,-0.02940753847360611,0.05149656534194946,0.15175485610961914,0.24414250254631042,-0.09865716099739075,-0.03192182630300522,0.08254992961883545,0.28668755292892456,0.10828612744808197,0.09559234976768494,0.1597381979227066,0.298262357711792,0.16219407320022583,-0.038343098014593124,0.14805734157562256,0.005658111535012722,0.12679895758628845,0.09357383847236633,-0.11602461338043213,0.17015400528907776,-0.024727951735258102,-0.26714393496513367,-0.16811810433864594,0.07516155391931534,-0.023531422019004822,-0.09346199035644531,0.24787259101867676,-0.03785635530948639,-0.029119182378053665,0.27498847246170044,-0.07997764647006989,-0.12981149554252625
0.2796986699104309,0.7392655611038208,1.1735385656356812,-0.2966327792726326,-0.022962958944536066,0.04654543876399618,0.021813569830314142,0.006732581588375155,0.008551644911773208,0.38462618589401243,0.039312767982482955,-0.2275115489959716,0.5547954440116882,0.7325965762138367,1.0795233249664307,-0.15568542,-0.010481298,0.087103225,79.0,1740111781.6744528,-0.02940753847360611,0.05149656534194946,0.15175485610961914,0.24414250254631042,-0.09865716099739075,-0.03192182630300522,0.08254992961883545,0.28668755292892456,0.10828612744808197,0.09559234976768494,0.1597381979227066,0.298262357711792,0.16219407320022583,-0.038343098014593124,0.14805734157562256,0.005658111535012722,0.12679895758628845,0.09357383847236633,-0.11602461338043213,0.17015400528907776,-0.024727951735258102,-0.26714393496513367,-0.16811810433864594,0.07516155391931534,-0.023531422019004822,-0.09346199035644531,0.24787259101867676,-0.03785635530948639,-0.029119182378053665,0.27498847246170044,-0.07997764647006989,-0.12981149554252625
0.2634972929954529,0.737725555896759,1.1756653785705566,-0.3399431754125799,-0.027030161909965225,0.050652149404653506,0.02386786430857347,0.008515490714010174,0.012770662976935422,0.3742177844047546,0.03860573768615727,-0.22578980922698966,0.5547954440116882,0.7325965762138367,1.0795233249664307,-0.14753368,-0.010777678,0.087989494,80.0,1740111781.708083,-0.025210531428456306,0.0523652657866478,0.15031437575817108,0.23674902319908142,-0.0941222757101059,-0.03360208868980408,0.07762029767036438,0.2815196216106415,0.11199133098125458,0.0933731198310852,0.15620599687099457,0.2932894229888916,0.15879710018634796,-0.036909013986587524,0.14868594706058502,0.005332705564796925,0.1290421485900879,0.09014149010181427,-0.11303091049194336,0.16230151057243347,-0.026179302483797073,-0.26412251591682434,-0.1655082106590271,0.07288708537817001,-0.017204076051712036,-0.09037032723426819,0.24424965679645538,-0.03612368553876877,-0.03056364133954048,0.2683550715446472,-0.08054141700267792,-0.1211765706539154
0.2583625018596649,0.7372574210166931,1.1764153242111206,-0.3399431754125799,-0.027030161909965225,0.050652149404653506,0.022918754808151885,0.007579564947186845,0.0118706601798751,0.36349729299545286,0.03772555589675908,-0.22433462142944327,0.5547954440116882,0.7325965762138367,1.0795233249664307,-0.1457014,-0.010683604,0.082908496,81.0,1740111781.741049,-0.017737001180648804,0.05501902848482132,0.1484886258840561,0.22672900557518005,-0.08812849223613739,-0.03849725425243378,0.0700022280216217,0.274261474609375,0.1191135048866272,0.09228858351707458,0.15235133469104767,0.2868936359882355,0.15299667418003082,-0.03726233169436455,0.15193678438663483,0.0032150878105312586,0.13392029702663422,0.08544649183750153,-0.10861372947692871,0.15091851353645325,-0.031112998723983765,-0.2625623047351837,-0.16144157946109772,0.0701681599020958,-0.0084662064909935,-0.08519076555967331,0.2428082525730133,-0.034939855337142944,-0.03637055680155754,0.2581040859222412,-0.08073247969150543,-0.10490637272596359
0.24812626838684082,0.7365075349807739,1.1779069900512695,-0.3399431754125799,-0.027030161909965225,0.050652149404653506,0.021594946721428036,0.009089884790187696,0.011102292116683737,0.35330203771591184,0.03693323135375981,-0.2227442502975463,0.5547954440116882,0.7325965762138367,1.0795233249664307,-0.13954365,-0.010070536,0.08462883,82.0,1740111781.774489,-0.016320059075951576,0.056789323687553406,0.14475712180137634,0.2187977135181427,-0.08225627988576889,-0.042449649423360825,0.06481248885393143,0.2651994824409485,0.12016397714614868,0.09064455330371857,0.1499069333076477,0.2782001793384552,0.14920642971992493,-0.038755301386117935,0.14994004368782043,0.0014104193542152643,0.13286282122135162,0.08123287558555603,-0.1051478236913681,0.14330247044563293,-0.035046402364969254,-0.2586105763912201,-0.15814907848834991,0.06801231950521469,-0.004275988787412643,-0.08047662675380707,0.24078087508678436,-0.03511607646942139,-0.03935979679226875,0.24786022305488586,-0.07608705759048462,-0.09446567296981812
0.23329755663871765,0.7356855869293213,1.1806507110595703,-0.30196957343689285,-0.020397812472435387,0.049848737332198564,0.01891218964746132,0.006529200653931502,0.0002666105026183971,0.3434742152690887,0.03651474714279179,-0.2209298849105834,0.5547954440116882,0.7325965762138367,1.0795233249664307,-0.14188537,-0.011158008,0.08516675,83.0,1740111781.808163,-0.01491632405668497,0.05696038156747818,0.14549915492534637,0.21821773052215576,-0.08188755810260773,-0.04144703596830368,0.06472699344158173,0.2662287652492523,0.12205415964126587,0.09147319197654724,0.15045294165611267,0.2792915105819702,0.150022491812706,-0.037360746413469315,0.15101875364780426,0.003350327955558896,0.133539080619812,0.08114328980445862,-0.10517428815364838,0.1437911093235016,-0.033645495772361755,-0.25889965891838074,-0.15905213356018066,0.06841345876455307,-0.0030115507543087006,-0.08042476326227188,0.24049463868141174,-0.03462226688861847,-0.0383891798555851,0.2492457628250122,-0.07758849859237671,-0.09459104388952255
0.21824948489665985,0.7343109250068665,1.1826363801956177,-0.30196957343689285,-0.020397812472435387,0.049848737332198564,0.019932849336849735,0.006666435803776118,0.000743136192512001,0.33329755663871763,0.035685586929321333,-0.2193492889404296,0.5547954440116882,0.7325965762138367,1.0795233249664307,-0.14188537,-0.011158008,0.08516675,84.0,1740111781.8612852,-0.01491632405668497,0.05696038156747818,0.14549915492534637,0.21821773052215576,-0.08188755810260773,-0.04144703596830368,0.06472699344158173,0.2662287652492523,0.12205415964126587,0.09147319197654724,0.15045294165611267,0.2792915105819702,0.150022491812706,-0.037360746413469315,0.15101875364780426,0.003350327955558896,0.133539080619812,0.08114328980445862,-0.10517428815364838,0.1437911093235016,-0.033645495772361755,-0.25889965891838074,-0.15905213356018066,0.06841345876455307,-0.0030115507543087006,-0.08042476326227188,0.24049463868141174,-0.03462226688861847,-0.0383891798555851,0.2492457628250122,-0.07758849859237671,-0.09459104388952255
0.21170423924922943,0.733494758605957,1.1826716661453247,-0.30196957343689285,-0.020397812472435387,0.049848737332198564,0.03275986451706315,0.0026153034406874004,0.007112817493284859,0.31824948489665983,0.0343109250068665,-0.21736361980438224,0.5547954440116882,0.7325965762138367,1.0795233249664307,-0.14085358,-0.01126289,0.077109516,85.0,1740111781.8855247,-0.01474490575492382,0.058146871626377106,0.14149300754070282,0.21278604865074158,-0.07792801409959793,-0.04530317336320877,0.06103910878300667,0.25861120223999023,0.12156113982200623,0.0899934321641922,0.14877405762672424,0.27173319458961487,0.1463196575641632,-0.039985015988349915,0.14874473214149475,0.00015577790327370167,0.13284838199615479,0.07932692766189575,-0.10308502614498138,0.13773247599601746,-0.03810412064194679,-0.25611451268196106,-0.1559341996908188,0.06741913408041,-0.0012360811233520508,-0.07731951028108597,0.23940518498420715,-0.036762386560440063,-0.041680943220853806,0.23950660228729248,-0.07259383797645569,-0.08569465577602386
0.20138905942440033,0.7324145436286926,1.1838059425354004,-0.3190335531993001,-0.03270516188396607,0.031547230260930925,0.04206144773070399,0.00307548747257167,0.007206539810104056,0.3117042392492294,0.033494758605957076,-0.2173283338546752,0.5547954440116882,0.7325965762138367,1.0795233249664307,-0.12530936,-0.015301339,0.079599306,86.0,1740111781.9150362,-0.008303066715598106,0.06048852950334549,0.13819806277751923,0.1974141001701355,-0.06776382774114609,-0.04981008544564247,0.051381729543209076,0.24567684531211853,0.12576672434806824,0.08773845434188843,0.14490057528018951,0.2590688169002533,0.13912667334079742,-0.03806044161319733,0.14861243963241577,-0.002652985043823719,0.134201779961586,0.07231998443603516,-0.09509211778640747,0.12275641411542892,-0.04144931957125664,-0.25218555331230164,-0.15032801032066345,0.06365206092596054,0.006497364491224289,-0.0706593245267868,0.23432192206382751,-0.03503730893135071,-0.046105656772851944,0.2256658971309662,-0.06869417428970337,-0.06645871698856354
0.19707778096199036,0.7320029139518738,1.1846321821212769,-0.3190335531993001,-0.03270516188396607,0.031547230260930925,0.04159080325583895,-0.05030947749922325,-0.03189518983389629,0.29707778096199033,0.032002913951873824,-0.21536781787872306,0.5547954440116882,0.7325965762138367,1.0795233249664307,-0.110177904,-0.017450258,0.089425944,87.0,1740111781.9463744,-0.004286475479602814,0.06147060915827751,0.13778652250766754,0.1936628669500351,-0.06678343564271927,-0.05187700688838959,0.04836524650454521,0.24416150152683258,0.1298036277294159,0.08691009879112244,0.1423482745885849,0.2578868865966797,0.13747577369213104,-0.03902892768383026,0.15117348730564117,-0.0032710321247577667,0.1378212571144104,0.07173217833042145,-0.09492875635623932,0.11852584034204483,-0.04450708627700806,-0.2518061697483063,-0.14937414228916168,0.06291909515857697,0.010868089273571968,-0.06956873089075089,0.2347751259803772,-0.03493702411651611,-0.04831138625741005,0.22217467427253723,-0.07043392956256866,-0.05914442613720894
0.18322157859802246,0.7309993505477905,1.1861385107040405,-0.3190335531993001,-0.03270516188396607,0.031547230260930925,0.03497602015804954,0.0011577502798766717,0.0056812169470861346,0.28900561332702634,0.03179864883422856,-0.21382906436920157,0.5547954440116882,0.7325965762138367,1.0795233249664307,-0.12421884,-0.015631884,0.0812487,88.0,1740111781.9834988,-0.00533071905374527,0.0619833841919899,0.13611164689064026,0.19458608329296112,-0.06801478564739227,-0.053685806691646576,0.048613328486680984,0.24331572651863098,0.12879754602909088,0.08709302544593811,0.1414681375026703,0.2572506368160248,0.1368454396724701,-0.04207053408026695,0.15052665770053864,-0.0047949836589396,0.13765846192836761,0.07288220524787903,-0.09607577323913574,0.11875783652067184,-0.047474268823862076,-0.2510860562324524,-0.14899247884750366,0.06341128796339035,0.010027773678302765,-0.06942152976989746,0.23600919544696808,-0.03678534924983978,-0.04993481561541557,0.21982353925704956,-0.06864085793495178,-0.05784599855542183
0.17500126361846924,0.7302459478378296,1.1875628232955933,-0.3190335531993001,-0.03270516188396607,0.031547230260930925,0.02513828286634981,0.0067384930699890665,0.004456764330494862,0.28322157859802244,0.030999350547790572,-0.21386148929595938,0.5547954440116882,0.7325965762138367,1.0795233249664307,-0.12421884,-0.015631884,0.0812487,89.0,1740111782.0154612,-0.00533071905374527,0.0619833841919899,0.13611164689064026,0.19458608329296112,-0.06801478564739227,-0.053685806691646576,0.048613328486680984,0.24331572651863098,0.12879754602909088,0.08709302544593811,0.1414681375026703,0.2572506368160248,0.1368454396724701,-0.04207053408026695,0.15052665770053864,-0.0047949836589396,0.13765846192836761,0.07288220524787903,-0.09607577323913574,0.11875783652067184,-0.047474268823862076,-0.2510860562324524,-0.14899247884750366,0.06341128796339035,0.010027773678302765,-0.06942152976989746,0.23600919544696808,-0.03678534924983978,-0.04993481561541557,0.21982353925704956,-0.06864085793495178,-0.05784599855542183
0.16630324721336365,0.7296292185783386,1.188957691192627,-0.2590278729417279,-0.023185910306901255,0.033973033681087235,0.01920075606337467,0.007462519375013888,-0.0009618009749890916,0.2702933311462402,0.02963112592697148,-0.2121156692504882,0.5547954440116882,0.7325965762138367,1.0795233249664307,-0.116031416,-0.016835079,0.084401764,90.0,1740111782.050336,-0.002187667414546013,0.06278660148382187,0.13274013996124268,0.18520504236221313,-0.06264785677194595,-0.05627819150686264,0.04385782405734062,0.23496530950069427,0.13042210042476654,0.08494079113006592,0.13688673079013824,0.24881094694137573,0.1322316974401474,-0.04182475805282593,0.148673415184021,-0.005863284692168236,0.13717122375965118,0.0685604065656662,-0.09158001840114594,0.11047004908323288,-0.049794603139162064,-0.24616476893424988,-0.144534170627594,0.06053686887025833,0.015077890828251839,-0.06476249545812607,0.23244167864322662,-0.03556133806705475,-0.05144007131457329,0.21081489324569702,-0.06614679098129272,-0.04793296381831169
0.1572079062461853,0.7283161282539368,1.1896506547927856,-0.2590278729417279,-0.023185910306901255,0.033973033681087235,0.02580216725675346,0.007511994681733253,0.0048351477330410226,0.2623692363500595,0.029009985923767134,-0.2103783130645751,0.5547954440116882,0.7325965762138367,1.0795233249664307,-0.10366372,-0.017916892,0.083823904,91.0,1740111782.0829334,-0.002123666927218437,0.06298178434371948,0.12581540644168854,0.17343270778656006,-0.05536781996488571,-0.05945856124162674,0.04009285569190979,0.22108004987239838,0.12844036519527435,0.0819292664527893,0.1317729949951172,0.2353806048631668,0.12701772153377533,-0.04257495701313019,0.14198939502239227,-0.0073608523234725,0.13247159123420715,0.06412157416343689,-0.08527068793773651,0.1018344834446907,-0.052194420248270035,-0.23757481575012207,-0.13821232318878174,0.05730874091386795,0.018689129501581192,-0.05864959955215454,0.2263624519109726,-0.03547382354736328,-0.05154429003596306,0.19787612557411194,-0.059293460100889206,-0.03841669112443924
0.149042010307312,0.7277879118919373,1.191144585609436,-0.2590278729417279,-0.023185910306901255,0.033973033681087235,0.018238672466756374,0.005631383040605168,-0.002919831055226374,0.2572079062461853,0.028316128253936812,-0.21034934520721427,0.5547954440116882,0.7325965762138367,1.0795233249664307,-0.10713962,-0.018683951,0.08664028,92.0,1740111782.1217167,-0.0030653215944767,0.062450386583805084,0.12576383352279663,0.17659074068069458,-0.05783482640981674,-0.05890485271811485,0.04210023209452629,0.2233743518590927,0.12865078449249268,0.0815153419971466,0.1319076120853424,0.23796577751636505,0.12912698090076447,-0.04409544914960861,0.14284341037273407,-0.006692223250865936,0.13381659984588623,0.06685629487037659,-0.08862346410751343,0.10451991111040115,-0.053902145475149155,-0.23734663426876068,-0.1401629000902176,0.0586526095867157,0.018796266987919807,-0.06036326289176941,0.22796303033828735,-0.03711322695016861,-0.05081119015812874,0.19921979308128357,-0.060583580285310745,-0.04090655595064163
0.14056730270385742,0.72660893201828,1.191846251487732,-0.247568593656303,-0.02516987081478422,0.03299623921305434,0.020976463319949876,0.00374655543780214,-0.0007477977818409517,0.24475670456886292,0.027144896984100386,-0.20852925777435294,0.5547954440116882,0.7325965762138367,1.0795233249664307,-0.10010681,-0.01886693,0.076264024,93.0,1740111782.148296,-0.0005074460059404373,0.0625215619802475,0.12478753924369812,0.17135263979434967,-0.055152200162410736,-0.05847160890698433,0.04037489742040634,0.22027793526649475,0.1306021809577942,0.08068691194057465,0.12988586723804474,0.23489250242710114,0.1275322288274765,-0.042107511311769485,0.14267796277999878,-0.00600860919803381,0.13436560332775116,0.06533916294574738,-0.08556857705116272,0.10069792717695236,-0.05331570282578468,-0.23480474948883057,-0.13834239542484283,0.05727548152208328,0.02184523642063141,-0.058674462139606476,0.22500047087669373,-0.03540632128715515,-0.050245773047208786,0.19664746522903442,-0.06113716587424278,-0.036755628883838654
0.1325782984495163,0.7259122729301453,1.1930434703826904,-0.247568593656303,-0.02516987081478422,0.03299623921305434,0.016217140681275836,0.003222830149001302,-0.006790235511978201,0.23675984740257264,0.026380467414856,-0.20728292465209952,0.5547954440116882,0.7325965762138367,1.0795233249664307,-0.10010681,-0.01886693,0.076264024,94.0,1740111782.1892915,-0.0005074460059404373,0.0625215619802475,0.12478753924369812,0.17135263979434967,-0.055152200162410736,-0.05847160890698433,0.04037489742040634,0.22027793526649475,0.1306021809577942,0.08068691194057465,0.12988586723804474,0.23489250242710114,0.1275322288274765,-0.042107511311769485,0.14267796277999878,-0.00600860919803381,0.13436560332775116,0.06533916294574738,-0.08556857705116272,0.10069792717695236,-0.05331570282578468,-0.23480474948883057,-0.13834239542484283,0.05727548152208328,0.02184523642063141,-0.058674462139606476,0.22500047087669373,-0.03540632128715515,-0.050245773047208786,0.19664746522903442,-0.06113716587424278,-0.036755628883838654
0.12472216784954071,0.7247998118400574,1.1938825845718384,-0.247568593656303,-0.02516987081478422,0.03299623921305434,0.017967397611152392,0.0031367926286717915,-0.006845467656430284,0.2325782984495163,0.025912272930145308,-0.20695652961730948,0.5547954440116882,0.7325965762138367,1.0795233249664307,-0.09169853,-0.021076981,0.08530878,95.0,1740111782.2139401,0.00037502869963645935,0.06311582773923874,0.12389998137950897,0.17122043669223785,-0.05573951452970505,-0.060509536415338516,0.03887467086315155,0.21973417699337006,0.1322503387928009,0.07946556806564331,0.12878042459487915,0.23447951674461365,0.12734822928905487,-0.04422210529446602,0.1438366025686264,-0.007333772256970406,0.13692189753055573,0.06618328392505646,-0.08724771440029144,0.09891412407159805,-0.057215046137571335,-0.23455415666103363,-0.1384320706129074,0.05769124627113342,0.02360735833644867,-0.05860259383916855,0.22645379602909088,-0.03669294714927673,-0.05206300690770149,0.19384899735450745,-0.061125498265028,-0.03330068290233612
0.12096894532442093,0.7243430614471436,1.1942570209503174,-0.247568593656303,-0.02516987081478422,0.03299623921305434,0.01589224353684294,0.0044976060474828175,-0.005124387387635273,0.22096894532442093,0.0243430614471436,-0.20574297904968253,0.5547954440116882,0.7325965762138367,1.0795233249664307,-0.08695125,-0.020466298,0.09045299,96.0,1740111782.246078,0.0023803748190402985,0.06316734850406647,0.11964023113250732,0.16558027267456055,-0.054041869938373566,-0.06290353834629059,0.036919254809617996,0.21422147750854492,0.13376174867153168,0.0778641402721405,0.12394674122333527,0.22968778014183044,0.12577000260353088,-0.0463770255446434,0.14236332476139069,-0.007585630752146244,0.13765130937099457,0.06539365649223328,-0.08592721819877625,0.09483035653829575,-0.0615072064101696,-0.22930380702018738,-0.13602730631828308,0.056968703866004944,0.02722214162349701,-0.05571483075618744,0.22486118972301483,-0.03689611703157425,-0.05264270678162575,0.18708932399749756,-0.05989181622862816,-0.02663234993815422
0.10962609946727753,0.7228133082389832,1.1952794790267944,-0.24980567573314355,-0.03157193008340349,0.026500785433463805,0.016360316607472798,0.003747641541266845,-0.006082213544527185,0.21311735212802888,0.023139643669128462,-0.2052417039871215,0.5547954440116882,0.7325965762138367,1.0795233249664307,-0.08695125,-0.020466298,0.09045299,97.0,1740111782.279429,0.0023803748190402985,0.06316734850406647,0.11964023113250732,0.16558027267456055,-0.054041869938373566,-0.06290353834629059,0.036919254809617996,0.21422147750854492,0.13376174867153168,0.0778641402721405,0.12394674122333527,0.22968778014183044,0.12577000260353088,-0.0463770255446434,0.14236332476139069,-0.007585630752146244,0.13765130937099457,0.06539365649223328,-0.08592721819877625,0.09483035653829575,-0.0615072064101696,-0.22930380702018738,-0.13602730631828308,0.056968703866004944,0.02722214162349701,-0.05571483075618744,0.22486118972301483,-0.03689611703157425,-0.05264270678162575,0.18708932399749756,-0.05989181622862816,-0.02663234993815422
0.10225720703601837,0.7217848300933838,1.195652961730957,-0.24980567573314355,-0.03157193008340349,0.026500785433463805,0.015964243194167713,0.002032724919392034,-0.004634771490647512,0.20962609946727753,0.0228133082389832,-0.20472052097320548,0.5547954440116882,0.7325965762138367,1.0795233249664307,-0.070991054,-0.022638232,0.08617165,98.0,1740111782.3124678,0.005499707534909248,0.06460422277450562,0.12038134038448334,0.1586723029613495,-0.04795412719249725,-0.06545036286115646,0.032511305063962936,0.2088918387889862,0.13600580394268036,0.07776720821857452,0.12349399924278259,0.22367563843727112,0.12296557426452637,-0.04443282261490822,0.14285533130168915,-0.00861665140837431,0.1373651623725891,0.06040073558688164,-0.08148373663425446,0.08840688318014145,-0.06255454570055008,-0.22929918766021729,-0.13335850834846497,0.055157653987407684,0.031016945838928223,-0.05176660418510437,0.22397498786449432,-0.03583911061286926,-0.0550028420984745,0.18210330605506897,-0.057443078607320786,-0.01815640553832054
0.09867244213819504,0.7213208675384521,1.1957972049713135,-0.24980567573314355,-0.03157193008340349,0.026500785433463805,0.01602660678514305,0.0012625537686376327,-0.0044057758153027695,0.19867244213819504,0.021320867538452193,-0.20420279502868643,0.5547954440116882,0.7325965762138367,1.0795233249664307,-0.070991054,-0.022638232,0.08617165,99.0,1740111782.346655,0.005499707534909248,0.06460422277450562,0.12038134038448334,0.1586723029613495,-0.04795412719249725,-0.06545036286115646,0.032511305063962936,0.2088918387889862,0.13600580394268036,0.07776720821857452,0.12349399924278259,0.22367563843727112,0.12296557426452637,-0.04443282261490822,0.14285533130168915,-0.00861665140837431,0.1373651623725891,0.06040073558688164,-0.08148373663425446,0.08840688318014145,-0.06255454570055008,-0.22929918766021729,-0.13335850834846497,0.055157653987407684,0.031016945838928223,-0.05176660418510437,0.22397498786449432,-0.03583911061286926,-0.0550028420984745,0.18210330605506897,-0.057443078607320786,-0.01815640553832054
0.08827362954616547,0.719792366027832,1.196199655532837,-0.2144150426127898,-0.029491030454735084,0.011454794683830979,0.01638794749102052,0.0014079350786439285,-0.006542640452687232,0.19167356789112092,0.020190227031707808,-0.20409610271453849,0.5547954440116882,0.7325965762138367,1.0795233249664307,-0.06792997,-0.02306012,0.08635559,100.0,1740111782.3802872,0.005135571584105492,0.06466682255268097,0.1177755743265152,0.15522602200508118,-0.04638282209634781,-0.0666627511382103,0.03153706714510918,0.20457492768764496,0.1349717676639557,0.07629120349884033,0.12112042307853699,0.2195475846529007,0.12094862759113312,-0.045343026518821716,0.14059478044509888,-0.009493385441601276,0.13608881831169128,0.05967326834797859,-0.07996539026498795,0.08554207533597946,-0.0641041100025177,-0.22583210468292236,-0.13092279434204102,0.05400393158197403,0.031819965690374374,-0.05028471350669861,0.22208766639232635,-0.03603046387434006,-0.05528010055422783,0.17751926183700562,-0.05560902878642082,-0.015198391862213612
0.08161162585020065,0.7188534736633301,1.1961426734924316,-0.2144150426127898,-0.029491030454735084,0.011454794683830979,0.015946430367249156,0.001881341390704715,-0.004386414925596291,0.18827362954616547,0.019792366027832076,-0.203800344467163,0.5547954440116882,0.7325965762138367,1.0795233249664307,-0.07389335,-0.023925122,0.0862858,101.0,1740111782.4128146,0.004034129902720451,0.06378509104251862,0.11759767681360245,0.15691006183624268,-0.04682760685682297,-0.06626634299755096,0.033918239176273346,0.20445798337459564,0.13523554801940918,0.07620929181575775,0.1221102774143219,0.2208932638168335,0.12332792580127716,-0.047390006482601166,0.1409587562084198,-0.008458958938717842,0.13688205182552338,0.061634477227926254,-0.08192533999681473,0.08800572901964188,-0.06556867808103561,-0.22606919705867767,-0.1325066238641739,0.055313900113105774,0.03250857815146446,-0.05150427669286728,0.22333712875843048,-0.03821498900651932,-0.054141659289598465,0.17839908599853516,-0.05646224692463875,-0.017414700239896774
0.07521136850118637,0.7178636193275452,1.1961532831192017,-0.2144150426127898,-0.029491030454735084,0.011454794683830979,0.01746629800726202,0.00586404366743138,-0.0028495938583029405,0.17777483761310578,0.018060374259948775,-0.20380308628082267,0.5547954440116882,0.7325965762138367,1.0795233249664307,-0.06913324,-0.021564465,0.08919537,102.0,1740111782.4480808,0.004564324393868446,0.06311997026205063,0.11488999426364899,0.15191231667995453,-0.04466680437326431,-0.06568756699562073,0.03262878954410553,0.1998608559370041,0.13456280529499054,0.07387469708919525,0.11870077252388,0.2160187065601349,0.12148095667362213,-0.046165596693754196,0.1382942646741867,-0.00785357691347599,0.13565784692764282,0.05980101600289345,-0.07978848367929459,0.08427534252405167,-0.06492184847593307,-0.22103340923786163,-0.13006547093391418,0.05335085839033127,0.034666676074266434,-0.04996827244758606,0.21926183998584747,-0.036636605858802795,-0.05247334763407707,0.1740719974040985,-0.055711258202791214,-0.015385548584163189
0.06781993061304092,0.7171289920806885,1.196128249168396,-0.20670750890171646,-0.024939701893789534,0.001702885252465549,-0.0014907117492208221,0.010581221519957938,-0.02033936024757281,0.17099534571170807,0.017695355415344283,-0.20392575263977042,0.5547954440116882,0.7325965762138367,1.0795233249664307,-0.060061254,-0.02083309,0.0897454,103.0,1740111782.4797812,0.005604764446616173,0.06339061260223389,0.11458463221788406,0.15046493709087372,-0.04417867958545685,-0.06593137979507446,0.03186884522438049,0.19906440377235413,0.13586865365505219,0.07286384701728821,0.11709323525428772,0.2149517834186554,0.121034175157547,-0.04665079712867737,0.1387365460395813,-0.00791239645332098,0.1368955373764038,0.05973691865801811,-0.07991036027669907,0.08224847167730331,-0.06644666194915771,-0.2195141315460205,-0.1292993724346161,0.05275900661945343,0.03679747134447098,-0.04981810599565506,0.21886023879051208,-0.03678445518016815,-0.05261914059519768,0.17231550812721252,-0.05663036182522774,-0.013199142180383205
0.06200938671827316,0.7163636684417725,1.1959561109542847,-0.20670750890171646,-0.024939701893789534,0.001702885252465549,-0.005429247690223331,0.011870057671903007,-0.017336950030908183,0.16781993061304093,0.01712899208068852,-0.20387175083160392,0.5547954440116882,0.7325965762138367,1.0795233249664307,-0.060061254,-0.02083309,0.0897454,104.0,1740111782.5131445,0.005604764446616173,0.06339061260223389,0.11458463221788406,0.15046493709087372,-0.04417867958545685,-0.06593137979507446,0.03186884522438049,0.19906440377235413,0.13586865365505219,0.07286384701728821,0.11709323525428772,0.2149517834186554,0.121034175157547,-0.04665079712867737,0.1387365460395813,-0.00791239645332098,0.1368955373764038,0.05973691865801811,-0.07991036027669907,0.08224847167730331,-0.06644666194915771,-0.2195141315460205,-0.1292993724346161,0.05275900661945343,0.03679747134447098,-0.04981810599565506,0.21886023879051208,-0.03678445518016815,-0.05261914059519768,0.17231550812721252,-0.05663036182522774,-0.013199142180383205
0.058964598923921585,0.7159538269042969,1.1957916021347046,-0.20670750890171646,-0.024939701893789534,0.001702885252465549,-0.006105867898609681,0.011726048051527717,-0.015859260537212677,0.1589645989239216,0.01595382690429692,-0.20420839786529532,0.5547954440116882,0.7325965762138367,1.0795233249664307,-0.06259464,-0.021360882,0.084994614,105.0,1740111782.5460784,0.006460880860686302,0.06386008113622665,0.11475484073162079,0.1508917361497879,-0.04523027688264847,-0.06689958274364471,0.031068170443177223,0.19991609454154968,0.13713155686855316,0.07231944799423218,0.11657114326953888,0.21573296189308167,0.12107124924659729,-0.04764557629823685,0.14044472575187683,-0.008530833758413792,0.13897433876991272,0.06047696992754936,-0.08111417293548584,0.08136758953332901,-0.06868358701467514,-0.21972592175006866,-0.12938712537288666,0.05308212339878082,0.037628963589668274,-0.05046126991510391,0.22007758915424347,-0.037421755492687225,-0.05404062941670418,0.1718025505542755,-0.0576004721224308,-0.011175879277288914
0.050381556153297424,0.7146987915039062,1.1953983306884766,-0.1719559830232734,-0.024996718416248016,-0.005638357537499553,-0.002968044338009629,0.008062158594081752,-0.016403261964179117,0.1543644465506077,0.014927494525909468,-0.20444705486297599,0.5547954440116882,0.7325965762138367,1.0795233249664307,-0.06187392,-0.02408538,0.07626378,106.0,1740111782.580821,0.007710570469498634,0.0638865977525711,0.11171172559261322,0.1464138627052307,-0.043908022344112396,-0.06861541420221329,0.02868012897670269,0.19539760053157806,0.13749639689922333,0.07048633694648743,0.11300547420978546,0.21160827577114105,0.11870050430297852,-0.048328712582588196,0.13901562988758087,-0.00925908051431179,0.1390780806541443,0.0587519071996212,-0.07930292934179306,0.0773238018155098,-0.07054726034402847,-0.21634002029895782,-0.12666577100753784,0.0516963005065918,0.039637308567762375,-0.04840818792581558,0.21797369420528412,-0.03691292554140091,-0.055226895958185196,0.16654005646705627,-0.0561489500105381,-0.006332225166261196
0.04120743274688721,0.7110821008682251,1.1926020383834839,-0.1719559830232734,-0.024996718416248016,-0.005638357537499553,0.033119871517435,-0.012330224371416216,-0.0019854314329248043,0.15038155615329743,0.014698791503906294,-0.20460166931152335,0.5547954440116882,0.7325965762138367,1.0795233249664307,-0.06465727,-0.024792224,0.07757541,107.0,1740111782.6125033,0.008028483018279076,0.06424085795879364,0.11165668815374374,0.14809101819992065,-0.04564023017883301,-0.06911782175302505,0.02878449857234955,0.1965760588645935,0.13826273381710052,0.07044142484664917,0.112250417470932,0.213242769241333,0.11851106584072113,-0.04979588836431503,0.1402328759431839,-0.009524994529783726,0.14056584239006042,0.060007210820913315,-0.08111178129911423,0.07768332958221436,-0.07244854420423508,-0.21621131896972656,-0.1271103471517563,0.05213242024183273,0.04018186032772064,-0.0490008145570755,0.21917951107025146,-0.03778889775276184,-0.0564907006919384,0.16623654961585999,-0.05700830742716789,-0.005973056890070438
0.04274263605475426,0.7131454348564148,1.1947636604309082,-0.1719559830232734,-0.024996718416248016,-0.005638357537499553,0.02556215804417896,-0.07999052258768521,-0.05386462918692175,0.14274263605475426,0.01314543485641484,-0.2052363395690917,0.5547954440116882,0.7325965762138367,1.0795233249664307,-0.06448021,-0.024597924,0.08215763,108.0,1740111782.6458337,0.006197752431035042,0.06353182345628738,0.1080423891544342,0.1453012377023697,-0.04418171942234039,-0.07007088512182236,0.02832767553627491,0.19138096272945404,0.13529294729232788,0.0691252201795578,0.1105969250202179,0.20891863107681274,0.1170554906129837,-0.05017154663801193,0.1361725628376007,-0.009742398746311665,0.13710804283618927,0.05865706130862236,-0.07928628474473953,0.07652846723794937,-0.07217010855674744,-0.21261578798294067,-0.12514948844909668,0.051088251173496246,0.03920435905456543,-0.04718752205371857,0.21646815538406372,-0.03752068430185318,-0.05535328760743141,0.16225942969322205,-0.05332055315375328,-0.0056287189945578575
0.029877780005335808,0.7093762159347534,1.1919118165969849,-0.20491044676321388,-0.053192706062317276,-0.03484349199768401,0.029704003979673346,-0.0018721058144855278,0.006073409934579772,0.1332557074725628,0.0100380659103394,-0.20787956714630118,0.5547954440116882,0.7325965762138367,1.0795233249664307,-0.06448021,-0.024597924,0.08215763,109.0,1740111782.680208,0.006197752431035042,0.06353182345628738,0.1080423891544342,0.1453012377023697,-0.04418171942234039,-0.07007088512182236,0.02832767553627491,0.19138096272945404,0.13529294729232788,0.0691252201795578,0.1105969250202179,0.20891863107681274,0.1170554906129837,-0.05017154663801193,0.1361725628376007,-0.009742398746311665,0.13710804283618927,0.05865706130862236,-0.07928628474473953,0.07652846723794937,-0.07217010855674744,-0.21261578798294067,-0.12514948844909668,0.051088251173496246,0.03920435905456543,-0.04718752205371857,0.21646815538406372,-0.03752068430185318,-0.05535328760743141,0.16225942969322205,-0.05332055315375328,-0.0056287189945578575
0.025610707700252533,0.709130048751831,1.1915603876113892,-0.20491044676321388,-0.053192706062317276,-0.03484349199768401,0.034263534693468885,-0.013981063999624125,-0.0018759608104758328,0.1298777800053358,0.009376215934753462,-0.20808818340301505,0.5547954440116882,0.7325965762138367,1.0795233249664307,-0.05473915,-0.025084116,0.08003633,110.0,1740111782.7125683,0.005967428907752037,0.06356137990951538,0.10733729600906372,0.14471539855003357,-0.04380781203508377,-0.07016262412071228,0.028408344835042953,0.19042900204658508,0.13480523228645325,0.0690251886844635,0.10966849327087402,0.20802098512649536,0.11679190397262573,-0.05047084391117096,0.13529174029827118,-0.009822964668273926,0.13664117455482483,0.05862031504511833,-0.07894323766231537,0.07615121454000473,-0.07235740125179291,-0.21171651780605316,-0.12455300241708755,0.05100758373737335,0.039161473512649536,-0.04684089124202728,0.21600690484046936,-0.03771134465932846,-0.055298659950494766,0.16108959913253784,-0.052679393440485,-0.005285331048071384
0.022428393363952637,0.708355188369751,1.1914225816726685,-0.20491044676321388,-0.053192706062317276,-0.03484349199768401,0.029566118854710385,-0.001976296648936941,0.005415017326976437,0.12242839336395264,0.008355188369751021,-0.20857741832733145,0.5547954440116882,0.7325965762138367,1.0795233249664307,-0.043037705,-0.024180777,0.08326089,111.0,1740111782.7460434,0.00456220842897892,0.06433995068073273,0.10237817466259003,0.13912524282932281,-0.040353015065193176,-0.07382805645465851,0.025109948590397835,0.18184030055999756,0.1326504796743393,0.0663895308971405,0.10678039491176605,0.20008473098278046,0.11279100179672241,-0.052484720945358276,0.13086174428462982,-0.01245932001620531,0.13339167833328247,0.055980000644922256,-0.07605943828821182,0.07045293599367142,-0.07532688975334167,-0.20698197185993195,-0.12025564908981323,0.04875347018241882,0.03998425230383873,-0.043152496218681335,0.21323591470718384,-0.038140371441841125,-0.05725907161831856,0.15191802382469177,-0.0469706766307354,0.0009132223203778267
0.017081448808312416,0.7083964943885803,1.1918522119522095,-0.20491044676321388,-0.053192706062317276,-0.03484349199768401,0.024184450309224358,-0.004866171785969349,-0.0061845894201941354,0.12207620069384575,0.011219131946563765,-0.20632269382476798,0.5547954440116882,0.7325965762138367,1.0795233249664307,-0.043037705,-0.024180777,0.08326089,112.0,1740111782.7805417,0.00456220842897892,0.06433995068073273,0.10237817466259003,0.13912524282932281,-0.040353015065193176,-0.07382805645465851,0.025109948590397835,0.18184030055999756,0.1326504796743393,0.0663895308971405,0.10678039491176605,0.20008473098278046,0.11279100179672241,-0.052484720945358276,0.13086174428462982,-0.01245932001620531,0.13339167833328247,0.055980000644922256,-0.07605943828821182,0.07045293599367142,-0.07532688975334167,-0.20698197185993195,-0.12025564908981323,0.04875347018241882,0.03998425230383873,-0.043152496218681335,0.21323591470718384,-0.038140371441841125,-0.05725907161831856,0.15191802382469177,-0.0469706766307354,0.0009132223203778267
0.011481398716568947,0.7075878381729126,1.1910157203674316,-0.09957006198461865,0.006588748246934739,0.012169793916888341,0.034643890243509924,-0.013721133971526706,-0.003948109271959007,0.11708144880831242,0.008396494388580367,-0.20814778804779044,0.5547954440116882,0.7325965762138367,1.0795233249664307,-0.037011214,-0.024536483,0.0873857,113.0,1740111782.8129141,0.004126597195863724,0.06436361372470856,0.10120787471532822,0.138611301779747,-0.03974185138940811,-0.07421363145112991,0.02501729317009449,0.17987677454948425,0.1328866183757782,0.06550715863704681,0.1061924397945404,0.1989685446023941,0.11286406219005585,-0.05392161011695862,0.13030312955379486,-0.012217709794640541,0.13352061808109283,0.05606183037161827,-0.07659738510847092,0.06984617561101913,-0.0767979696393013,-0.2056606560945511,-0.12022136896848679,0.04873441904783249,0.04174088314175606,-0.04288467764854431,0.21290965378284454,-0.039439857006073,-0.05726538226008415,0.14996615052223206,-0.04650488868355751,0.001549246720969677
0.01020816806703806,0.7077277302742004,1.1916857957839966,-0.09957006198461865,0.006588748246934739,0.012169793916888341,0.024565966638868782,-0.005229667802551011,-0.0052591739502367086,0.11020816806703806,0.007727730274200484,-0.20831420421600333,0.5547954440116882,0.7325965762138367,1.0795233249664307,-0.037011214,-0.024536483,0.0873857,114.0,1740111782.845736,0.004126597195863724,0.06436361372470856,0.10120787471532822,0.138611301779747,-0.03974185138940811,-0.07421363145112991,0.02501729317009449,0.17987677454948425,0.1328866183757782,0.06550715863704681,0.1061924397945404,0.1989685446023941,0.11286406219005585,-0.05392161011695862,0.13030312955379486,-0.012217709794640541,0.13352061808109283,0.05606183037161827,-0.07659738510847092,0.06984617561101913,-0.0767979696393013,-0.2056606560945511,-0.12022136896848679,0.04873441904783249,0.04174088314175606,-0.04288467764854431,0.21290965378284454,-0.039439857006073,-0.05726538226008415,0.14996615052223206,-0.04650488868355751,0.001549246720969677
0.006494790315628052,0.7097830176353455,1.193347692489624,-0.09957006198461865,0.006588748246934739,0.012169793916888341,-0.005903270607552166,0.011052707965468676,-0.015851852753380257,0.10899887084960938,0.009428191184997603,-0.20684220790863028,0.5547954440116882,0.7325965762138367,1.0795233249664307,-0.03765855,-0.024927549,0.08838655,115.0,1740111782.879336,0.004196552559733391,0.06468135118484497,0.09920468181371689,0.13468758761882782,-0.03729845583438873,-0.07474033534526825,0.023210672661662102,0.17545823752880096,0.13201741874217987,0.06390456855297089,0.10388104617595673,0.19451560080051422,0.11038292944431305,-0.053978465497493744,0.12847106158733368,-0.01315910555422306,0.1323733627796173,0.054393280297517776,-0.07462702691555023,0.06579998135566711,-0.07767162472009659,-0.20219703018665314,-0.11806251853704453,0.04713587462902069,0.043449364602565765,-0.0412679985165596,0.2102474868297577,-0.03924648463726044,-0.05779648944735527,0.14516955614089966,-0.04491255804896355,0.0050240508280694485
-0.0014090770855545998,0.7064703702926636,1.1908046007156372,-0.17604205307931617,-0.03369454938876421,-0.02341748914287949,0.035300746361984194,-0.008407666786405829,-0.004623539885324056,0.10649479031562806,0.009783017635345503,-0.2066523075103759,0.5547954440116882,0.7325965762138367,1.0795233249664307,-0.044032693,-0.027096543,0.08376606,116.0,1740111782.9124873,0.0020967163145542145,0.06398013234138489,0.09720923006534576,0.13486133515834808,-0.037888288497924805,-0.07400277256965637,0.02414814569056034,0.17395508289337158,0.12942731380462646,0.06259122490882874,0.10330932587385178,0.19343046844005585,0.11049510538578033,-0.05412275344133377,0.12555031478405,-0.012829425744712353,0.13013868033885956,0.05482926592230797,-0.07460065186023712,0.06639119237661362,-0.07671933621168137,-0.1996941864490509,-0.11761090904474258,0.04684595763683319,0.04198949784040451,-0.04132675379514694,0.20827755331993103,-0.039381347596645355,-0.05588953569531441,0.1444905698299408,-0.04323876276612282,0.002225232310593128
0.0007287673652172089,0.7085936665534973,1.1930150985717773,-0.17604205307931617,-0.03369454938876421,-0.02341748914287949,0.02730991270906795,-0.06021666230159459,-0.046822454403874475,0.10072876736521721,0.008593666553497359,-0.20698490142822257,0.5547954440116882,0.7325965762138367,1.0795233249664307,-0.022801071,-0.023867104,0.083907686,117.0,1740111782.9458702,0.0032472554594278336,0.06419782340526581,0.0985540896654129,0.13827307522296906,-0.04101565480232239,-0.07347860187292099,0.025124313309788704,0.17803333699703217,0.13188177347183228,0.06281465291976929,0.10381816327571869,0.198090061545372,0.11217592656612396,-0.055030450224876404,0.12853388488292694,-0.01177090872079134,0.133391872048378,0.057296272367239,-0.07754123210906982,0.0687064528465271,-0.07779776304960251,-0.20153185725212097,-0.1196807324886322,0.04801468551158905,0.042687442153692245,-0.04337359219789505,0.21045838296413422,-0.039939433336257935,-0.05623667314648628,0.1474144160747528,-0.046467479318380356,0.0009020650759339333
-0.009222829714417458,0.7058228850364685,1.191055417060852,-0.17604205307931617,-0.03369454938876421,-0.02341748914287949,0.03583593391424159,-0.006141524530032549,-0.007825545404555746,0.09264791887253523,0.005856919288635298,-0.20905330181121817,0.5547954440116882,0.7325965762138367,1.0795233249664307,-0.013722107,-0.021290649,0.07897707,118.0,1740111782.978624,0.003939604386687279,0.06466486304998398,0.09863590449094772,0.13817459344863892,-0.04124204069375992,-0.07416579127311707,0.02422350086271763,0.1781073361635208,0.13274087011814117,0.06218233332037926,0.10314372926950455,0.1981596052646637,0.11180531978607178,-0.055931463837623596,0.12956330180168152,-0.012378975749015808,0.13468460738658905,0.05739748850464821,-0.07821940630674362,0.06738833338022232,-0.07962366193532944,-0.20149986445903778,-0.11962506175041199,0.048090048134326935,0.04397197067737579,-0.043457865715026855,0.21104373037815094,-0.04073712229728699,-0.0574517659842968,0.14635831117630005,-0.046810735017061234,0.002993888221681118
-0.009609661065042019,0.7068486213684082,1.1934174299240112,-0.08191724901996741,0.003778424517247621,0.02610006573244039,0.0421862420177597,-0.033742641902055684,-0.028243012803837873,0.09077717028558255,0.00582288503646855,-0.20894458293914786,0.5547954440116882,0.7325965762138367,1.0795233249664307,-0.013722107,-0.021290649,0.07897707,119.0,1740111783.023746,0.003939604386687279,0.06466486304998398,0.09863590449094772,0.13817459344863892,-0.04124204069375992,-0.07416579127311707,0.02422350086271763,0.1781073361635208,0.13274087011814117,0.06218233332037926,0.10314372926950455,0.1981596052646637,0.11180531978607178,-0.055931463837623596,0.12956330180168152,-0.012378975749015808,0.13468460738658905,0.05739748850464821,-0.07821940630674362,0.06738833338022232,-0.07962366193532944,-0.20149986445903778,-0.11962506175041199,0.048090048134326935,0.04397197067737579,-0.043457865715026855,0.21104373037815094,-0.04073712229728699,-0.0574517659842968,0.14635831117630005,-0.046810735017061234,0.002993888221681118
-0.010954506695270538,0.707980215549469,1.194432020187378,-0.08191724901996741,0.003778424517247621,0.02610006573244039,-0.004171592971606305,0.014791517693463301,-0.02420901184160889,0.08904549330472947,0.007980215549469039,-0.20556797981262198,0.5547954440116882,0.7325965762138367,1.0795233249664307,-0.0068588555,-0.019592132,0.087045655,120.0,1740111783.0465188,0.0047265756875276566,0.06462539732456207,0.09774039685726166,0.1368875801563263,-0.04172709584236145,-0.07460492849349976,0.02359730936586857,0.17721110582351685,0.13313114643096924,0.06128953769803047,0.10193315148353577,0.1975816786289215,0.11107085645198822,-0.05579574406147003,0.12955650687217712,-0.012318018823862076,0.13507810235023499,0.05734194442629814,-0.07777756452560425,0.0661873072385788,-0.08009396493434906,-0.20058542490005493,-0.11868001520633698,0.047689005732536316,0.044466834515333176,-0.043210484087467194,0.21037332713603973,-0.04046197235584259,-0.057705383747816086,0.14531224966049194,-0.046804044395685196,0.004459441639482975
-0.0159293320029974,0.7074803113937378,1.1956236362457275,-0.08191724901996741,0.003778424517247621,0.02610006573244039,-0.004551501279081388,0.012207590883872422,-0.021375197524804476,0.08686692491173745,0.007396388053894087,-0.20465197563171378,0.5547954440116882,0.7325965762138367,1.0795233249664307,0.0026904196,-0.017900363,0.08751385,121.0,1740111783.0821984,0.0040903836488723755,0.06477347016334534,0.09582193940877914,0.13430899381637573,-0.04047571122646332,-0.07499080896377563,0.022277571260929108,0.17430837452411652,0.13113045692443848,0.06020089611411095,0.10041493922472,0.19399891793727875,0.109377920627594,-0.05522222816944122,0.1270684003829956,-0.013292575255036354,0.13306762278079987,0.05551895871758461,-0.07596048712730408,0.0635383129119873,-0.07980947941541672,-0.19834494590759277,-0.11669107526540756,0.046939603984355927,0.043989695608615875,-0.041784778237342834,0.208065003156662,-0.04043737053871155,-0.05790812894701958,0.14215213060379028,-0.0441771037876606,0.005946716759353876
-0.018642183393239975,0.7066330313682556,1.196453332901001,-0.08191724901996741,0.003778424517247621,0.02610006573244039,0.02549034072139237,-0.05827063768440484,-0.04440774854947497,0.08407066799700261,0.007480311393737837,-0.20437636375427237,0.5547954440116882,0.7325965762138367,1.0795233249664307,-0.012896411,-0.021003563,0.08966242,122.0,1740111783.113249,0.005793938413262367,0.06513916701078415,0.09817978739738464,0.13871431350708008,-0.043983444571495056,-0.07503874599933624,0.023081811144948006,0.17970722913742065,0.13457508385181427,0.060812752693891525,0.10154165327548981,0.19984225928783417,0.11176322400569916,-0.05684686452150345,0.1313333958387375,-0.012584574520587921,0.13760720193386078,0.058469776064157486,-0.07999736815690994,0.06635188311338425,-0.08179425448179245,-0.20172950625419617,-0.11965087056159973,0.04863560199737549,0.04512838274240494,-0.044139474630355835,0.21205353736877441,-0.041496917605400085,-0.05876384302973747,0.14593717455863953,-0.04822729155421257,0.005090826656669378
-0.01945633254945278,0.7066750526428223,1.197265863418579,-0.08212779661257094,-0.0014476787425876064,0.0320984978344476,0.014924065136298287,0.001096227743295975,-0.00812894799202749,0.08054366745054722,0.00667505264282231,-0.2027341365814208,0.5547954440116882,0.7325965762138367,1.0795233249664307,-0.028918594,-0.022630736,0.081127405,123.0,1740111783.1467557,0.007622608914971352,0.0659409910440445,0.09775294363498688,0.13618595898151398,-0.042463190853595734,-0.07624352723360062,0.02087792009115219,0.17770998179912567,0.13599908351898193,0.06018289551138878,0.09986532479524612,0.19804814457893372,0.10996131598949432,-0.057512179017066956,0.1322578489780426,-0.01361997239291668,0.13907240331172943,0.05727076157927513,-0.07913288474082947,0.06281482428312302,-0.08407025784254074,-0.20097820460796356,-0.11856026947498322,0.048032522201538086,0.04785872623324394,-0.042988114058971405,0.21161803603172302,-0.041971683502197266,-0.06104562059044838,0.14262866973876953,-0.04819260910153389,0.009974485263228416
-0.028649207204580307,0.703586757183075,1.1963990926742554,-0.08212779661257094,-0.0014476787425876064,0.0320984978344476,0.035313142263311004,-0.012009729815190813,-0.004450651021595298,0.07645651921629906,0.006693351268768355,-0.20178976058959952,0.5547954440116882,0.7325965762138367,1.0795233249664307,-0.028918594,-0.022630736,0.081127405,124.0,1740111783.1800327,0.007622608914971352,0.0659409910440445,0.09775294363498688,0.13618595898151398,-0.042463190853595734,-0.07624352723360062,0.02087792009115219,0.17770998179912567,0.13599908351898193,0.06018289551138878,0.09986532479524612,0.19804814457893372,0.10996131598949432,-0.057512179017066956,0.1322578489780426,-0.01361997239291668,0.13907240331172943,0.05727076157927513,-0.07913288474082947,0.06281482428312302,-0.08407025784254074,-0.20097820460796356,-0.11856026947498322,0.048032522201538086,0.04785872623324394,-0.042988114058971405,0.21161803603172302,-0.041971683502197266,-0.06104562059044838,0.14262866973876953,-0.04819260910153389,0.009974485263228416
-0.03115002065896988,0.7030637860298157,1.1974356174468994,-0.08212779661257094,-0.0014476787425876064,0.0320984978344476,0.037977353251144375,-0.005723680134853271,0.0005927073498540021,0.0713507927954197,0.0035867571830749956,-0.20360090732574454,0.5547954440116882,0.7325965762138367,1.0795233249664307,-0.028918594,-0.022630736,0.081127405,125.0,1740111783.2153666,0.007622608914971352,0.0659409910440445,0.09775294363498688,0.13618595898151398,-0.042463190853595734,-0.07624352723360062,0.02087792009115219,0.17770998179912567,0.13599908351898193,0.06018289551138878,0.09986532479524612,0.19804814457893372,0.10996131598949432,-0.057512179017066956,0.1322578489780426,-0.01361997239291668,0.13907240331172943,0.05727076157927513,-0.07913288474082947,0.06281482428312302,-0.08407025784254074,-0.20097820460796356,-0.11856026947498322,0.048032522201538086,0.04785872623324394,-0.042988114058971405,0.21161803603172302,-0.041971683502197266,-0.06104562059044838,0.14262866973876953,-0.04819260910153389,0.009974485263228416
-0.03268563002347946,0.7036339640617371,1.199294924736023,-0.1199807795529174,-0.03119653333460422,0.014285578119117178,0.02605087793074416,0.007296482618593326,0.0007457243414806083,0.06853919327259064,0.003553736209869429,-0.20130481719970694,0.5547954440116882,0.7325965762138367,1.0795233249664307,0.006632462,-0.016814977,0.09161188,126.0,1740111783.255569,0.01023840345442295,0.06550055742263794,0.09672486782073975,0.13249614834785461,-0.04158513993024826,-0.07678642868995667,0.019432859495282173,0.17548692226409912,0.13736701011657715,0.0582289882004261,0.09585918486118317,0.19622807204723358,0.10846808552742004,-0.05731446295976639,0.13265521824359894,-0.012504620477557182,0.14030136168003082,0.05616471543908119,-0.07875405251979828,0.05987287312746048,-0.0852559432387352,-0.1982606202363968,-0.11700243502855301,0.04671810567378998,0.051817163825035095,-0.042034395039081573,0.21003864705562592,-0.0411757156252861,-0.060888539999723434,0.14002472162246704,-0.049667175859212875,0.013391561806201935
-0.037036530673503876,0.7026124596595764,1.1997582912445068,-0.1199807795529174,-0.03119653333460422,0.014285578119117178,0.03016448750995001,-0.00021649429292524162,0.004993490475369019,0.0650375358760357,0.0027119398117065874,-0.20080151557922354,0.5547954440116882,0.7325965762138367,1.0795233249664307,0.006632462,-0.016814977,0.09161188,127.0,1740111783.2889721,0.01023840345442295,0.06550055742263794,0.09672486782073975,0.13249614834785461,-0.04158513993024826,-0.07678642868995667,0.019432859495282173,0.17548692226409912,0.13736701011657715,0.0582289882004261,0.09585918486118317,0.19622807204723358,0.10846808552742004,-0.05731446295976639,0.13265521824359894,-0.012504620477557182,0.14030136168003082,0.05616471543908119,-0.07875405251979828,0.05987287312746048,-0.0852559432387352,-0.1982606202363968,-0.11700243502855301,0.04671810567378998,0.051817163825035095,-0.042034395039081573,0.21003864705562592,-0.0411757156252861,-0.060888539999723434,0.14002472162246704,-0.049667175859212875,0.013391561806201935
-0.03735584020614624,0.7034289836883545,1.2016037702560425,-0.1199807795529174,-0.03119653333460422,0.014285578119117178,0.027134232371349095,0.003486140777307028,0.0006733488363344352,0.06296346932649613,0.0026124596595764604,-0.20024170875549308,0.5547954440116882,0.7325965762138367,1.0795233249664307,0.006632462,-0.016814977,0.09161188,128.0,1740111783.3224342,0.01023840345442295,0.06550055742263794,0.09672486782073975,0.13249614834785461,-0.04158513993024826,-0.07678642868995667,0.019432859495282173,0.17548692226409912,0.13736701011657715,0.0582289882004261,0.09585918486118317,0.19622807204723358,0.10846808552742004,-0.05731446295976639,0.13265521824359894,-0.012504620477557182,0.14030136168003082,0.05616471543908119,-0.07875405251979828,0.05987287312746048,-0.0852559432387352,-0.1982606202363968,-0.11700243502855301,0.04671810567378998,0.051817163825035095,-0.042034395039081573,0.21003864705562592,-0.0411757156252861,-0.060888539999723434,0.14002472162246704,-0.049667175859212875,0.013391561806201935
-0.03854701668024063,0.703291118144989,1.2022457122802734,-0.06441093784877308,-0.0023870977528990833,0.03227295482176409,0.02639569793930034,0.0023786965260931105,0.0006257773135997014,0.06264415979385377,0.0034289836883545366,-0.19839622974395743,0.5547954440116882,0.7325965762138367,1.0795233249664307,0.02375561,-0.016930971,0.09484231,129.0,1740111783.3470244,0.00782264955341816,0.06468284130096436,0.09835018962621689,0.1384166032075882,-0.04406256228685379,-0.07530704885721207,0.023034682497382164,0.1802562028169632,0.13733337819576263,0.05995066091418266,0.09981459379196167,0.20212681591510773,0.11373047530651093,-0.05758193880319595,0.13359642028808594,-0.009909265674650669,0.14028145372867584,0.05823494866490364,-0.08177908509969711,0.06685168296098709,-0.08393453061580658,-0.20162814855575562,-0.12146475911140442,0.049562305212020874,0.04949837923049927,-0.04425341635942459,0.212831050157547,-0.04272119700908661,-0.05906929448246956,0.14623147249221802,-0.05016578361392021,0.006198975257575512
-0.03707967326045036,0.7055808305740356,1.2052338123321533,-0.06441093784877308,-0.0023870977528990833,0.03227295482176409,0.013751092176219693,0.003831358175503818,-0.00039211168933488236,0.0632888361811638,0.005215990543365523,-0.1954300642013549,0.5547954440116882,0.7325965762138367,1.0795233249664307,0.02375561,-0.016930971,0.09484231,130.0,1740111783.3804307,0.00782264955341816,0.06468284130096436,0.09835018962621689,0.1384166032075882,-0.04406256228685379,-0.07530704885721207,0.023034682497382164,0.1802562028169632,0.13733337819576263,0.05995066091418266,0.09981459379196167,0.20212681591510773,0.11373047530651093,-0.05758193880319595,0.13359642028808594,-0.009909265674650669,0.14028145372867584,0.05823494866490364,-0.08177908509969711,0.06685168296098709,-0.08393453061580658,-0.20162814855575562,-0.12146475911140442,0.049562305212020874,0.04949837923049927,-0.04425341635942459,0.212831050157547,-0.04272119700908661,-0.05906929448246956,0.14623147249221802,-0.05016578361392021,0.006198975257575512
-0.04306233674287796,0.7031694054603577,1.2047539949417114,-0.06441093784877308,-0.0023870977528990833,0.03227295482176409,0.025212339496312502,-0.0028175544668006137,-0.0035861272199393802,0.056853620707988745,0.0028035521507263628,-0.19648113250732413,0.5547954440116882,0.7325965762138367,1.0795233249664307,0.021335326,-0.016784508,0.091716714,131.0,1740111783.413742,0.008063571527600288,0.06467442214488983,0.09683062136173248,0.1334821581840515,-0.04069250822067261,-0.07634703069925308,0.021210767328739166,0.17522691190242767,0.13604816794395447,0.05892762169241905,0.0981580838561058,0.1967899203300476,0.11129030585289001,-0.05705653876066208,0.13141101598739624,-0.01122443936765194,0.13832014799118042,0.05574393644928932,-0.0785246193408966,0.06279050558805466,-0.08419133722782135,-0.19949738681316376,-0.11863164603710175,0.048149481415748596,0.050545450299978256,-0.042199984192848206,0.2105182260274887,-0.042640432715415955,-0.059371914714574814,0.1419270634651184,-0.04761020466685295,0.010010918602347374
-0.04579233005642891,0.702556848526001,1.2054553031921387,-0.06441093784877308,-0.0023870977528990833,0.03227295482176409,0.038338593618443044,-0.0076155974721473264,0.0005257725381017696,0.054207669943571096,0.002556848526001021,-0.19454469680786124,0.5547954440116882,0.7325965762138367,1.0795233249664307,0.009717748,-0.018221121,0.089316614,132.0,1740111783.4460747,0.007336756214499474,0.06393097341060638,0.09786518663167953,0.13650916516780853,-0.042832277715206146,-0.07523149251937866,0.02348218858242035,0.17831282317638397,0.13626033067703247,0.05960601195693016,0.09953289479017258,0.20012839138507843,0.11358533799648285,-0.05681595206260681,0.13216549158096313,-0.00963202677667141,0.13849516212940216,0.05741478130221367,-0.08021895587444305,0.06653716415166855,-0.08290635049343109,-0.20097437500953674,-0.12020457535982132,0.04903605580329895,0.04919763654470444,-0.04373630881309509,0.21188513934612274,-0.04248281568288803,-0.05763247236609459,0.14583706855773926,-0.049188289791345596,0.005837286822497845
-0.047881074249744415,0.703357994556427,1.2082855701446533,-0.07530187362544409,-0.006149985468205736,0.0356657947590108,0.02467779113067573,-0.002987012319238015,-0.0019769164717337597,0.05224721357226372,0.0025491595268249956,-0.19308247566223136,0.5547954440116882,0.7325965762138367,1.0795233249664307,0.004927598,-0.019157358,0.0862922,133.0,1740111783.4799054,0.00753496028482914,0.06386513262987137,0.09708856791257858,0.13388565182685852,-0.04078745096921921,-0.07518763095140457,0.022802015766501427,0.17571422457695007,0.13596971333026886,0.05910003185272217,0.09861654043197632,0.1974751502275467,0.1125485897064209,-0.056015774607658386,0.13099928200244904,-0.009463408030569553,0.13736332952976227,0.055987726897001266,-0.0785074308514595,0.064763143658638,-0.08227758854627609,-0.1992914229631424,-0.11895812302827835,0.04791443794965744,0.05012114346027374,-0.042611829936504364,0.21019715070724487,-0.0416221022605896,-0.05705733969807625,0.1439809501171112,-0.04841245338320732,0.007177600637078285
-0.05068754032254219,0.7031456232070923,1.209141731262207,-0.07530187362544409,-0.006149985468205736,0.0356657947590108,0.0347071788575933,-0.009394470254974597,0.0006491076877228854,0.05211892575025559,0.0033579945564270464,-0.1917144298553466,0.5547954440116882,0.7325965762138367,1.0795233249664307,0.004927598,-0.019157358,0.0862922,134.0,1740111783.51259,0.00753496028482914,0.06386513262987137,0.09708856791257858,0.13388565182685852,-0.04078745096921921,-0.07518763095140457,0.022802015766501427,0.17571422457695007,0.13596971333026886,0.05910003185272217,0.09861654043197632,0.1974751502275467,0.1125485897064209,-0.056015774607658386,0.13099928200244904,-0.009463408030569553,0.13736332952976227,0.055987726897001266,-0.0785074308514595,0.064763143658638,-0.08227758854627609,-0.1992914229631424,-0.11895812302827835,0.04791443794965744,0.05012114346027374,-0.042611829936504364,0.21019715070724487,-0.0416221022605896,-0.05705733969807625,0.1439809501171112,-0.04841245338320732,0.007177600637078285
-0.05156112462282181,0.703147828578949,1.2099050283432007,-0.07530187362544409,-0.006149985468205736,0.0356657947590108,0.0342639494782949,-0.00931062861397246,-0.0001828142927648601,0.0484388753771782,0.003147828578949019,-0.19009497165679923,0.5547954440116882,0.7325965762138367,1.0795233249664307,0.0065268874,-0.019260835,0.08257567,135.0,1740111783.5459225,0.008053010329604149,0.06386367231607437,0.09610947221517563,0.13066188991069794,-0.03882031887769699,-0.07489410042762756,0.021716315299272537,0.17289873957633972,0.1356242299079895,0.058007173240184784,0.09655266255140305,0.19420699775218964,0.11088518798351288,-0.05534590035676956,0.1296720802783966,-0.009425600990653038,0.13656584918498993,0.05450664833188057,-0.07685533165931702,0.061891891062259674,-0.0819530189037323,-0.19648902118206024,-0.11739658564329147,0.04645567387342453,0.05193149670958519,-0.04150674492120743,0.207754984498024,-0.04068665951490402,-0.05664285644888878,0.14118577539920807,-0.048044752329587936,0.009067795239388943
-0.05381665378808975,0.7034835815429688,1.2123141288757324,-0.05605583704663269,0.0065604630558305475,0.04817180029850811,0.034859144416241085,-0.007266754153090694,-0.011600827449028604,0.04700588285923005,0.0033371329307556596,-0.18853189945220938,0.5547954440116882,0.7325965762138367,1.0795233249664307,0.007088959,-0.018908914,0.08282371,136.0,1740111783.579324,0.007439425215125084,0.06316998600959778,0.09659013152122498,0.1323312669992447,-0.03996232897043228,-0.0737510398030281,0.023238420486450195,0.1747572273015976,0.13559935986995697,0.05790114402770996,0.09663519263267517,0.1957840621471405,0.11241044104099274,-0.055250972509384155,0.1296723186969757,-0.008230737410485744,0.1366845667362213,0.055180151015520096,-0.07837515324354172,0.06371576339006424,-0.08106832951307297,-0.19652818143367767,-0.1185385212302208,0.04678232967853546,0.0522894412279129,-0.042553648352622986,0.2078387588262558,-0.04082561284303665,-0.055139411240816116,0.14305225014686584,-0.04927579686045647,0.006093339994549751
-0.05480286851525307,0.7033647894859314,1.2138967514038086,-0.05605583704663269,0.0065604630558305475,0.04817180029850811,0.03820391349977432,0.018392619363142595,0.001517865717281537,0.04618334621191025,0.0034835815429687944,-0.1876858711242675,0.5547954440116882,0.7325965762138367,1.0795233249664307,0.007088959,-0.018908914,0.08282371,137.0,1740111783.6143856,0.007439425215125084,0.06316998600959778,0.09659013152122498,0.1323312669992447,-0.03996232897043228,-0.0737510398030281,0.023238420486450195,0.1747572273015976,0.13559935986995697,0.05790114402770996,0.09663519263267517,0.1957840621471405,0.11241044104099274,-0.055250972509384155,0.1296723186969757,-0.008230737410485744,0.1366845667362213,0.055180151015520096,-0.07837515324354172,0.06371576339006424,-0.08106832951307297,-0.19652818143367767,-0.1185385212302208,0.04678232967853546,0.0522894412279129,-0.042553648352622986,0.2078387588262558,-0.04082561284303665,-0.055139411240816116,0.14305225014686584,-0.04927579686045647,0.006093339994549751
-0.055696506053209305,0.7036561369895935,1.2150099277496338,-0.05605583704663269,0.0065604630558305475,0.04817180029850811,0.035174485222058315,-0.009685113508346537,-0.017817455499248402,0.0443034939467907,0.0036561369895935503,-0.18499007225036612,0.5547954440116882,0.7325965762138367,1.0795233249664307,0.029512167,-0.015289031,0.07834278,138.0,1740111783.6467037,0.00960945151746273,0.06361225992441177,0.09693552553653717,0.1301022171974182,-0.03854098170995712,-0.07473409175872803,0.021697480231523514,0.1734899878501892,0.13844557106494904,0.05722939223051071,0.09583018720149994,0.1948634535074234,0.11186982691287994,-0.05546508729457855,0.13118518888950348,-0.008007061667740345,0.13872122764587402,0.05450917407870293,-0.07790473103523254,0.061277203261852264,-0.08256077766418457,-0.19669854640960693,-0.1180565282702446,0.04595375806093216,0.0556630864739418,-0.041802458465099335,0.20803551375865936,-0.0405011847615242,-0.0559428445994854,0.14124321937561035,-0.05067603662610054,0.009792991913855076
-0.05673636123538017,0.7047882080078125,1.217879295349121,-0.031213117879606816,0.012103052683700924,0.05347416523985372,0.031184997156932518,-0.01040027907168026,-0.011781860957831004,0.04371969625353814,0.00460903644561772,-0.18307151794433585,0.5547954440116882,0.7325965762138367,1.0795233249664307,0.029512167,-0.015289031,0.07834278,139.0,1740111783.6795053,0.00960945151746273,0.06361225992441177,0.09693552553653717,0.1301022171974182,-0.03854098170995712,-0.07473409175872803,0.021697480231523514,0.1734899878501892,0.13844557106494904,0.05722939223051071,0.09583018720149994,0.1948634535074234,0.11186982691287994,-0.05546508729457855,0.13118518888950348,-0.008007061667740345,0.13872122764587402,0.05450917407870293,-0.07790473103523254,0.061277203261852264,-0.08256077766418457,-0.19669854640960693,-0.1180565282702446,0.04595375806093216,0.0556630864739418,-0.041802458465099335,0.20803551375865936,-0.0405011847615242,-0.0559428445994854,0.14124321937561035,-0.05067603662610054,0.009792991913855076
-0.05310683697462082,0.7071576118469238,1.2222908735275269,-0.031213117879606816,0.012103052683700924,0.05347416523985372,0.014098252123032408,0.003437927994506207,-0.007747649560560675,0.04326363876461983,0.004788208007812544,-0.18212070465087882,0.5547954440116882,0.7325965762138367,1.0795233249664307,0.029512167,-0.015289031,0.07834278,140.0,1740111783.71987,0.00960945151746273,0.06361225992441177,0.09693552553653717,0.1301022171974182,-0.03854098170995712,-0.07473409175872803,0.021697480231523514,0.1734899878501892,0.13844557106494904,0.05722939223051071,0.09583018720149994,0.1948634535074234,0.11186982691287994,-0.05546508729457855,0.13118518888950348,-0.008007061667740345,0.13872122764587402,0.05450917407870293,-0.07790473103523254,0.061277203261852264,-0.08256077766418457,-0.19669854640960693,-0.1180565282702446,0.04595375806093216,0.0556630864739418,-0.041802458465099335,0.20803551375865936,-0.0405011847615242,-0.0559428445994854,0.14124321937561035,-0.05067603662610054,0.009792991913855076
-0.058711450546979904,0.7046188116073608,1.2221832275390625,-0.031213117879606816,0.012103052683700924,0.05347416523985372,0.0355544301029979,-0.01016571898683043,-0.0069736848812522,0.04534652680158616,0.0074957489967346635,-0.1764509916305541,0.5547954440116882,0.7325965762138367,1.0795233249664307,0.028872207,-0.015217718,0.08053977,141.0,1740111783.7564743,0.009345175698399544,0.06321869790554047,0.09626232832670212,0.12940065562725067,-0.038392625749111176,-0.073104627430439,0.0222811046987772,0.17324447631835938,0.13782969117164612,0.0567878894507885,0.09439537674188614,0.19418537616729736,0.11175777018070221,-0.05480082333087921,0.12998373806476593,-0.007229275070130825,0.13817085325717926,0.05446782335639,-0.07785589247941971,0.061057932674884796,-0.08143475651741028,-0.19435222446918488,-0.11810782551765442,0.045427970588207245,0.0564158633351326,-0.041887134313583374,0.20619156956672668,-0.040034614503383636,-0.05447668954730034,0.14091184735298157,-0.051252979785203934,0.00816279649734497
-0.05908706784248352,0.7049441933631897,1.2245640754699707,-0.023498740701989373,0.001559301108968752,0.06682412608829326,0.03548838898161061,-0.008505181878594925,-0.005112265400456575,0.04105693697929383,0.004816699028015181,-0.1766075134277343,0.5547954440116882,0.7325965762138367,1.0795233249664307,0.03425309,-0.014180258,0.08007318,142.0,1740111783.789504,0.008683951571583748,0.06318037211894989,0.09632068872451782,0.129679873585701,-0.03819391876459122,-0.0738297700881958,0.022175706923007965,0.17301559448242188,0.1371283084154129,0.05683570355176926,0.09519577771425247,0.1939375251531601,0.11213462054729462,-0.05521547049283981,0.12951529026031494,-0.00794423371553421,0.1376713216304779,0.054463017731904984,-0.07781627774238586,0.061302945017814636,-0.08172762393951416,-0.19533918797969818,-0.11819089949131012,0.04582994431257248,0.05559096485376358,-0.04185199737548828,0.2069096863269806,-0.04072044789791107,-0.05464043840765953,0.14082470536231995,-0.050213348120450974,0.008185804821550846
-0.05905475839972496,0.705051064491272,1.2271827459335327,-0.023498740701989373,0.001559301108968752,0.06682412608829326,0.03733086692168318,-0.0023278845740741694,0.0007094444596637903,0.040912932157516485,0.004944193363189742,-0.1754359245300292,0.5547954440116882,0.7325965762138367,1.0795233249664307,0.03425309,-0.014180258,0.08007318,143.0,1740111783.8157086,0.008683951571583748,0.06318037211894989,0.09632068872451782,0.129679873585701,-0.03819391876459122,-0.0738297700881958,0.022175706923007965,0.17301559448242188,0.1371283084154129,0.05683570355176926,0.09519577771425247,0.1939375251531601,0.11213462054729462,-0.05521547049283981,0.12951529026031494,-0.00794423371553421,0.1376713216304779,0.054463017731904984,-0.07781627774238586,0.061302945017814636,-0.08172762393951416,-0.19533918797969818,-0.11819089949131012,0.04582994431257248,0.05559096485376358,-0.04185199737548828,0.2069096863269806,-0.04072044789791107,-0.05464043840765953,0.14082470536231995,-0.050213348120450974,0.008185804821550846
-0.05536133795976639,0.7079033255577087,1.2308547496795654,-0.023498740701989373,0.001559301108968752,0.06682412608829326,0.02640282959423916,-0.07126664877371842,-0.053050447416570064,0.04463866204023362,0.007903325557708785,-0.16914525032043448,0.5547954440116882,0.7325965762138367,1.0795233249664307,0.018150024,-0.016237453,0.08041195,144.0,1740111783.8465571,0.009933674708008766,0.06353670358657837,0.09525598585605621,0.12527908384799957,-0.03525203466415405,-0.0749586820602417,0.02001248486340046,0.16901804506778717,0.13795968890190125,0.055368371307849884,0.09340839833021164,0.18988236784934998,0.11060039699077606,-0.05477374047040939,0.12865376472473145,-0.008236320689320564,0.1372593194246292,0.05229717120528221,-0.07562383264303207,0.05766148120164871,-0.08235012739896774,-0.1935448944568634,-0.11628787964582443,0.044172197580337524,0.05802207812666893,-0.04000657796859741,0.2055441439151764,-0.03974815458059311,-0.05478081479668617,0.1371574103832245,-0.04909447953104973,0.012205399572849274
-0.05500294640660286,0.7085952162742615,1.2352721691131592,-0.023498740701989373,0.001559301108968752,0.06682412608829326,0.013838097740064368,0.004951447895775523,-0.002115254898401493,0.04514750689268113,0.008495557308197066,-0.16613819599151602,0.5547954440116882,0.7325965762138367,1.0795233249664307,0.0147582665,-0.017077416,0.08534145,145.0,1740111783.8803577,0.01082991249859333,0.06343193352222443,0.09625615179538727,0.12582512199878693,-0.03588598966598511,-0.07522709667682648,0.019845211878418922,0.1702350527048111,0.13927437365055084,0.05511680990457535,0.09376081079244614,0.1911066770553589,0.11160142719745636,-0.05493463575839996,0.13005995750427246,-0.0077910758554935455,0.13866294920444489,0.05261525139212608,-0.07661186903715134,0.058217376470565796,-0.0827835276722908,-0.19489242136478424,-0.11712843924760818,0.04444675147533417,0.05891118571162224,-0.04058457165956497,0.20686979591846466,-0.03982829302549362,-0.05467279627919197,0.13823352754116058,-0.050321612507104874,0.012368455529212952
-0.05504929646849632,0.7088134288787842,1.2381187677383423,0.033697817551756604,0.03178646203720993,0.10068849892931067,0.014071680009408125,0.006452040976510201,-0.0012424917047268173,0.044997053593397146,0.008595216274261519,-0.16472783088684073,0.5547954440116882,0.7325965762138367,1.0795233249664307,0.021308184,-0.015992016,0.08691987,146.0,1740111783.9140832,0.012059202417731285,0.06349586695432663,0.09662484377622604,0.12561631202697754,-0.03588078171014786,-0.07635539025068283,0.01906558871269226,0.17021088302135468,0.14112280309200287,0.0550818108022213,0.09451019018888474,0.19197730720043182,0.11245886981487274,-0.05519247055053711,0.13142447173595428,-0.007455175742506981,0.14026996493339539,0.05270184203982353,-0.07695255428552628,0.05812492221593857,-0.0838041678071022,-0.19653518497943878,-0.11793029308319092,0.04490920156240463,0.059819258749485016,-0.040605925023555756,0.2080352008342743,-0.04027431458234787,-0.0551389716565609,0.13809823989868164,-0.05084545537829399,0.014006584882736206
-0.055108413100242615,0.708997368812561,1.2394810914993286,0.033697817551756604,0.03178646203720993,0.10068849892931067,0.014124725637893373,0.008923472070233713,-0.0024343245774642143,0.04489158689975739,0.00899736881256108,-0.1605189085006713,0.5547954440116882,0.7325965762138367,1.0795233249664307,0.017010957,-0.016004633,0.081418894,147.0,1740111783.94675,0.013515228405594826,0.06356678903102875,0.09859777987003326,0.12673258781433105,-0.03635110706090927,-0.07636047154664993,0.019244365394115448,0.1722908765077591,0.14339208602905273,0.05544169992208481,0.09524238109588623,0.19429714977741241,0.11397041380405426,-0.055367641150951385,0.13422837853431702,-0.006542018614709377,0.14243188500404358,0.05298767611384392,-0.07815532386302948,0.058965981006622314,-0.08470528572797775,-0.19874897599220276,-0.11942154914140701,0.045603230595588684,0.06138255447149277,-0.041366368532180786,0.21014118194580078,-0.04081196337938309,-0.055478375405073166,0.13991114497184753,-0.0527680329978466,0.014597810804843903
-0.05503963306546211,0.7092791795730591,1.2438663244247437,0.033697817551756604,0.03178646203720993,0.10068849892931067,0.014699953334733177,0.00941681096010004,-0.0030945396652802258,0.044931440055370336,0.00919805765151982,-0.15766026973724356,0.5547954440116882,0.7325965762138367,1.0795233249664307,0.019365296,-0.01561255,0.079545856,148.0,1740111783.979684,0.014142749831080437,0.06371057033538818,0.099001944065094,0.12615545094013214,-0.035908326506614685,-0.07664186507463455,0.019075099378824234,0.17206792533397675,0.14437590539455414,0.05552797392010689,0.09547286480665207,0.19447889924049377,0.11436355113983154,-0.05545804649591446,0.13505235314369202,-0.006246592383831739,0.14298968017101288,0.052871692925691605,-0.07788239419460297,0.0586644783616066,-0.08515085279941559,-0.19926410913467407,-0.11962058395147324,0.04571724683046341,0.06218746304512024,-0.04129236191511154,0.21051867306232452,-0.040951088070869446,-0.0556567944586277,0.1399579644203186,-0.05318146571516991,0.01571050100028515
-0.0549323745071888,0.709498941898346,1.245313286781311,0.0010019726399875103,0.006726707778240355,0.07879826706910907,0.01355289830377016,0.010150258655822959,-0.0032360965238356753,0.04496036693453789,0.009279179573059126,-0.15613367557525626,0.5547954440116882,0.7325965762138367,1.0795233249664307,0.019365296,-0.01561255,0.079545856,149.0,1740111784.0128062,0.014142749831080437,0.06371057033538818,0.099001944065094,0.12615545094013214,-0.035908326506614685,-0.07664186507463455,0.019075099378824234,0.17206792533397675,0.14437590539455414,0.05552797392010689,0.09547286480665207,0.19447889924049377,0.11436355113983154,-0.05545804649591446,0.13505235314369202,-0.006246592383831739,0.14298968017101288,0.052871692925691605,-0.07788239419460297,0.0586644783616066,-0.08515085279941559,-0.19926410913467407,-0.11962058395147324,0.04571724683046341,0.06218746304512024,-0.04129236191511154,0.21051867306232452,-0.040951088070869446,-0.0556567944586277,0.1399579644203186,-0.05318146571516991,0.01571050100028515
-0.05589988827705383,0.7098722457885742,1.2483147382736206,0.0010019726399875103,0.006726707778240355,0.07879826706910907,-0.00613915270246688,0.017466415014555738,-0.014706581538767666,0.04410011172294617,0.009872245788574263,-0.1516852617263793,0.5547954440116882,0.7325965762138367,1.0795233249664307,0.012071617,-0.015892081,0.08547273,150.0,1740111784.0468674,0.015592021867632866,0.06357631087303162,0.09993265569210052,0.12541048228740692,-0.03633102774620056,-0.0760621726512909,0.01944911479949951,0.1724151223897934,0.14598526060581207,0.05538531020283699,0.0948135256767273,0.19518810510635376,0.11471147835254669,-0.0550510436296463,0.13662944734096527,-0.004945587832480669,0.14383003115653992,0.052922237664461136,-0.07753990590572357,0.05860581248998642,-0.08506568521261215,-0.19918593764305115,-0.11964766681194305,0.04528805613517761,0.06367036700248718,-0.041619569063186646,0.21051131188869476,-0.04011494666337967,-0.0551338754594326,0.14126349985599518,-0.054865915328264236,0.016342276707291603
-0.05484151467680931,0.7095606327056885,1.252890706062317,0.0010019726399875103,0.006726707778240355,0.07879826706910907,0.025889336855551483,-0.07533859881169871,-0.05774288903065389,0.04084684550762177,0.00703285932540898,-0.15060153007507315,0.5547954440116882,0.7325965762138367,1.0795233249664307,0.025018528,-0.014307782,0.073759176,151.0,1740111784.0796483,0.017631998285651207,0.06336341798305511,0.10004334151744843,0.12277698516845703,-0.03485172986984253,-0.07656555622816086,0.018823400139808655,0.17033417522907257,0.14851242303848267,0.055120717734098434,0.09448595345020294,0.19465935230255127,0.11524361371994019,-0.05487373471260071,0.1379927098751068,-0.0034138988703489304,0.14491704106330872,0.05205582454800606,-0.07658837735652924,0.05747997760772705,-0.0857260599732399,-0.19895929098129272,-0.11991406232118607,0.04487726092338562,0.06643825769424438,-0.04074490815401077,0.2103150337934494,-0.039701737463474274,-0.0546896867454052,0.1406857669353485,-0.055845458060503006,0.01934538036584854
-0.053759898990392685,0.7099148035049438,1.2560731172561646,0.011719401628131985,0.00415671723598858,0.10754917521007001,0.011912566280182555,0.011487834220456431,-0.0027789303803107436,0.045158485323190695,0.009560632705688521,-0.14710929393768302,0.5547954440116882,0.7325965762138367,1.0795233249664307,0.035430595,-0.012036357,0.06888415,152.0,1740111784.1136606,0.01813076250255108,0.06295575946569443,0.10157757997512817,0.12530632317066193,-0.036613136529922485,-0.07608650624752045,0.020547345280647278,0.17290829122066498,0.14980004727840424,0.05581844225525856,0.09546363353729248,0.19825227558612823,0.11760415136814117,-0.055508822202682495,0.140263631939888,-0.002061699517071247,0.14638136327266693,0.053501974791288376,-0.07818885147571564,0.060351356863975525,-0.08622804284095764,-0.2010602355003357,-0.12181487679481506,0.046170979738235474,0.06658484041690826,-0.04213885962963104,0.21243785321712494,-0.04078565537929535,-0.054452504962682724,0.14399388432502747,-0.05769401416182518,0.017718728631734848
-0.053462982177734375,0.709833562374115,1.257529616355896,0.011719401628131985,0.00415671723598858,0.10754917521007001,0.013585617453712085,0.011249274469908987,-0.0005369857928373646,0.04653701782226563,0.009833562374115035,-0.14247038364410392,0.5547954440116882,0.7325965762138367,1.0795233249664307,0.045412377,-0.00864001,0.06621791,153.0,1740111784.1458192,0.019208131358027458,0.06266989558935165,0.10267970710992813,0.12562182545661926,-0.03729476034641266,-0.07508742064237595,0.021652190014719963,0.17407341301441193,0.15150246024131775,0.055904947221279144,0.09499242901802063,0.20011986792087555,0.118863046169281,-0.05546469986438751,0.14201492071151733,-0.000116393668577075,0.14751313626766205,0.05415419116616249,-0.07885447889566422,0.06154365837574005,-0.08633837103843689,-0.20083676278591156,-0.12293274700641632,0.046323224902153015,0.06844302266836166,-0.04285150021314621,0.21288183331489563,-0.04065368324518204,-0.053598079830408096,0.1460828185081482,-0.05998692288994789,0.017118429765105247
-0.05250740051269531,0.7098522186279297,1.2620609998703003,0.011719401628131985,0.00415671723598858,0.10754917521007001,0.012641299737907261,0.012602846970021498,-0.0018629551171398008,0.0466564916074276,0.009649026393890425,-0.1401580810546874,0.5547954440116882,0.7325965762138367,1.0795233249664307,0.045412377,-0.00864001,0.06621791,154.0,1740111784.1805782,0.019208131358027458,0.06266989558935165,0.10267970710992813,0.12562182545661926,-0.03729476034641266,-0.07508742064237595,0.021652190014719963,0.17407341301441193,0.15150246024131775,0.055904947221279144,0.09499242901802063,0.20011986792087555,0.118863046169281,-0.05546469986438751,0.14201492071151733,-0.000116393668577075,0.14751313626766205,0.05415419116616249,-0.07885447889566422,0.06154365837574005,-0.08633837103843689,-0.20083676278591156,-0.12293274700641632,0.046323224902153015,0.06844302266836166,-0.04285150021314621,0.21288183331489563,-0.04065368324518204,-0.053598079830408096,0.1460828185081482,-0.05998692288994789,0.017118429765105247
-0.05171327292919159,0.7097560167312622,1.2651371955871582,0.011719401628131985,0.00415671723598858,0.10754917521007001,0.012262656452111297,0.012354087296656593,-0.0013594534078783301,0.04749259948730469,0.009852218627929732,-0.13793900012969962,0.5547954440116882,0.7325965762138367,1.0795233249664307,0.03766595,-0.01127249,0.07154105,155.0,1740111784.2134147,0.02113228850066662,0.06250524520874023,0.1033451035618782,0.12397634983062744,-0.036739617586135864,-0.0751216858625412,0.021479053422808647,0.1731317639350891,0.15380826592445374,0.05567292869091034,0.09439414739608765,0.2005120813846588,0.11934660375118256,-0.05543218553066254,0.14387084543704987,0.0014762554783374071,0.14880792796611786,0.053795259445905685,-0.07828057557344437,0.06105449050664902,-0.08715084940195084,-0.20072036981582642,-0.12321194261312485,0.046108655631542206,0.0710393637418747,-0.04260580986738205,0.21308505535125732,-0.04052148014307022,-0.053553055971860886,0.14652642607688904,-0.06149643287062645,0.019178979098796844
-0.05138591304421425,0.7096735835075378,1.2665656805038452,0.019768741872400408,-0.0020086959111349357,0.08737405322771176,0.012658965470101095,0.011545991961424418,0.0008689723305902115,0.04861408695578576,0.009673583507537886,-0.1334343194961547,0.5547954440116882,0.7325965762138367,1.0795233249664307,0.030248478,-0.0120496005,0.057969753,156.0,1740111784.2469785,0.02247135527431965,0.061442553997039795,0.1072947308421135,0.1289030909538269,-0.04055469483137131,-0.07311203330755234,0.02504829131066799,0.17934860289096832,0.15785889327526093,0.056055739521980286,0.09591414779424667,0.20831236243247986,0.1252814531326294,-0.055444054305553436,0.14875593781471252,0.006498977541923523,0.15237577259540558,0.05670703575015068,-0.08257049322128296,0.0675526112318039,-0.08717675507068634,-0.20367610454559326,-0.12827502191066742,0.0480620339512825,0.07350903004407883,-0.045575208961963654,0.21727071702480316,-0.041426122188568115,-0.050904031842947006,0.15476113557815552,-0.06740471720695496,0.014198802411556244
-0.05006467178463936,0.7094310522079468,1.2709439992904663,0.019768741872400408,-0.0020086959111349357,0.08737405322771176,0.0126916370555993,0.010917208205952085,0.003999447610843248,0.04954215735197068,0.009432184696197554,-0.1303748130798339,0.5547954440116882,0.7325965762138367,1.0795233249664307,0.030248478,-0.0120496005,0.057969753,157.0,1740111784.2809262,0.02247135527431965,0.061442553997039795,0.1072947308421135,0.1289030909538269,-0.04055469483137131,-0.07311203330755234,0.02504829131066799,0.17934860289096832,0.15785889327526093,0.056055739521980286,0.09591414779424667,0.20831236243247986,0.1252814531326294,-0.055444054305553436,0.14875593781471252,0.006498977541923523,0.15237577259540558,0.05670703575015068,-0.08257049322128296,0.0675526112318039,-0.08717675507068634,-0.20367610454559326,-0.12827502191066742,0.0480620339512825,0.07350903004407883,-0.045575208961963654,0.21727071702480316,-0.041426122188568115,-0.050904031842947006,0.15476113557815552,-0.06740471720695496,0.014198802411556244
-0.049034371972084045,0.7092682123184204,1.273762583732605,0.019768741872400408,-0.0020086959111349357,0.08737405322771176,0.01216175381195215,0.011976296723183455,0.005106333354639024,0.04993532821536065,0.009431052207946822,-0.1290560007095336,0.5547954440116882,0.7325965762138367,1.0795233249664307,0.035977587,-0.009270273,0.05205799,158.0,1740111784.313638,0.02743413858115673,0.06286117434501648,0.11018536239862442,0.12476304173469543,-0.03691232204437256,-0.07640740275382996,0.021771475672721863,0.1770266443490982,0.1656513810157776,0.05522655323147774,0.09627795964479446,0.20752784609794617,0.1254199892282486,-0.05695030093193054,0.15465311706066132,0.007376285269856453,0.15725213289260864,0.055114950984716415,-0.0817556381225586,0.06269017606973648,-0.09194330126047134,-0.20627257227897644,-0.12927262485027313,0.047346360981464386,0.08203041553497314,-0.04383992403745651,0.21996839344501495,-0.04211125522851944,-0.053738389164209366,0.15221330523490906,-0.07037821412086487,0.023994378745555878
-0.048505645245313644,0.7091923356056213,1.275278925895691,0.019768741872400408,-0.0020086959111349357,0.08737405322771176,0.010683604725885022,0.011584672875995124,0.0025769551111998142,0.05149435475468636,0.009192335605621382,-0.124721074104309,0.5547954440116882,0.7325965762138367,1.0795233249664307,0.035977587,-0.009270273,0.05205799,159.0,1740111784.346661,0.02743413858115673,0.06286117434501648,0.11018536239862442,0.12476304173469543,-0.03691232204437256,-0.07640740275382996,0.021771475672721863,0.1770266443490982,0.1656513810157776,0.05522655323147774,0.09627795964479446,0.20752784609794617,0.1254199892282486,-0.05695030093193054,0.15465311706066132,0.007376285269856453,0.15725213289260864,0.055114950984716415,-0.0817556381225586,0.06269017606973648,-0.09194330126047134,-0.20627257227897644,-0.12927262485027313,0.047346360981464386,0.08203041553497314,-0.04383992403745651,0.21996839344501495,-0.04211125522851944,-0.053738389164209366,0.15221330523490906,-0.07037821412086487,0.023994378745555878
-0.046988002955913544,0.7086951732635498,1.2795158624649048,0.027671899777752574,-0.00617298688998852,0.08353677826790265,0.011911056116734521,0.01090710159441655,0.00346545010792281,0.05257295295596123,0.008876550197601363,-0.12187376022338858,0.5547954440116882,0.7325965762138367,1.0795233249664307,0.04143484,-0.008361571,0.053836346,160.0,1740111784.3806198,0.027620384469628334,0.0629236027598381,0.10974576324224472,0.12334157526493073,-0.036755360662937164,-0.07675998657941818,0.021438805386424065,0.1755233108997345,0.1657637506723404,0.05457031726837158,0.09550076723098755,0.20616737008094788,0.12451407313346863,-0.056652531027793884,0.15436597168445587,0.00750997569411993,0.1566372513771057,0.05429917201399803,-0.080420583486557,0.0612851083278656,-0.09188926964998245,-0.20548702776432037,-0.12793785333633423,0.04671069234609604,0.08248122036457062,-0.043236181139945984,0.21877387166023254,-0.041473448276519775,-0.05417264625430107,0.15116730332374573,-0.06976161897182465,0.02513575553894043
-0.04574109986424446,0.7085027098655701,1.2826776504516602,0.027671899777752574,-0.00617298688998852,0.08353677826790265,0.01245737302215353,0.008398312625000024,0.0026413379303790903,0.05301199704408646,0.008695173263549849,-0.12048413753509513,0.5547954440116882,0.7325965762138367,1.0795233249664307,0.03466101,0.0011086911,0.020241514,161.0,1740111784.4130604,0.026973558589816093,0.06270121037960052,0.11117198318243027,0.1258733868598938,-0.03856900334358215,-0.07733352482318878,0.023323480039834976,0.17722536623477936,0.16624660789966583,0.05550674721598625,0.09760317206382751,0.20885594189167023,0.12625785171985626,-0.05707984417676926,0.1555754840373993,0.008067743852734566,0.15660370886325836,0.05564098432660103,-0.08074849843978882,0.06386777758598328,-0.09182742238044739,-0.20873141288757324,-0.12824036180973053,0.04766394942998886,0.08067917823791504,-0.04445977509021759,0.2208486795425415,-0.04174582660198212,-0.053998690098524094,0.15423011779785156,-0.0702289342880249,0.02359899878501892
