mav_pos_x,mav_pos_y,mav_pos_z,mav_vel_x,mav_vel_y,mav_vel_z,mav_yaw,mav_pitch,mav_roll,delta_x,delta_y,delta_z,init_pos_x,init_pos_y,init_pos_z,control_x,control_y,control_z,index_image,timestamp,encoding_1,encoding_2,encoding_3,encoding_4,encoding_5,encoding_6,encoding_7,encoding_8,encoding_9,encoding_10,encoding_11,encoding_12,encoding_13,encoding_14,encoding_15,encoding_16,encoding_17,encoding_18,encoding_19,encoding_20,encoding_21,encoding_22,encoding_23,encoding_24,encoding_25,encoding_26,encoding_27,encoding_28,encoding_29,encoding_30,encoding_31,encoding_32
0.8291759490966797,0.7292993664741516,1.2357821464538574,-0.31730058359977653,-0.040176268527212865,0.009752415817812273,0.021691022159572998,-0.07020656867299567,-0.012144411946550545,0.9359416723251343,0.027509975433349654,-0.16708853244781485,0.8403018116950989,0.7277172207832336,1.2325743436813354,-0.33668813,0.009547271,0.021000206,2.0,1740111812.2103047,-0.04936349019408226,0.012270841747522354,0.1562497317790985,0.2809702157974243,-0.16572429239749908,0.05119806528091431,0.15541435778141022,0.3530026376247406,0.06894828379154205,0.08119460940361023,0.12055790424346924,0.35092398524284363,0.20029160380363464,5.147978663444519e-05,0.12171250581741333,0.06815789639949799,0.1051706001162529,0.12904787063598633,-0.14572195708751678,0.24812749028205872,0.056938860565423965,-0.21094192564487457,-0.18757851421833038,0.07034164667129517,-0.041810043156147,-0.1434936374425888,0.20550520718097687,-0.0034390203654766083,0.07251346111297607,0.3734363913536072,-0.14569032192230225,-0.2799777686595917
0.8201777338981628,0.7288888692855835,1.2365913391113281,-0.31730058359977653,-0.040176268527212865,0.009752415817812273,0.022709248512365728,-0.09585374790670473,-0.040688661137663555,0.9291759490966797,0.029299366474151656,-0.1642178535461425,0.8403018116950989,0.7277172207832336,1.2325743436813354,-0.32093787,0.010606781,0.010368779,3.0,1740111812.230719,-0.04476350173354149,0.014139607548713684,0.16020481288433075,0.27907058596611023,-0.16304215788841248,0.04980041831731796,0.15285459160804749,0.3533357083797455,0.07545376569032669,0.08231742680072784,0.12326748669147491,0.3520463705062866,0.19960419833660126,0.00020726583898067474,0.1276760697364807,0.06873675435781479,0.10944051295518875,0.12761040031909943,-0.1446387618780136,0.2450898289680481,0.055337093770504,-0.21523220837116241,-0.18855351209640503,0.07014992088079453,-0.0367126539349556,-0.1420127898454666,0.20807991921901703,-0.0034063346683979034,0.06885268539190292,0.3735785484313965,-0.14877083897590637,-0.2730828821659088
0.8113119602203369,0.7287468910217285,1.2373647689819336,-0.2576321379019612,-0.009212418959203385,0.020976218767878776,0.02517529666012654,-0.09358168595489592,-0.04853503920358182,0.9137832880020141,0.026768970489501998,-0.1652665376663207,0.8403018116950989,0.7277172207832336,1.2325743436813354,-0.30182064,0.005733423,0.025021866,4.0,1740111812.2749586,-0.043486155569553375,0.01420031301677227,0.16055354475975037,0.27803921699523926,-0.16250385344028473,0.049924567341804504,0.15230289101600647,0.35319289565086365,0.07682568579912186,0.08214415609836578,0.12327107787132263,0.35239705443382263,0.19902199506759644,0.00045388005673885345,0.12904416024684906,0.06863754987716675,0.11094295233488083,0.1274455487728119,-0.144048273563385,0.24353739619255066,0.054749857634305954,-0.2157801389694214,-0.18846990168094635,0.07037720829248428,-0.03530309349298477,-0.1420016586780548,0.20767399668693542,-0.003848109394311905,0.06766742467880249,0.3731183707714081,-0.14960436522960663,-0.27087223529815674
0.8068782091140747,0.7285436987876892,1.2376846075057983,-0.2576321379019612,-0.009212418959203385,0.020976218767878776,0.024234029793110068,-0.08768885158120643,-0.048802341280078786,0.9113119602203369,0.02874689102172856,-0.16263523101806632,0.8403018116950989,0.7277172207832336,1.2325743436813354,-0.30182064,0.005733423,0.025021866,5.0,1740111812.3060815,-0.043486155569553375,0.01420031301677227,0.16055354475975037,0.27803921699523926,-0.16250385344028473,0.049924567341804504,0.15230289101600647,0.35319289565086365,0.07682568579912186,0.08214415609836578,0.12327107787132263,0.35239705443382263,0.19902199506759644,0.00045388005673885345,0.12904416024684906,0.06863754987716675,0.11094295233488083,0.1274455487728119,-0.144048273563385,0.24353739619255066,0.054749857634305954,-0.2157801389694214,-0.18846990168094635,0.07037720829248428,-0.03530309349298477,-0.1420016586780548,0.20767399668693542,-0.003848109394311905,0.06766742467880249,0.3731183707714081,-0.14960436522960663,-0.27087223529815674
0.7846214771270752,0.7282853722572327,1.2398428916931152,-0.2309799938456324,0.015244881394633213,0.043733917254973664,0.02406518315538325,-0.07832767202229113,-0.04736626838672628,0.896362578868866,0.026785659790039107,-0.1631809711456298,0.8403018116950989,0.7277172207832336,1.2325743436813354,-0.32408857,0.01045648,0.01345484,6.0,1740111812.3598478,-0.04238453879952431,0.014498626813292503,0.16188663244247437,0.2791701555252075,-0.16187743842601776,0.04961351305246353,0.15160638093948364,0.3545348346233368,0.0791160836815834,0.08327904343605042,0.12602220475673676,0.35467684268951416,0.20122843980789185,0.0008699260652065277,0.13089360296726227,0.06955672055482864,0.11260420829057693,0.12753263115882874,-0.14477042853832245,0.24458196759223938,0.054478343576192856,-0.21881698071956635,-0.1904485672712326,0.07141777873039246,-0.03558298200368881,-0.14237987995147705,0.20941345393657684,-0.003825705498456955,0.06729477643966675,0.3748043477535248,-0.1503320038318634,-0.27070608735084534
0.780327558517456,0.7281918525695801,1.240366816520691,-0.2309799938456324,0.015244881394633213,0.043733917254973664,0.024637658922999132,-0.07044434857021672,-0.03935153205137517,0.8846214771270752,0.02828537225723271,-0.16015710830688468,0.8403018116950989,0.7277172207832336,1.2325743436813354,-0.31323555,0.010059297,0.014311321,7.0,1740111812.3827739,-0.040479179471731186,0.015021204948425293,0.1650196611881256,0.28055158257484436,-0.16169238090515137,0.04950982332229614,0.15179066359996796,0.3568446934223175,0.08222828805446625,0.08466719090938568,0.12789307534694672,0.3577932119369507,0.202333003282547,0.0012540388852357864,0.13483451306819916,0.07025264948606491,0.11491014808416367,0.12770654261112213,-0.14506639540195465,0.2454218566417694,0.053767841309309006,-0.2219325602054596,-0.19212989509105682,0.071820467710495,-0.03418297320604324,-0.14271871745586395,0.2116696983575821,-0.003573749214410782,0.06589654088020325,0.37776100635528564,-0.152568981051445,-0.2698708474636078
0.780327558517456,0.7281918525695801,1.240366816520691,-0.2309799938456324,0.015244881394633213,0.043733917254973664,0.024637658922999132,-0.07044434857021672,-0.03935153205137517,0.880327558517456,0.028191852569580123,-0.159633183479309,0.8403018116950989,0.7277172207832336,1.2325743436813354,-0.31323555,0.010059297,0.014311321,8.0,1740111812.4140794,-0.040479179471731186,0.015021204948425293,0.1650196611881256,0.28055158257484436,-0.16169238090515137,0.04950982332229614,0.15179066359996796,0.3568446934223175,0.08222828805446625,0.08466719090938568,0.12789307534694672,0.3577932119369507,0.202333003282547,0.0012540388852357864,0.13483451306819916,0.07025264948606491,0.11491014808416367,0.12770654261112213,-0.14506639540195465,0.2454218566417694,0.053767841309309006,-0.2219325602054596,-0.19212989509105682,0.071820467710495,-0.03418297320604324,-0.14271871745586395,0.2116696983575821,-0.003573749214410782,0.06589654088020325,0.37776100635528564,-0.152568981051445,-0.2698708474636078
0.7650125026702881,0.7438526749610901,1.2435322999954224,-0.2309799938456324,0.015244881394633213,0.043733917254973664,1.4411409517017304,-0.3290461719008458,0.8052438462780193,0.880327558517456,0.028191852569580123,-0.159633183479309,0.8403018116950989,0.7277172207832336,1.2325743436813354,-0.2665853,0.0013445541,0.02807726,9.0,1740111812.4554455,-0.043658606708049774,0.016558881849050522,0.17065668106079102,0.29583433270454407,-0.16823193430900574,0.04753287881612778,0.157141774892807,0.36830204725265503,0.08471936732530594,0.0897742360830307,0.1373562216758728,0.37154117226600647,0.21127872169017792,-0.0036480482667684555,0.1408279687166214,0.07098302990198135,0.11712991446256638,0.13407066464424133,-0.15405668318271637,0.25830337405204773,0.05088866874575615,-0.23302260041236877,-0.200996533036232,0.07662900537252426,-0.03936485946178436,-0.14671459794044495,0.2239515781402588,-0.007245447486639023,0.06498944759368896,0.3895726203918457,-0.15369577705860138,-0.27914920449256897
0.7495949268341064,0.7279484272003174,1.2449743747711182,-0.25892582449724194,0.13828501107129393,0.043408788570784784,0.023820656410286148,-0.08101126036620963,-0.0301217215197794,0.8605935335159302,0.04361628293991093,-0.1558135986328124,0.8403018116950989,0.7277172207832336,1.2325743436813354,-0.27251923,0.0045996457,0.019217908,10.0,1740111812.4888916,-0.04114770144224167,0.018037762492895126,0.1724138706922531,0.2917138636112213,-0.16295139491558075,0.04635299742221832,0.15405237674713135,0.36546429991722107,0.08817409723997116,0.09123066067695618,0.1393478810787201,0.36912602186203003,0.21034783124923706,-0.001429181545972824,0.1424669772386551,0.07126355916261673,0.11724309623241425,0.13048917055130005,-0.15027283132076263,0.2549905776977539,0.05151766166090965,-0.2354079633951187,-0.20051175355911255,0.07573425769805908,-0.036957912147045135,-0.14377276599407196,0.2237119972705841,-0.005786053836345673,0.0633857324719429,0.38834741711616516,-0.1526477187871933,-0.27358677983283997
0.7444711923599243,0.7271249294281006,1.2478820085525513,-0.25892582449724194,0.13828501107129393,0.043408788570784784,0.07182796750740757,-0.3783779873625068,-0.2593179316465553,0.8495949268341064,0.027948427200317427,-0.15502562522888175,0.8403018116950989,0.7277172207832336,1.2325743436813354,-0.27251923,0.0045996457,0.019217908,11.0,1740111812.5221367,-0.04114770144224167,0.018037762492895126,0.1724138706922531,0.2917138636112213,-0.16295139491558075,0.04635299742221832,0.15405237674713135,0.36546429991722107,0.08817409723997116,0.09123066067695618,0.1393478810787201,0.36912602186203003,0.21034783124923706,-0.001429181545972824,0.1424669772386551,0.07126355916261673,0.11724309623241425,0.13048917055130005,-0.15027283132076263,0.2549905776977539,0.05151766166090965,-0.2354079633951187,-0.20051175355911255,0.07573425769805908,-0.036957912147045135,-0.14377276599407196,0.2237119972705841,-0.005786053836345673,0.0633857324719429,0.38834741711616516,-0.1526477187871933,-0.27358677983283997
0.7444711923599243,0.7271249294281006,1.2478820085525513,-0.25892582449724194,0.13828501107129393,0.043408788570784784,0.07182796750740757,-0.3783779873625068,-0.2593179316465553,0.8444711923599243,0.02712492942810063,-0.15211799144744864,0.8403018116950989,0.7277172207832336,1.2325743436813354,-0.25259128,0.0010047406,0.0372545,12.0,1740111812.5560613,-0.04092184454202652,0.018350688740611076,0.17075760662555695,0.29021576046943665,-0.16233748197555542,0.04475495219230652,0.15294861793518066,0.36316272616386414,0.08839057385921478,0.09006746113300323,0.13807745277881622,0.3669130802154541,0.20912858843803406,-0.0033391620963811874,0.14207157492637634,0.07054495066404343,0.1174972802400589,0.13027726113796234,-0.15060463547706604,0.25301095843315125,0.04903913661837578,-0.23376230895519257,-0.19951225817203522,0.07557587325572968,-0.03541182726621628,-0.14272141456604004,0.22359909117221832,-0.007020261138677597,0.06208956986665726,0.3848165273666382,-0.15166476368904114,-0.270496129989624
0.7207228541374207,0.7264415621757507,1.2488807439804077,-0.3066983886527112,-0.13211360493564514,0.03611042845772093,0.007385844861507516,0.012144756675872403,0.03951177846024809,0.8444711923599243,0.02712492942810063,-0.15211799144744864,0.8403018116950989,0.7277172207832336,1.2325743436813354,-0.2583419,-0.0001502037,0.050196223,13.0,1740111812.589198,-0.03616151213645935,0.019550468772649765,0.16742156445980072,0.27688413858413696,-0.1521492749452591,0.040360406041145325,0.14526142179965973,0.3509739637374878,0.09217976033687592,0.08793288469314575,0.1355765163898468,0.35550177097320557,0.2028975933790207,-0.002368716523051262,0.14148946106433868,0.06808190047740936,0.11798223853111267,0.12349480390548706,-0.1428326517343521,0.24002602696418762,0.045257773250341415,-0.23101814091205597,-0.19388499855995178,0.07279811799526215,-0.0286332368850708,-0.13629640638828278,0.21898606419563293,-0.006777636706829071,0.057280465960502625,0.37191882729530334,-0.14668944478034973,-0.25366902351379395
0.7158368229866028,0.7263690829277039,1.2499001026153564,-0.3066983886527112,-0.13211360493564514,0.03611042845772093,0.00865331107548414,0.01146863272333344,0.041111252982330884,0.8207228541374206,0.026441562175750777,-0.1511192560195922,0.8403018116950989,0.7277172207832336,1.2325743436813354,-0.2574668,0.000819467,0.04639766,14.0,1740111812.6253452,-0.03604447841644287,0.01987634412944317,0.1697809398174286,0.28027185797691345,-0.15240749716758728,0.04012283682823181,0.14551052451133728,0.35439586639404297,0.09341500699520111,0.08996762335300446,0.1386564075946808,0.3591633439064026,0.20490658283233643,-0.0019235797226428986,0.14382362365722656,0.06788816303014755,0.11974439769983292,0.1243860125541687,-0.14364932477474213,0.2423214316368103,0.045435305684804916,-0.23610439896583557,-0.19583579897880554,0.07492201030254364,-0.03040541708469391,-0.13768219947814941,0.22166608273983002,-0.008081112056970596,0.056059084832668304,0.3748737871646881,-0.14747467637062073,-0.2550518214702606
0.706243097782135,0.7263950705528259,1.251969814300537,-0.3066983886527112,-0.13211360493564514,0.03611042845772093,0.008360408808683877,0.011990228278717235,0.04223622193521279,0.8158368229866028,0.026369082927703902,-0.15009989738464347,0.8403018116950989,0.7277172207832336,1.2325743436813354,-0.2649796,0.00011113286,0.047930837,15.0,1740111812.656832,-0.030651021748781204,0.02036476694047451,0.172662615776062,0.27729877829551697,-0.15018369257450104,0.04143691062927246,0.14348676800727844,0.35541242361068726,0.09906412661075592,0.09112304449081421,0.13821087777614594,0.3607751429080963,0.20447076857089996,0.0012579234316945076,0.14861905574798584,0.06983989477157593,0.12397745251655579,0.12239955365657806,-0.14151647686958313,0.23990273475646973,0.04650861397385597,-0.23795640468597412,-0.19609735906124115,0.07440822571516037,-0.026031464338302612,-0.13716919720172882,0.22119271755218506,-0.006018344312906265,0.05517756566405296,0.37648433446884155,-0.15190038084983826,-0.2512555420398712
0.6896446347236633,0.7261807322502136,1.2541757822036743,-0.3081369923244396,-0.0025860988910978155,0.052499698603648434,0.023654382350630512,0.0017142991029409369,0.052109068148798524,0.8016783952713012,0.026606845855712935,-0.14663043022155753,0.8403018116950989,0.7277172207832336,1.2325743436813354,-0.2649796,0.00011113286,0.047930837,16.0,1740111812.6957216,-0.030651021748781204,0.02036476694047451,0.172662615776062,0.27729877829551697,-0.15018369257450104,0.04143691062927246,0.14348676800727844,0.35541242361068726,0.09906412661075592,0.09112304449081421,0.13821087777614594,0.3607751429080963,0.20447076857089996,0.0012579234316945076,0.14861905574798584,0.06983989477157593,0.12397745251655579,0.12239955365657806,-0.14151647686958313,0.23990273475646973,0.04650861397385597,-0.23795640468597412,-0.19609735906124115,0.07440822571516037,-0.026031464338302612,-0.13716919720172882,0.22119271755218506,-0.006018344312906265,0.05517756566405296,0.37648433446884155,-0.15190038084983826,-0.2512555420398712
0.6794478297233582,0.7260182499885559,1.2556089162826538,-0.3081369923244396,-0.0025860988910978155,0.052499698603648434,0.02304859358826,0.0034343300624679845,0.042481575424353255,0.7896446347236633,0.026180732250213667,-0.1458242177963256,0.8403018116950989,0.7277172207832336,1.2325743436813354,-0.25997952,-0.0011502579,0.052536257,17.0,1740111812.7314956,-0.028724445030093193,0.021278036758303642,0.17186668515205383,0.27173566818237305,-0.14493517577648163,0.040017180144786835,0.14000381529331207,0.3501209020614624,0.10044430941343307,0.09136797487735748,0.13791923224925995,0.35595837235450745,0.2024877965450287,0.0031230170279741287,0.14782065153121948,0.06924641132354736,0.1230626255273819,0.11832021176815033,-0.13728003203868866,0.2352798581123352,0.04653867334127426,-0.23717691004276276,-0.1941220462322235,0.07278048247098923,-0.02405814826488495,-0.13392232358455658,0.21939370036125183,-0.004516385495662689,0.05401017516851425,0.37229886651039124,-0.14940857887268066,-0.2454126924276352
0.6706405282020569,0.7268273234367371,1.2587076425552368,-0.3081369923244396,-0.0025860988910978155,0.052499698603648434,0.007847716932859612,0.01789406378829748,0.03691434112433552,0.7794478297233581,0.026018249988555953,-0.1443910837173461,0.8403018116950989,0.7277172207832336,1.2325743436813354,-0.23970051,-0.0040057376,0.058029216,18.0,1740111812.7606053,-0.026707317680120468,0.02435714192688465,0.1650831401348114,0.2548547089099884,-0.1307208091020584,0.031060703098773956,0.13034211099147797,0.3289757966995239,0.10026364773511887,0.08964194357395172,0.13366374373435974,0.33697062730789185,0.19277705252170563,0.0011489875614643097,0.14153407514095306,0.06362362205982208,0.11745363473892212,0.10834003984928131,-0.12573426961898804,0.21979781985282898,0.04036964476108551,-0.23122979700565338,-0.1844874769449234,0.06763005256652832,-0.01853930577635765,-0.12234470248222351,0.21423371136188507,-0.005354799330234528,0.04765229672193527,0.3521098792552948,-0.136868417263031,-0.2245708853006363
0.6601607203483582,0.7269663214683533,1.2610666751861572,-0.3081369923244396,-0.0025860988910978155,0.052499698603648434,0.010093569151601969,0.01662920642775319,0.04144300022235722,0.7706405282020569,0.026827323436737105,-0.1412923574447631,0.8403018116950989,0.7277172207832336,1.2325743436813354,-0.23970051,-0.0040057376,0.058029216,19.0,1740111812.79435,-0.026707317680120468,0.02435714192688465,0.1650831401348114,0.2548547089099884,-0.1307208091020584,0.031060703098773956,0.13034211099147797,0.3289757966995239,0.10026364773511887,0.08964194357395172,0.13366374373435974,0.33697062730789185,0.19277705252170563,0.0011489875614643097,0.14153407514095306,0.06362362205982208,0.11745363473892212,0.10834003984928131,-0.12573426961898804,0.21979781985282898,0.04036964476108551,-0.23122979700565338,-0.1844874769449234,0.06763005256652832,-0.01853930577635765,-0.12234470248222351,0.21423371136188507,-0.005354799330234528,0.04765229672193527,0.3521098792552948,-0.136868417263031,-0.2245708853006363
0.6544580459594727,0.7269424796104431,1.2616889476776123,-0.2951960196019602,0.006390639063906391,0.06303130313031303,0.008400119277613673,0.016266238307223752,0.033838469284939526,0.7601607203483581,0.026966321468353316,-0.13893332481384268,0.8403018116950989,0.7277172207832336,1.2325743436813354,-0.22816753,-0.0029619262,0.05081539,20.0,1740111812.82752,-0.027330618351697922,0.024795113131403923,0.16288337111473083,0.25141245126724243,-0.12814825773239136,0.028963938355445862,0.12850502133369446,0.3243400454521179,0.09960935264825821,0.08866681158542633,0.13362127542495728,0.33267295360565186,0.19114071130752563,0.0002920757979154587,0.13953648507595062,0.062304768711328506,0.1157316267490387,0.10681730508804321,-0.12425032258033752,0.21683555841445923,0.038568537682294846,-0.22960053384304047,-0.18293410539627075,0.06699299067258835,-0.01789332553744316,-0.12005463242530823,0.21324412524700165,-0.005996566265821457,0.046249862760305405,0.3470572233200073,-0.13340863585472107,-0.22045792639255524
0.6368824243545532,0.7265704870223999,1.2642980813980103,-0.2951960196019602,0.006390639063906391,0.06303130313031303,0.023906784205254238,0.005751702780880019,0.045745281503346884,0.7478959918022156,0.026371347904205367,-0.1382011413574218,0.8403018116950989,0.7277172207832336,1.2325743436813354,-0.22816753,-0.0029619262,0.05081539,21.0,1740111812.860858,-0.027330618351697922,0.024795113131403923,0.16288337111473083,0.25141245126724243,-0.12814825773239136,0.028963938355445862,0.12850502133369446,0.3243400454521179,0.09960935264825821,0.08866681158542633,0.13362127542495728,0.33267295360565186,0.19114071130752563,0.0002920757979154587,0.13953648507595062,0.062304768711328506,0.1157316267490387,0.10681730508804321,-0.12425032258033752,0.21683555841445923,0.038568537682294846,-0.22960053384304047,-0.18293410539627075,0.06699299067258835,-0.01789332553744316,-0.12005463242530823,0.21324412524700165,-0.005996566265821457,0.046249862760305405,0.3470572233200073,-0.13340863585472107,-0.22045792639255524
0.6267485618591309,0.7269774675369263,1.2670073509216309,-0.2951960196019602,0.006390639063906391,0.06303130313031303,0.011530240313004314,0.017499341500510832,0.0372842548481043,0.7368824243545532,0.026570487022399947,-0.13570191860198966,0.8403018116950989,0.7277172207832336,1.2325743436813354,-0.20913786,0.0017402545,0.03208527,22.0,1740111812.8933642,-0.019947513937950134,0.02581242471933365,0.16498374938964844,0.24218341708183289,-0.12126338481903076,0.026004545390605927,0.12224254757165909,0.31917914748191833,0.10588620603084564,0.08907024562358856,0.13370712101459503,0.32903608679771423,0.18770918250083923,0.0032157888635993004,0.14538700878620148,0.06123390421271324,0.12040940672159195,0.10133934020996094,-0.11733569204807281,0.20717668533325195,0.03529978170990944,-0.23367059230804443,-0.1793072521686554,0.0661502331495285,-0.012011073529720306,-0.11678484082221985,0.2124631106853485,-0.006113514304161072,0.039316609501838684,0.34235966205596924,-0.13416063785552979,-0.20612981915473938
0.6213406920433044,0.7268340587615967,1.2680554389953613,-0.2951960196019602,0.006390639063906391,0.06303130313031303,0.011882335967153473,0.01738932053549335,0.03773693803205818,0.7267485618591308,0.026977467536926314,-0.13299264907836905,0.8403018116950989,0.7277172207832336,1.2325743436813354,-0.20162955,0.0010023788,0.033204988,23.0,1740111812.9271002,-0.019091039896011353,0.026877976953983307,0.1698359102010727,0.24434173107147217,-0.12081938982009888,0.025429747998714447,0.12210116535425186,0.3233051896095276,0.10836591571569443,0.09151744842529297,0.1382182240486145,0.33267489075660706,0.1898597925901413,0.005019674077630043,0.14909081161022186,0.06152523681521416,0.12100101262331009,0.10049928724765778,-0.11716707050800323,0.2090378701686859,0.036588747054338455,-0.2396966964006424,-0.1812472939491272,0.06670402735471725,-0.012683391571044922,-0.11719335615634918,0.21643193066120148,-0.0049145519733428955,0.038125015795230865,0.3480774164199829,-0.1353936493396759,-0.20629355311393738
0.6097760796546936,0.7267952561378479,1.2700998783111572,-0.3277525787552346,-0.001954582077526782,0.058193826902609096,0.012047772371576884,0.016420979649469498,0.03547622028560683,0.715178644657135,0.026708233356475874,-0.1313368320465087,0.8403018116950989,0.7277172207832336,1.2325743436813354,-0.20162955,0.0010023788,0.033204988,24.0,1740111812.9513242,-0.019091039896011353,0.026877976953983307,0.1698359102010727,0.24434173107147217,-0.12081938982009888,0.025429747998714447,0.12210116535425186,0.3233051896095276,0.10836591571569443,0.09151744842529297,0.1382182240486145,0.33267489075660706,0.1898597925901413,0.005019674077630043,0.14909081161022186,0.06152523681521416,0.12100101262331009,0.10049928724765778,-0.11716707050800323,0.2090378701686859,0.036588747054338455,-0.2396966964006424,-0.1812472939491272,0.06670402735471725,-0.012683391571044922,-0.11719335615634918,0.21643193066120148,-0.0049145519733428955,0.038125015795230865,0.3480774164199829,-0.1353936493396759,-0.20629355311393738
0.597944438457489,0.7268638610839844,1.2721790075302124,-0.3277525787552346,-0.001954582077526782,0.058193826902609096,0.012008787013281532,0.013297339873838536,0.033585143913725204,0.704437530040741,0.026844906806945845,-0.12852039337158194,0.8403018116950989,0.7277172207832336,1.2325743436813354,-0.19077525,-0.002228029,0.047463685,25.0,1740111812.9843702,-0.018991798162460327,0.02828054130077362,0.16842959821224213,0.240163654088974,-0.11576341092586517,0.021603208035230637,0.11959868669509888,0.3170168101787567,0.10822667926549911,0.09245167672634125,0.1385812610387802,0.3276037573814392,0.1876346915960312,0.0035124821588397026,0.14752303063869476,0.05878297612071037,0.1190885603427887,0.09805034101009369,-0.11372579634189606,0.20549175143241882,0.03408999368548393,-0.23992562294006348,-0.17919796705245972,0.06570180505514145,-0.011872626841068268,-0.1136564165353775,0.21697820723056793,-0.005778558552265167,0.035460859537124634,0.3423425257205963,-0.1306496411561966,-0.19990108907222748
0.5862438678741455,0.7267530560493469,1.2742234468460083,-0.3277525787552346,-0.001954582077526782,0.058193826902609096,0.011661059317578262,0.011662484282104332,0.030898314112825745,0.6921132564544678,0.02681057453155522,-0.12679221630096427,0.8403018116950989,0.7277172207832336,1.2325743436813354,-0.19077525,-0.002228029,0.047463685,26.0,1740111813.0267565,-0.018991798162460327,0.02828054130077362,0.16842959821224213,0.240163654088974,-0.11576341092586517,0.021603208035230637,0.11959868669509888,0.3170168101787567,0.10822667926549911,0.09245167672634125,0.1385812610387802,0.3276037573814392,0.1876346915960312,0.0035124821588397026,0.14752303063869476,0.05878297612071037,0.1190885603427887,0.09805034101009369,-0.11372579634189606,0.20549175143241882,0.03408999368548393,-0.23992562294006348,-0.17919796705245972,0.06570180505514145,-0.011872626841068268,-0.1136564165353775,0.21697820723056793,-0.005778558552265167,0.035460859537124634,0.3423425257205963,-0.1306496411561966,-0.19990108907222748
0.5748190879821777,0.7267827987670898,1.2764408588409424,-0.34680674249874394,0.00040301169388731864,0.06562601943504547,0.013680326814787968,0.012082172357223447,0.027924607945113734,0.6804539322853088,0.026748585700988814,-0.12476589679718009,0.8403018116950989,0.7277172207832336,1.2325743436813354,-0.18404229,0.0025420412,0.047025975,27.0,1740111813.0517237,-0.015025117434561253,0.03104330599308014,0.17448848485946655,0.23583868145942688,-0.11107057332992554,0.015030700713396072,0.11518444865942001,0.31502440571784973,0.11500207334756851,0.0929497629404068,0.1443343460559845,0.3264755308628082,0.185827374458313,0.0034187287092208862,0.1546107530593872,0.05615690350532532,0.12105067074298859,0.09404151141643524,-0.10949409008026123,0.19938865303993225,0.02903112769126892,-0.24913248419761658,-0.17808014154434204,0.06525324285030365,-0.007611565291881561,-0.10978913307189941,0.22294902801513672,-0.0071677565574646,0.027980884537100792,0.34165456891059875,-0.12888585031032562,-0.18572714924812317
0.5631383061408997,0.7266387939453125,1.2782145738601685,-0.34680674249874394,0.00040301169388731864,0.06562601943504547,0.014061022725004257,0.01270862884342319,0.024514386210949066,0.6689259767532348,0.02646623849868779,-0.12285139560699454,0.8403018116950989,0.7277172207832336,1.2325743436813354,-0.18404229,0.0025420412,0.047025975,28.0,1740111813.0861146,-0.015025117434561253,0.03104330599308014,0.17448848485946655,0.23583868145942688,-0.11107057332992554,0.015030700713396072,0.11518444865942001,0.31502440571784973,0.11500207334756851,0.0929497629404068,0.1443343460559845,0.3264755308628082,0.185827374458313,0.0034187287092208862,0.1546107530593872,0.05615690350532532,0.12105067074298859,0.09404151141643524,-0.10949409008026123,0.19938865303993225,0.02903112769126892,-0.24913248419761658,-0.17808014154434204,0.06525324285030365,-0.007611565291881561,-0.10978913307189941,0.22294902801513672,-0.0071677565574646,0.027980884537100792,0.34165456891059875,-0.12888585031032562,-0.18572714924812317
0.5513352155685425,0.7264302968978882,1.279948115348816,-0.34680674249874394,0.00040301169388731864,0.06562601943504547,0.014357923465682714,0.01514882478009907,0.02162718340338101,0.656904137134552,0.02642356157302861,-0.12120463848114005,0.8403018116950989,0.7277172207832336,1.2325743436813354,-0.18197082,0.0016543642,0.04665626,29.0,1740111813.1187987,-0.010749613866209984,0.031173627823591232,0.17086225748062134,0.2257717251777649,-0.10709357261657715,0.013254500925540924,0.11031979322433472,0.30715811252593994,0.11841084808111191,0.08908037841320038,0.1386910080909729,0.31916770339012146,0.18142637610435486,0.003747916780412197,0.15466679632663727,0.056174542754888535,0.1228644847869873,0.09057343006134033,-0.10594785213470459,0.1897979974746704,0.025925852358341217,-0.2430078238248825,-0.17378558218479156,0.06225375086069107,0.00014933571219444275,-0.10638181865215302,0.21786350011825562,-0.00579969584941864,0.02607550658285618,0.33277377486228943,-0.12948919832706451,-0.17529654502868652
0.5396842956542969,0.7261712551116943,1.2814674377441406,-0.3712135190990162,-0.0052566796627389,0.05675542491946198,0.014754151741461372,0.01728642927488671,0.018437880214609594,0.6451216101646423,0.026194977760314986,-0.11965348720550528,0.8403018116950989,0.7277172207832336,1.2325743436813354,-0.17450738,0.0030016005,0.03586804,30.0,1740111813.1510165,-0.005225876346230507,0.031338490545749664,0.17805838584899902,0.23180130124092102,-0.11087338626384735,0.015048734843730927,0.11172518134117126,0.3175218105316162,0.1268673539161682,0.09237544238567352,0.14201617240905762,0.331137478351593,0.186082124710083,0.004274096339941025,0.16517512500286102,0.05936771631240845,0.13194528222084045,0.093534916639328,-0.11004677414894104,0.19426429271697998,0.025144677609205246,-0.251658171415329,-0.17919839918613434,0.06505553424358368,0.00393575057387352,-0.11047802865505219,0.22394642233848572,-0.00597207248210907,0.024228746071457863,0.3427909016609192,-0.13920868933200836,-0.17655359208583832
0.5283884406089783,0.7257973551750183,1.2829720973968506,-0.3712135190990162,-0.0052566796627389,0.05675542491946198,0.014387875854344659,0.018686181098039774,0.014414619677415795,0.6334422588348388,0.02598028182983403,-0.11812868118286124,0.8403018116950989,0.7277172207832336,1.2325743436813354,-0.17450738,0.0030016005,0.03586804,31.0,1740111813.1863172,-0.005225876346230507,0.031338490545749664,0.17805838584899902,0.23180130124092102,-0.11087338626384735,0.015048734843730927,0.11172518134117126,0.3175218105316162,0.1268673539161682,0.09237544238567352,0.14201617240905762,0.331137478351593,0.186082124710083,0.004274096339941025,0.16517512500286102,0.05936771631240845,0.13194528222084045,0.093534916639328,-0.11004677414894104,0.19426429271697998,0.025144677609205246,-0.251658171415329,-0.17919839918613434,0.06505553424358368,0.00393575057387352,-0.11047802865505219,0.22394642233848572,-0.00597207248210907,0.024228746071457863,0.3427909016609192,-0.13920868933200836,-0.17655359208583832
0.5164163708686829,0.7255263328552246,1.2843128442764282,-0.3712135190990162,-0.0052566796627389,0.05675542491946198,0.014644039213608462,0.016328922368224152,0.012675003879861998,0.6222294926643371,0.025720942020416304,-0.11639621257781974,0.8403018116950989,0.7277172207832336,1.2325743436813354,-0.16976497,-7.211417e-05,0.04932638,32.0,1740111813.2168565,-0.001739276573061943,0.035503000020980835,0.18222743272781372,0.2278902232646942,-0.10250404477119446,0.008290309458971024,0.10642234236001968,0.3131970465183258,0.13407014310359955,0.09512248635292053,0.14690566062927246,0.32882624864578247,0.18485338985919952,0.003070245496928692,0.169612318277359,0.05724982172250748,0.13298214972019196,0.08811038732528687,-0.10564646124839783,0.18961787223815918,0.02088094875216484,-0.25895956158638,-0.17884527146816254,0.06416687369346619,0.008790388703346252,-0.10504360496997833,0.22909675538539886,-0.006437037140130997,0.01780501753091812,0.33940061926841736,-0.1359410434961319,-0.16433429718017578
0.504997730255127,0.7251280546188354,1.285652756690979,-0.3465099163770867,-0.010421306098923215,0.0418102657784362,0.014467072268896004,0.015827328456365353,0.010986660563636728,0.6106764435768127,0.025355982780456587,-0.1150108814239501,0.8403018116950989,0.7277172207832336,1.2325743436813354,-0.13980773,-0.008811448,0.06750625,33.0,1740111813.2495682,-0.0002157166600227356,0.03714633360505104,0.17586195468902588,0.2132565975189209,-0.0914347767829895,0.0019698254764080048,0.09796682745218277,0.29655712842941284,0.13412106037139893,0.09133212268352509,0.1428944617509842,0.31258177757263184,0.17720428109169006,0.002081809565424919,0.16447314620018005,0.05317864194512367,0.12969709932804108,0.08014284074306488,-0.09774358570575714,0.17538303136825562,0.015778798609972,-0.2527076005935669,-0.1710459440946579,0.06044875830411911,0.014090260490775108,-0.09648363292217255,0.22363588213920593,-0.006929509341716766,0.01305416226387024,0.3213352859020233,-0.12677434086799622,-0.14705468714237213
0.49371957778930664,0.7246682643890381,1.2869583368301392,-0.3465099163770867,-0.010421306098923215,0.0418102657784362,0.014318297007163812,0.015730483200198885,0.011429760026708192,0.5981028437614441,0.02427541017532353,-0.11437132358551017,0.8403018116950989,0.7277172207832336,1.2325743436813354,-0.13980773,-0.008811448,0.06750625,34.0,1740111813.284339,-0.0002157166600227356,0.03714633360505104,0.17586195468902588,0.2132565975189209,-0.0914347767829895,0.0019698254764080048,0.09796682745218277,0.29655712842941284,0.13412106037139893,0.09133212268352509,0.1428944617509842,0.31258177757263184,0.17720428109169006,0.002081809565424919,0.16447314620018005,0.05317864194512367,0.12969709932804108,0.08014284074306488,-0.09774358570575714,0.17538303136825562,0.015778798609972,-0.2527076005935669,-0.1710459440946579,0.06044875830411911,0.014090260490775108,-0.09648363292217255,0.22363588213920593,-0.006929509341716766,0.01305416226387024,0.3213352859020233,-0.12677434086799622,-0.14705468714237213
0.48244357109069824,0.7241750359535217,1.2880033254623413,-0.3465099163770867,-0.010421306098923215,0.0418102657784362,0.014019339437380676,0.014523893838316294,0.009734247558280264,0.5880374073982239,0.024391996860504195,-0.11256554126739493,0.8403018116950989,0.7277172207832336,1.2325743436813354,-0.15028799,-2.2187829e-05,0.04591256,35.0,1740111813.3170836,0.0003286954015493393,0.03708069026470184,0.1777980625629425,0.2171301543712616,-0.09292122721672058,0.0014911442995071411,0.09844440221786499,0.30024296045303345,0.13554514944553375,0.09334024786949158,0.14645007252693176,0.31712353229522705,0.17994894087314606,0.0011269273236393929,0.16777750849723816,0.052992433309555054,0.13260452449321747,0.08205944299697876,-0.10003525018692017,0.1779828667640686,0.014132318086922169,-0.25811365246772766,-0.1737184375524521,0.06361422687768936,0.012721534818410873,-0.09808791428804398,0.22733238339424133,-0.010026898235082626,0.010937035083770752,0.32395005226135254,-0.12748382985591888,-0.14780443906784058
0.4714820384979248,0.7234606146812439,1.2889647483825684,-0.3050407950698724,-0.015176091485114139,0.03014386771981599,0.014202698654290295,0.01393877189916754,0.008309535147436847,0.5769886136054992,0.023831295967102095,-0.11150517463684073,0.8403018116950989,0.7277172207832336,1.2325743436813354,-0.11988957,-0.00956098,0.06724641,36.0,1740111813.3498049,0.0006600338965654373,0.035874560475349426,0.17603303492069244,0.21589580178260803,-0.09324395656585693,0.0023910701274871826,0.09930962324142456,0.29875674843788147,0.13486751914024353,0.09296254813671112,0.1439204066991806,0.316570907831192,0.17991462349891663,0.0007052868604660034,0.16742569208145142,0.05418835207819939,0.1330813318490982,0.08265836536884308,-0.09966878592967987,0.17805525660514832,0.013523083180189133,-0.25571900606155396,-0.17293044924736023,0.06381737440824509,0.01331990398466587,-0.09876232594251633,0.2252972424030304,-0.01002785935997963,0.01131667010486126,0.3230462372303009,-0.12831535935401917,-0.14789383113384247
0.4607325494289398,0.7228445410728455,1.2898690700531006,-0.3050407950698724,-0.015176091485114139,0.03014386771981599,0.013846934864124976,0.013877730992083587,0.0067286149193122625,0.5660459756851196,0.023164856433868453,-0.11053242683410636,0.8403018116950989,0.7277172207832336,1.2325743436813354,-0.11988957,-0.00956098,0.06724641,37.0,1740111813.385305,0.0006600338965654373,0.035874560475349426,0.17603303492069244,0.21589580178260803,-0.09324395656585693,0.0023910701274871826,0.09930962324142456,0.29875674843788147,0.13486751914024353,0.09296254813671112,0.1439204066991806,0.316570907831192,0.17991462349891663,0.0007052868604660034,0.16742569208145142,0.05418835207819939,0.1330813318490982,0.08265836536884308,-0.09966878592967987,0.17805525660514832,0.013523083180189133,-0.25571900606155396,-0.17293044924736023,0.06381737440824509,0.01331990398466587,-0.09876232594251633,0.2252972424030304,-0.01002785935997963,0.01131667010486126,0.3230462372303009,-0.12831535935401917,-0.14789383113384247
0.44972336292266846,0.721712052822113,1.2903414964675903,-0.3050407950698724,-0.015176091485114139,0.03014386771981599,0.011465825196077556,0.009865432255869092,0.0015813205943125798,0.5563657641410827,0.022647190093994185,-0.10946979522705069,0.8403018116950989,0.7277172207832336,1.2325743436813354,-0.12592475,0.006319262,0.018967666,38.0,1740111813.4165914,0.006611810997128487,0.04132704436779022,0.18310971558094025,0.2110041379928589,-0.08325542509555817,-0.008114278316497803,0.09248881042003632,0.29290884733200073,0.1434781402349472,0.09632422029972076,0.15018326044082642,0.3141136169433594,0.17643161118030548,-0.0017013847827911377,0.1754792034626007,0.047458820044994354,0.13606497645378113,0.07634854316711426,-0.09190133213996887,0.16941490769386292,0.004099792800843716,-0.268303245306015,-0.1704985350370407,0.06181921064853668,0.018437348306179047,-0.09324003756046295,0.2342529147863388,-0.012033533304929733,-0.0007448233664035797,0.3193014860153198,-0.12394042313098907,-0.12848366796970367
0.4409525990486145,0.721412181854248,1.2916542291641235,-0.3050407950698724,-0.015176091485114139,0.03014386771981599,0.0029713969409286317,0.018374123085218134,0.001039578293778043,0.5459640383720398,0.021744835376739546,-0.10871961116790763,0.8403018116950989,0.7277172207832336,1.2325743436813354,-0.11698866,0.0023426265,0.03863883,39.0,1740111813.4501367,0.007035514339804649,0.041880033910274506,0.18367071449756622,0.20923340320587158,-0.08168640732765198,-0.00978568010032177,0.09125485271215439,0.29123881459236145,0.1443013697862625,0.09619654715061188,0.15089388191699982,0.3124476373195648,0.17579364776611328,-0.00145048089325428,0.17614446580410004,0.047540973871946335,0.1352681964635849,0.07466594874858856,-0.09034532308578491,0.16800588369369507,0.0039026401937007904,-0.26912644505500793,-0.1695937067270279,0.06130924075841904,0.01896033249795437,-0.09193002432584763,0.23458951711654663,-0.011910505592823029,-0.0015955734997987747,0.3184167742729187,-0.12267500162124634,-0.12557409703731537
0.4304664433002472,0.7203715443611145,1.2920701503753662,-0.3262064491253,-0.02379809983450451,0.026237750301097814,0.005156834512065176,0.017854830855178087,0.002107972163806467,0.5355782866477966,0.0208412885665894,-0.10814740657806388,0.8403018116950989,0.7277172207832336,1.2325743436813354,-0.11648113,0.0032840595,0.04097688,40.0,1740111813.483212,0.007466012611985207,0.04260636866092682,0.18584327399730682,0.21313360333442688,-0.0832396000623703,-0.01030716672539711,0.0920262485742569,0.2947176992893219,0.14708676934242249,0.09716527163982391,0.1532101184129715,0.3167118728160858,0.17771336436271667,-0.003773348405957222,0.17940449714660645,0.0483115017414093,0.13777875900268555,0.07644663751125336,-0.09345458447933197,0.17056497931480408,0.0017671454697847366,-0.27247369289398193,-0.17210699617862701,0.06281346827745438,0.020192135125398636,-0.09290160238742828,0.23829816281795502,-0.013822495937347412,-0.00294557586312294,0.3210397958755493,-0.12460651993751526,-0.12601475417613983
0.4205351173877716,0.7194021940231323,1.2924907207489014,-0.3262064491253,-0.02379809983450451,0.026237750301097814,0.0037201422301142983,0.01771282819546623,0.00186793412119393,0.5236026108264923,0.019387352466583296,-0.1083793878555297,0.8403018116950989,0.7277172207832336,1.2325743436813354,-0.11648113,0.0032840595,0.04097688,41.0,1740111813.5170023,0.007466012611985207,0.04260636866092682,0.18584327399730682,0.21313360333442688,-0.0832396000623703,-0.01030716672539711,0.0920262485742569,0.2947176992893219,0.14708676934242249,0.09716527163982391,0.1532101184129715,0.3167118728160858,0.17771336436271667,-0.003773348405957222,0.17940449714660645,0.0483115017414093,0.13777875900268555,0.07644663751125336,-0.09345458447933197,0.17056497931480408,0.0017671454697847366,-0.27247369289398193,-0.17210699617862701,0.06281346827745438,0.020192135125398636,-0.09290160238742828,0.23829816281795502,-0.013822495937347412,-0.00294557586312294,0.3210397958755493,-0.12460651993751526,-0.12601475417613983
0.40891772508621216,0.7178657054901123,1.2920736074447632,-0.3262064491253,-0.02379809983450451,0.026237750301097814,0.010860355689326999,0.009815606245283553,0.0015238389984074147,0.5157001078128814,0.018913733959198042,-0.10736992359161368,0.8403018116950989,0.7277172207832336,1.2325743436813354,-0.12047759,0.002860263,0.045627434,42.0,1740111813.551216,0.007247319445014,0.042622845619916916,0.18810740113258362,0.21534281969070435,-0.08397082984447479,-0.011479862034320831,0.09226534515619278,0.2970443069934845,0.14830900728702545,0.09725284576416016,0.1564500629901886,0.3188997209072113,0.17942561209201813,-0.004662821069359779,0.18162938952445984,0.047867730259895325,0.1391286998987198,0.07744848728179932,-0.09533543884754181,0.17162853479385376,0.00040206220000982285,-0.27630752325057983,-0.1739601045846939,0.0641048327088356,0.020013459026813507,-0.09369885176420212,0.24161086976528168,-0.01526840403676033,-0.003915403038263321,0.322737455368042,-0.12495681643486023,-0.1253574937582016
0.399320125579834,0.7167999744415283,1.2922863960266113,-0.30231680916664844,-0.03369606055967605,0.0036170013975004027,0.011069150076418725,0.007723669408751604,0.0017451828298520873,0.505997097492218,0.017824637889862105,-0.10711064338684073,0.8403018116950989,0.7277172207832336,1.2325743436813354,-0.10924109,0.0025410503,0.039392013,43.0,1740111813.58319,0.014907488599419594,0.04451081529259682,0.18672874569892883,0.20305265486240387,-0.07454018294811249,-0.017178768292069435,0.08365070819854736,0.2858201265335083,0.15485693514347076,0.09683133661746979,0.1540583223104477,0.3107984960079193,0.17358560860157013,-0.003873975947499275,0.18531569838523865,0.044697001576423645,0.14350301027297974,0.07058902084827423,-0.08680124580860138,0.15856581926345825,-0.006172117777168751,-0.2773633301258087,-0.16862662136554718,0.062486909329891205,0.02733756974339485,-0.08798564225435257,0.23917055130004883,-0.015609923750162125,-0.012050490826368332,0.3107990622520447,-0.12196908891201019,-0.10642973333597183
0.38997629284858704,0.7156582474708557,1.2923425436019897,-0.30231680916664844,-0.03369606055967605,0.0036170013975004027,0.01056772607139213,0.005193819692999639,0.0002703001088798511,0.49654964208602903,0.016879487037658736,-0.10690858364105216,0.8403018116950989,0.7277172207832336,1.2325743436813354,-0.10856828,0.0025604144,0.045853462,44.0,1740111813.6169932,0.013109756633639336,0.04535584896802902,0.19013255834579468,0.2083337903022766,-0.07607267796993256,-0.018951624631881714,0.08529449999332428,0.28989362716674805,0.15496698021888733,0.0987188071012497,0.15869911015033722,0.3151783347129822,0.17656606435775757,-0.005656426772475243,0.18712688982486725,0.04343845322728157,0.14335989952087402,0.07227540016174316,-0.08876043558120728,0.1628243625164032,-0.007176092825829983,-0.2833152413368225,-0.17114827036857605,0.06380274891853333,0.024649489670991898,-0.08947005122900009,0.24474123120307922,-0.016554784029722214,-0.013256918638944626,0.3156759738922119,-0.12152594327926636,-0.10897159576416016
0.38097265362739563,0.7145022749900818,1.292362928390503,-0.30231680916664844,-0.03369606055967605,0.0036170013975004027,0.01088727454579009,0.0044701621329036045,-0.0003182959676671235,0.48729503750801084,0.01562367677688603,-0.1069922685623168,0.8403018116950989,0.7277172207832336,1.2325743436813354,-0.10856828,0.0025604144,0.045853462,45.0,1740111813.6502585,0.013109756633639336,0.04535584896802902,0.19013255834579468,0.2083337903022766,-0.07607267796993256,-0.018951624631881714,0.08529449999332428,0.28989362716674805,0.15496698021888733,0.0987188071012497,0.15869911015033722,0.3151783347129822,0.17656606435775757,-0.005656426772475243,0.18712688982486725,0.04343845322728157,0.14335989952087402,0.07227540016174316,-0.08876043558120728,0.1628243625164032,-0.007176092825829983,-0.2833152413368225,-0.17114827036857605,0.06380274891853333,0.024649489670991898,-0.08947005122900009,0.24474123120307922,-0.016554784029722214,-0.013256918638944626,0.3156759738922119,-0.12152594327926636,-0.10897159576416016
0.3740871548652649,0.713869571685791,1.292941927909851,-0.30231680916664844,-0.03369606055967605,0.0036170013975004027,0.0025672401054678672,0.010391938638409431,0.0003217050667045817,0.47651628255844114,0.013885843753814742,-0.10771610736846915,0.8403018116950989,0.7277172207832336,1.2325743436813354,-0.11695979,0.003899321,0.04061814,46.0,1740111813.6840773,0.016397053375840187,0.04699232429265976,0.18264487385749817,0.19086863100528717,-0.06395914405584335,-0.02538067102432251,0.07665757089853287,0.27086901664733887,0.15492145717144012,0.09594734013080597,0.1523059606552124,0.2980526089668274,0.16772234439849854,-0.006094662472605705,0.1813289374113083,0.03961286321282387,0.1400126963853836,0.06412509083747864,-0.07833916693925858,0.14802777767181396,-0.011587453074753284,-0.275430828332901,-0.16263867914676666,0.058814868330955505,0.030613018199801445,-0.08048651367425919,0.23779511451721191,-0.015656709671020508,-0.017250239849090576,0.2968655526638031,-0.11328926682472229,-0.09005124121904373
0.3633647859096527,0.7120365500450134,1.2919895648956299,-0.2459866980338639,-0.029675524064934858,0.004152649285113541,0.008801567624115058,0.004543839154181549,0.0007578647318267789,0.46975365877151487,0.013233113288879439,-0.10721447467803946,0.8403018116950989,0.7277172207832336,1.2325743436813354,-0.104736425,-0.00085999817,0.041112185,47.0,1740111813.7177389,0.017172032967209816,0.04781019687652588,0.18192097544670105,0.19071796536445618,-0.06137106567621231,-0.026264119893312454,0.07499606907367706,0.26909178495407104,0.15712983906269073,0.09702205657958984,0.15439742803573608,0.2977454364299774,0.16837215423583984,-0.006136961281299591,0.18193025887012482,0.040566906332969666,0.14097477495670319,0.063367560505867,-0.07886230945587158,0.14806866645812988,-0.012215337716042995,-0.27662724256515503,-0.16401328146457672,0.060249753296375275,0.03164643049240112,-0.07887373119592667,0.23851250112056732,-0.017714831978082657,-0.018631264567375183,0.2940541207790375,-0.11222483217716217,-0.08795931935310364
0.35503941774368286,0.7108755707740784,1.2916847467422485,-0.2459866980338639,-0.029675524064934858,0.004152649285113541,0.011667456709857027,0.004399198367353802,0.001326835599433496,0.4592317402362823,0.011474895477294966,-0.1081507444381713,0.8403018116950989,0.7277172207832336,1.2325743436813354,-0.10193004,-0.00020246953,0.042835508,48.0,1740111813.7506673,0.01630912534892559,0.04844238609075546,0.18121659755706787,0.19065162539482117,-0.060155682265758514,-0.029968231916427612,0.07303156703710556,0.267188161611557,0.1570248305797577,0.09622512757778168,0.1557779759168625,0.29553496837615967,0.16804738342761993,-0.00854150764644146,0.18144752085208893,0.03743107244372368,0.14144007861614227,0.0631885677576065,-0.07964114844799042,0.14627468585968018,-0.015869826078414917,-0.27889615297317505,-0.16358590126037598,0.06083283573389053,0.031110990792512894,-0.07774883508682251,0.2413201630115509,-0.02015094831585884,-0.021256480365991592,0.29028624296188354,-0.10917864739894867,-0.08410261571407318
0.3467790186405182,0.7095998525619507,1.2913384437561035,-0.2459866980338639,-0.029675524064934858,0.004152649285113541,0.010835310159895925,0.005398877356144771,0.001669050038565018,0.45288256406784055,0.010769653320312544,-0.1078528404235839,0.8403018116950989,0.7277172207832336,1.2325743436813354,-0.10193004,-0.00020246953,0.042835508,49.0,1740111813.7829103,0.01630912534892559,0.04844238609075546,0.18121659755706787,0.19065162539482117,-0.060155682265758514,-0.029968231916427612,0.07303156703710556,0.267188161611557,0.1570248305797577,0.09622512757778168,0.1557779759168625,0.29553496837615967,0.16804738342761993,-0.00854150764644146,0.18144752085208893,0.03743107244372368,0.14144007861614227,0.0631885677576065,-0.07964114844799042,0.14627468585968018,-0.015869826078414917,-0.27889615297317505,-0.16358590126037598,0.06083283573389053,0.031110990792512894,-0.07774883508682251,0.2413201630115509,-0.02015094831585884,-0.021256480365991592,0.29028624296188354,-0.10917864739894867,-0.08410261571407318
0.33889418840408325,0.708378791809082,1.2908165454864502,-0.280987321986801,-0.044200460229246265,-0.017928317124001388,0.011120187505831129,0.003963089374325106,0.0021195792863984843,0.44460452198982237,0.009522426128387496,-0.10821344852447501,0.8403018116950989,0.7277172207832336,1.2325743436813354,-0.10672549,0.003480263,0.032505922,50.0,1740111813.8161259,0.01785309799015522,0.048109203577041626,0.17981790006160736,0.1906890571117401,-0.06080117076635361,-0.0293491892516613,0.07312093675136566,0.26702532172203064,0.15953153371810913,0.09590382874011993,0.15413440763950348,0.29630589485168457,0.16888611018657684,-0.010417463257908821,0.1827128678560257,0.03862287476658821,0.14485520124435425,0.06510576605796814,-0.08193065971136093,0.1464524269104004,-0.01809380203485489,-0.27722465991973877,-0.16525697708129883,0.061751700937747955,0.034314196556806564,-0.07853873819112778,0.2409982979297638,-0.02138405665755272,-0.020909365266561508,0.28827786445617676,-0.11174599826335907,-0.08339003473520279
0.3331925570964813,0.7077105045318604,1.2911741733551025,-0.280987321986801,-0.044200460229246265,-0.017928317124001388,0.001552358324850034,0.010505813516470392,4.030282852942302e-05,0.4373117446899414,0.008336114883422896,-0.10849025249481192,0.8403018116950989,0.7277172207832336,1.2325743436813354,-0.10672549,0.003480263,0.032505922,51.0,1740111813.8509128,0.01785309799015522,0.048109203577041626,0.17981790006160736,0.1906890571117401,-0.06080117076635361,-0.0293491892516613,0.07312093675136566,0.26702532172203064,0.15953153371810913,0.09590382874011993,0.15413440763950348,0.29630589485168457,0.16888611018657684,-0.010417463257908821,0.1827128678560257,0.03862287476658821,0.14485520124435425,0.06510576605796814,-0.08193065971136093,0.1464524269104004,-0.01809380203485489,-0.27722465991973877,-0.16525697708129883,0.061751700937747955,0.034314196556806564,-0.07853873819112778,0.2409982979297638,-0.02138405665755272,-0.020909365266561508,0.28827786445617676,-0.11174599826335907,-0.08339003473520279
0.32350659370422363,0.7056687474250793,1.289751648902893,-0.280987321986801,-0.044200460229246265,-0.017928317124001388,0.011773424976848315,0.0006688732062778039,0.0003923404679535332,0.42940298318862913,0.006981837749481246,-0.1091972827911376,0.8403018116950989,0.7277172207832336,1.2325743436813354,-0.110857055,0.0044969097,0.027629428,52.0,1740111813.8840811,0.020249364897608757,0.04909086972475052,0.18046417832374573,0.18859505653381348,-0.059991687536239624,-0.03226624056696892,0.07032614946365356,0.26524871587753296,0.16216175258159637,0.09464187920093536,0.15381427109241486,0.29489225149154663,0.16780024766921997,-0.011184055358171463,0.18539705872535706,0.03744302690029144,0.14710739254951477,0.06344114243984222,-0.08138353377580643,0.1429334580898285,-0.02165406569838524,-0.27873629331588745,-0.1644829511642456,0.06123335659503937,0.037056539207696915,-0.07736106961965561,0.2426578402519226,-0.022070124745368958,-0.02385847270488739,0.2858501672744751,-0.1107492446899414,-0.07739096879959106
0.3185054063796997,0.7049311399459839,1.2898151874542236,-0.20373888887565308,-0.0344513350026326,-0.010006265828363952,0.0014573780097859276,0.007303466684244072,0.0020526776296909102,0.4220626711845398,0.005869853496551558,-0.10948183536529532,0.8403018116950989,0.7277172207832336,1.2325743436813354,-0.112103716,0.0038854927,0.03029602,53.0,1740111813.917726,0.02438114769756794,0.051314521580934525,0.18874718248844147,0.19353818893432617,-0.06078784167766571,-0.03501541167497635,0.07056254893541336,0.27170711755752563,0.16970223188400269,0.09789581596851349,0.1594437062740326,0.3042862117290497,0.17097730934619904,-0.012600919231772423,0.1960459053516388,0.03668178990483284,0.15436530113220215,0.06496956944465637,-0.08262605965137482,0.14515462517738342,-0.026332683861255646,-0.29026439785957336,-0.16860570013523102,0.06321802735328674,0.03992820158600807,-0.08008340001106262,0.2515239417552948,-0.023465219885110855,-0.029587987810373306,0.2934962213039398,-0.11560465395450592,-0.07349861413240433
0.30908840894699097,0.7029806971549988,1.2886734008789062,-0.20373888887565308,-0.0344513350026326,-0.010006265828363952,0.011157200103991946,0.001295003978790562,4.936992206871157e-05,0.4126444816589355,0.003719735145568892,-0.11110165119171134,0.8403018116950989,0.7277172207832336,1.2325743436813354,-0.112103716,0.0038854927,0.03029602,54.0,1740111813.9518073,0.02438114769756794,0.051314521580934525,0.18874718248844147,0.19353818893432617,-0.06078784167766571,-0.03501541167497635,0.07056254893541336,0.27170711755752563,0.16970223188400269,0.09789581596851349,0.1594437062740326,0.3042862117290497,0.17097730934619904,-0.012600919231772423,0.1960459053516388,0.03668178990483284,0.15436530113220215,0.06496956944465637,-0.08262605965137482,0.14515462517738342,-0.026332683861255646,-0.29026439785957336,-0.16860570013523102,0.06321802735328674,0.03992820158600807,-0.08008340001106262,0.2515239417552948,-0.023465219885110855,-0.029587987810373306,0.2934962213039398,-0.11560465395450592,-0.07349861413240433
0.3021995425224304,0.7016092538833618,1.287988305091858,-0.20373888887565308,-0.0344513350026326,-0.010006265828363952,0.010726552916079459,0.0003080285334104855,-1.7455045578592907e-05,0.4056162893772125,0.002344596385955855,-0.11175944805145255,0.8403018116950989,0.7277172207832336,1.2325743436813354,-0.09565314,9.562075e-05,0.037645027,55.0,1740111813.9850543,0.022599348798394203,0.05101361125707626,0.18462282419204712,0.19400440156459808,-0.061581432819366455,-0.03582592308521271,0.07086317241191864,0.26946204900741577,0.1677616983652115,0.0974704772233963,0.157378152012825,0.3024895489215851,0.17093102633953094,-0.014918599277734756,0.19293172657489777,0.03636903688311577,0.15352590382099152,0.06636597216129303,-0.08411818742752075,0.14608711004257202,-0.027586884796619415,-0.2870088815689087,-0.16836173832416534,0.06395455449819565,0.038617294281721115,-0.07992573827505112,0.2508111596107483,-0.024848874658346176,-0.028445616364479065,0.28966251015663147,-0.11365926265716553,-0.07477926462888718
0.2976795434951782,0.7009329199790955,1.2881308794021606,-0.20373888887565308,-0.0344513350026326,-0.010006265828363952,0.0026642652016340114,0.006639527794857566,-0.002422279174656526,0.4004717230796814,0.001500952243804976,-0.11166980266571036,0.8403018116950989,0.7277172207832336,1.2325743436813354,-0.09565314,9.562075e-05,0.037645027,56.0,1740111814.0208912,0.022599348798394203,0.05101361125707626,0.18462282419204712,0.19400440156459808,-0.061581432819366455,-0.03582592308521271,0.07086317241191864,0.26946204900741577,0.1677616983652115,0.0974704772233963,0.157378152012825,0.3024895489215851,0.17093102633953094,-0.014918599277734756,0.19293172657489777,0.03636903688311577,0.15352590382099152,0.06636597216129303,-0.08411818742752075,0.14608711004257202,-0.027586884796619415,-0.2870088815689087,-0.16836173832416534,0.06395455449819565,0.038617294281721115,-0.07992573827505112,0.2508111596107483,-0.024848874658346176,-0.028445616364479065,0.28966251015663147,-0.11365926265716553,-0.07477926462888718
0.2913808226585388,0.6995946168899536,1.2874400615692139,-0.19952202025179627,-0.03521412221021174,-0.015432258218350607,0.002220831287670218,0.0060466164149430785,-0.0010280171343593223,0.3945652604103088,0.0007058858871460405,-0.11203649044036856,0.8403018116950989,0.7277172207832336,1.2325743436813354,-0.095477454,-0.000383839,0.038749233,57.0,1740111814.051543,0.022925039753317833,0.051766544580459595,0.18481731414794922,0.193189337849617,-0.060298770666122437,-0.03710237890481949,0.06965973973274231,0.2683171033859253,0.1680089831352234,0.09796488285064697,0.15817537903785706,0.30133864283561707,0.17008189857006073,-0.014643175527453423,0.19307520985603333,0.03550248593091965,0.15325956046581268,0.0652690976858139,-0.08287613093852997,0.14476117491722107,-0.02753424271941185,-0.2883392572402954,-0.1675957888364792,0.06380122154951096,0.03814900666475296,-0.07900480926036835,0.2514861822128296,-0.024812772870063782,-0.02961384505033493,0.2883993983268738,-0.11225418746471405,-0.07278241217136383
0.2845398485660553,0.6981516480445862,1.2864208221435547,-0.19952202025179627,-0.03521412221021174,-0.015432258218350607,0.004510114623237115,0.005158799201084535,0.0020352997216276023,0.3881369292736053,-0.0006118535995482954,-0.11275377273559561,0.8403018116950989,0.7277172207832336,1.2325743436813354,-0.09363506,-0.0047071055,0.050890803,58.0,1740111814.0845473,0.027153218165040016,0.0541241317987442,0.18849699199199677,0.192307248711586,-0.058038875460624695,-0.03954295441508293,0.0667257308959961,0.26955628395080566,0.17524713277816772,0.09910082817077637,0.16099950671195984,0.3037322461605072,0.17091108858585358,-0.014820372685790062,0.1994522660970688,0.0360870361328125,0.15828374028205872,0.0644514262676239,-0.0829521119594574,0.14272713661193848,-0.030397184193134308,-0.29341673851013184,-0.1696951538324356,0.06455249339342117,0.04310589283704758,-0.07830244302749634,0.2556007206439972,-0.025700122117996216,-0.0330304354429245,0.2886129319667816,-0.11486917734146118,-0.06593848019838333
0.27654117345809937,0.6961733102798462,1.2847844362258911,-0.19952202025179627,-0.03521412221021174,-0.015432258218350607,0.012477901810127012,-0.0015871539544267369,0.00023368962464891333,0.38192970156669614,-0.002427291870117143,-0.11381533145904532,0.8403018116950989,0.7277172207832336,1.2325743436813354,-0.075819045,-0.008707263,0.060032774,59.0,1740111814.1170468,0.02717195264995098,0.05478109419345856,0.18197709321975708,0.1825476884841919,-0.05171839892864227,-0.04299724102020264,0.06115182116627693,0.2582392990589142,0.17371587455272675,0.09571735560894012,0.1562633514404297,0.2918893098831177,0.1656341552734375,-0.016176041215658188,0.19412511587142944,0.03330007568001747,0.15579845011234283,0.0603100024163723,-0.07919785380363464,0.13307207822799683,-0.03396545350551605,-0.28623104095458984,-0.16418488323688507,0.06216542422771454,0.0463050901889801,-0.07284487038850784,0.2506577670574188,-0.026107080280780792,-0.03525387868285179,0.2749013602733612,-0.1087276041507721,-0.055460374802351
0.2724202871322632,0.6954882740974426,1.2846601009368896,-0.1846256214133937,-0.04349993142339198,-0.027540962099994633,0.00408225488813645,0.004448183535766198,0.0013959810001133344,0.3758754193782806,-0.0038294911384582075,-0.11470332145690909,0.8403018116950989,0.7277172207832336,1.2325743436813354,-0.075819045,-0.008707263,0.060032774,60.0,1740111814.1498985,0.02717195264995098,0.05478109419345856,0.18197709321975708,0.1825476884841919,-0.05171839892864227,-0.04299724102020264,0.06115182116627693,0.2582392990589142,0.17371587455272675,0.09571735560894012,0.1562633514404297,0.2918893098831177,0.1656341552734375,-0.016176041215658188,0.19412511587142944,0.03330007568001747,0.15579845011234283,0.0603100024163723,-0.07919785380363464,0.13307207822799683,-0.03396545350551605,-0.28623104095458984,-0.16418488323688507,0.06216542422771454,0.0463050901889801,-0.07284487038850784,0.2506577670574188,-0.026107080280780792,-0.03525387868285179,0.2749013602733612,-0.1087276041507721,-0.055460374802351
0.2666619122028351,0.6941139698028564,1.2836525440216064,-0.1846256214133937,-0.04349993142339198,-0.027540962099994633,0.005360745080514949,0.0030775763759614085,0.0029787998341394583,0.3699792981147766,-0.005140912532806352,-0.11575021743774405,0.8403018116950989,0.7277172207832336,1.2325743436813354,-0.075819045,-0.008707263,0.060032774,61.0,1740111814.1833603,0.02717195264995098,0.05478109419345856,0.18197709321975708,0.1825476884841919,-0.05171839892864227,-0.04299724102020264,0.06115182116627693,0.2582392990589142,0.17371587455272675,0.09571735560894012,0.1562633514404297,0.2918893098831177,0.1656341552734375,-0.016176041215658188,0.19412511587142944,0.03330007568001747,0.15579845011234283,0.0603100024163723,-0.07919785380363464,0.13307207822799683,-0.03396545350551605,-0.28623104095458984,-0.16418488323688507,0.06216542422771454,0.0463050901889801,-0.07284487038850784,0.2506577670574188,-0.026107080280780792,-0.03525387868285179,0.2749013602733612,-0.1087276041507721,-0.055460374802351
0.2611924707889557,0.6928318738937378,1.2826679944992065,-0.1846256214133937,-0.04349993142339198,-0.027540962099994633,0.005627130008651943,0.001760843589004817,0.002963939033593045,0.36441282033920286,-0.006434392929077104,-0.11663570404052725,0.8403018116950989,0.7277172207832336,1.2325743436813354,-0.06652204,-0.0076148733,0.06644854,62.0,1740111814.2172637,0.031676359474658966,0.05637079104781151,0.18022365868091583,0.1780090183019638,-0.04965714365243912,-0.04617432504892349,0.056589238345623016,0.2545722424983978,0.17931871116161346,0.09454430639743805,0.15482088923454285,0.28965258598327637,0.16339078545570374,-0.018046636134386063,0.19765999913215637,0.032468974590301514,0.16088852286338806,0.05932815000414848,-0.0788392499089241,0.12661105394363403,-0.03917059302330017,-0.28578561544418335,-0.1632644683122635,0.06218981742858887,0.05259345471858978,-0.07083197683095932,0.2500057816505432,-0.026749353855848312,-0.039919596165418625,0.26795291900634766,-0.10903501510620117,-0.045122694224119186
0.2557838261127472,0.6915117502212524,1.2818118333816528,-0.1846256214133937,-0.04349993142339198,-0.027540962099994633,0.0072932128255454075,0.001669311542200341,0.0027775907485784487,0.3590839862823486,-0.007696998119354204,-0.11746790409088126,0.8403018116950989,0.7277172207832336,1.2325743436813354,-0.066756785,-0.010511242,0.073096976,63.0,1740111814.249653,0.03320518881082535,0.056958116590976715,0.18075433373451233,0.1775636374950409,-0.04957666993141174,-0.04638080671429634,0.055742111057043076,0.2546617388725281,0.18115848302841187,0.09449470043182373,0.15485414862632751,0.2900829017162323,0.16291281580924988,-0.018040627241134644,0.19980601966381073,0.032413583248853683,0.1628708839416504,0.059247490018606186,-0.07849191874265671,0.12536397576332092,-0.04020076245069504,-0.2865273356437683,-0.1632704883813858,0.06232142448425293,0.05396958440542221,-0.07102052122354507,0.25021782517433167,-0.02674706280231476,-0.04131200537085533,0.2678355276584625,-0.11016491055488586,-0.04322352632880211
0.2506459951400757,0.6903742551803589,1.281026005744934,-0.17423198429516765,-0.040892042278240746,-0.029596068591635355,0.0045707571067677925,0.0023180636066353144,0.0013202280147972577,0.35324892997741697,-0.009011220932006792,-0.1185964584350585,0.8403018116950989,0.7277172207832336,1.2325743436813354,-0.066756785,-0.010511242,0.073096976,64.0,1740111814.2845466,0.03320518881082535,0.056958116590976715,0.18075433373451233,0.1775636374950409,-0.04957666993141174,-0.04638080671429634,0.055742111057043076,0.2546617388725281,0.18115848302841187,0.09449470043182373,0.15485414862632751,0.2900829017162323,0.16291281580924988,-0.018040627241134644,0.19980601966381073,0.032413583248853683,0.1628708839416504,0.059247490018606186,-0.07849191874265671,0.12536397576332092,-0.04020076245069504,-0.2865273356437683,-0.1632704883813858,0.06232142448425293,0.05396958440542221,-0.07102052122354507,0.25021782517433167,-0.02674706280231476,-0.04131200537085533,0.2678355276584625,-0.11016491055488586,-0.04322352632880211
0.24575556814670563,0.6891968846321106,1.2802577018737793,-0.17423198429516765,-0.040892042278240746,-0.029596068591635355,0.004158137939298637,0.0032912998011826724,0.0003138008627004752,0.34823243916034696,-0.01023257970809932,-0.11938443183898917,0.8403018116950989,0.7277172207832336,1.2325743436813354,-0.06360784,-0.012418501,0.07828018,65.0,1740111814.317554,0.03467230498790741,0.057758212089538574,0.17946234345436096,0.17597652971744537,-0.04856050759553909,-0.04803285002708435,0.052651893347501755,0.2531422972679138,0.18295177817344666,0.09303082525730133,0.1538454294204712,0.28767359256744385,0.16202789545059204,-0.018868830054998398,0.20029442012310028,0.031260084360837936,0.16500844061374664,0.058647412806749344,-0.07961739599704742,0.12229640036821365,-0.0424366258084774,-0.2856908142566681,-0.16326729953289032,0.0619988888502121,0.0565071776509285,-0.0701080784201622,0.25079286098480225,-0.027271617203950882,-0.042493756860494614,0.26379963755607605,-0.11034859716892242,-0.03921997919678688
0.24132589995861053,0.6882418990135193,1.279813528060913,-0.17423198429516765,-0.040892042278240746,-0.029596068591635355,0.002126722079982499,0.0035809853272143113,-0.002504065203182881,0.3439005374908447,-0.010983538627624467,-0.11955478191375724,0.8403018116950989,0.7277172207832336,1.2325743436813354,-0.07459208,-0.006126955,0.063447,66.0,1740111814.3500206,0.0377877876162529,0.05820632725954056,0.1818840354681015,0.17748455703258514,-0.05124667286872864,-0.04566183686256409,0.0528312586247921,0.2581665515899658,0.18712621927261353,0.09292668104171753,0.15229395031929016,0.291788250207901,0.1628728061914444,-0.018031582236289978,0.20487357676029205,0.03405328467488289,0.16908837854862213,0.059979986399412155,-0.08224281668663025,0.12297037988901138,-0.04203729331493378,-0.2853909432888031,-0.16518071293830872,0.06190284341573715,0.06065644323825836,-0.07203633338212967,0.2513480484485626,-0.02570274844765663,-0.04199502244591713,0.2678391635417938,-0.11609940230846405,-0.04031112417578697
0.2363676130771637,0.6869062781333923,1.2792727947235107,-0.14071831444975963,-0.03403067744365236,-0.01776135747091943,0.003797099114143421,0.006125586832898915,-0.0015920899998502264,0.3386050820350647,-0.012591075897216752,-0.12057044506072989,0.8403018116950989,0.7277172207832336,1.2325743436813354,-0.07459208,-0.006126955,0.063447,67.0,1740111814.3941655,0.0377877876162529,0.05820632725954056,0.1818840354681015,0.17748455703258514,-0.05124667286872864,-0.04566183686256409,0.0528312586247921,0.2581665515899658,0.18712621927261353,0.09292668104171753,0.15229395031929016,0.291788250207901,0.1628728061914444,-0.018031582236289978,0.20487357676029205,0.03405328467488289,0.16908837854862213,0.059979986399412155,-0.08224281668663025,0.12297037988901138,-0.04203729331493378,-0.2853909432888031,-0.16518071293830872,0.06190284341573715,0.06065644323825836,-0.07203633338212967,0.2513480484485626,-0.02570274844765663,-0.04199502244591713,0.2678391635417938,-0.11609940230846405,-0.04031112417578697
0.2323131412267685,0.6859629154205322,1.2790523767471313,-0.14071831444975963,-0.03403067744365236,-0.01776135747091943,0.0014380557222176656,0.005937676689667198,-0.0032743252566783125,0.3344757318496704,-0.013476979732513383,-0.12084116935729972,0.8403018116950989,0.7277172207832336,1.2325743436813354,-0.081732675,-0.010275442,0.05756113,68.0,1740111814.4190223,0.0282758716493845,0.0558883473277092,0.1850467175245285,0.2023085206747055,-0.0667608380317688,-0.040169235318899155,0.06549204140901566,0.27798694372177124,0.18097908794879913,0.09825025498867035,0.15985608100891113,0.31120896339416504,0.17442192137241364,-0.022073883563280106,0.20459046959877014,0.036309614777565,0.16913187503814697,0.0729815810918808,-0.09662958979606628,0.1457693874835968,-0.03787361830472946,-0.2932262718677521,-0.17628026008605957,0.06977201998233795,0.04660217463970184,-0.0830523669719696,0.26051390171051025,-0.030268549919128418,-0.03529484197497368,0.28617820143699646,-0.12051582336425781,-0.06728598475456238
0.2277514487504959,0.6846893429756165,1.2787419557571411,-0.14071831444975963,-0.03403067744365236,-0.01776135747091943,0.0036778513151774017,0.0064417577570138815,-0.0014241099815485634,0.3304125428199768,-0.014235806465148881,-0.12078156471252433,0.8403018116950989,0.7277172207832336,1.2325743436813354,-0.081841975,-0.009640008,0.05051391,69.0,1740111814.4512353,0.02976488508284092,0.056710273027420044,0.18746568262577057,0.20708832144737244,-0.07155004888772964,-0.038670431822538376,0.0664656013250351,0.28516048192977905,0.18427972495555878,0.09891538321971893,0.15965591371059418,0.3171612322330475,0.17705734074115753,-0.023247577250003815,0.2082964926958084,0.038230787962675095,0.17350146174430847,0.07660888135433197,-0.10189051926136017,0.14921334385871887,-0.03816722333431244,-0.2949773967266083,-0.1800462305545807,0.07091090083122253,0.048037681728601456,-0.08633696287870407,0.26400092244148254,-0.030065156519412994,-0.03410549461841583,0.29087257385253906,-0.12570664286613464,-0.07024043053388596
0.2242315709590912,0.684055507183075,1.2789992094039917,-0.12131050063989056,-0.028495983107842415,-0.002734727826064161,0.00014253253479294702,0.0037454679670870356,-0.006723220190484127,0.3257753312587738,-0.01585311889648433,-0.12132408618926993,0.8403018116950989,0.7277172207832336,1.2325743436813354,-0.081841975,-0.009640008,0.05051391,70.0,1740111814.4837377,0.02976488508284092,0.056710273027420044,0.18746568262577057,0.20708832144737244,-0.07155004888772964,-0.038670431822538376,0.0664656013250351,0.28516048192977905,0.18427972495555878,0.09891538321971893,0.15965591371059418,0.3171612322330475,0.17705734074115753,-0.023247577250003815,0.2082964926958084,0.038230787962675095,0.17350146174430847,0.07660888135433197,-0.10189051926136017,0.14921334385871887,-0.03816722333431244,-0.2949773967266083,-0.1800462305545807,0.07091090083122253,0.048037681728601456,-0.08633696287870407,0.26400092244148254,-0.030065156519412994,-0.03410549461841583,0.29087257385253906,-0.12570664286613464,-0.07024043053388596
0.22037291526794434,0.6829348206520081,1.2790915966033936,-0.12131050063989056,-0.028495983107842415,-0.002734727826064161,0.00023214099549025952,0.003557613265015231,-0.006320442800137591,0.3221470922231674,-0.01676375865936275,-0.12116792201995841,0.8403018116950989,0.7277172207832336,1.2325743436813354,-0.07459848,-0.012035411,0.061682373,71.0,1740111814.5179198,0.02836659736931324,0.056882839649915695,0.18403473496437073,0.2058495581150055,-0.0711604654788971,-0.03944642096757889,0.06587813049554825,0.2821783125400543,0.18243612349033356,0.09815861284732819,0.15787917375564575,0.3144376277923584,0.17580752074718475,-0.02453245222568512,0.20554792881011963,0.037521347403526306,0.17194639146327972,0.07649403810501099,-0.10171958804130554,0.1481286883354187,-0.03918220102787018,-0.2918170392513275,-0.17844782769680023,0.07078231871128082,0.047320809215307236,-0.08540669083595276,0.26220932602882385,-0.030646122992038727,-0.03394598141312599,0.2870505452156067,-0.12330371141433716,-0.06969323009252548
0.21653327345848083,0.6815731525421143,1.2789126634597778,-0.12131050063989056,-0.028495983107842415,-0.002734727826064161,0.0006225048705294088,0.005609204737820591,-0.0005439988568694434,0.3188066244125366,-0.01777471303939815,-0.12084045410156241,0.8403018116950989,0.7277172207832336,1.2325743436813354,-0.07459848,-0.012035411,0.061682373,72.0,1740111814.5506966,0.02836659736931324,0.056882839649915695,0.18403473496437073,0.2058495581150055,-0.0711604654788971,-0.03944642096757889,0.06587813049554825,0.2821783125400543,0.18243612349033356,0.09815861284732819,0.15787917375564575,0.3144376277923584,0.17580752074718475,-0.02453245222568512,0.20554792881011963,0.037521347403526306,0.17194639146327972,0.07649403810501099,-0.10171958804130554,0.1481286883354187,-0.03918220102787018,-0.2918170392513275,-0.17844782769680023,0.07078231871128082,0.047320809215307236,-0.08540669083595276,0.26220932602882385,-0.030646122992038727,-0.03394598141312599,0.2870505452156067,-0.12330371141433716,-0.06969323009252548
0.21323180198669434,0.6807185411453247,1.2793569564819336,-0.12131050063989056,-0.028495983107842415,-0.002734727826064161,0.0011223486923478644,0.003579939509498535,-0.002396047601670102,0.3147344201803207,-0.01893318891525264,-0.12103571891784659,0.8403018116950989,0.7277172207832336,1.2325743436813354,-0.0779945,-0.010971725,0.062146585,73.0,1740111814.5841606,0.0320625826716423,0.058761849999427795,0.18040423095226288,0.19493970274925232,-0.06585761904716492,-0.043625608086586,0.05857381969690323,0.27329298853874207,0.184595987200737,0.09447881579399109,0.15288175642490387,0.3034924268722534,0.16965161263942719,-0.025731272995471954,0.20439979434013367,0.03481634706258774,0.1723122000694275,0.07156910002231598,-0.09796692430973053,0.1365858018398285,-0.04319748654961586,-0.2865251302719116,-0.1730562001466751,0.06718061864376068,0.053761038929224014,-0.08043783903121948,0.2592327892780304,-0.029752857983112335,-0.037695806473493576,0.27541062235832214,-0.12032058835029602,-0.05544370040297508
0.2098408192396164,0.679669201374054,1.2796730995178223,-0.10687330987440666,-0.0318831451386971,0.004082131411052453,0.00040031231365272597,0.002944756671619504,-0.0022324550983544808,0.31140742301940916,-0.019770276546478227,-0.12051095962524405,0.8403018116950989,0.7277172207832336,1.2325743436813354,-0.08018237,-0.0103871375,0.06385194,74.0,1740111814.6172886,0.03056049905717373,0.05866248533129692,0.17920173704624176,0.19553646445274353,-0.06562738120555878,-0.04328179359436035,0.05939754843711853,0.272873193025589,0.18277746438980103,0.0956936776638031,0.15357671678066254,0.30337414145469666,0.1696189045906067,-0.025278281420469284,0.2024332731962204,0.03459780663251877,0.17047640681266785,0.07169072329998016,-0.09736080467700958,0.1377875804901123,-0.04191369563341141,-0.28656288981437683,-0.1724572330713272,0.06801222264766693,0.051216840744018555,-0.08015061914920807,0.2585796117782593,-0.03028017282485962,-0.03736117109656334,0.2751806676387787,-0.11837027966976166,-0.05693325772881508
0.20654641091823578,0.6782399415969849,1.2797349691390991,-0.10687330987440666,-0.0318831451386971,0.004082131411052453,0.0005831787319750081,0.0051448130633614175,0.001977707082624352,0.30816576480865476,-0.020907354354858354,-0.12013986110687247,0.8403018116950989,0.7277172207832336,1.2325743436813354,-0.08018237,-0.0103871375,0.06385194,75.0,1740111814.649626,0.03056049905717373,0.05866248533129692,0.17920173704624176,0.19553646445274353,-0.06562738120555878,-0.04328179359436035,0.05939754843711853,0.272873193025589,0.18277746438980103,0.0956936776638031,0.15357671678066254,0.30337414145469666,0.1696189045906067,-0.025278281420469284,0.2024332731962204,0.03459780663251877,0.17047640681266785,0.07169072329998016,-0.09736080467700958,0.1377875804901123,-0.04191369563341141,-0.28656288981437683,-0.1724572330713272,0.06801222264766693,0.051216840744018555,-0.08015061914920807,0.2585796117782593,-0.03028017282485962,-0.03736117109656334,0.2751806676387787,-0.11837027966976166,-0.05693325772881508
0.20318196713924408,0.6772414445877075,1.2801636457443237,-0.10687330987440666,-0.0318831451386971,0.004082131411052453,-0.00037238325147834043,0.005285554116837778,0.0036279745203202153,0.30499700307846067,-0.022019934654235795,-0.11987342834472647,0.8403018116950989,0.7277172207832336,1.2325743436813354,-0.085250996,-0.011296239,0.067025505,76.0,1740111814.6838374,0.02815972827374935,0.058613017201423645,0.1743854135274887,0.19186532497406006,-0.062450386583805084,-0.04514726996421814,0.05845118314027786,0.26544612646102905,0.17938236892223358,0.0950261652469635,0.1525513231754303,0.29730379581451416,0.16677506268024445,-0.026385597884655,0.19740355014801025,0.03252340108156204,0.1666862666606903,0.06998863816261292,-0.0942375659942627,0.1349399983882904,-0.042808447033166885,-0.2828943431377411,-0.16920006275177002,0.06713211536407471,0.04941938817501068,-0.0772186815738678,0.2552361488342285,-0.031094469130039215,-0.0381019152700901,0.26821866631507874,-0.1126377135515213,-0.054369885474443436
0.19966095685958862,0.6758686304092407,1.2806429862976074,-0.10248371703831019,-0.038417910305638805,0.008024833897126915,0.004284211228639565,0.004076249414747083,0.006923513204334353,0.30114339888095853,-0.023617935180664018,-0.11970725059509268,0.8403018116950989,0.7277172207832336,1.2325743436813354,-0.08239281,-0.011983767,0.06530999,77.0,1740111814.7161758,0.030623512342572212,0.05928032100200653,0.1743128001689911,0.1874658614397049,-0.060663625597953796,-0.046989914029836655,0.0550757460296154,0.2629050314426422,0.18172644078731537,0.09296952188014984,0.15075625479221344,0.2936197519302368,0.1650322824716568,-0.026839613914489746,0.1987876147031784,0.031822096556425095,0.16828075051307678,0.06835432350635529,-0.09357056021690369,0.13000524044036865,-0.045208148658275604,-0.2818010449409485,-0.1680716574192047,0.06581570208072662,0.05336739867925644,-0.07557839155197144,0.2552967667579651,-0.030659370124340057,-0.03987288847565651,0.264152854681015,-0.1125238686800003,-0.04720774292945862
0.19683483242988586,0.6748530864715576,1.2814489603042603,-0.10248371703831019,-0.038417910305638805,0.008024833897126915,0.002682401151827743,0.0024069385444628203,0.007514203487371559,0.2989084333181381,-0.024072897434234575,-0.1186344861984252,0.8403018116950989,0.7277172207832336,1.2325743436813354,-0.08239281,-0.011983767,0.06530999,78.0,1740111814.7510505,0.030623512342572212,0.05928032100200653,0.1743128001689911,0.1874658614397049,-0.060663625597953796,-0.046989914029836655,0.0550757460296154,0.2629050314426422,0.18172644078731537,0.09296952188014984,0.15075625479221344,0.2936197519302368,0.1650322824716568,-0.026839613914489746,0.1987876147031784,0.031822096556425095,0.16828075051307678,0.06835432350635529,-0.09357056021690369,0.13000524044036865,-0.045208148658275604,-0.2818010449409485,-0.1680716574192047,0.06581570208072662,0.05336739867925644,-0.07557839155197144,0.2552967667579651,-0.030659370124340057,-0.03987288847565651,0.264152854681015,-0.1125238686800003,-0.04720774292945862
0.1945093274116516,0.6742537617683411,1.2826871871948242,-0.10248371703831019,-0.038417910305638805,0.008024833897126915,-0.0007481691487798489,-0.00022385541409629408,0.0019602092966844857,0.29596897065639494,-0.025156927108764604,-0.11783196926116934,0.8403018116950989,0.7277172207832336,1.2325743436813354,-0.07452927,-0.012962535,0.06384212,79.0,1740111814.7837336,0.031342506408691406,0.059940405189991,0.1718169003725052,0.18292450904846191,-0.05805347114801407,-0.04831342026591301,0.05283670127391815,0.25791576504707336,0.1814780980348587,0.09222865104675293,0.1492185741662979,0.2884393036365509,0.16188649833202362,-0.026593253016471863,0.19655433297157288,0.029932793229818344,0.16730928421020508,0.06673909723758698,-0.09067367017269135,0.12549543380737305,-0.04577021300792694,-0.2792956531047821,-0.16519354283809662,0.06441036611795425,0.05428482964634895,-0.07319450378417969,0.2525175213813782,-0.03009936958551407,-0.04113465175032616,0.2582912743091583,-0.10994431376457214,-0.04249675199389458
0.1911202371120453,0.67269366979599,1.283372163772583,-0.09120632518684847,-0.03356275830648573,0.028021304522329614,0.003824989197298962,0.0002656346656475894,0.007755228896772314,0.2929952353239059,-0.026494514942169145,-0.1170163393020629,0.8403018116950989,0.7277172207832336,1.2325743436813354,-0.07452927,-0.012962535,0.06384212,80.0,1740111814.817453,0.031342506408691406,0.059940405189991,0.1718169003725052,0.18292450904846191,-0.05805347114801407,-0.04831342026591301,0.05283670127391815,0.25791576504707336,0.1814780980348587,0.09222865104675293,0.1492185741662979,0.2884393036365509,0.16188649833202362,-0.026593253016471863,0.19655433297157288,0.029932793229818344,0.16730928421020508,0.06673909723758698,-0.09067367017269135,0.12549543380737305,-0.04577021300792694,-0.2792956531047821,-0.16519354283809662,0.06441036611795425,0.05428482964634895,-0.07319450378417969,0.2525175213813782,-0.03009936958551407,-0.04113465175032616,0.2582912743091583,-0.10994431376457214,-0.04249675199389458
0.18808627128601074,0.6716235280036926,1.284517526626587,-0.09120632518684847,-0.03356275830648573,0.028021304522329614,0.009081092597159399,-0.0021564912451041388,0.009595922484176777,0.28978577852249143,-0.02776558399200435,-0.11602737903594962,0.8403018116950989,0.7277172207832336,1.2325743436813354,-0.07452927,-0.012962535,0.06384212,81.0,1740111814.8507152,0.031342506408691406,0.059940405189991,0.1718169003725052,0.18292450904846191,-0.05805347114801407,-0.04831342026591301,0.05283670127391815,0.25791576504707336,0.1814780980348587,0.09222865104675293,0.1492185741662979,0.2884393036365509,0.16188649833202362,-0.026593253016471863,0.19655433297157288,0.029932793229818344,0.16730928421020508,0.06673909723758698,-0.09067367017269135,0.12549543380737305,-0.04577021300792694,-0.2792956531047821,-0.16519354283809662,0.06441036611795425,0.05428482964634895,-0.07319450378417969,0.2525175213813782,-0.03009936958551407,-0.04113465175032616,0.2582912743091583,-0.10994431376457214,-0.04249675199389458
0.1864391714334488,0.6712489128112793,1.2863456010818481,-0.09120632518684847,-0.03356275830648573,0.028021304522329614,-8.193681001780216e-05,-0.0026752867396799733,0.00347186016074223,0.28769089877605436,-0.02824325561523433,-0.11441960334777823,0.8403018116950989,0.7277172207832336,1.2325743436813354,-0.07060127,-0.012164965,0.06421137,82.0,1740111814.8842018,0.03130225092172623,0.05998232588171959,0.17322063446044922,0.18433095514774323,-0.0579996258020401,-0.047779787331819534,0.05368911474943161,0.25945907831192017,0.18212120234966278,0.09369243681430817,0.15107296407222748,0.2903496325016022,0.16271990537643433,-0.026321005076169968,0.1976477950811386,0.03008389100432396,0.16774369776248932,0.06729458272457123,-0.09077604115009308,0.12685704231262207,-0.04523550719022751,-0.2814091145992279,-0.16624866425991058,0.06521250307559967,0.05388973653316498,-0.07366548478603363,0.2532609701156616,-0.030583076179027557,-0.04149194434285164,0.26006901264190674,-0.11051370203495026,-0.043467164039611816
0.18388772010803223,0.6703676581382751,1.2879825830459595,-0.09120632518684847,-0.03356275830648573,0.028021304522329614,-0.0007089176029391526,-0.0019436005694324385,0.0021552704391638398,0.2851067841053009,-0.029210162162780717,-0.11285986900329581,0.8403018116950989,0.7277172207832336,1.2325743436813354,-0.06806049,-0.011430226,0.061521046,83.0,1740111814.9173987,0.03409811854362488,0.06037907302379608,0.17036738991737366,0.17836758494377136,-0.0562300831079483,-0.050268400460481644,0.04960591346025467,0.2541060447692871,0.1843709796667099,0.09016884863376617,0.14674025774002075,0.28436872363090515,0.1601756513118744,-0.027838915586471558,0.1981826275587082,0.029555324465036392,0.16965904831886292,0.06543521583080292,-0.09048508107662201,0.12022940069437027,-0.04959171265363693,-0.2771124541759491,-0.16419360041618347,0.0635976567864418,0.059517376124858856,-0.0713822990655899,0.25200584530830383,-0.031075946986675262,-0.043129775673151016,0.25264716148376465,-0.10972097516059875,-0.03503980487585068
0.18130755424499512,0.6695026159286499,1.289594292640686,-0.07301247786009768,-0.025800564952658877,0.043132803632236094,-0.0009324468108396922,-0.0021099361114144282,0.0019252918902542336,0.282363361120224,-0.030400764942169145,-0.1114546298980712,0.8403018116950989,0.7277172207832336,1.2325743436813354,-0.06806049,-0.011430226,0.061521046,84.0,1740111814.9503229,0.03409811854362488,0.06037907302379608,0.17036738991737366,0.17836758494377136,-0.0562300831079483,-0.050268400460481644,0.04960591346025467,0.2541060447692871,0.1843709796667099,0.09016884863376617,0.14674025774002075,0.28436872363090515,0.1601756513118744,-0.027838915586471558,0.1981826275587082,0.029555324465036392,0.16965904831886292,0.06543521583080292,-0.09048508107662201,0.12022940069437027,-0.04959171265363693,-0.2771124541759491,-0.16419360041618347,0.0635976567864418,0.059517376124858856,-0.0713822990655899,0.25200584530830383,-0.031075946986675262,-0.043129775673151016,0.25264716148376465,-0.10972097516059875,-0.03503980487585068
0.17882320284843445,0.6686282157897949,1.2912578582763672,-0.07301247786009768,-0.025800564952658877,0.043132803632236094,-0.001677630066299283,-0.0002302469221579271,0.003552042511595997,0.2801011264324188,-0.030969750881195024,-0.1095775604248046,0.8403018116950989,0.7277172207832336,1.2325743436813354,-0.06680771,-0.0112088695,0.058802295,85.0,1740111814.984445,0.03568102419376373,0.06034122779965401,0.16997036337852478,0.17571955919265747,-0.05561137944459915,-0.049742698669433594,0.04823436960577965,0.2532738745212555,0.18529298901557922,0.08869390189647675,0.144558846950531,0.2826675772666931,0.15949173271656036,-0.026861127465963364,0.19854484498500824,0.030205249786376953,0.17037615180015564,0.06446279585361481,-0.09025269746780396,0.11805438250303268,-0.049643147736787796,-0.2748624086380005,-0.16378335654735565,0.06271743029356003,0.06211977079510689,-0.07092902809381485,0.2508190870285034,-0.03036545217037201,-0.04267561808228493,0.25147053599357605,-0.1107567548751831,-0.033036474138498306
0.17632097005844116,0.6675330400466919,1.2929346561431885,-0.07301247786009768,-0.025800564952658877,0.043132803632236094,0.00013786555095226326,0.0012030650061596985,0.007734717373344005,0.2777122914791107,-0.0318167924880981,-0.10783412456512442,0.8403018116950989,0.7277172207832336,1.2325743436813354,-0.06680771,-0.0112088695,0.058802295,86.0,1740111815.017424,0.03568102419376373,0.06034122779965401,0.16997036337852478,0.17571955919265747,-0.05561137944459915,-0.049742698669433594,0.04823436960577965,0.2532738745212555,0.18529298901557922,0.08869390189647675,0.144558846950531,0.2826675772666931,0.15949173271656036,-0.026861127465963364,0.19854484498500824,0.030205249786376953,0.17037615180015564,0.06446279585361481,-0.09025269746780396,0.11805438250303268,-0.049643147736787796,-0.2748624086380005,-0.16378335654735565,0.06271743029356003,0.06211977079510689,-0.07092902809381485,0.2508190870285034,-0.03036545217037201,-0.04267561808228493,0.25147053599357605,-0.1107567548751831,-0.033036474138498306
0.17419639229774475,0.6670361161231995,1.2951146364212036,-0.07010240034709558,-0.021756646904150606,0.055406561918179845,-0.00040558361772857646,-0.0011986226944212131,0.0037085107717025906,0.2753522753715515,-0.032576692104339555,-0.10591330528259268,0.8403018116950989,0.7277172207832336,1.2325743436813354,-0.065326035,-0.0122007355,0.061613947,87.0,1740111815.051018,0.03552502393722534,0.0602683462202549,0.1693246215581894,0.175519198179245,-0.05511271953582764,-0.0496494397521019,0.04817642644047737,0.2527956962585449,0.18535323441028595,0.08852438628673553,0.14443959295749664,0.28244081139564514,0.15967386960983276,-0.026918228715658188,0.1979254186153412,0.030316293239593506,0.17041191458702087,0.06443031132221222,-0.09030508995056152,0.11773661524057388,-0.04971661418676376,-0.27426835894584656,-0.16399714350700378,0.06279152631759644,0.06240951269865036,-0.07070064544677734,0.25017014145851135,-0.03058907389640808,-0.042437080293893814,0.2505068778991699,-0.11066296696662903,-0.033104728907346725
0.17184671759605408,0.6663087606430054,1.2969379425048828,-0.07010240034709558,-0.021756646904150606,0.055406561918179845,0.00026526284215211583,-0.001881184617757193,0.00465171750460559,0.2722243875265121,-0.03383536338806148,-0.10443129539489737,0.8403018116950989,0.7277172207832336,1.2325743436813354,-0.063349366,-0.011525512,0.05507931,88.0,1740111815.0847726,0.03438705950975418,0.06007029116153717,0.16702085733413696,0.17240138351917267,-0.05211491137742996,-0.050679225474596024,0.04778192564845085,0.24731563031673431,0.18339230120182037,0.08863367140293121,0.14342248439788818,0.2781273424625397,0.15764214098453522,-0.027377605438232422,0.1947842389345169,0.029288820922374725,0.16783101856708527,0.0629415512084961,-0.08724342286586761,0.11558077484369278,-0.05021926015615463,-0.27222317457199097,-0.16158829629421234,0.06169634312391281,0.06167742982506752,-0.06887345016002655,0.24794352054595947,-0.030885472893714905,-0.042582858353853226,0.24617844820022583,-0.10744509100914001,-0.030667096376419067
0.16966237127780914,0.665765643119812,1.2989825010299683,-0.07010240034709558,-0.021756646904150606,0.055406561918179845,-0.0006119812959643863,-0.0014923720440501735,0.003897801892031056,0.270487105846405,-0.03427149057388301,-0.1022143602371215,0.8403018116950989,0.7277172207832336,1.2325743436813354,-0.05403347,-0.017302684,0.06689985,89.0,1740111815.1168153,0.03737064450979233,0.06005308777093887,0.1689271777868271,0.17253242433071136,-0.05363345891237259,-0.049775391817092896,0.04788658395409584,0.2496824860572815,0.1869008094072342,0.08878839015960693,0.14288020133972168,0.28072279691696167,0.15849928557872772,-0.02631622925400734,0.1984284520149231,0.0311887189745903,0.17088647186756134,0.0634138286113739,-0.08768358826637268,0.11566052585840225,-0.04996313154697418,-0.2736015021800995,-0.16261832416057587,0.061756476759910583,0.06400087475776672,-0.06986650079488754,0.24878594279289246,-0.030031733214855194,-0.04232222959399223,0.24867406487464905,-0.11109425127506256,-0.02999970316886902
0.16630919277668,0.66484534740448,1.301822304725647,-0.06698972698008981,-0.01956294956881135,0.05571970750705401,-0.0019790759676159985,5.412463177518546e-05,0.005217317982708263,0.26850407421588895,-0.03460581302642818,-0.1000480890274047,0.8403018116950989,0.7277172207832336,1.2325743436813354,-0.05403347,-0.017302684,0.06689985,90.0,1740111815.1624825,0.03737064450979233,0.06005308777093887,0.1689271777868271,0.17253242433071136,-0.05363345891237259,-0.049775391817092896,0.04788658395409584,0.2496824860572815,0.1869008094072342,0.08878839015960693,0.14288020133972168,0.28072279691696167,0.15849928557872772,-0.02631622925400734,0.1984284520149231,0.0311887189745903,0.17088647186756134,0.0634138286113739,-0.08768358826637268,0.11566052585840225,-0.04996313154697418,-0.2736015021800995,-0.16261832416057587,0.061756476759910583,0.06400087475776672,-0.06986650079488754,0.24878594279289246,-0.030031733214855194,-0.04232222959399223,0.24867406487464905,-0.11109425127506256,-0.02999970316886902
0.1650075912475586,0.6642776131629944,1.3026355504989624,-0.06698972698008981,-0.01956294956881135,0.05571970750705401,-0.00021138892635160842,-0.00021944995659616145,0.007620595189401607,0.26630919277667997,-0.035154652595519975,-0.09817769527435294,0.8403018116950989,0.7277172207832336,1.2325743436813354,-0.05895525,-0.015003085,0.0627974,91.0,1740111815.1888978,0.03811968117952347,0.060086000710725784,0.16725002229213715,0.16824176907539368,-0.05163166671991348,-0.050354473292827606,0.04597929120063782,0.24585802853107452,0.18674837052822113,0.08695422112941742,0.13999630510807037,0.2762732207775116,0.15641283988952637,-0.02608902007341385,0.19697162508964539,0.03086663782596588,0.17012546956539154,0.06167905405163765,-0.0860266238451004,0.11185372620820999,-0.05069076269865036,-0.26999256014823914,-0.160602867603302,0.06002366542816162,0.06632021069526672,-0.06820686906576157,0.24649818241596222,-0.02915063500404358,-0.04211673513054848,0.24464747309684753,-0.11024154722690582,-0.026409897953271866
0.1629118025302887,0.664000928401947,1.304736852645874,-0.06698972698008981,-0.01956294956881135,0.05571970750705401,-0.001107470198745301,-0.0006341074402337486,0.0044030312628343385,0.26404171288013456,-0.03577376604080196,-0.0962500810623168,0.8403018116950989,0.7277172207832336,1.2325743436813354,-0.058774404,-0.014883928,0.059800457,92.0,1740111815.2170146,0.040840908885002136,0.06092032045125961,0.1666964739561081,0.16476085782051086,-0.05071689933538437,-0.051546916365623474,0.043551091104745865,0.24340273439884186,0.18966278433799744,0.08515451848506927,0.13717424869537354,0.273831844329834,0.1549226939678192,-0.026888705790042877,0.19856080412864685,0.03100202977657318,0.17230060696601868,0.060595978051424026,-0.08571675419807434,0.10804418474435806,-0.05321603640913963,-0.26780223846435547,-0.1597764790058136,0.05859961360692978,0.0710093230009079,-0.0670241191983223,0.24605326354503632,-0.028648391366004944,-0.04305005446076393,0.24127790331840515,-0.1111070066690445,-0.021292202174663544
0.16078826785087585,0.6635223627090454,1.3065838813781738,-0.06698972698008981,-0.01956294956881135,0.05571970750705401,-0.0010530246852374855,-0.0010789246202224376,0.004059316374935518,0.26189897060394285,-0.03625566959381099,-0.09433963298797599,0.8403018116950989,0.7277172207832336,1.2325743436813354,-0.061349608,-0.011940308,0.056400567,93.0,1740111815.2512622,0.04078105837106705,0.0609419047832489,0.16528603434562683,0.16274434328079224,-0.04925701767206192,-0.052675023674964905,0.0429743267595768,0.24072295427322388,0.18915244936943054,0.08517727255821228,0.1367863267660141,0.27177944779396057,0.15399235486984253,-0.02708853781223297,0.1970275640487671,0.030184369534254074,0.17134106159210205,0.05982423946261406,-0.0841258317232132,0.1066797599196434,-0.05372216925024986,-0.267076700925827,-0.15859271585941315,0.05813959240913391,0.07066947221755981,-0.06577546149492264,0.2451506406068802,-0.028758637607097626,-0.043390896171331406,0.23870256543159485,-0.1092916876077652,-0.019239600747823715
0.15975838899612427,0.6632176637649536,1.3075634241104126,-0.0686619985310972,-0.016886965979084383,0.06171125010561801,-0.0011142826462441162,-0.0030561346591475983,0.0025640382858837735,0.25975838899612425,-0.03678233623504634,-0.09243657588958731,0.8403018116950989,0.7277172207832336,1.2325743436813354,-0.05747613,-0.013154134,0.05903586,94.0,1740111815.2839296,0.04058629274368286,0.06096360832452774,0.1643875241279602,0.16153383255004883,-0.04821043461561203,-0.053885843604803085,0.042717501521110535,0.23859572410583496,0.18884332478046417,0.08506235480308533,0.13637293875217438,0.27028876543045044,0.15376774966716766,-0.028106864541769028,0.19612371921539307,0.029489710927009583,0.17074361443519592,0.059599924832582474,-0.08335064351558685,0.10600932687520981,-0.05518947169184685,-0.266625314950943,-0.15793374180793762,0.05799347162246704,0.07071004807949066,-0.06500577926635742,0.2454327642917633,-0.029698267579078674,-0.04374854639172554,0.2367146909236908,-0.10788397490978241,-0.017431683838367462
0.15671031177043915,0.662552535533905,1.3103185892105103,-0.0686619985310972,-0.016886965979084383,0.06171125010561801,-0.00022188523074199748,-0.00047766450247381563,0.0006527519042263623,0.2587259769439697,-0.036939036846160844,-0.09144344329833975,0.8403018116950989,0.7277172207832336,1.2325743436813354,-0.05747613,-0.013154134,0.05903586,95.0,1740111815.318165,0.04058629274368286,0.06096360832452774,0.1643875241279602,0.16153383255004883,-0.04821043461561203,-0.053885843604803085,0.042717501521110535,0.23859572410583496,0.18884332478046417,0.08506235480308533,0.13637293875217438,0.27028876543045044,0.15376774966716766,-0.028106864541769028,0.19612371921539307,0.029489710927009583,0.17074361443519592,0.059599924832582474,-0.08335064351558685,0.10600932687520981,-0.05518947169184685,-0.266625314950943,-0.15793374180793762,0.05799347162246704,0.07071004807949066,-0.06500577926635742,0.2454327642917633,-0.029698267579078674,-0.04374854639172554,0.2367146909236908,-0.10788397490978241,-0.017431683838367462
0.15513308346271515,0.6622610688209534,1.3109734058380127,-0.0686619985310972,-0.016886965979084383,0.06171125010561801,-0.002689042566370711,0.0035027159411107813,0.0018167563180516621,0.2567103117704391,-0.037447464466094926,-0.08968141078948966,0.8403018116950989,0.7277172207832336,1.2325743436813354,-0.053276695,-0.015123062,0.065026134,96.0,1740111815.3499281,0.04040258377790451,0.06122066080570221,0.1630510836839676,0.15919247269630432,-0.046401455998420715,-0.054274238646030426,0.042381372302770615,0.2354595810174942,0.1883498877286911,0.08510154485702515,0.13522124290466309,0.2678474485874176,0.15220671892166138,-0.028449274599552155,0.19472955167293549,0.029239721596240997,0.16940011084079742,0.05863728001713753,-0.08146760612726212,0.10439939051866531,-0.05570104345679283,-0.2646160423755646,-0.1564897745847702,0.05715678632259369,0.07123739272356033,-0.06366892904043198,0.24369457364082336,-0.029533006250858307,-0.04402269050478935,0.23433637619018555,-0.10642433166503906,-0.01544505637139082
0.1523740142583847,0.6618334054946899,1.3139070272445679,-0.06050020245084613,-0.013558847697419347,0.0551702373438449,-0.0032786408758518465,0.003198513912930221,-0.001395700904313985,0.2537022441625595,-0.03813959360122676,-0.08691396713256827,0.8403018116950989,0.7277172207832336,1.2325743436813354,-0.053276695,-0.015123062,0.065026134,97.0,1740111815.3843803,0.04040258377790451,0.06122066080570221,0.1630510836839676,0.15919247269630432,-0.046401455998420715,-0.054274238646030426,0.042381372302770615,0.2354595810174942,0.1883498877286911,0.08510154485702515,0.13522124290466309,0.2678474485874176,0.15220671892166138,-0.028449274599552155,0.19472955167293549,0.029239721596240997,0.16940011084079742,0.05863728001713753,-0.08146760612726212,0.10439939051866531,-0.05570104345679283,-0.2646160423755646,-0.1564897745847702,0.05715678632259369,0.07123739272356033,-0.06366892904043198,0.24369457364082336,-0.029533006250858307,-0.04402269050478935,0.23433637619018555,-0.10642433166503906,-0.01544505637139082
0.15072140097618103,0.660824716091156,1.3153812885284424,-0.06050020245084613,-0.013558847697419347,0.0551702373438449,-0.001118922228786414,0.0029813082218346776,0.0044016711124126515,0.2516770869493484,-0.038892817497253374,-0.08534398078918448,0.8403018116950989,0.7277172207832336,1.2325743436813354,-0.065285206,-0.009163372,0.047703523,98.0,1740111815.417783,0.04017779231071472,0.05972452461719513,0.16441264748573303,0.16540534794330597,-0.05294192582368851,-0.052883557975292206,0.04666948318481445,0.2425263673067093,0.1898612231016159,0.08549201488494873,0.13600172102451324,0.27592334151268005,0.1577788144350052,-0.030094504356384277,0.1974569708108902,0.033242154866456985,0.1717604100704193,0.06361645460128784,-0.08705680072307587,0.11209215968847275,-0.0557161383330822,-0.26623210310935974,-0.16110815107822418,0.05959638953208923,0.07026258111000061,-0.06742695719003677,0.24767513573169708,-0.030291929841041565,-0.04104553535580635,0.24140271544456482,-0.11112339794635773,-0.021831601858139038
0.14912596344947815,0.6606817841529846,1.3173344135284424,-0.06050020245084613,-0.013558847697419347,0.0551702373438449,-0.0013142315644120235,-0.001036729360986348,0.0009060286299514901,0.2500173360109329,-0.03906507492065425,-0.0835167407989501,0.8403018116950989,0.7277172207832336,1.2325743436813354,-0.065285206,-0.009163372,0.047703523,99.0,1740111815.4533012,0.04017779231071472,0.05972452461719513,0.16441264748573303,0.16540534794330597,-0.05294192582368851,-0.052883557975292206,0.04666948318481445,0.2425263673067093,0.1898612231016159,0.08549201488494873,0.13600172102451324,0.27592334151268005,0.1577788144350052,-0.030094504356384277,0.1974569708108902,0.033242154866456985,0.1717604100704193,0.06361645460128784,-0.08705680072307587,0.11209215968847275,-0.0557161383330822,-0.26623210310935974,-0.16110815107822418,0.05959638953208923,0.07026258111000061,-0.06742695719003677,0.24767513573169708,-0.030291929841041565,-0.04104553535580635,0.24140271544456482,-0.11112339794635773,-0.021831601858139038
0.14688445627689362,0.6601084470748901,1.318642258644104,-0.05689962731337314,-0.014621433560102435,0.04637093163697577,-0.00225117712688622,0.0020582605830195455,0.0033291004451644376,0.2482277512550354,-0.03956187963485713,-0.08183815479278556,0.8403018116950989,0.7277172207832336,1.2325743436813354,-0.06166322,-0.008758925,0.043952636,100.0,1740111815.4838192,0.041450135409832,0.06012494117021561,0.16566629707813263,0.1644977480173111,-0.05245736986398697,-0.052767835557460785,0.04636320844292641,0.24270091950893402,0.19134172797203064,0.08561260998249054,0.13583926856517792,0.2759432792663574,0.15743696689605713,-0.02966327965259552,0.1989145278930664,0.033795103430747986,0.1723194569349289,0.06304590404033661,-0.08638235926628113,0.11120704561471939,-0.055803921073675156,-0.26649343967437744,-0.1608995944261551,0.059096142649650574,0.07186378538608551,-0.06717639416456223,0.2477966547012329,-0.029717758297920227,-0.041473958641290665,0.24221661686897278,-0.11218999326229095,-0.02022748440504074
0.14560899138450623,0.6597426533699036,1.3203727006912231,-0.05689962731337314,-0.014621433560102435,0.04637093163697577,-0.001771152891564743,0.0009613961055901504,0.001087267280263364,0.24648933708667756,-0.04007072448730464,-0.08029892444610587,0.8403018116950989,0.7277172207832336,1.2325743436813354,-0.06166322,-0.008758925,0.043952636,101.0,1740111815.5179434,0.041450135409832,0.06012494117021561,0.16566629707813263,0.1644977480173111,-0.05245736986398697,-0.052767835557460785,0.04636320844292641,0.24270091950893402,0.19134172797203064,0.08561260998249054,0.13583926856517792,0.2759432792663574,0.15743696689605713,-0.02966327965259552,0.1989145278930664,0.033795103430747986,0.1723194569349289,0.06304590404033661,-0.08638235926628113,0.11120704561471939,-0.055803921073675156,-0.26649343967437744,-0.1608995944261551,0.059096142649650574,0.07186378538608551,-0.06717639416456223,0.2477966547012329,-0.029717758297920227,-0.041473958641290665,0.24221661686897278,-0.11218999326229095,-0.02022748440504074
0.14390233159065247,0.6589508652687073,1.3217514753341675,-0.05689962731337314,-0.014621433560102435,0.04637093163697577,-0.0006630888903177103,0.00273737123755132,0.002942710594826859,0.2449040323495865,-0.04056198596954341,-0.07874228954315177,0.8403018116950989,0.7277172207832336,1.2325743436813354,-0.06161212,-0.007981669,0.04185442,102.0,1740111815.5519116,0.04394776374101639,0.060622841119766235,0.16848862171173096,0.16495880484580994,-0.053320497274398804,-0.052262477576732635,0.0461728572845459,0.24535340070724487,0.1952100396156311,0.08582024276256561,0.13608063757419586,0.27850085496902466,0.1584542840719223,-0.02950306609272957,0.2030765563249588,0.035389624536037445,0.175464928150177,0.06351865828037262,-0.08744560182094574,0.11125359684228897,-0.056524086743593216,-0.26806554198265076,-0.16236534714698792,0.05922922492027283,0.07510033249855042,-0.0680801197886467,0.2495572865009308,-0.029187478125095367,-0.0418628565967083,0.24508771300315857,-0.11590316891670227,-0.018797777593135834
0.14251329004764557,0.6587592363357544,1.3234081268310547,-0.04369993063881414,-0.013488486281501538,0.04764589088603552,-0.002314196841178642,0.0015978755519198003,-0.0009289087318183645,0.24311769604682923,-0.04131318330764766,-0.07748212814331046,0.8403018116950989,0.7277172207832336,1.2325743436813354,-0.060874913,-0.0056395456,0.037545413,103.0,1740111815.586078,0.04708578437566757,0.06076684966683388,0.17018191516399384,0.16314269602298737,-0.053377002477645874,-0.05187822878360748,0.04537396878004074,0.24616120755672455,0.199340358376503,0.08466275036334991,0.1348159909248352,0.2795366048812866,0.15957976877689362,-0.02924666926264763,0.20650695264339447,0.03778322413563728,0.17835941910743713,0.06325224041938782,-0.08812232315540314,0.11006399244070053,-0.057616133242845535,-0.2674747705459595,-0.16345903277397156,0.05877529829740524,0.08011318743228912,-0.06815602630376816,0.25013259053230286,-0.02835870534181595,-0.04135948047041893,0.24610337615013123,-0.11948072910308838,-0.01634271815419197
0.14071109890937805,0.6578943729400635,1.324477195739746,-0.04369993063881414,-0.013488486281501538,0.04764589088603552,-0.0011471316684551036,0.0029827520239267182,0.003809463192771989,0.24185354113578797,-0.04150779247283931,-0.07594230175018302,0.8403018116950989,0.7277172207832336,1.2325743436813354,-0.05922093,-0.006839119,0.040339164,104.0,1740111815.6201878,0.046661294996738434,0.06088900566101074,0.16871358454227448,0.1614794284105301,-0.05201084911823273,-0.052887171506881714,0.04491719231009483,0.2435573786497116,0.19863098859786987,0.08441293239593506,0.13422811031341553,0.27742883563041687,0.15884852409362793,-0.029815074056386948,0.20500323176383972,0.03711599111557007,0.17731517553329468,0.06264373660087585,-0.08698467910289764,0.10889393836259842,-0.05855720117688179,-0.266393780708313,-0.1623782217502594,0.0585605725646019,0.08000969886779785,-0.06709334999322891,0.24938097596168518,-0.029060669243335724,-0.041752006858587265,0.24350178241729736,-0.11769413948059082,-0.014658785425126553
0.13930469751358032,0.6574999690055847,1.3257983922958374,-0.04369993063881414,-0.013488486281501538,0.04764589088603552,-0.0023786708250672626,0.00317483889653361,0.0038745620189739815,0.23978521525859833,-0.042124938964843706,-0.07491316795349112,0.8403018116950989,0.7277172207832336,1.2325743436813354,-0.060330316,-0.0059752315,0.04082562,105.0,1740111815.6503005,0.04622364044189453,0.06097204238176346,0.16805067658424377,0.16012011468410492,-0.050708428025245667,-0.05331307277083397,0.044661205261945724,0.24168962240219116,0.19788551330566406,0.08450746536254883,0.13401538133621216,0.2756426930427551,0.1581326276063919,-0.029582273215055466,0.2038324922323227,0.0366240032017231,0.17614606022834778,0.06192241236567497,-0.08559508621692657,0.10798915475606918,-0.05857401713728905,-0.26583540439605713,-0.1613496094942093,0.05825568735599518,0.07952896505594254,-0.06629899889230728,0.2486731857061386,-0.02930101752281189,-0.04183686152100563,0.24210232496261597,-0.1162400096654892,-0.013617337681353092
0.1381503939628601,0.6573442816734314,1.3270847797393799,-0.04369993063881414,-0.013488486281501538,0.04764589088603552,-0.0025756004907098195,0.00017053775718797897,0.0006343559230316158,0.23886606693267823,-0.042407763004302934,-0.0734522581100463,0.8403018116950989,0.7277172207832336,1.2325743436813354,-0.060330316,-0.0059752315,0.04082562,106.0,1740111815.6847453,0.04622364044189453,0.06097204238176346,0.16805067658424377,0.16012011468410492,-0.050708428025245667,-0.05331307277083397,0.044661205261945724,0.24168962240219116,0.19788551330566406,0.08450746536254883,0.13401538133621216,0.2756426930427551,0.1581326276063919,-0.029582273215055466,0.2038324922323227,0.0366240032017231,0.17614606022834778,0.06192241236567497,-0.08559508621692657,0.10798915475606918,-0.05857401713728905,-0.26583540439605713,-0.1613496094942093,0.05825568735599518,0.07952896505594254,-0.06629899889230728,0.2486731857061386,-0.02930101752281189,-0.04183686152100563,0.24210232496261597,-0.1162400096654892,-0.013617337681353092
0.13665549457073212,0.6565146446228027,1.3278166055679321,-0.04164311662344347,-0.014114683348840893,0.03467028289747194,-0.0011533599128512127,0.0016137039572424086,0.004879925812794995,0.23749811053276063,-0.042940628528594926,-0.07241644859313956,0.8403018116950989,0.7277172207832336,1.2325743436813354,-0.049052827,-0.0059091374,0.04079355,107.0,1740111815.7172403,0.04597126692533493,0.0615011528134346,0.16672644019126892,0.15746349096298218,-0.04833291471004486,-0.05358880013227463,0.04502607882022858,0.23802641034126282,0.19837240874767303,0.08599448204040527,0.1338510811328888,0.273973286151886,0.1565336436033249,-0.029674511402845383,0.20276443660259247,0.03691248223185539,0.17478160560131073,0.06079871580004692,-0.08218786120414734,0.10680370777845383,-0.058759476989507675,-0.2648547291755676,-0.15962977707386017,0.05809713155031204,0.07988058030605316,-0.06458552181720734,0.24611321091651917,-0.029686585068702698,-0.0431770421564579,0.23978552222251892,-0.11464722454547882,-0.011349708773195744
0.1355326622724533,0.6562936305999756,1.3289040327072144,-0.04164311662344347,-0.014114683348840893,0.03467028289747194,-0.0024498796661986256,0.0010992985129713007,0.003964269099074607,0.23582956790924073,-0.04311801195144649,-0.07155075073242179,0.8403018116950989,0.7277172207832336,1.2325743436813354,-0.05031627,-0.0050176755,0.037435997,108.0,1740111815.7510204,0.045769572257995605,0.06119457632303238,0.16701067984104156,0.15805046260356903,-0.04879925400018692,-0.053302548825740814,0.04526708647608757,0.2386760711669922,0.1982528418302536,0.08552682399749756,0.1337655484676361,0.27445805072784424,0.15740272402763367,-0.029557976871728897,0.20282334089279175,0.037332650274038315,0.17490465939044952,0.06116880849003792,-0.08299748599529266,0.10744034498929977,-0.05861547216773033,-0.26495230197906494,-0.16023622453212738,0.05826278775930405,0.0799550786614418,-0.06499896943569183,0.2468022257089615,-0.029890581965446472,-0.042366426438093185,0.24037110805511475,-0.11500182747840881,-0.012374731712043285
0.1339978575706482,0.6554874777793884,1.3294384479522705,-0.04164311662344347,-0.014114683348840893,0.03467028289747194,-0.0012614626454019594,0.003275134128922028,0.005630144729411232,0.23486425578594208,-0.04391570091247554,-0.07071151733398429,0.8403018116950989,0.7277172207832336,1.2325743436813354,-0.045958232,-0.0059333593,0.03887984,109.0,1740111815.7860837,0.04633545130491257,0.06095227599143982,0.1676521748304367,0.15851826965808868,-0.04966999590396881,-0.05308530852198601,0.04526425153017044,0.2398308962583542,0.19895543158054352,0.0848206877708435,0.1333221048116684,0.2752811014652252,0.15829862654209137,-0.02948984131217003,0.20380645990371704,0.03799963369965553,0.17584191262722015,0.06157674267888069,-0.08410757780075073,0.10778755694627762,-0.05884658172726631,-0.2650702893733978,-0.16093182563781738,0.05835244804620743,0.08081254363059998,-0.06560757011175156,0.24777135252952576,-0.029916219413280487,-0.041725043207407,0.24129870533943176,-0.1161540150642395,-0.012807979248464108
0.13304319977760315,0.6552588939666748,1.330256462097168,-0.04062514268072348,-0.01641888233976819,0.02437475948106613,-0.0026365382725317098,0.003662786131233102,0.003305067766743925,0.23344860076904297,-0.044763159751892045,-0.07017364501953116,0.8403018116950989,0.7277172207832336,1.2325743436813354,-0.045958232,-0.0059333593,0.03887984,110.0,1740111815.817059,0.04633545130491257,0.06095227599143982,0.1676521748304367,0.15851826965808868,-0.04966999590396881,-0.05308530852198601,0.04526425153017044,0.2398308962583542,0.19895543158054352,0.0848206877708435,0.1333221048116684,0.2752811014652252,0.15829862654209137,-0.02948984131217003,0.20380645990371704,0.03799963369965553,0.17584191262722015,0.06157674267888069,-0.08410757780075073,0.10778755694627762,-0.05884658172726631,-0.2650702893733978,-0.16093182563781738,0.05835244804620743,0.08081254363059998,-0.06560757011175156,0.24777135252952576,-0.029916219413280487,-0.041725043207407,0.24129870533943176,-0.1161540150642395,-0.012807979248464108
0.13163825869560242,0.6543888449668884,1.330603837966919,-0.04062514268072348,-0.01641888233976819,0.02437475948106613,-0.001194383090804593,0.006799201620144277,0.005451403340779506,0.23241776823997498,-0.0450197577476501,-0.069461965560913,0.8403018116950989,0.7277172207832336,1.2325743436813354,-0.044162102,-0.0043568984,0.03546013,111.0,1740111815.8502934,0.0471164733171463,0.06096837669610977,0.16827240586280823,0.15927989780902863,-0.05085572600364685,-0.05295450985431671,0.04542304202914238,0.24140001833438873,0.20026353001594543,0.08447062969207764,0.13285869359970093,0.2766170799732208,0.1589890867471695,-0.02998374029994011,0.20527049899101257,0.038578130304813385,0.17734505236148834,0.06234998628497124,-0.08543609082698822,0.10811970382928848,-0.059722792357206345,-0.26528531312942505,-0.16160228848457336,0.0586608350276947,0.08194407820701599,-0.06630276888608932,0.24881601333618164,-0.030178114771842957,-0.04184691235423088,0.2422163486480713,-0.11763788759708405,-0.012717031873762608
0.13027581572532654,0.6539126634597778,1.331018328666687,-0.04062514268072348,-0.01641888233976819,0.02437475948106613,-0.0034825333601144815,0.008000529827823899,0.002577773546402584,0.23107345998287201,-0.04592407941818233,-0.06918551921844474,0.8403018116950989,0.7277172207832336,1.2325743436813354,-0.044162102,-0.0043568984,0.03546013,112.0,1740111815.8847184,0.0471164733171463,0.06096837669610977,0.16827240586280823,0.15927989780902863,-0.05085572600364685,-0.05295450985431671,0.04542304202914238,0.24140001833438873,0.20026353001594543,0.08447062969207764,0.13285869359970093,0.2766170799732208,0.1589890867471695,-0.02998374029994011,0.20527049899101257,0.038578130304813385,0.17734505236148834,0.06234998628497124,-0.08543609082698822,0.10811970382928848,-0.059722792357206345,-0.26528531312942505,-0.16160228848457336,0.0586608350276947,0.08194407820701599,-0.06630276888608932,0.24881601333618164,-0.030178114771842957,-0.04184691235423088,0.2422163486480713,-0.11763788759708405,-0.012717031873762608
0.1294422596693039,0.6530720591545105,1.3311681747436523,-0.04062514268072348,-0.01641888233976819,0.02437475948106613,-0.0006411021420415989,0.006511112234538375,0.004507636988031999,0.22999120354652405,-0.04661948680877681,-0.06891121864318839,0.8403018116950989,0.7277172207832336,1.2325743436813354,-0.0501579,-0.0048409626,0.0352709,113.0,1740111815.9171093,0.05065102130174637,0.06183765083551407,0.17144259810447693,0.16038474440574646,-0.05288971960544586,-0.0532207265496254,0.0446479469537735,0.2452930361032486,0.2059423178434372,0.08434116840362549,0.13318589329719543,0.2800772488117218,0.16007019579410553,-0.030601568520069122,0.21087448298931122,0.03982596471905708,0.18234406411647797,0.06348288059234619,-0.0875808447599411,0.1076182946562767,-0.0617024190723896,-0.2680123746395111,-0.16315926611423492,0.05905991792678833,0.0859881192445755,-0.06743335723876953,0.2518211901187897,-0.029768966138362885,-0.043403301388025284,0.2449530065059662,-0.1223439872264862,-0.009707125835120678
0.12837113440036774,0.6523886322975159,1.331186056137085,-0.034700347587259504,-0.02116675245387861,0.007672159035579501,-0.0007871172209412914,0.005541177557091639,0.005381178129679841,0.22888026237487794,-0.04728044271469112,-0.06882312297821036,0.8403018116950989,0.7277172207832336,1.2325743436813354,-0.04872763,-0.0071883127,0.040472616,114.0,1740111815.9505684,0.05155523866415024,0.06220947206020355,0.17177903652191162,0.15936534106731415,-0.0521496906876564,-0.05340375751256943,0.0438217855989933,0.24464809894561768,0.2071637660264969,0.0841507613658905,0.13296808302402496,0.27951526641845703,0.15943901240825653,-0.03070543333888054,0.21158640086650848,0.03985029458999634,0.18304187059402466,0.06308300793170929,-0.0873568207025528,0.10635489970445633,-0.06223107501864433,-0.26768434047698975,-0.16309434175491333,0.0584864541888237,0.08768860995769501,-0.0669826865196228,0.25151318311691284,-0.02924959361553192,-0.04391821101307869,0.2442491054534912,-0.12301890552043915,-0.007995792664587498
0.12758512794971466,0.6519448757171631,1.331276535987854,-0.034700347587259504,-0.02116675245387861,0.007672159035579501,-0.0014598684907111937,0.004299708894253146,0.0029151543922618147,0.22787720561027527,-0.047951591014862016,-0.06881930828094474,0.8403018116950989,0.7277172207832336,1.2325743436813354,-0.04872763,-0.0071883127,0.040472616,115.0,1740111815.9836128,0.05155523866415024,0.06220947206020355,0.17177903652191162,0.15936534106731415,-0.0521496906876564,-0.05340375751256943,0.0438217855989933,0.24464809894561768,0.2071637660264969,0.0841507613658905,0.13296808302402496,0.27951526641845703,0.15943901240825653,-0.03070543333888054,0.21158640086650848,0.03985029458999634,0.18304187059402466,0.06308300793170929,-0.0873568207025528,0.10635489970445633,-0.06223107501864433,-0.26768434047698975,-0.16309434175491333,0.0584864541888237,0.08768860995769501,-0.0669826865196228,0.25151318311691284,-0.02924959361553192,-0.04391821101307869,0.2442491054534912,-0.12301890552043915,-0.007995792664587498
0.1266718953847885,0.651227593421936,1.3309465646743774,-0.034700347587259504,-0.02116675245387861,0.007672159035579501,-0.002566785198264151,0.005146371843735786,0.002876139425523833,0.22677641212940217,-0.0481170535087585,-0.06883862018585196,0.8403018116950989,0.7277172207832336,1.2325743436813354,-0.052879557,-0.0058593974,0.037702985,116.0,1740111816.0167322,0.0510738343000412,0.06202514469623566,0.17137786746025085,0.15846380591392517,-0.051023513078689575,-0.05348864942789078,0.0436343252658844,0.24318799376487732,0.2061229646205902,0.08414523303508759,0.13314266502857208,0.278213232755661,0.15896785259246826,-0.03010672703385353,0.21024031937122345,0.03927076980471611,0.18190108239650726,0.062227677553892136,-0.0861465334892273,0.10587892681360245,-0.061450522392988205,-0.2673943042755127,-0.16248971223831177,0.0582721084356308,0.08720895648002625,-0.0662638247013092,0.25057709217071533,-0.02930089831352234,-0.04357912763953209,0.24328193068504333,-0.12181064486503601,-0.008219475857913494
0.1253480315208435,0.6506508588790894,1.3304108381271362,-0.029473289473945972,-0.01726142754547245,-0.006391905575659432,-0.005623678420597926,0.005273200260962548,0.003317670029756004,0.22582564353942872,-0.04890764951705928,-0.06929709911346427,0.8403018116950989,0.7277172207832336,1.2325743436813354,-0.052879557,-0.0058593974,0.037702985,117.0,1740111816.0529563,0.0510738343000412,0.06202514469623566,0.17137786746025085,0.15846380591392517,-0.051023513078689575,-0.05348864942789078,0.0436343252658844,0.24318799376487732,0.2061229646205902,0.08414523303508759,0.13314266502857208,0.278213232755661,0.15896785259246826,-0.03010672703385353,0.21024031937122345,0.03927076980471611,0.18190108239650726,0.062227677553892136,-0.0861465334892273,0.10587892681360245,-0.061450522392988205,-0.2673943042755127,-0.16248971223831177,0.0582721084356308,0.08720895648002625,-0.0662638247013092,0.25057709217071533,-0.02930089831352234,-0.04357912763953209,0.24328193068504333,-0.12181064486503601,-0.008219475857913494
0.12458913028240204,0.6492575407028198,1.329701542854309,-0.029473289473945972,-0.01726142754547245,-0.006391905575659432,-0.0009840246941333435,0.0040600709424879824,0.006291878555861187,0.22487731873989106,-0.04974920749664302,-0.06978836059570304,0.8403018116950989,0.7277172207832336,1.2325743436813354,-0.043332614,-0.007989556,0.046513516,118.0,1740111816.0858774,0.05058927834033966,0.06189426779747009,0.17317527532577515,0.16220392286777496,-0.05266789346933365,-0.0526924803853035,0.045252833515405655,0.24671325087547302,0.20679865777492523,0.08527302742004395,0.13533873856067657,0.2821105420589447,0.161222442984581,-0.03008883446455002,0.2116289734840393,0.03997744247317314,0.18270482122898102,0.06345237791538239,-0.08803141117095947,0.1091475561261177,-0.06089475378394127,-0.2701877951622009,-0.1647668331861496,0.05974831432104111,0.08626224100589752,-0.06742473691701889,0.2526525855064392,-0.030379481613636017,-0.04316052421927452,0.24676820635795593,-0.12293019890785217,-0.011645509861409664
0.12343329191207886,0.6485212445259094,1.3288543224334717,-0.029473289473945972,-0.01726142754547245,-0.006391905575659432,-0.0023949728306024514,0.0033259401989800754,0.006583318361135715,0.22388816475868226,-0.05104256868362422,-0.07071568965911856,0.8403018116950989,0.7277172207832336,1.2325743436813354,-0.041568425,-0.0070739016,0.04447435,119.0,1740111816.1266956,0.049366824328899384,0.061587318778038025,0.1711520403623581,0.16076350212097168,-0.05174397677183151,-0.05263494700193405,0.04555445909500122,0.24447089433670044,0.20464079082012177,0.08540783822536469,0.1345103532075882,0.27993085980415344,0.16011232137680054,-0.029980599880218506,0.2089812457561493,0.039315059781074524,0.1806916743516922,0.0632094144821167,-0.08661523461341858,0.10856635123491287,-0.060378577560186386,-0.26829761266708374,-0.1633371263742447,0.05956801772117615,0.0847359299659729,-0.06669173389673233,0.25067824125289917,-0.03056589514017105,-0.04282623156905174,0.24461808800697327,-0.1211097240447998,-0.011789950542151928
0.12238217145204544,0.647009015083313,1.3275156021118164,-0.023366259587105018,-0.029360732552541388,-0.022609837597181902,0.00035284466250496706,0.0016110263999834227,0.006834697207330091,0.22340307235717774,-0.051718187332153276,-0.07144918441772452,0.8403018116950989,0.7277172207832336,1.2325743436813354,-0.041568425,-0.0070739016,0.04447435,120.0,1740111816.1594813,0.049366824328899384,0.061587318778038025,0.1711520403623581,0.16076350212097168,-0.05174397677183151,-0.05263494700193405,0.04555445909500122,0.24447089433670044,0.20464079082012177,0.08540783822536469,0.1345103532075882,0.27993085980415344,0.16011232137680054,-0.029980599880218506,0.2089812457561493,0.039315059781074524,0.1806916743516922,0.0632094144821167,-0.08661523461341858,0.10856635123491287,-0.060378577560186386,-0.26829761266708374,-0.1633371263742447,0.05956801772117615,0.0847359299659729,-0.06669173389673233,0.25067824125289917,-0.03056589514017105,-0.04282623156905174,0.24461808800697327,-0.1211097240447998,-0.011789950542151928
0.12216593325138092,0.6468688249588013,1.3271665573120117,-0.023366259587105018,-0.029360732552541388,-0.022609837597181902,-0.0015526387453157805,0.0003500495454614597,0.003710922825332549,0.22238217145204545,-0.05299098491668697,-0.0724843978881835,0.8403018116950989,0.7277172207832336,1.2325743436813354,-0.041568425,-0.0070739016,0.04447435,121.0,1740111816.1910138,0.049366824328899384,0.061587318778038025,0.1711520403623581,0.16076350212097168,-0.05174397677183151,-0.05263494700193405,0.04555445909500122,0.24447089433670044,0.20464079082012177,0.08540783822536469,0.1345103532075882,0.27993085980415344,0.16011232137680054,-0.029980599880218506,0.2089812457561493,0.039315059781074524,0.1806916743516922,0.0632094144821167,-0.08661523461341858,0.10856635123491287,-0.060378577560186386,-0.26829761266708374,-0.1633371263742447,0.05956801772117615,0.0847359299659729,-0.06669173389673233,0.25067824125289917,-0.03056589514017105,-0.04282623156905174,0.24461808800697327,-0.1211097240447998,-0.011789950542151928
0.12139558047056198,0.6459749341011047,1.3261808156967163,-0.023366259587105018,-0.029360732552541388,-0.022609837597181902,-0.0018604109642003832,7.131185745100254e-05,0.00260145179803941,0.2217857301235199,-0.053659689426422075,-0.07330932617187491,0.8403018116950989,0.7277172207832336,1.2325743436813354,-0.03939636,-0.0060048252,0.041488625,122.0,1740111816.2184205,0.048375554382801056,0.06210099905729294,0.1685631424188614,0.16043615341186523,-0.051075249910354614,-0.05422988161444664,0.04525208845734596,0.24214810132980347,0.2042796015739441,0.085945263504982,0.13468994200229645,0.27864745259284973,0.1590423583984375,-0.03183712065219879,0.20745208859443665,0.037924397736787796,0.18044409155845642,0.06380562484264374,-0.08636830747127533,0.10770756751298904,-0.06248122826218605,-0.2675694227218628,-0.1625804454088211,0.06007951498031616,0.08369909226894379,-0.06568307429552078,0.25019311904907227,-0.0319925919175148,-0.044383127242326736,0.2408432960510254,-0.11893151700496674,-0.009930632077157497
0.12058213353157043,0.6449562907218933,1.3251208066940308,-0.023366259587105018,-0.029360732552541388,-0.022609837597181902,-0.001189646224294105,-0.0011656105063658356,0.0015011418770945353,0.22100984156131745,-0.05453444719314571,-0.07439639568328849,0.8403018116950989,0.7277172207832336,1.2325743436813354,-0.04066803,-0.005905375,0.041529648,123.0,1740111816.25062,0.04778680205345154,0.0621139220893383,0.16802944242954254,0.16028764843940735,-0.050838641822338104,-0.05442119389772415,0.04495181888341904,0.2414761185646057,0.20333433151245117,0.0857233852148056,0.13465876877307892,0.27766090631484985,0.15870510041713715,-0.03164969012141228,0.20652076601982117,0.037353940308094025,0.17969147861003876,0.06341737508773804,-0.08596348762512207,0.10753069072961807,-0.06214364990592003,-0.26734083890914917,-0.1621452122926712,0.05998042970895767,0.08274498581886292,-0.06530743837356567,0.25003135204315186,-0.03191983699798584,-0.04438495263457298,0.24013280868530273,-0.11774089932441711,-0.010130713693797588
0.11973841488361359,0.6440916657447815,1.3240636587142944,-0.025916834449113697,-0.02898988103881355,-0.03231175676349285,-0.0015672906783253126,-0.0019056552808462868,0.00023386567538818105,0.22015952169895173,-0.055475366115570024,-0.07540550231933585,0.8403018116950989,0.7277172207832336,1.2325743436813354,-0.04066803,-0.005905375,0.041529648,124.0,1740111816.2838778,0.04778680205345154,0.0621139220893383,0.16802944242954254,0.16028764843940735,-0.050838641822338104,-0.05442119389772415,0.04495181888341904,0.2414761185646057,0.20333433151245117,0.0857233852148056,0.13465876877307892,0.27766090631484985,0.15870510041713715,-0.03164969012141228,0.20652076601982117,0.037353940308094025,0.17969147861003876,0.06341737508773804,-0.08596348762512207,0.10753069072961807,-0.06214364990592003,-0.26734083890914917,-0.1621452122926712,0.05998042970895767,0.08274498581886292,-0.06530743837356567,0.25003135204315186,-0.03191983699798584,-0.04438495263457298,0.24013280868530273,-0.11774089932441711,-0.010130713693797588
0.11914496123790741,0.6431988477706909,1.3229972124099731,-0.025916834449113697,-0.02898988103881355,-0.03231175676349285,-0.0007772337886004111,-0.002797767682072029,0.00162059239328906,0.2193983182311058,-0.05634863376617427,-0.07647910118103018,0.8403018116950989,0.7277172207832336,1.2325743436813354,-0.037862644,-0.0070624873,0.043250978,125.0,1740111816.3178084,0.047350071370601654,0.06201211363077164,0.16769495606422424,0.16017015278339386,-0.050709068775177,-0.05407217890024185,0.04511922225356102,0.24106189608573914,0.20262175798416138,0.08569370210170746,0.13452906906604767,0.2771449089050293,0.1585904061794281,-0.03142451122403145,0.20585869252681732,0.037348635494709015,0.17909054458141327,0.06336705386638641,-0.08565618097782135,0.10773032158613205,-0.06156918779015541,-0.26683077216148376,-0.16201363503932953,0.05993252992630005,0.08225356787443161,-0.06526048481464386,0.24952596426010132,-0.03175647556781769,-0.043952737003564835,0.23998653888702393,-0.11736950278282166,-0.010716469027101994
0.11824055016040802,0.6420503854751587,1.3217560052871704,-0.025916834449113697,-0.02898988103881355,-0.03231175676349285,-0.0010111233938178727,-0.002032127678395051,0.005031507238297852,0.2185588836669922,-0.057512533664703325,-0.07771315574645987,0.8403018116950989,0.7277172207832336,1.2325743436813354,-0.038495377,-0.0077402443,0.044782877,126.0,1740111816.3504164,0.04638240486383438,0.061747923493385315,0.16784070432186127,0.1613311618566513,-0.05119463801383972,-0.05347141996026039,0.046079788357019424,0.2418275773525238,0.20157399773597717,0.08609087765216827,0.13510368764400482,0.27783694863319397,0.15918545424938202,-0.031384531408548355,0.20533274114131927,0.03743188828229904,0.1783348023891449,0.06390969455242157,-0.08599135279655457,0.10912410169839859,-0.06084242835640907,-0.2670283615589142,-0.1624784618616104,0.060328856110572815,0.08105525374412537,-0.06569906324148178,0.2496209591627121,-0.031921692192554474,-0.043342914432287216,0.24107879400253296,-0.11713208258152008,-0.01263315137475729
0.11786605417728424,0.6415148973464966,1.3210453987121582,-0.022445346678803244,-0.029684178922386267,-0.033046360456360745,-0.0009638505080404404,-0.00403682011538656,0.0010160020394612843,0.21791371554136277,-0.05844546556472774,-0.07871201038360587,0.8403018116950989,0.7277172207832336,1.2325743436813354,-0.038495377,-0.0077402443,0.044782877,127.0,1740111816.3835168,0.04638240486383438,0.061747923493385315,0.16784070432186127,0.1613311618566513,-0.05119463801383972,-0.05347141996026039,0.046079788357019424,0.2418275773525238,0.20157399773597717,0.08609087765216827,0.13510368764400482,0.27783694863319397,0.15918545424938202,-0.031384531408548355,0.20533274114131927,0.03743188828229904,0.1783348023891449,0.06390969455242157,-0.08599135279655457,0.10912410169839859,-0.06084242835640907,-0.2670283615589142,-0.1624784618616104,0.060328856110572815,0.08105525374412537,-0.06569906324148178,0.2496209591627121,-0.031921692192554474,-0.043342914432287216,0.24107879400253296,-0.11713208258152008,-0.01263315137475729
0.11715851724147797,0.640730082988739,1.320016622543335,-0.022445346678803244,-0.029684178922386267,-0.033046360456360745,-0.0013387308935112797,-0.0034320322872546873,0.00043769630520801306,0.21750596016645432,-0.058850896358489946,-0.07946279048919669,0.8403018116950989,0.7277172207832336,1.2325743436813354,-0.038523205,-0.009472638,0.049206614,128.0,1740111816.4186234,0.04628109931945801,0.061927370727062225,0.16009876132011414,0.14641420543193817,-0.04087262600660324,-0.057480357587337494,0.039705973118543625,0.22460518777370453,0.19676414132118225,0.0823303759098053,0.1293450891971588,0.26036572456359863,0.15090565383434296,-0.030697636306285858,0.19663682579994202,0.0326291099190712,0.17211736738681793,0.05670592561364174,-0.0766422376036644,0.0960041806101799,-0.06211457774043083,-0.2577803134918213,-0.1537359058856964,0.05546807497739792,0.08328966796398163,-0.058117128908634186,0.24124392867088318,-0.030762560665607452,-0.04490593448281288,0.22427219152450562,-0.10783709585666656,-0.0004190756008028984
0.11646775901317596,0.6396487355232239,1.3189330101013184,-0.022445346678803244,-0.029684178922386267,-0.033046360456360745,-0.0011254146896238829,-0.0012085778682649389,0.004054627844888851,0.2165572702884674,-0.05931402444839473,-0.08048012256622306,0.8403018116950989,0.7277172207832336,1.2325743436813354,-0.038532764,-0.009096209,0.04829109,129.0,1740111816.4514103,0.04714183509349823,0.062159109860658646,0.16194112598896027,0.14758312702178955,-0.04224546253681183,-0.056396570056676865,0.03982531279325485,0.2273564338684082,0.19791096448898315,0.08238478004932404,0.12951026856899261,0.26220637559890747,0.15155090391635895,-0.02984856814146042,0.19845865666866302,0.03365790843963623,0.17308339476585388,0.056973982602357864,-0.0776238739490509,0.09686385840177536,-0.06131898984313011,-0.25846895575523376,-0.15445175766944885,0.055528655648231506,0.08388607203960419,-0.05897383391857147,0.24204449355602264,-0.02969130128622055,-0.044507142156362534,0.22731205821037292,-0.10972492396831512,-0.0013616262003779411
0.11614979803562164,0.6389992237091064,1.3182004690170288,-0.014707976323009025,-0.021306806886406106,-0.025744503200667967,-0.0018521147968978456,-0.000246332575278583,0.0038815944953914487,0.2162465810775757,-0.06069846153259273,-0.08147075176239005,0.8403018116950989,0.7277172207832336,1.2325743436813354,-0.033928007,-0.01105763,0.05199868,130.0,1740111816.4916887,0.04774777591228485,0.06223408877849579,0.16218845546245575,0.14756733179092407,-0.04277829825878143,-0.05591442435979843,0.039407361298799515,0.22806143760681152,0.19868585467338562,0.08184193074703217,0.1288471221923828,0.26231011748313904,0.151534304022789,-0.029532641172409058,0.19911502301692963,0.0341603085398674,0.1738175004720688,0.057000819593667984,-0.07828057557344437,0.09654650837182999,-0.061253007501363754,-0.2577829658985138,-0.15463605523109436,0.05529577285051346,0.08489770442247391,-0.05912645161151886,0.2419842928647995,-0.029008589684963226,-0.044182535260915756,0.2276487946510315,-0.11065305769443512,-0.0013322792947292328
0.11554554104804993,0.638803243637085,1.317608118057251,-0.014707976323009025,-0.021306806886406106,-0.025744503200667967,-0.00560218872535361,0.0006935106480096514,-0.0002781424800272931,0.21559974402189255,-0.06134290695190425,-0.08218171596527091,0.8403018116950989,0.7277172207832336,1.2325743436813354,-0.033928007,-0.01105763,0.05199868,131.0,1740111816.5171824,0.04774777591228485,0.06223408877849579,0.16218845546245575,0.14756733179092407,-0.04277829825878143,-0.05591442435979843,0.039407361298799515,0.22806143760681152,0.19868585467338562,0.08184193074703217,0.1288471221923828,0.26231011748313904,0.151534304022789,-0.029532641172409058,0.19911502301692963,0.0341603085398674,0.1738175004720688,0.057000819593667984,-0.07828057557344437,0.09654650837182999,-0.061253007501363754,-0.2577829658985138,-0.15463605523109436,0.05529577285051346,0.08489770442247391,-0.05912645161151886,0.2419842928647995,-0.029008589684963226,-0.044182535260915756,0.2276487946510315,-0.11065305769443512,-0.0013322792947292328
0.11524634808301926,0.6372234225273132,1.3165619373321533,-0.014707976323009025,-0.021306806886406106,-0.025744503200667967,-0.0006151113308745746,-1.3817426181441051e-05,0.0033482103066749193,0.2157587617635727,-0.061842036247253374,-0.08272459506988517,0.8403018116950989,0.7277172207832336,1.2325743436813354,-0.041473784,-0.00946939,0.049359594,132.0,1740111816.5584698,0.04679999500513077,0.062053680419921875,0.1606815606355667,0.14743396639823914,-0.0430293008685112,-0.05642499402165413,0.039077047258615494,0.22755266726016998,0.19692689180374146,0.08154504001140594,0.12826654314994812,0.2608987092971802,0.15051031112670898,-0.029720768332481384,0.19734005630016327,0.03299226239323616,0.17264558374881744,0.05700439587235451,-0.07813966274261475,0.09611102193593979,-0.06131519004702568,-0.25674018263816833,-0.15343637764453888,0.05526382476091385,0.08299402892589569,-0.058813758194446564,0.2413385957479477,-0.029041655361652374,-0.04440903291106224,0.2262190282344818,-0.10900449752807617,-0.0012098150327801704
0.11484501510858536,0.6370844841003418,1.316282868385315,-0.014707976323009025,-0.021306806886406106,-0.025744503200667967,-0.0030143811793449478,0.0011224381254024021,0.0012082208070538115,0.21524634808301926,-0.06277657747268672,-0.08343806266784659,0.8403018116950989,0.7277172207832336,1.2325743436813354,-0.041473784,-0.00946939,0.049359594,133.0,1740111816.5856967,0.04679999500513077,0.062053680419921875,0.1606815606355667,0.14743396639823914,-0.0430293008685112,-0.05642499402165413,0.039077047258615494,0.22755266726016998,0.19692689180374146,0.08154504001140594,0.12826654314994812,0.2608987092971802,0.15051031112670898,-0.029720768332481384,0.19734005630016327,0.03299226239323616,0.17264558374881744,0.05700439587235451,-0.07813966274261475,0.09611102193593979,-0.06131519004702568,-0.25674018263816833,-0.15343637764453888,0.05526382476091385,0.08299402892589569,-0.058813758194446564,0.2413385957479477,-0.029041655361652374,-0.04440903291106224,0.2262190282344818,-0.10900449752807617,-0.0012098150327801704
0.11517307162284851,0.6365695595741272,1.3160576820373535,-0.00892674366144557,-0.0200928747036178,-0.01784851863555871,-0.001636430560010499,-0.0014294047573806972,-0.0014630104867787586,0.21507894098758698,-0.06341112852096553,-0.08394064903259268,0.8403018116950989,0.7277172207832336,1.2325743436813354,-0.046966404,-0.007843435,0.043744773,134.0,1740111816.6173055,0.04607173055410385,0.06186284124851227,0.15969201922416687,0.148806631565094,-0.044669121503829956,-0.055455293506383896,0.039631299674510956,0.22837968170642853,0.19639252126216888,0.0806000828742981,0.12700456380844116,0.2612520158290863,0.15074670314788818,-0.030350301414728165,0.1966715306043625,0.03345181792974472,0.17283588647842407,0.05812590941786766,-0.07985848933458328,0.0969444289803505,-0.06136452034115791,-0.25482815504074097,-0.153874009847641,0.0552997961640358,0.08296830952167511,-0.05953448265790939,0.24079908430576324,-0.02899177372455597,-0.04346379265189171,0.22622978687286377,-0.10975921154022217,-0.003266644664108753
0.11499141156673431,0.6356341242790222,1.3154736757278442,-0.00892674366144557,-0.0200928747036178,-0.01784851863555871,-0.0006230652668862717,0.0019113566962490668,0.0015512571922647383,0.2151820868253708,-0.06375331878662105,-0.0841174364089965,0.8403018116950989,0.7277172207832336,1.2325743436813354,-0.046966404,-0.007843435,0.043744773,135.0,1740111816.6503234,0.04607173055410385,0.06186284124851227,0.15969201922416687,0.148806631565094,-0.044669121503829956,-0.055455293506383896,0.039631299674510956,0.22837968170642853,0.19639252126216888,0.0806000828742981,0.12700456380844116,0.2612520158290863,0.15074670314788818,-0.030350301414728165,0.1966715306043625,0.03345181792974472,0.17283588647842407,0.05812590941786766,-0.07985848933458328,0.0969444289803505,-0.06136452034115791,-0.25482815504074097,-0.153874009847641,0.0552997961640358,0.08296830952167511,-0.05953448265790939,0.24079908430576324,-0.02899177372455597,-0.04346379265189171,0.22622978687286377,-0.10975921154022217,-0.003266644664108753
0.11462704837322235,0.6350285410881042,1.3150650262832642,-0.00892674366144557,-0.0200928747036178,-0.01784851863555871,-0.001709777698968222,0.004563356915897382,-0.001978648813757997,0.21500631272792817,-0.06471223831176753,-0.08471169471740714,0.8403018116950989,0.7277172207832336,1.2325743436813354,-0.04659394,-0.008452572,0.044688035,136.0,1740111816.6906738,0.04607640951871872,0.06169230118393898,0.15965735912322998,0.14883320033550262,-0.045109376311302185,-0.05499880015850067,0.03948378190398216,0.22905266284942627,0.19620025157928467,0.08000792562961578,0.12646251916885376,0.2611340284347534,0.15111960470676422,-0.029913175851106644,0.19664663076400757,0.03372543305158615,0.17292702198028564,0.058093708008527756,-0.08062344789505005,0.09688154608011246,-0.06106195226311684,-0.2542533278465271,-0.15404176712036133,0.05532111972570419,0.08323212713003159,-0.059757404029369354,0.24090436100959778,-0.02884858101606369,-0.04286912456154823,0.22645437717437744,-0.11010152101516724,-0.003762627951800823
0.11494554579257965,0.6341454982757568,1.3145101070404053,0.001784611467452544,-0.018178469272774552,-0.010286469619485135,-0.0021665515552110612,0.006753620722578151,-0.002313286188113887,0.21524304002523423,-0.06510884761810298,-0.08491673469543448,0.8403018116950989,0.7277172207832336,1.2325743436813354,-0.043512523,-0.009141523,0.04599532,137.0,1740111816.7293158,0.0471755787730217,0.06191344931721687,0.15936818718910217,0.14762777090072632,-0.04487575590610504,-0.05554456263780594,0.03840068727731705,0.22844113409519196,0.19736765325069427,0.07917468249797821,0.12533606588840485,0.26032862067222595,0.1506100594997406,-0.030307579785585403,0.19736477732658386,0.03362147510051727,0.174094557762146,0.057837117463350296,-0.08087890595197678,0.0952729657292366,-0.06223493441939354,-0.25351831316947937,-0.15369819104671478,0.05492333322763443,0.08502717316150665,-0.05944236367940903,0.2409740686416626,-0.02868153154850006,-0.043464433401823044,0.2250593900680542,-0.1106702983379364,-0.001594572328031063
0.1157979965209961,0.6335002779960632,1.3143105506896973,0.001784611467452544,-0.018178469272774552,-0.010286469619485135,-1.942447415855518e-05,0.005086380696180579,-0.0035597564291573714,0.21494554579257966,-0.06585450172424312,-0.08548989295959464,0.8403018116950989,0.7277172207832336,1.2325743436813354,-0.04374858,-0.010492284,0.04816219,138.0,1740111816.7606351,0.04730314761400223,0.06200726330280304,0.15948869287967682,0.14790058135986328,-0.04532396048307419,-0.05529053881764412,0.03817010298371315,0.22912277281284332,0.19760073721408844,0.07894943654537201,0.12520252168178558,0.26049843430519104,0.15046033263206482,-0.03016241267323494,0.19747775793075562,0.033631209284067154,0.17440703511238098,0.0578421987593174,-0.08129851520061493,0.09508418291807175,-0.06194169446825981,-0.25331422686576843,-0.15380537509918213,0.05477442592382431,0.08520849049091339,-0.05954762548208237,0.24076417088508606,-0.02820397913455963,-0.04338659718632698,0.22520658373832703,-0.11106592416763306,-0.0018721120432019234
0.11572443693876266,0.6328243613243103,1.3138525485992432,0.001784611467452544,-0.018178469272774552,-0.010286469619485135,3.840860870007675e-07,0.006582224655799483,-0.00028966022434069415,0.2157979965209961,-0.06649972200393672,-0.08568944931030265,0.8403018116950989,0.7277172207832336,1.2325743436813354,-0.04374858,-0.010492284,0.04816219,139.0,1740111816.7958412,0.04730314761400223,0.06200726330280304,0.15948869287967682,0.14790058135986328,-0.04532396048307419,-0.05529053881764412,0.03817010298371315,0.22912277281284332,0.19760073721408844,0.07894943654537201,0.12520252168178558,0.26049843430519104,0.15046033263206482,-0.03016241267323494,0.19747775793075562,0.033631209284067154,0.17440703511238098,0.0578421987593174,-0.08129851520061493,0.09508418291807175,-0.06194169446825981,-0.25331422686576843,-0.15380537509918213,0.05477442592382431,0.08520849049091339,-0.05954762548208237,0.24076417088508606,-0.02820397913455963,-0.04338659718632698,0.22520658373832703,-0.11106592416763306,-0.0018721120432019234
0.11628611385822296,0.6324291825294495,1.3136711120605469,0.001784611467452544,-0.018178469272774552,-0.010286469619485135,-0.0006950888864656193,0.0045759571185044,-0.004624945637206498,0.2160741150379181,-0.06723393201827998,-0.08616580963134757,0.8403018116950989,0.7277172207832336,1.2325743436813354,-0.048270047,-0.0100923665,0.04590124,140.0,1740111816.8267639,0.04755731672048569,0.062105901539325714,0.15949714183807373,0.1480070799589157,-0.04559513181447983,-0.05504973232746124,0.03771265223622322,0.22953972220420837,0.19792169332504272,0.07844515144824982,0.12481538951396942,0.2604222297668457,0.1503913551568985,-0.030062656849622726,0.19768477976322174,0.0336582213640213,0.17494267225265503,0.057799290865659714,-0.08190161734819412,0.09466949850320816,-0.06193983927369118,-0.25296643376350403,-0.15396061539649963,0.05461324751377106,0.08578328788280487,-0.059645481407642365,0.24077971279621124,-0.02798624336719513,-0.043328266590833664,0.22503161430358887,-0.11151644587516785,-0.0018582334741950035
0.11716410517692566,0.6311938762664795,1.31296706199646,0.007534825329246817,-0.02256230148792132,-0.01414379926776621,0.0001828542082890917,0.002512454733747215,-0.0014933138106823839,0.21617911607027054,-0.06811763048171993,-0.08676900863647452,0.8403018116950989,0.7277172207832336,1.2325743436813354,-0.046920616,-0.011378501,0.049105257,141.0,1740111816.8599987,0.047299064695835114,0.062155239284038544,0.15980207920074463,0.148968905210495,-0.046196892857551575,-0.0549759678542614,0.03789776563644409,0.23040510714054108,0.19789211452007294,0.07846853137016296,0.1252075582742691,0.261031836271286,0.1506946086883545,-0.03020809218287468,0.19785410165786743,0.03349846228957176,0.17510825395584106,0.058103423565626144,-0.08246921002864838,0.09519513696432114,-0.061789628118276596,-0.25345370173454285,-0.15434496104717255,0.054776936769485474,0.08543433248996735,-0.05995843559503555,0.24120402336120605,-0.02798352763056755,-0.04328085854649544,0.2256430685520172,-0.11162316799163818,-0.0027220482006669044
0.11748529970645905,0.6308091878890991,1.3127650022506714,0.007534825329246817,-0.02256230148792132,-0.01414379926776621,0.0003399124403828913,0.0017342430282393806,-0.0007885273455282882,0.21716410517692566,-0.06880612373352046,-0.08703293800353995,0.8403018116950989,0.7277172207832336,1.2325743436813354,-0.03818436,-0.016752146,0.062888354,142.0,1740111816.8856537,0.04644256830215454,0.0622854083776474,0.15868642926216125,0.14783355593681335,-0.04508470743894577,-0.05529532581567764,0.0372207835316658,0.22872482240200043,0.19626979529857635,0.07827125489711761,0.12499810755252838,0.2588476240634918,0.14951437711715698,-0.02991199865937233,0.19594870507717133,0.032371971756219864,0.17361906170845032,0.057342056185007095,-0.08125576376914978,0.09402012079954147,-0.06126333400607109,-0.25255176424980164,-0.15315459668636322,0.054237134754657745,0.08426783978939056,-0.059234485030174255,0.24005815386772156,-0.027701105922460556,-0.04336549714207649,0.2237948477268219,-0.10983395576477051,-0.0022873040288686752
0.117591992020607,0.6303107738494873,1.3121912479400635,0.007534825329246817,-0.02256230148792132,-0.01414379926776621,-0.005555431079435498,0.004375930790389231,-0.00045587725395341986,0.21772018671035767,-0.06960607767105098,-0.08744063377380362,0.8403018116950989,0.7277172207832336,1.2325743436813354,-0.03818436,-0.016752146,0.062888354,143.0,1740111816.918638,0.04644256830215454,0.0622854083776474,0.15868642926216125,0.14783355593681335,-0.04508470743894577,-0.05529532581567764,0.0372207835316658,0.22872482240200043,0.19626979529857635,0.07827125489711761,0.12499810755252838,0.2588476240634918,0.14951437711715698,-0.02991199865937233,0.19594870507717133,0.032371971756219864,0.17361906170845032,0.057342056185007095,-0.08125576376914978,0.09402012079954147,-0.06126333400607109,-0.25255176424980164,-0.15315459668636322,0.054237134754657745,0.08426783978939056,-0.059234485030174255,0.24005815386772156,-0.027701105922460556,-0.04336549714207649,0.2237948477268219,-0.10983395576477051,-0.0022873040288686752
0.11872647702693939,0.6292074918746948,1.3118191957473755,0.022333229448724304,-0.02372084874718737,-0.012008504633690553,-0.0007915808359061291,0.0033982587993368397,0.0020445126253750582,0.21841300129890442,-0.0704903125762939,-0.08797016143798819,0.8403018116950989,0.7277172207832336,1.2325743436813354,-0.03742166,-0.017357342,0.06377156,144.0,1740111816.9517405,0.046167999505996704,0.06228438764810562,0.1588001847267151,0.14859449863433838,-0.045483365654945374,-0.05514945834875107,0.0373975895345211,0.22940011322498322,0.19600491225719452,0.07852160930633545,0.12538032233715057,0.25934430956840515,0.14961476624011993,-0.02981557697057724,0.19592617452144623,0.03226713463664055,0.17361226677894592,0.05757271870970726,-0.08155012875795364,0.09455055743455887,-0.06092488393187523,-0.253010094165802,-0.1533493548631668,0.05447845906019211,0.08360195904970169,-0.05952257663011551,0.24021922051906586,-0.027762573212385178,-0.043359655886888504,0.22429049015045166,-0.10990236699581146,-0.003071657381951809
0.1192934587597847,0.6280219554901123,1.3111964464187622,0.022333229448724304,-0.02372084874718737,-0.012008504633690553,-0.0007436496923377948,0.003344995824204402,0.006956272409586487,0.21868271231651307,-0.0709902167320251,-0.08844246864318839,0.8403018116950989,0.7277172207832336,1.2325743436813354,-0.041557763,-0.01562497,0.058855385,145.0,1740111816.9846792,0.04556223750114441,0.06212323158979416,0.15893322229385376,0.14939148724079132,-0.04577955603599548,-0.05457132309675217,0.03783478960394859,0.23014985024929047,0.1952061653137207,0.07880626618862152,0.125831738114357,0.25986528396606445,0.1498471349477768,-0.02934318035840988,0.1954764574766159,0.03237487003207207,0.17302055656909943,0.057703081518411636,-0.08160047233104706,0.09542674571275711,-0.05990295484662056,-0.25324150919914246,-0.15357884764671326,0.05465215444564819,0.08252101391553879,-0.05988485366106033,0.24000924825668335,-0.027623213827610016,-0.042870257049798965,0.22524690628051758,-0.10990457236766815,-0.004645519889891148
0.12015323340892792,0.6274835467338562,1.3110215663909912,0.022333229448724304,-0.02372084874718737,-0.012008504633690553,-0.00025816680546535527,-0.001156051875766606,0.0030737433684591667,0.21993825435638428,-0.07213176488876338,-0.08878138065338126,0.8403018116950989,0.7277172207832336,1.2325743436813354,-0.041455843,-0.016692955,0.060855415,146.0,1740111817.0172863,0.045705750584602356,0.0622163787484169,0.15959063172340393,0.1502438485622406,-0.04638741910457611,-0.05415836349129677,0.038032274693250656,0.23152314126491547,0.19551612436771393,0.07915736734867096,0.1262640804052353,0.2610434591770172,0.1501992642879486,-0.02910313382744789,0.1960672289133072,0.03260482847690582,0.17342771589756012,0.05802617594599724,-0.08200512081384659,0.09607443958520889,-0.05940533056855202,-0.2539857029914856,-0.1540822833776474,0.05484697222709656,0.08230477571487427,-0.0604509636759758,0.2403513640165329,-0.027357526123523712,-0.04277506843209267,0.22653678059577942,-0.11068511009216309,-0.005440129898488522
0.12104085087776184,0.6267018914222717,1.3106876611709595,0.02155655261997545,-0.023858639304994458,-0.011751456866039827,-0.0008053553494186774,-0.0006828065732764922,0.003331085207706428,0.22056934833526612,-0.07287694215774532,-0.08914568424224845,0.8403018116950989,0.7277172207832336,1.2325743436813354,-0.041455843,-0.016692955,0.060855415,147.0,1740111817.0545278,0.045705750584602356,0.0622163787484169,0.15959063172340393,0.1502438485622406,-0.04638741910457611,-0.05415836349129677,0.038032274693250656,0.23152314126491547,0.19551612436771393,0.07915736734867096,0.1262640804052353,0.2610434591770172,0.1501992642879486,-0.02910313382744789,0.1960672289133072,0.03260482847690582,0.17342771589756012,0.05802617594599724,-0.08200512081384659,0.09607443958520889,-0.05940533056855202,-0.2539857029914856,-0.1540822833776474,0.05484697222709656,0.08230477571487427,-0.0604509636759758,0.2403513640165329,-0.027357526123523712,-0.04277506843209267,0.22653678059577942,-0.11068511009216309,-0.005440129898488522
0.12156175076961517,0.6255021095275879,1.3100553750991821,0.02155655261997545,-0.023858639304994458,-0.011751456866039827,0.0006738745230844491,0.0002364383034350426,0.00827769223217411,0.22144176661968232,-0.07378454208374019,-0.08950533866882315,0.8403018116950989,0.7277172207832336,1.2325743436813354,-0.047654282,-0.015258722,0.05563757,148.0,1740111817.08603,0.04429694265127182,0.062050193548202515,0.15908144414424896,0.15188387036323547,-0.046798378229141235,-0.054558731615543365,0.03867053985595703,0.23197788000106812,0.19389769434928894,0.07983237504959106,0.12742488086223602,0.26165568828582764,0.15052710473537445,-0.029592573642730713,0.19488461315631866,0.0317651629447937,0.17248685657978058,0.0585506446659565,-0.08235710859298706,0.09744540601968765,-0.05906333401799202,-0.2550654411315918,-0.15431910753250122,0.055467233061790466,0.07988999038934708,-0.06082817167043686,0.24078908562660217,-0.028018943965435028,-0.042768482118844986,0.22671300172805786,-0.10940386354923248,-0.007134341634809971
0.12246596068143845,0.624727189540863,1.309739589691162,0.02155655261997545,-0.023858639304994458,-0.011751456866039827,-0.0002422315227907926,5.165813159798208e-05,0.00981322368029477,0.22223374843597413,-0.07459290027618404,-0.08994641304016104,0.8403018116950989,0.7277172207832336,1.2325743436813354,-0.043568604,-0.016991057,0.061436795,149.0,1740111817.1189313,0.04309479147195816,0.06226593255996704,0.1595693826675415,0.15407070517539978,-0.04712427407503128,-0.0548502653837204,0.03918108344078064,0.23340879380702972,0.19279474020004272,0.08093956112861633,0.12928080558776855,0.2629511058330536,0.1510176956653595,-0.02977735921740532,0.194487065076828,0.030718941241502762,0.1720144897699356,0.0590631403028965,-0.08274857699871063,0.09899487346410751,-0.05852742865681648,-0.257192462682724,-0.15499679744243622,0.056208930909633636,0.07750030606985092,-0.06137816607952118,0.24187330901622772,-0.028597965836524963,-0.04316050186753273,0.2276671826839447,-0.10846628248691559,-0.00904443021863699
0.1234174594283104,0.6242167353630066,1.3096197843551636,0.02495088696628628,-0.025444608434234434,-0.01048534397187483,-0.0007194209984897695,0.00013637032772106548,0.006557967487989802,0.22308039516210557,-0.07543767690658565,-0.09020092487335196,0.8403018116950989,0.7277172207832336,1.2325743436813354,-0.043568604,-0.016991057,0.061436795,150.0,1740111817.15257,0.04309479147195816,0.06226593255996704,0.1595693826675415,0.15407070517539978,-0.04712427407503128,-0.0548502653837204,0.03918108344078064,0.23340879380702972,0.19279474020004272,0.08093956112861633,0.12928080558776855,0.2629511058330536,0.1510176956653595,-0.02977735921740532,0.194487065076828,0.030718941241502762,0.1720144897699356,0.0590631403028965,-0.08274857699871063,0.09899487346410751,-0.05852742865681648,-0.257192462682724,-0.15499679744243622,0.056208930909633636,0.07750030606985092,-0.06137816607952118,0.24187330901622772,-0.028597965836524963,-0.04316050186753273,0.2276671826839447,-0.10846628248691559,-0.00904443021863699
0.1242767721414566,0.6234415173530579,1.3094004392623901,0.02495088696628628,-0.025444608434234434,-0.01048534397187483,-0.0008415789778209717,0.0016296181127052967,0.007653237943873508,0.22391283363103867,-0.0761997818946838,-0.09048523902893058,0.8403018116950989,0.7277172207832336,1.2325743436813354,-0.043568604,-0.016991057,0.061436795,151.0,1740111817.1873076,0.04309479147195816,0.06226593255996704,0.1595693826675415,0.15407070517539978,-0.04712427407503128,-0.0548502653837204,0.03918108344078064,0.23340879380702972,0.19279474020004272,0.08093956112861633,0.12928080558776855,0.2629511058330536,0.1510176956653595,-0.02977735921740532,0.194487065076828,0.030718941241502762,0.1720144897699356,0.0590631403028965,-0.08274857699871063,0.09899487346410751,-0.05852742865681648,-0.257192462682724,-0.15499679744243622,0.056208930909633636,0.07750030606985092,-0.06137816607952118,0.24187330901622772,-0.028597965836524963,-0.04316050186753273,0.2276671826839447,-0.10846628248691559,-0.00904443021863699
0.12512168288230896,0.6226738691329956,1.309342861175537,0.02495088696628628,-0.025444608434234434,-0.01048534397187483,0.0012421277288944107,-0.0018815977193888242,0.008662089019707072,0.22477010488510132,-0.0769491314888,-0.0906425952911376,0.8403018116950989,0.7277172207832336,1.2325743436813354,-0.04123822,-0.017163645,0.062760964,152.0,1740111817.2222202,0.04172533005475998,0.06198633089661598,0.15762385725975037,0.15329453349113464,-0.046737998723983765,-0.05475164204835892,0.03923865035176277,0.2316722869873047,0.1902642399072647,0.0804641991853714,0.1284317970275879,0.26103144884109497,0.15007582306861877,-0.02955383062362671,0.19182895123958588,0.029895015060901642,0.1701183319091797,0.058610860258340836,-0.08196241408586502,0.0985683873295784,-0.057595688849687576,-0.25545477867126465,-0.1538640707731247,0.0556759238243103,0.07598625123500824,-0.06097552180290222,0.24014756083488464,-0.028399154543876648,-0.04254746064543724,0.22587400674819946,-0.10658413171768188,-0.0103142773732543
0.1259264349937439,0.6220829486846924,1.3092396259307861,0.023011910628739085,-0.02102253191830747,-0.005301762669906251,-0.00017994082071451047,-0.0015781069066371435,0.009883020130867438,0.22512168288230897,-0.07732613086700435,-0.0906571388244628,0.8403018116950989,0.7277172207832336,1.2325743436813354,-0.04293191,-0.017502364,0.06260395,153.0,1740111817.2524943,0.04014579951763153,0.06170859560370445,0.1560538411140442,0.15311241149902344,-0.04635600000619888,-0.05490406975150108,0.03959053382277489,0.23007671535015106,0.1880359947681427,0.080267533659935,0.12808607518672943,0.2595248818397522,0.14955423772335052,-0.030012834817171097,0.18954028189182281,0.02910974621772766,0.16840355098247528,0.05866250768303871,-0.08160752803087234,0.09869033843278885,-0.05747735872864723,-0.25413283705711365,-0.15317147970199585,0.055525533854961395,0.07446955889463425,-0.06069803237915039,0.23916801810264587,-0.028788894414901733,-0.04219343140721321,0.22430559992790222,-0.10480974614620209,-0.01121771614998579
0.1266041249036789,0.6214002966880798,1.3092631101608276,0.023011910628739085,-0.02102253191830747,-0.005301762669906251,-0.0003326402365985069,-0.0015293367136980836,0.0090934340634121,0.22636427581310273,-0.0783488273620605,-0.09074404239654532,0.8403018116950989,0.7277172207832336,1.2325743436813354,-0.04293191,-0.017502364,0.06260395,154.0,1740111817.290354,0.04014579951763153,0.06170859560370445,0.1560538411140442,0.15311241149902344,-0.04635600000619888,-0.05490406975150108,0.03959053382277489,0.23007671535015106,0.1880359947681427,0.080267533659935,0.12808607518672943,0.2595248818397522,0.14955423772335052,-0.030012834817171097,0.18954028189182281,0.02910974621772766,0.16840355098247528,0.05866250768303871,-0.08160752803087234,0.09869033843278885,-0.05747735872864723,-0.25413283705711365,-0.15317147970199585,0.055525533854961395,0.07446955889463425,-0.06069803237915039,0.23916801810264587,-0.028788894414901733,-0.04219343140721321,0.22430559992790222,-0.10480974614620209,-0.01121771614998579
0.12734436988830566,0.6208353638648987,1.309362769126892,0.023011910628739085,-0.02102253191830747,-0.005301762669906251,-0.0009427614850061731,-0.0010086080927432257,0.008905108578467373,0.22693583965301514,-0.07892466783523555,-0.09069623947143546,0.8403018116950989,0.7277172207832336,1.2325743436813354,-0.0459364,-0.01598499,0.05889193,155.0,1740111817.3178852,0.04021733999252319,0.061773695051670074,0.1557864248752594,0.15343564748764038,-0.0468665286898613,-0.05515432357788086,0.039658814668655396,0.230055570602417,0.18812772631645203,0.08016763627529144,0.12778738141059875,0.2598331868648529,0.14956168830394745,-0.030585087835788727,0.1897195279598236,0.029107633978128433,0.16870877146720886,0.05892421677708626,-0.08199912309646606,0.09889785200357437,-0.05805915966629982,-0.25404030084609985,-0.15321297943592072,0.055568233132362366,0.0745675265789032,-0.06086830049753189,0.23940856754779816,-0.028994843363761902,-0.04248698428273201,0.2241579294204712,-0.10480518639087677,-0.011148531921207905
0.12805649638175964,0.620273232460022,1.3094812631607056,0.02240606286263924,-0.01824081831063121,0.002027159804317023,-0.001212192452834097,-3.56343894798186e-05,0.00863359632063059,0.2277107298374176,-0.07949967384338374,-0.09058823585510245,0.8403018116950989,0.7277172207832336,1.2325743436813354,-0.04458877,-0.017697632,0.06324011,156.0,1740111817.3509383,0.03998412936925888,0.06175730749964714,0.15548571944236755,0.15277579426765442,-0.04627786576747894,-0.054750654846429825,0.03982483595609665,0.22952988743782043,0.18766044080257416,0.08062341809272766,0.12771305441856384,0.25941672921180725,0.14903728663921356,-0.030034948140382767,0.18905998766422272,0.029217731207609177,0.16793712973594666,0.05860917642712593,-0.08111940324306488,0.09874797612428665,-0.057250846177339554,-0.2535174489021301,-0.1527286171913147,0.05530674755573273,0.07419431954622269,-0.0606255903840065,0.23830223083496094,-0.028486497700214386,-0.04226161912083626,0.22405168414115906,-0.10452549159526825,-0.011439611203968525
0.1286616325378418,0.6196788549423218,1.3095612525939941,0.02240606286263924,-0.01824081831063121,0.002027159804317023,-1.374864324681842e-05,-0.0002641530415502553,0.008872163456808172,0.22840922176837922,-0.0800650835037231,-0.09045543670654288,0.8403018116950989,0.7277172207832336,1.2325743436813354,-0.03612993,-0.019186083,0.06643234,157.0,1740111817.383911,0.041238196194171906,0.061495088040828705,0.15285979211330414,0.14694291353225708,-0.043515242636203766,-0.05505988001823425,0.03821304440498352,0.2241491973400116,0.1860879361629486,0.08015947043895721,0.1245647668838501,0.2545469105243683,0.14543431997299194,-0.02819862589240074,0.186592236161232,0.0290365032851696,0.16553929448127747,0.055310171097517014,-0.07645266503095627,0.09479398280382156,-0.0561743788421154,-0.2504151165485382,-0.1486651748418808,0.05312339961528778,0.07424980401992798,-0.05812186002731323,0.23426268994808197,-0.026868578046560287,-0.04299072548747063,0.22017061710357666,-0.10181847214698792,-0.007575747556984425
0.1293807029724121,0.6191860437393188,1.309782862663269,0.02240606286263924,-0.01824081831063121,0.002027159804317023,0.0001284204229701325,-0.000186084220727358,0.00816720220859072,0.2288074553012848,-0.08079768419265743,-0.09056332111358634,0.8403018116950989,0.7277172207832336,1.2325743436813354,-0.03612993,-0.019186083,0.06643234,158.0,1740111817.4180586,0.041238196194171906,0.061495088040828705,0.15285979211330414,0.14694291353225708,-0.043515242636203766,-0.05505988001823425,0.03821304440498352,0.2241491973400116,0.1860879361629486,0.08015947043895721,0.1245647668838501,0.2545469105243683,0.14543431997299194,-0.02819862589240074,0.186592236161232,0.0290365032851696,0.16553929448127747,0.055310171097517014,-0.07645266503095627,0.09479398280382156,-0.0561743788421154,-0.2504151165485382,-0.1486651748418808,0.05312339961528778,0.07424980401992798,-0.05812186002731323,0.23426268994808197,-0.026868578046560287,-0.04299072548747063,0.22017061710357666,-0.10181847214698792,-0.007575747556984425
0.12968307733535767,0.6183901429176331,1.3096973896026611,0.02240606286263924,-0.01824081831063121,0.002027159804317023,-7.52840273196355e-05,0.003097844888557879,0.01155868547346052,0.2294335126876831,-0.0813930749893188,-0.09038712978363028,0.8403018116950989,0.7277172207832336,1.2325743436813354,-0.038539343,-0.019136261,0.065331966,159.0,1740111817.4502604,0.0408441424369812,0.06179051101207733,0.1533956676721573,0.14894437789916992,-0.0443761944770813,-0.05517807602882385,0.038538433611392975,0.22579360008239746,0.18665841221809387,0.08060428500175476,0.12573452293872833,0.25632795691490173,0.1462700366973877,-0.02888583019375801,0.18733298778533936,0.02879485860466957,0.1664520651102066,0.05626160278916359,-0.0779338851571083,0.09597108513116837,-0.05675031617283821,-0.251499205827713,-0.14985349774360657,0.05385114997625351,0.07397803664207458,-0.058799147605895996,0.2353430837392807,-0.027442749589681625,-0.04337121173739433,0.22114333510398865,-0.10240675508975983,-0.008542525582015514
0.1298990696668625,0.6181163787841797,1.3099050521850586,0.01716500268721665,-0.01918921906016765,0.00284649925017987,-0.0011233152059857336,0.0023482317817327485,0.009967207882515714,0.22994493544101716,-0.08183790445327754,-0.09020557403564444,0.8403018116950989,0.7277172207832336,1.2325743436813354,-0.038539343,-0.019136261,0.065331966,160.0,1740111817.4845304,0.0408441424369812,0.06179051101207733,0.1533956676721573,0.14894437789916992,-0.0443761944770813,-0.05517807602882385,0.038538433611392975,0.22579360008239746,0.18665841221809387,0.08060428500175476,0.12573452293872833,0.25632795691490173,0.1462700366973877,-0.02888583019375801,0.18733298778533936,0.02879485860466957,0.1664520651102066,0.05626160278916359,-0.0779338851571083,0.09597108513116837,-0.05675031617283821,-0.251499205827713,-0.14985349774360657,0.05385114997625351,0.07397803664207458,-0.058799147605895996,0.2353430837392807,-0.027442749589681625,-0.04337121173739433,0.22114333510398865,-0.10240675508975983,-0.008542525582015514
0.13059711456298828,0.6180976629257202,1.3104757070541382,0.01716500268721665,-0.01918921906016765,0.00284649925017987,-0.0030779926751320773,1.8026572027405227e-05,0.00659959116257283,0.23014936447143555,-0.082109522819519,-0.0899406909942626,0.8403018116950989,0.7277172207832336,1.2325743436813354,-0.038539343,-0.019136261,0.065331966,161.0,1740111817.5177672,0.0408441424369812,0.06179051101207733,0.1533956676721573,0.14894437789916992,-0.0443761944770813,-0.05517807602882385,0.038538433611392975,0.22579360008239746,0.18665841221809387,0.08060428500175476,0.12573452293872833,0.25632795691490173,0.1462700366973877,-0.02888583019375801,0.18733298778533936,0.02879485860466957,0.1664520651102066,0.05626160278916359,-0.0779338851571083,0.09597108513116837,-0.05675031617283821,-0.251499205827713,-0.14985349774360657,0.05385114997625351,0.07397803664207458,-0.058799147605895996,0.2353430837392807,-0.027442749589681625,-0.04337121173739433,0.22114333510398865,-0.10240675508975983,-0.008542525582015514
0.13123533129692078,0.6171692609786987,1.310707449913025,0.01716500268721665,-0.01918921906016765,0.00284649925017987,-0.0011795663931209214,0.0009366614450314389,0.011447256565418975,0.23074341416358948,-0.08246864080429073,-0.08952226638793936,0.8403018116950989,0.7277172207832336,1.2325743436813354,-0.045347705,-0.018308401,0.061328452,162.0,1740111817.5500932,0.03989654779434204,0.06152527034282684,0.15306182205677032,0.15048754215240479,-0.04466862976551056,-0.05510164052248001,0.03948546200990677,0.22665807604789734,0.18618562817573547,0.08125196397304535,0.1264120489358902,0.25757238268852234,0.14722029864788055,-0.029667820781469345,0.18690571188926697,0.028746185824275017,0.16648328304290771,0.05748404935002327,-0.07917886972427368,0.09748189896345139,-0.05722551420331001,-0.2517099678516388,-0.15081116557121277,0.05470052361488342,0.07322616130113602,-0.05948945879936218,0.23582476377487183,-0.028401419520378113,-0.04299834743142128,0.22145020961761475,-0.10258091986179352,-0.010099400766193867
0.1319197118282318,0.6171391606330872,1.3115025758743286,0.017410313260246425,-0.008670234438850274,0.012807285498816965,-0.0009015715006581951,-0.0019645865824643965,0.006518945810361257,0.2316870152950287,-0.08270545005798335,-0.08892407417297354,0.8403018116950989,0.7277172207832336,1.2325743436813354,-0.045347705,-0.018308401,0.061328452,163.0,1740111817.5839202,0.03989654779434204,0.06152527034282684,0.15306182205677032,0.15048754215240479,-0.04466862976551056,-0.05510164052248001,0.03948546200990677,0.22665807604789734,0.18618562817573547,0.08125196397304535,0.1264120489358902,0.25757238268852234,0.14722029864788055,-0.029667820781469345,0.18690571188926697,0.028746185824275017,0.16648328304290771,0.05748404935002327,-0.07917886972427368,0.09748189896345139,-0.05722551420331001,-0.2517099678516388,-0.15081116557121277,0.05470052361488342,0.07322616130113602,-0.05948945879936218,0.23582476377487183,-0.028401419520378113,-0.04299834743142128,0.22145020961761475,-0.10258091986179352,-0.010099400766193867
0.13206659257411957,0.6165521740913391,1.3118317127227783,0.017410313260246425,-0.008670234438850274,0.012807285498816965,-0.0010463035777617596,-0.0005362099037392627,0.009539094410804824,0.23211536407470704,-0.08296657800674434,-0.08822288513183585,0.8403018116950989,0.7277172207832336,1.2325743436813354,-0.048622306,-0.017557524,0.059231117,164.0,1740111817.616853,0.04001641273498535,0.06129138544201851,0.1531575620174408,0.15102577209472656,-0.04553496092557907,-0.05491258576512337,0.03969913721084595,0.22744567692279816,0.18651196360588074,0.08067664504051208,0.12589271366596222,0.2581568658351898,0.14784061908721924,-0.029940657317638397,0.1872836798429489,0.029258891940116882,0.16701644659042358,0.05797706916928291,-0.08029880374670029,0.0978654995560646,-0.05754722282290459,-0.25133422017097473,-0.15130549669265747,0.05480378121137619,0.07386891543865204,-0.05993219465017319,0.23622851073741913,-0.028470799326896667,-0.042379070073366165,0.22192233800888062,-0.10337498784065247,-0.010690967552363873
0.1324019730091095,0.6162448525428772,1.3124788999557495,0.017410313260246425,-0.008670234438850274,0.012807285498816965,-0.0004874295841236785,-0.0004030118289772956,0.008742096724365213,0.23242363929748536,-0.08329964876174922,-0.08758046627044669,0.8403018116950989,0.7277172207832336,1.2325743436813354,-0.051039428,-0.016579904,0.056795444,165.0,1740111817.6503162,0.040010079741477966,0.06126722693443298,0.15396708250045776,0.15178310871124268,-0.0454908087849617,-0.0546395406126976,0.04020301625132561,0.22826556861400604,0.1867523491382599,0.08142265677452087,0.12686555087566376,0.2592630386352539,0.1483931541442871,-0.02973763644695282,0.18780574202537537,0.029487092047929764,0.16710852086544037,0.05824233964085579,-0.08028195798397064,0.09879662841558456,-0.0571095310151577,-0.2524774372577667,-0.15191352367401123,0.05518346279859543,0.07351402938365936,-0.060241490602493286,0.23670421540737152,-0.02867399901151657,-0.04224565252661705,0.2232290506362915,-0.10381750762462616,-0.01146311592310667
0.1330588012933731,0.6163845062255859,1.3134301900863647,0.011431742591017827,-0.007583825411080293,0.019619199376922282,-0.001910649798785681,-0.001738110274255571,0.005612969253371273,0.23243350386619568,-0.08326436281204219,-0.08697822093963614,0.8403018116950989,0.7277172207832336,1.2325743436813354,-0.050893433,-0.016145926,0.054903306,166.0,1740111817.6837618,0.04079122096300125,0.061252545565366745,0.15595537424087524,0.15417078137397766,-0.04701921343803406,-0.05411894619464874,0.04097785800695419,0.23135116696357727,0.1883731335401535,0.08198857307434082,0.1280318796634674,0.2625143527984619,0.15015722811222076,-0.02982012927532196,0.19030308723449707,0.03045538440346718,0.16897942125797272,0.059289541095495224,-0.08200544118881226,0.1007157638669014,-0.057161714881658554,-0.2546798884868622,-0.15383285284042358,0.05604372173547745,0.07408230751752853,-0.06157488375902176,0.23870307207107544,-0.02888115495443344,-0.042118508368730545,0.2262883186340332,-0.10602650046348572,-0.0129556218162179
0.13338938355445862,0.6161472201347351,1.3142670392990112,0.011431742591017827,-0.007583825411080293,0.019619199376922282,-0.0025112015058568666,-0.00029057676125908194,0.0077116903251301695,0.23328930735588074,-0.08372141122817989,-0.0862168312072753,0.8403018116950989,0.7277172207832336,1.2325743436813354,-0.04945555,-0.018646598,0.06085357,167.0,1740111817.7166147,0.04155312478542328,0.06119402498006821,0.15797866880893707,0.15566383302211761,-0.04798685014247894,-0.05301600694656372,0.04171585664153099,0.23394350707530975,0.18960419297218323,0.08263598382472992,0.12886516749858856,0.26509109139442444,0.15140926837921143,-0.02916751801967621,0.19222041964530945,0.03162942826747894,0.17005576193332672,0.059922534972429276,-0.08278721570968628,0.10231936722993851,-0.056328099220991135,-0.2561941146850586,-0.1552428901195526,0.056403130292892456,0.07449761033058167,-0.06259728223085403,0.2397547960281372,-0.028455927968025208,-0.04155688360333443,0.22960034012794495,-0.10812027752399445,-0.014461242593824863
0.13368864357471466,0.6159424781799316,1.3152304887771606,0.011431742591017827,-0.007583825411080293,0.019619199376922282,-0.002206135730815754,-0.0007040563131270653,0.008114442514288472,0.2334923505783081,-0.08384765386581416,-0.08525946140289298,0.8403018116950989,0.7277172207832336,1.2325743436813354,-0.054263614,-0.017851517,0.058662653,168.0,1740111817.7495506,0.04146586358547211,0.06113852560520172,0.15847823023796082,0.1570429801940918,-0.048918597400188446,-0.05318756401538849,0.04237830638885498,0.23515598475933075,0.18992497026920319,0.08287301659584045,0.12931792438030243,0.2665959894657135,0.15230309963226318,-0.02999558299779892,0.19302859902381897,0.031737975776195526,0.17078278958797455,0.06095174327492714,-0.08384840190410614,0.10346560925245285,-0.05706409737467766,-0.25710204243659973,-0.1560722142457962,0.05696774274110794,0.07442040741443634,-0.06336239725351334,0.24099180102348328,-0.029045410454273224,-0.04167841747403145,0.23060935735702515,-0.1087968647480011,-0.015016882680356503
0.13394464552402496,0.6157899498939514,1.3160792589187622,0.008858239557505245,-0.005945427236315087,0.026490082014114055,-0.0021173262147959507,0.00012502839134936297,0.010683675069975205,0.233777916431427,-0.0841270804405212,-0.08436312675476065,0.8403018116950989,0.7277172207832336,1.2325743436813354,-0.058953434,-0.015509706,0.053181924,169.0,1740111817.7833033,0.041360147297382355,0.0609128400683403,0.15850120782852173,0.15757252275943756,-0.049412257969379425,-0.053168509155511856,0.04283248260617256,0.23548810184001923,0.18970541656017303,0.08286243677139282,0.12929487228393555,0.2670598328113556,0.1527523398399353,-0.03018280118703842,0.19309043884277344,0.031892914324998856,0.1708434671163559,0.061306361109018326,-0.08418655395507812,0.10412495583295822,-0.05720393732190132,-0.2572717070579529,-0.1562783271074295,0.05720756947994232,0.07415033876895905,-0.06368646770715714,0.2413792461156845,-0.029392093420028687,-0.041426967829465866,0.2310979664325714,-0.10891327261924744,-0.01558691542595625
0.13412730395793915,0.6157559752464294,1.3171981573104858,0.008858239557505245,-0.005945427236315087,0.026490082014114055,-0.0033620099782168005,-6.129908638293893e-05,0.009376643979847794,0.23345511257648469,-0.08437622785568233,-0.08364667892456046,0.8403018116950989,0.7277172207832336,1.2325743436813354,-0.058953434,-0.015509706,0.053181924,170.0,1740111817.8173862,0.041360147297382355,0.0609128400683403,0.15850120782852173,0.15757252275943756,-0.049412257969379425,-0.053168509155511856,0.04283248260617256,0.23548810184001923,0.18970541656017303,0.08286243677139282,0.12929487228393555,0.2670598328113556,0.1527523398399353,-0.03018280118703842,0.19309043884277344,0.031892914324998856,0.1708434671163559,0.061306361109018326,-0.08418655395507812,0.10412495583295822,-0.05720393732190132,-0.2572717070579529,-0.1562783271074295,0.05720756947994232,0.07415033876895905,-0.06368646770715714,0.2413792461156845,-0.029392093420028687,-0.041426967829465866,0.2310979664325714,-0.10891327261924744,-0.01558691542595625
0.13433340191841125,0.6155910491943359,1.3188576698303223,0.008858239557505245,-0.005945427236315087,0.026490082014114055,-0.0024906292779149895,-6.863265064861179e-05,0.009969316134071437,0.23426156342029572,-0.08432341814041133,-0.08223118782043448,0.8403018116950989,0.7277172207832336,1.2325743436813354,-0.058953434,-0.015509706,0.053181924,171.0,1740111817.8607943,0.041360147297382355,0.0609128400683403,0.15850120782852173,0.15757252275943756,-0.049412257969379425,-0.053168509155511856,0.04283248260617256,0.23548810184001923,0.18970541656017303,0.08286243677139282,0.12929487228393555,0.2670598328113556,0.1527523398399353,-0.03018280118703842,0.19309043884277344,0.031892914324998856,0.1708434671163559,0.061306361109018326,-0.08418655395507812,0.10412495583295822,-0.05720393732190132,-0.2572717070579529,-0.1562783271074295,0.05720756947994232,0.07415033876895905,-0.06368646770715714,0.2413792461156845,-0.029392093420028687,-0.041426967829465866,0.2310979664325714,-0.10891327261924744,-0.01558691542595625
0.13435250520706177,0.6155790090560913,1.3194576501846313,0.008858239557505245,-0.005945427236315087,0.026490082014114055,-0.0033944759017889175,0.0010242453033734152,0.00970259980723809,0.23433340191841126,-0.08440895080566402,-0.08114233016967765,0.8403018116950989,0.7277172207832336,1.2325743436813354,-0.06596621,-0.007736355,0.03926892,172.0,1740111817.8930779,0.04384753853082657,0.06092260777950287,0.16245253384113312,0.15879425406455994,-0.05054221302270889,-0.051378875970840454,0.043714504688978195,0.2395283728837967,0.1933663934469223,0.08395060896873474,0.13070501387119293,0.2714233696460724,0.1548713743686676,-0.02840498462319374,0.19747798144817352,0.03464232385158539,0.17341192066669464,0.061812881380319595,-0.08473880589008331,0.10596843808889389,-0.05565852299332619,-0.25989049673080444,-0.1585463136434555,0.05774720013141632,0.07624736428260803,-0.0650436133146286,0.24290302395820618,-0.028422050178050995,-0.04050324484705925,0.2367669939994812,-0.11323696374893188,-0.016685716807842255
0.1342010200023651,0.6153193712234497,1.320511817932129,0.0023807584252919694,-0.0039007085152968574,0.031584165497729015,-0.003045804986505284,0.0014077252646219512,0.013890005847599859,0.23423033058643342,-0.08467812538146968,-0.08013072013854972,0.8403018116950989,0.7277172207832336,1.2325743436813354,-0.067580506,-0.0074088797,0.037406106,173.0,1740111817.9228554,0.04477168619632721,0.06068035215139389,0.16415297985076904,0.16009333729743958,-0.052057988941669464,-0.05045485123991966,0.044533587992191315,0.24192798137664795,0.1947418451309204,0.08395026624202728,0.13092823326587677,0.2737801969051361,0.15612578392028809,-0.02799573913216591,0.19950978457927704,0.036049194633960724,0.17466305196285248,0.06254836916923523,-0.08580534160137177,0.10738841444253922,-0.055175770074129105,-0.26084646582603455,-0.15968714654445648,0.058036237955093384,0.07710126042366028,-0.06609503924846649,0.24392160773277283,-0.027960315346717834,-0.03985479101538658,0.23972678184509277,-0.11555399000644684,-0.017895065248012543
0.1340101957321167,0.6158873438835144,1.3220163583755493,0.0023807584252919694,-0.0039007085152968574,0.031584165497729015,-0.006535574715308285,0.0012858526708218476,0.009922435425709373,0.23450589776039124,-0.08437354564666744,-0.07861378192901602,0.8403018116950989,0.7277172207832336,1.2325743436813354,-0.067686066,-0.0072069913,0.034862325,174.0,1740111817.9545388,0.04539579153060913,0.060671500861644745,0.16426602005958557,0.16000965237617493,-0.05242948234081268,-0.05056840181350708,0.044548146426677704,0.24207116663455963,0.1954915076494217,0.08377683162689209,0.13051114976406097,0.2742077112197876,0.156291201710701,-0.02819523960351944,0.20026469230651855,0.036609046161174774,0.17528392374515533,0.06267237663269043,-0.0861271470785141,0.10744357854127884,-0.05575951561331749,-0.2607768774032593,-0.15979042649269104,0.058002687990665436,0.07778844237327576,-0.06621119379997253,0.24428685009479523,-0.028007883578538895,-0.03997935727238655,0.23998191952705383,-0.11613968014717102,-0.017443254590034485
0.13442042469978333,0.6156891584396362,1.3234409093856812,0.0023807584252919694,-0.0039007085152968574,0.031584165497729015,-0.0034167306997655708,0.001249449275486566,0.012564250198586245,0.23442400097846985,-0.08432765007019039,-0.07739200592041007,0.8403018116950989,0.7277172207832336,1.2325743436813354,-0.067686066,-0.0072069913,0.034862325,175.0,1740111817.9870791,0.04539579153060913,0.060671500861644745,0.16426602005958557,0.16000965237617493,-0.05242948234081268,-0.05056840181350708,0.044548146426677704,0.24207116663455963,0.1954915076494217,0.08377683162689209,0.13051114976406097,0.2742077112197876,0.156291201710701,-0.02819523960351944,0.20026469230651855,0.036609046161174774,0.17528392374515533,0.06267237663269043,-0.0861271470785141,0.10744357854127884,-0.05575951561331749,-0.2607768774032593,-0.15979042649269104,0.058002687990665436,0.07778844237327576,-0.06621119379997253,0.24428685009479523,-0.028007883578538895,-0.03997935727238655,0.23998191952705383,-0.11613968014717102,-0.017443254590034485
0.13427655398845673,0.615778923034668,1.324774980545044,-0.004424640344354193,0.003694276017236777,0.03970035846394387,-0.003969343502786961,0.003243515597224972,0.011160121636115435,0.23378772139549256,-0.08430857658386226,-0.07615938186645499,0.8403018116950989,0.7277172207832336,1.2325743436813354,-0.067686066,-0.0072069913,0.034862325,176.0,1740111818.021483,0.04539579153060913,0.060671500861644745,0.16426602005958557,0.16000965237617493,-0.05242948234081268,-0.05056840181350708,0.044548146426677704,0.24207116663455963,0.1954915076494217,0.08377683162689209,0.13051114976406097,0.2742077112197876,0.156291201710701,-0.02819523960351944,0.20026469230651855,0.036609046161174774,0.17528392374515533,0.06267237663269043,-0.0861271470785141,0.10744357854127884,-0.05575951561331749,-0.2607768774032593,-0.15979042649269104,0.058002687990665436,0.07778844237327576,-0.06621119379997253,0.24428685009479523,-0.028007883578538895,-0.03997935727238655,0.23998191952705383,-0.11613968014717102,-0.017443254590034485
0.13401617109775543,0.6158154606819153,1.3261946439743042,-0.004424640344354193,0.003694276017236777,0.03970035846394387,-0.00405156641935045,0.0033125719242799957,0.010216867301394114,0.23375285267829896,-0.08393962383270259,-0.07458045482635489,0.8403018116950989,0.7277172207832336,1.2325743436813354,-0.073477164,-0.0044121146,0.030127473,177.0,1740111818.0527701,0.045717038214206696,0.060188695788383484,0.16657106578350067,0.16344255208969116,-0.054747141897678375,-0.04880618304014206,0.04665679484605789,0.24632680416107178,0.19716918468475342,0.08439075946807861,0.13171659409999847,0.27887052297592163,0.15941870212554932,-0.027989462018013,0.20269693434238434,0.03889988735318184,0.1771533191204071,0.06471389532089233,-0.08880865573883057,0.111203633248806,-0.05504975840449333,-0.26249048113822937,-0.16283003985881805,0.05910411477088928,0.07855133712291718,-0.06842446327209473,0.2461802214384079,-0.02793724462389946,-0.03830093517899513,0.24480727314949036,-0.11968101561069489,-0.021427061408758163
0.1337745487689972,0.6158981323242188,1.3276066780090332,-0.004424640344354193,0.003694276017236777,0.03970035846394387,-0.004570962984715245,0.005579612194492582,0.008976382266367114,0.23396595418453217,-0.08413912057876582,-0.07312467098236075,0.8403018116950989,0.7277172207832336,1.2325743436813354,-0.07146907,-0.007203527,0.036285147,178.0,1740111818.085215,0.044576749205589294,0.06003493443131447,0.1642354130744934,0.16153347492218018,-0.05333612859249115,-0.048869382590055466,0.04601956903934479,0.24326275289058685,0.19470296800136566,0.08374156057834625,0.1302434355020523,0.27538758516311646,0.15725786983966827,-0.02779097855091095,0.19971665740013123,0.03773210570216179,0.1749204397201538,0.06340688467025757,-0.08709834516048431,0.10941319912672043,-0.05449771508574486,-0.25983473658561707,-0.16078032553195953,0.05824656039476395,0.0775592029094696,-0.0671335905790329,0.24351756274700165,-0.027806628495454788,-0.038388241082429886,0.24153339862823486,-0.1172337532043457,-0.02099005877971649
0.13317663967609406,0.6156777739524841,1.3285046815872192,-0.005560270956265186,-0.00012419732731690385,0.042438606386671296,-0.004537424349953673,0.007967371048791699,0.013425436718677547,0.2333938091993332,-0.08435810804367061,-0.07208492755889884,0.8403018116950989,0.7277172207832336,1.2325743436813354,-0.07146907,-0.007203527,0.036285147,179.0,1740111818.119069,0.044576749205589294,0.06003493443131447,0.1642354130744934,0.16153347492218018,-0.05333612859249115,-0.048869382590055466,0.04601956903934479,0.24326275289058685,0.19470296800136566,0.08374156057834625,0.1302434355020523,0.27538758516311646,0.15725786983966827,-0.02779097855091095,0.19971665740013123,0.03773210570216179,0.1749204397201538,0.06340688467025757,-0.08709834516048431,0.10941319912672043,-0.05449771508574486,-0.25983473658561707,-0.16078032553195953,0.05824656039476395,0.0775592029094696,-0.0671335905790329,0.24351756274700165,-0.027806628495454788,-0.038388241082429886,0.24153339862823486,-0.1172337532043457,-0.02099005877971649
0.13291160762310028,0.6157550811767578,1.329724669456482,-0.005560270956265186,-0.00012419732731690385,0.042438606386671296,-0.005002423304328166,0.010293885564269656,0.010756811298068809,0.23305225968360901,-0.08428288698196407,-0.07086946964263907,0.8403018116950989,0.7277172207832336,1.2325743436813354,-0.07501559,-0.0058350265,0.03281213,180.0,1740111818.1521397,0.04529657959938049,0.060143161565065384,0.16582457721233368,0.16300605237483978,-0.05420030653476715,-0.04831530153751373,0.046485111117362976,0.2454032003879547,0.19620665907859802,0.08422878384590149,0.13109800219535828,0.27765071392059326,0.15837083756923676,-0.0277244932949543,0.20165248215198517,0.03851757198572159,0.1764226108789444,0.06423430144786835,-0.08815933763980865,0.11061715334653854,-0.05452496185898781,-0.26125332713127136,-0.16216501593589783,0.05874653160572052,0.07826197147369385,-0.06805392354726791,0.24478909373283386,-0.0278099924325943,-0.038357462733983994,0.2437555491924286,-0.1191151887178421,-0.021763455122709274
0.13240106403827667,0.6157373189926147,1.3306421041488647,-0.005560270956265186,-0.00012419732731690385,0.042438606386671296,-0.0038897875529395245,0.008671601371997262,0.01245613081479473,0.2326865553855896,-0.08427180051803584,-0.06980719566345206,0.8403018116950989,0.7277172207832336,1.2325743436813354,-0.07501559,-0.0058350265,0.03281213,181.0,1740111818.193263,0.04529657959938049,0.060143161565065384,0.16582457721233368,0.16300605237483978,-0.05420030653476715,-0.04831530153751373,0.046485111117362976,0.2454032003879547,0.19620665907859802,0.08422878384590149,0.13109800219535828,0.27765071392059326,0.15837083756923676,-0.0277244932949543,0.20165248215198517,0.03851757198572159,0.1764226108789444,0.06423430144786835,-0.08815933763980865,0.11061715334653854,-0.05452496185898781,-0.26125332713127136,-0.16216501593589783,0.05874653160572052,0.07826197147369385,-0.06805392354726791,0.24478909373283386,-0.0278099924325943,-0.038357462733983994,0.2437555491924286,-0.1191151887178421,-0.021763455122709274
0.1321977972984314,0.6160927414894104,1.3318381309509277,-0.009756588062233989,0.004136179030843705,0.033226077058167915,-0.004637875134370804,0.006237381375765979,0.008867010673862778,0.2322738230228424,-0.08419407606124873,-0.06881632804870597,0.8403018116950989,0.7277172207832336,1.2325743436813354,-0.07416395,-0.004632689,0.027939573,182.0,1740111818.222176,0.045904695987701416,0.06012701243162155,0.16714069247245789,0.16411082446575165,-0.05501778423786163,-0.04777155816555023,0.047047194093465805,0.24720899760723114,0.19734366238117218,0.08460813760757446,0.131694033741951,0.27961406111717224,0.15940558910369873,-0.02750011906027794,0.2032252699136734,0.03938647732138634,0.17746834456920624,0.06483043730258942,-0.08890463411808014,0.11175478249788284,-0.05437193438410759,-0.26241713762283325,-0.1632056087255478,0.059149064123630524,0.07873065769672394,-0.06880193203687668,0.24577327072620392,-0.027690012007951736,-0.038160037249326706,0.24583220481872559,-0.12063586711883545,-0.02259622886776924
0.13179636001586914,0.6160840392112732,1.3326135873794556,-0.009756588062233989,0.004136179030843705,0.033226077058167915,-0.0036474430412734974,0.004914463495924592,0.010631936453402236,0.23204598426818848,-0.08389587402343746,-0.06770970821380606,0.8403018116950989,0.7277172207832336,1.2325743436813354,-0.07249984,-0.0019560605,0.021668889,183.0,1740111818.2543497,0.045962363481521606,0.05992390587925911,0.16811540722846985,0.1653575301170349,-0.05582650005817413,-0.047092702239751816,0.048855215311050415,0.24861666560173035,0.19839613139629364,0.08547928929328918,0.1320008635520935,0.28211912512779236,0.1607886701822281,-0.0282004214823246,0.20443136990070343,0.04066900908946991,0.1781569868326187,0.06615781784057617,-0.08958855271339417,0.11357518285512924,-0.055011387914419174,-0.26300808787345886,-0.16426905989646912,0.059869907796382904,0.07945434749126434,-0.06974177062511444,0.24635304510593414,-0.028495565056800842,-0.03784581646323204,0.2479836344718933,-0.12232105433940887,-0.023741211742162704
0.13136054575443268,0.6161545515060425,1.333423376083374,-0.009756588062233989,0.004136179030843705,0.033226077058167915,-0.004188375906938481,0.004011655967091653,0.008453048312726499,0.23163769245147706,-0.08393956422805782,-0.06691136360168448,0.8403018116950989,0.7277172207832336,1.2325743436813354,-0.0698968,-0.0027374476,0.024737708,184.0,1740111818.2832284,0.04643978178501129,0.0601503886282444,0.16728103160858154,0.16309019923210144,-0.05425286293029785,-0.047686249017715454,0.048083238303661346,0.24622876942157745,0.1989094614982605,0.08517171442508698,0.13113731145858765,0.2801668345928192,0.15970315039157867,-0.02827511355280876,0.20393995940685272,0.04058767855167389,0.17776715755462646,0.0650118887424469,-0.08819948136806488,0.11164391785860062,-0.0557832233607769,-0.26173388957977295,-0.16314508020877838,0.059195034205913544,0.0808190107345581,-0.06853262335062027,0.2450997531414032,-0.02854057401418686,-0.03841117396950722,0.2457624077796936,-0.12162478268146515,-0.02140434831380844
0.13092748820781708,0.6161506772041321,1.3340154886245728,-0.009756588062233989,0.004136179030843705,0.033226077058167915,-0.004293283962774813,0.004528013618644107,0.009009434697328974,0.2311667412519455,-0.08385730981826778,-0.06624867916107169,0.8403018116950989,0.7277172207832336,1.2325743436813354,-0.0698968,-0.0027374476,0.024737708,185.0,1740111818.31742,0.04643978178501129,0.0601503886282444,0.16728103160858154,0.16309019923210144,-0.05425286293029785,-0.047686249017715454,0.048083238303661346,0.24622876942157745,0.1989094614982605,0.08517171442508698,0.13113731145858765,0.2801668345928192,0.15970315039157867,-0.02827511355280876,0.20393995940685272,0.04058767855167389,0.17776715755462646,0.0650118887424469,-0.08819948136806488,0.11164391785860062,-0.0557832233607769,-0.26173388957977295,-0.16314508020877838,0.059195034205913544,0.0808190107345581,-0.06853262335062027,0.2450997531414032,-0.02854057401418686,-0.03841117396950722,0.2457624077796936,-0.12162478268146515,-0.02140434831380844
0.13045328855514526,0.6160851716995239,1.3344120979309082,-0.012406293419538743,-9.753844806376228e-05,0.020228279780080658,-0.0035157827304652237,0.004240107512626546,0.009600126752381285,0.2307118535041809,-0.08391894102096553,-0.0657390594482421,0.8403018116950989,0.7277172207832336,1.2325743436813354,-0.04529513,-0.015501387,0.054083787,186.0,1740111818.3505833,0.04160602390766144,0.061654675751924515,0.15635764598846436,0.15091277658939362,-0.04413215070962906,-0.05363074317574501,0.03907768428325653,0.22910524904727936,0.1873246282339096,0.08178724348545074,0.1267002373933792,0.2586815655231476,0.1468295007944107,-0.027646951377391815,0.18932689726352692,0.029093265533447266,0.1674976944923401,0.056296225637197495,-0.0787285566329956,0.09708447009325027,-0.055921394377946854,-0.25326797366142273,-0.15135401487350464,0.054133251309394836,0.07476526498794556,-0.06002127379179001,0.23604512214660645,-0.027571965008974075,-0.043330591171979904,0.22450247406959534,-0.104897141456604,-0.010470046661794186
0.1299271285533905,0.6162336468696594,1.3347094058990479,-0.012406293419538743,-9.753844806376228e-05,0.020228279780080658,-0.0045722319973505255,0.0032347091449813595,0.010392342927257481,0.22991996109485627,-0.08412427902221675,-0.06562664508819571,0.8403018116950989,0.7277172207832336,1.2325743436813354,-0.054833822,-0.0045402795,0.030146405,187.0,1740111818.383801,0.051212817430496216,0.06195024400949478,0.1702890396118164,0.15763027966022491,-0.049395471811294556,-0.05097588151693344,0.0438457690179348,0.24234169721603394,0.20532724261283875,0.0847494900226593,0.13224267959594727,0.2772328853607178,0.15825021266937256,-0.027447670698165894,0.20821945369243622,0.03992999345064163,0.1809513121843338,0.06090276315808296,-0.0844176858663559,0.1053783968091011,-0.05835069343447685,-0.26537975668907166,-0.1621982902288437,0.05761177837848663,0.08688993006944656,-0.06559625267982483,0.24675047397613525,-0.02789192646741867,-0.04208577051758766,0.24227088689804077,-0.12200303375720978,-0.010661325417459011
0.12931734323501587,0.6162214875221252,1.33488929271698,-0.012406293419538743,-9.753844806376228e-05,0.020228279780080658,-0.003564386371868903,0.002712780196920954,0.009218639317094622,0.22962155044078827,-0.08383531570434566,-0.0651897430419921,0.8403018116950989,0.7277172207832336,1.2325743436813354,-0.057393186,-0.003988676,0.026955202,188.0,1740111818.4166124,0.04965592175722122,0.061332352459430695,0.1696273386478424,0.1586104929447174,-0.049964264035224915,-0.0504244863986969,0.045380692929029465,0.24260087311267853,0.2034258246421814,0.08522200584411621,0.13241006433963776,0.2776834964752197,0.1586681753396988,-0.027415476739406586,0.20672662556171417,0.04014722257852554,0.17928816378116608,0.06139875575900078,-0.08445088565349579,0.10709046572446823,-0.057521987706422806,-0.2648950517177582,-0.1621348261833191,0.05802068114280701,0.08496563881635666,-0.06602270156145096,0.24613803625106812,-0.02828989177942276,-0.04109702631831169,0.24311426281929016,-0.12117382884025574,-0.013181519694626331
0.12868058681488037,0.6162639856338501,1.335026502609253,-0.01693820950714726,0.0015253782381359471,0.006383824728125808,-0.00330044624747185,0.0018763860252624578,0.009005078248296416,0.2289893090724945,-0.08379722833633418,-0.06507971286773673,0.8403018116950989,0.7277172207832336,1.2325743436813354,-0.057393186,-0.003988676,0.026955202,189.0,1740111818.4508362,0.04965592175722122,0.061332352459430695,0.1696273386478424,0.1586104929447174,-0.049964264035224915,-0.0504244863986969,0.045380692929029465,0.24260087311267853,0.2034258246421814,0.08522200584411621,0.13241006433963776,0.2776834964752197,0.1586681753396988,-0.027415476739406586,0.20672662556171417,0.04014722257852554,0.17928816378116608,0.06139875575900078,-0.08445088565349579,0.10709046572446823,-0.057521987706422806,-0.2648950517177582,-0.1621348261833191,0.05802068114280701,0.08496563881635666,-0.06602270156145096,0.24613803625106812,-0.02828989177942276,-0.04109702631831169,0.24311426281929016,-0.12117382884025574,-0.013181519694626331
0.128020241856575,0.616340160369873,1.334958553314209,-0.01693820950714726,0.0015253782381359471,0.006383824728125808,-0.003553962125500746,0.0014205662913422692,0.008380192714700604,0.22832821905612946,-0.08371014595031734,-0.06498863697051993,0.8403018116950989,0.7277172207832336,1.2325743436813354,-0.058949027,-0.0025096461,0.022125982,190.0,1740111818.483633,0.04893413186073303,0.061213940382003784,0.1695822775363922,0.15929162502288818,-0.05002111196517944,-0.05041596293449402,0.04593059420585632,0.24293002486228943,0.20281514525413513,0.08563545346260071,0.13305331766605377,0.2780260741710663,0.15904632210731506,-0.027460813522338867,0.2061462104320526,0.0399482436478138,0.17867986857891083,0.06160368397831917,-0.08456701040267944,0.1078953817486763,-0.057204585522413254,-0.2653653025627136,-0.16233225166797638,0.058326832950115204,0.08403190970420837,-0.0661320835351944,0.24630357325077057,-0.028605490922927856,-0.04085080698132515,0.24351075291633606,-0.1207038015127182,-0.014224405400454998
0.12765999138355255,0.6163142323493958,1.3348690271377563,-0.01693820950714726,0.0015253782381359471,0.006383824728125808,-0.0033059477390674098,0.0023211613412807697,0.008036103087548598,0.22765999138355256,-0.0836857676506042,-0.06513097286224356,0.8403018116950989,0.7277172207832336,1.2325743436813354,-0.05943162,-0.0022802278,0.021775544,191.0,1740111818.5167427,0.04869275540113449,0.0612247996032238,0.16902098059654236,0.15931029617786407,-0.05018293112516403,-0.05071394145488739,0.04604635015130043,0.2425585687160492,0.20257072150707245,0.0855761170387268,0.13268287479877472,0.27789974212646484,0.15898442268371582,-0.02809581533074379,0.20594270527362823,0.03983225300908089,0.17869770526885986,0.06192157045006752,-0.08481018245220184,0.10786964744329453,-0.05796017125248909,-0.26503387093544006,-0.1621776968240738,0.058474376797676086,0.08395908772945404,-0.06621550768613815,0.24643777310848236,-0.029074862599372864,-0.04115810617804527,0.24291950464248657,-0.1204206794500351,-0.013843732886016369
0.12671296298503876,0.6164130568504333,1.3344842195510864,-0.019670019758653647,0.0014902410365070322,-0.005421116733363047,-0.004363920529908212,0.003714758015967474,0.0064279551901420574,0.22703238427639008,-0.08364160060882564,-0.06534101963043204,0.8403018116950989,0.7277172207832336,1.2325743436813354,-0.06085483,-0.0007177964,0.016899541,192.0,1740111818.5505123,0.047694459557533264,0.06103998422622681,0.16867442429065704,0.16012760996818542,-0.05058588832616806,-0.05084635317325592,0.046488963067531586,0.24260000884532928,0.20134668052196503,0.08561824262142181,0.13320483267307281,0.27789896726608276,0.1592668741941452,-0.028345845639705658,0.20500409603118896,0.039356522262096405,0.17798565328121185,0.06231429800391197,-0.08497555553913116,0.10864777117967606,-0.05762750282883644,-0.2652686834335327,-0.16228652000427246,0.058742791414260864,0.08246111124753952,-0.0664869025349617,0.24660323560237885,-0.02942729741334915,-0.040781859308481216,0.24298489093780518,-0.11962425708770752,-0.015050156973302364
0.12607920169830322,0.6164376139640808,1.3341542482376099,-0.019670019758653647,0.0014902410365070322,-0.005421116733363047,-0.004427955273653942,0.0036198687907280577,0.006479809363689586,0.226454696059227,-0.0835625052452087,-0.06563713550567618,0.8403018116950989,0.7277172207832336,1.2325743436813354,-0.057406366,-0.0022849962,0.023071766,193.0,1740111818.5838008,0.04736274480819702,0.060899488627910614,0.1684775948524475,0.15996746718883514,-0.05057187378406525,-0.0503152571618557,0.04681224748492241,0.2425280511379242,0.20092430710792542,0.08566027879714966,0.1329772174358368,0.2777304947376251,0.15908479690551758,-0.027965251356363297,0.20445650815963745,0.039513058960437775,0.1774192452430725,0.062289830297231674,-0.08462987840175629,0.10879264026880264,-0.056888725608587265,-0.26466724276542664,-0.1620679348707199,0.05857490003108978,0.082190603017807,-0.06643686443567276,0.24582123756408691,-0.028980545699596405,-0.04029466584324837,0.2431778907775879,-0.1196068525314331,-0.015895362943410873
0.12500619888305664,0.6165744066238403,1.3334259986877441,-0.019670019758653647,0.0014902410365070322,-0.005421116733363047,-0.004342310050551859,0.003110559660078411,0.007049217174362436,0.2257227659225464,-0.08348698616027828,-0.06604506969451895,0.8403018116950989,0.7277172207832336,1.2325743436813354,-0.057406366,-0.0022849962,0.023071766,194.0,1740111818.6288252,0.04736274480819702,0.060899488627910614,0.1684775948524475,0.15996746718883514,-0.05057187378406525,-0.0503152571618557,0.04681224748492241,0.2425280511379242,0.20092430710792542,0.08566027879714966,0.1329772174358368,0.2777304947376251,0.15908479690551758,-0.027965251356363297,0.20445650815963745,0.039513058960437775,0.1774192452430725,0.062289830297231674,-0.08462987840175629,0.10879264026880264,-0.056888725608587265,-0.26466724276542664,-0.1620679348707199,0.05857490003108978,0.082190603017807,-0.06643686443567276,0.24582123756408691,-0.028980545699596405,-0.04029466584324837,0.2431778907775879,-0.1196068525314331,-0.015895362943410873
0.12469606101512909,0.6166441440582275,1.3331142663955688,-0.020127002707551165,0.002306057967290498,-0.013670992086717772,-0.004026085872158964,0.0032588953171569226,0.008461509768173267,0.22500619888305665,-0.08342559337615962,-0.06657400131225577,0.8403018116950989,0.7277172207832336,1.2325743436813354,-0.057460256,-0.0010863021,0.019442499,195.0,1740111818.651228,0.04776442050933838,0.060887038707733154,0.1695028692483902,0.16100811958312988,-0.0514860674738884,-0.04963844269514084,0.04711436480283737,0.24423716962337494,0.20160414278507233,0.08575181663036346,0.1332745999097824,0.27918893098831177,0.15978357195854187,-0.027548540383577347,0.20551007986068726,0.0400918573141098,0.1781858205795288,0.06274564564228058,-0.08536048233509064,0.10972990840673447,-0.05631497874855995,-0.26537302136421204,-0.162872776389122,0.05880347639322281,0.08232948184013367,-0.06707950681447983,0.24651795625686646,-0.028653256595134735,-0.03990229591727257,0.245000422000885,-0.12080121040344238,-0.01699323207139969
0.12405192852020264,0.6167252063751221,1.3326560258865356,-0.020127002707551165,0.002306057967290498,-0.013670992086717772,-0.0037213635950835724,0.0017812788200916524,0.007628185144355015,0.224703586101532,-0.08348484039306636,-0.06695857048034659,0.8403018116950989,0.7277172207832336,1.2325743436813354,-0.055547312,-0.0009964034,0.019584797,196.0,1740111818.6843402,0.047144919633865356,0.060580603778362274,0.16901026666164398,0.16145876049995422,-0.05216442048549652,-0.04934510588645935,0.047424767166376114,0.24445867538452148,0.20078372955322266,0.08526672422885895,0.13296565413475037,0.2791149616241455,0.16007553040981293,-0.027611680328845978,0.20477375388145447,0.040098655968904495,0.17779932916164398,0.06311558187007904,-0.08588790893554688,0.11019434779882431,-0.05590483173727989,-0.26478612422943115,-0.1629178524017334,0.05886410176753998,0.08173622190952301,-0.06737207621335983,0.24633240699768066,-0.028608933091163635,-0.03916342929005623,0.24507123231887817,-0.12066258490085602,-0.018249403685331345
0.12319236993789673,0.6165668368339539,1.331857681274414,-0.020127002707551165,0.002306057967290498,-0.013670992086717772,-0.003411898784112979,0.004422589615834263,0.011082058127283387,0.2236817240715027,-0.0831890225410461,-0.06761267185211173,0.8403018116950989,0.7277172207832336,1.2325743436813354,-0.05322741,-0.0008244291,0.018865764,197.0,1740111818.7176228,0.04800260066986084,0.06066673621535301,0.16915550827980042,0.1609850525856018,-0.05254489928483963,-0.049216557294130325,0.0466461144387722,0.24469752609729767,0.20136582851409912,0.08448146283626556,0.13221251964569092,0.27884119749069214,0.15993838012218475,-0.027385395020246506,0.20542533695697784,0.040302518755197525,0.17867214977741241,0.06304524838924408,-0.08624295890331268,0.10947591811418533,-0.055922795087099075,-0.2643320858478546,-0.1629330813884735,0.05855970084667206,0.08260422945022583,-0.06742233783006668,0.24647773802280426,-0.028049904853105545,-0.03907908871769905,0.2450091540813446,-0.12140099704265594,-0.017610881477594376
0.12274530529975891,0.61692875623703,1.33134925365448,-0.020127002707551165,0.002306057967290498,-0.013670992086717772,-0.003392098837309165,0.003930538454200454,0.010621902972262811,0.2225731298327446,-0.0832088708877563,-0.06843044757843009,0.8403018116950989,0.7277172207832336,1.2325743436813354,-0.05322741,-0.0008244291,0.018865764,198.0,1740111818.7512183,0.04800260066986084,0.06066673621535301,0.16915550827980042,0.1609850525856018,-0.05254489928483963,-0.049216557294130325,0.0466461144387722,0.24469752609729767,0.20136582851409912,0.08448146283626556,0.13221251964569092,0.27884119749069214,0.15993838012218475,-0.027385395020246506,0.20542533695697784,0.040302518755197525,0.17867214977741241,0.06304524838924408,-0.08624295890331268,0.10947591811418533,-0.055922795087099075,-0.2643320858478546,-0.1629330813884735,0.05855970084667206,0.08260422945022583,-0.06742233783006668,0.24647773802280426,-0.028049904853105545,-0.03907908871769905,0.2450091540813446,-0.12140099704265594,-0.017610881477594376
0.12209533900022507,0.6171573996543884,1.3308367729187012,-0.023038523318932094,0.001140912773661586,-0.01958286360960691,-0.004606309015846759,0.003968415014786862,0.008765004430471143,0.22216729670763016,-0.08323062658309932,-0.0690351963043212,0.8403018116950989,0.7277172207832336,1.2325743436813354,-0.049736198,0.00092561543,0.014807582,199.0,1740111818.7847443,0.04971444606781006,0.06104394793510437,0.17034119367599487,0.1612604260444641,-0.053358644247055054,-0.04924542084336281,0.04559789597988129,0.24620938301086426,0.20351646840572357,0.08392451703548431,0.1320311725139618,0.279874324798584,0.16015836596488953,-0.027368564158678055,0.20777378976345062,0.04091538116335869,0.18071675300598145,0.06318573653697968,-0.08738020062446594,0.10908251255750656,-0.05651843920350075,-0.2648734152317047,-0.16366806626319885,0.05851077288389206,0.08447346836328506,-0.06759314239025116,0.24772079288959503,-0.02747473120689392,-0.039630595594644547,0.24603968858718872,-0.1231924295425415,-0.01638651266694069
0.12132299691438675,0.6173398494720459,1.3302520513534546,-0.023038523318932094,0.001140912773661586,-0.01958286360960691,-0.004189718988707555,0.0013541856869705444,0.007429309555102554,0.22172815203666688,-0.08275057077407832,-0.06940689086914054,0.8403018116950989,0.7277172207832336,1.2325743436813354,-0.049736198,0.00092561543,0.014807582,200.0,1740111818.8177085,0.04971444606781006,0.06104394793510437,0.17034119367599487,0.1612604260444641,-0.053358644247055054,-0.04924542084336281,0.04559789597988129,0.24620938301086426,0.20351646840572357,0.08392451703548431,0.1320311725139618,0.279874324798584,0.16015836596488953,-0.027368564158678055,0.20777378976345062,0.04091538116335869,0.18071675300598145,0.06318573653697968,-0.08738020062446594,0.10908251255750656,-0.05651843920350075,-0.2648734152317047,-0.16366806626319885,0.05851077288389206,0.08447346836328506,-0.06759314239025116,0.24772079288959503,-0.02747473120689392,-0.039630595594644547,0.24603968858718872,-0.1231924295425415,-0.01638651266694069
0.12030524760484695,0.6172947883605957,1.3293120861053467,-0.023038523318932094,0.001140912773661586,-0.01958286360960691,-0.003727100288314084,0.0027925335081733236,0.01193989256329126,0.22083550542593003,-0.08249725103378291,-0.07009222507476798,0.8403018116950989,0.7277172207832336,1.2325743436813354,-0.049736198,0.00092561543,0.014807582,201.0,1740111818.8510008,0.04971444606781006,0.06104394793510437,0.17034119367599487,0.1612604260444641,-0.053358644247055054,-0.04924542084336281,0.04559789597988129,0.24620938301086426,0.20351646840572357,0.08392451703548431,0.1320311725139618,0.279874324798584,0.16015836596488953,-0.027368564158678055,0.20777378976345062,0.04091538116335869,0.18071675300598145,0.06318573653697968,-0.08738020062446594,0.10908251255750656,-0.05651843920350075,-0.2648734152317047,-0.16366806626319885,0.05851077288389206,0.08447346836328506,-0.06759314239025116,0.24772079288959503,-0.02747473120689392,-0.039630595594644547,0.24603968858718872,-0.1231924295425415,-0.01638651266694069
0.11918565630912781,0.6176116466522217,1.3285893201828003,-0.024859572478143847,0.007022494245242137,-0.019805709832982812,-0.00569845024290212,0.0063224832922858555,0.01052217103661836,0.2196974515914917,-0.08205492496490474,-0.07080247402191153,0.8403018116950989,0.7277172207832336,1.2325743436813354,-0.053514346,-0.0020824894,0.025570907,202.0,1740111818.8839786,0.04952765256166458,0.0612543523311615,0.16874395310878754,0.15857955813407898,-0.05198037624359131,-0.05021510273218155,0.04444598779082298,0.24309560656547546,0.20271383225917816,0.08290739357471466,0.13045448064804077,0.27646559476852417,0.15834861993789673,-0.027735963463783264,0.20629070699214935,0.040183085948228836,0.17935305833816528,0.06204457953572273,-0.08585503697395325,0.10661249607801437,-0.057512324303388596,-0.2624572813510895,-0.16166633367538452,0.05751348286867142,0.08498010039329529,-0.06610914319753647,0.24626615643501282,-0.02729770541191101,-0.04020601883530617,0.24291127920150757,-0.12132993340492249,-0.013573731295764446
0.11872198432683945,0.617729127407074,1.328129529953003,-0.024859572478143847,0.007022494245242137,-0.019805709832982812,-0.0041152710030324564,0.00472510053167314,0.010419716273264209,0.21911343038082123,-0.08238966464996333,-0.07163753509521475,0.8403018116950989,0.7277172207832336,1.2325743436813354,-0.05330784,-0.0028896779,0.027966745,203.0,1740111818.917928,0.049585990607738495,0.061281416565179825,0.16901683807373047,0.15872155129909515,-0.05221053957939148,-0.05048181861639023,0.04468322545289993,0.2433173507452011,0.20304502546787262,0.08299367129802704,0.13052073121070862,0.2766992151737213,0.15840262174606323,-0.028027523308992386,0.20673750340938568,0.04025435820221901,0.17949092388153076,0.062222037464380264,-0.08589702844619751,0.10673501342535019,-0.05792770907282829,-0.26269322633743286,-0.16160675883293152,0.05766991525888443,0.08507955074310303,-0.06620518118143082,0.2466467171907425,-0.027568425983190536,-0.04045766964554787,0.24313238263130188,-0.12145720422267914,-0.013185354880988598
0.11813385784626007,0.6183277368545532,1.3279212713241577,-0.024859572478143847,0.007022494245242137,-0.019805709832982812,-0.004578313450283534,0.002051490617081767,0.005069328694586929,0.21863455176353455,-0.08184297084808345,-0.07184603214263907,0.8403018116950989,0.7277172207832336,1.2325743436813354,-0.05330784,-0.0028896779,0.027966745,204.0,1740111818.9509082,0.049585990607738495,0.061281416565179825,0.16901683807373047,0.15872155129909515,-0.05221053957939148,-0.05048181861639023,0.04468322545289993,0.2433173507452011,0.20304502546787262,0.08299367129802704,0.13052073121070862,0.2766992151737213,0.15840262174606323,-0.028027523308992386,0.20673750340938568,0.04025435820221901,0.17949092388153076,0.062222037464380264,-0.08589702844619751,0.10673501342535019,-0.05792770907282829,-0.26269322633743286,-0.16160675883293152,0.05766991525888443,0.08507955074310303,-0.06620518118143082,0.2466467171907425,-0.027568425983190536,-0.04045766964554787,0.24313238263130188,-0.12145720422267914,-0.013185354880988598
0.11732912063598633,0.6185959577560425,1.327519416809082,-0.018549055619475036,0.009834468400353503,-0.010689639565601634,-0.0035740947595508388,0.0004183006695000016,0.0037032114651463924,0.2175641566514969,-0.08180077075958248,-0.072505497932434,0.8403018116950989,0.7277172207832336,1.2325743436813354,-0.054383483,-0.0054848194,0.03503272,205.0,1740111818.9933703,0.049914851784706116,0.06153444945812225,0.16761472821235657,0.1558065116405487,-0.05011426657438278,-0.05104986950755119,0.04318930581212044,0.2404242306947708,0.20290231704711914,0.08246585726737976,0.12940409779548645,0.27353331446647644,0.1568700522184372,-0.027730528265237808,0.205453559756279,0.03980135917663574,0.17872223258018494,0.0608450211584568,-0.08427290618419647,0.10418408364057541,-0.05818651244044304,-0.2607501745223999,-0.16015204787254333,0.05683477222919464,0.08593735098838806,-0.06470987200737,0.24500612914562225,-0.02724507451057434,-0.04070483520627022,0.24013620615005493,-0.1202479749917984,-0.010416454635560513
0.11633820831775665,0.6186901926994324,1.3268327713012695,-0.018549055619475036,0.009834468400353503,-0.010689639565601634,-0.004540260678429063,0.004199858629319711,0.007617127859987168,0.21643700301647187,-0.08131058216094966,-0.07297863960266104,0.8403018116950989,0.7277172207832336,1.2325743436813354,-0.054383483,-0.0054848194,0.03503272,206.0,1740111819.0179048,0.049914851784706116,0.06153444945812225,0.16761472821235657,0.1558065116405487,-0.05011426657438278,-0.05104986950755119,0.04318930581212044,0.2404242306947708,0.20290231704711914,0.08246585726737976,0.12940409779548645,0.27353331446647644,0.1568700522184372,-0.027730528265237808,0.205453559756279,0.03980135917663574,0.17872223258018494,0.0608450211584568,-0.08427290618419647,0.10418408364057541,-0.05818651244044304,-0.2607501745223999,-0.16015204787254333,0.05683477222919464,0.08593735098838806,-0.06470987200737,0.24500612914562225,-0.02724507451057434,-0.04070483520627022,0.24013620615005493,-0.1202479749917984,-0.010416454635560513
0.11553359776735306,0.6190269589424133,1.3263877630233765,-0.018549055619475036,0.009834468400353503,-0.010689639565601634,-0.00474821001369727,0.004795578935785029,0.0073068825225782764,0.21558029055595399,-0.08107657432556148,-0.07341923713684073,0.8403018116950989,0.7277172207832336,1.2325743436813354,-0.054383483,-0.0054848194,0.03503272,207.0,1740111819.050603,0.049914851784706116,0.06153444945812225,0.16761472821235657,0.1558065116405487,-0.05011426657438278,-0.05104986950755119,0.04318930581212044,0.2404242306947708,0.20290231704711914,0.08246585726737976,0.12940409779548645,0.27353331446647644,0.1568700522184372,-0.027730528265237808,0.205453559756279,0.03980135917663574,0.17872223258018494,0.0608450211584568,-0.08427290618419647,0.10418408364057541,-0.05818651244044304,-0.2607501745223999,-0.16015204787254333,0.05683477222919464,0.08593735098838806,-0.06470987200737,0.24500612914562225,-0.02724507451057434,-0.04070483520627022,0.24013620615005493,-0.1202479749917984,-0.010416454635560513
0.11468079686164856,0.6193239092826843,1.325995922088623,-0.018549055619475036,0.009834468400353503,-0.010689639565601634,-0.003426671014570996,0.004592921789086588,0.006342826970062026,0.21509867757558823,-0.08085585832595821,-0.07383885383605948,0.8403018116950989,0.7277172207832336,1.2325743436813354,-0.06175686,-0.005351782,0.031918682,208.0,1740111819.0837433,0.050314515829086304,0.06165633350610733,0.16732050478458405,0.1534663587808609,-0.04871346801519394,-0.05017782002687454,0.04202396422624588,0.2389843761920929,0.2028297483921051,0.08176922798156738,0.12863154709339142,0.27098414301872253,0.15615685284137726,-0.02602190151810646,0.2046477496623993,0.04000639542937279,0.17799806594848633,0.05951457843184471,-0.08297935128211975,0.10247794538736343,-0.05662858113646507,-0.2589765191078186,-0.15956014394760132,0.056025587022304535,0.08688465505838394,-0.06367756426334381,0.2434220016002655,-0.02597641944885254,-0.03984183445572853,0.23907968401908875,-0.12009680271148682,-0.009660623036324978
0.11397169530391693,0.6197366714477539,1.3256783485412598,-0.025198099694233377,0.007716730484017829,-0.01427540467357723,-0.004417931860007856,0.0036911846891992226,0.005469278175805468,0.2143072620034218,-0.08047862052917476,-0.07419254779815665,0.8403018116950989,0.7277172207832336,1.2325743436813354,-0.061925154,-0.0057765767,0.031825155,209.0,1740111819.116082,0.049560174345970154,0.06145438551902771,0.16602733731269836,0.1528269350528717,-0.04859847575426102,-0.049993786960840225,0.04182691499590874,0.23797757923603058,0.20140980184078217,0.08118009567260742,0.12783509492874146,0.26949015259742737,0.15555867552757263,-0.025838077068328857,0.20304761826992035,0.03969227522611618,0.17686478793621063,0.059203218668699265,-0.0827716588973999,0.10197020322084427,-0.056094083935022354,-0.25735148787498474,-0.1588635891675949,0.05567478388547897,0.08624827861785889,-0.06325454264879227,0.2422417253255844,-0.025669649243354797,-0.039263155311346054,0.2378779649734497,-0.11907973885536194,-0.010157882235944271
0.11356982588768005,0.6204313039779663,1.3256770372390747,-0.025198099694233377,0.007716730484017829,-0.01427540467357723,-0.004137722134695243,-0.00040165503383305317,0.0008139556178095641,0.2138678938150406,-0.07970757484436031,-0.07421364784240714,0.8403018116950989,0.7277172207832336,1.2325743436813354,-0.061925154,-0.0057765767,0.031825155,210.0,1740111819.1500556,0.049560174345970154,0.06145438551902771,0.16602733731269836,0.1528269350528717,-0.04859847575426102,-0.049993786960840225,0.04182691499590874,0.23797757923603058,0.20140980184078217,0.08118009567260742,0.12783509492874146,0.26949015259742737,0.15555867552757263,-0.025838077068328857,0.20304761826992035,0.03969227522611618,0.17686478793621063,0.059203218668699265,-0.0827716588973999,0.10197020322084427,-0.056094083935022354,-0.25735148787498474,-0.1588635891675949,0.05567478388547897,0.08624827861785889,-0.06325454264879227,0.2422417253255844,-0.025669649243354797,-0.039263155311346054,0.2378779649734497,-0.11907973885536194,-0.010157882235944271
0.1128687858581543,0.6208640336990356,1.3254443407058716,-0.025198099694233377,0.007716730484017829,-0.01427540467357723,-0.0025800717681857604,-0.0020063459872654184,0.0016221027857976035,0.21314190179109574,-0.07932568788528438,-0.07438471317291251,0.8403018116950989,0.7277172207832336,1.2325743436813354,-0.062080592,-0.0056314543,0.031411357,211.0,1740111819.1825688,0.04931984096765518,0.06139537692070007,0.16536004841327667,0.15229538083076477,-0.04853425174951553,-0.049983613193035126,0.0414271354675293,0.23745158314704895,0.20082074403762817,0.08064943552017212,0.12721781432628632,0.26847001910209656,0.15519185364246368,-0.025812014937400818,0.2022818624973297,0.0392744317650795,0.17656710743904114,0.05903429165482521,-0.08285272121429443,0.10132039338350296,-0.056060779839754105,-0.2564396262168884,-0.15845119953155518,0.05545683950185776,0.08625778555870056,-0.06303514540195465,0.24179325997829437,-0.0255870521068573,-0.03909334912896156,0.2369416058063507,-0.11862267553806305,-0.010095545090734959
0.11215092986822128,0.6213534474372864,1.3251948356628418,-0.018508747363277758,0.015954999940413057,-0.004446377709716247,-0.003528051179630467,-0.0016792072868547885,0.0027404544730758704,0.2124558374285698,-0.0788826465606689,-0.07463731765747061,0.8403018116950989,0.7277172207832336,1.2325743436813354,-0.059438955,-0.0054532886,0.03186349,212.0,1740111819.2165518,0.04888906329870224,0.06142321974039078,0.1647917479276657,0.1526573747396469,-0.048892274498939514,-0.05045650154352188,0.041375018656253815,0.2372141033411026,0.20036457479000092,0.08037783205509186,0.12708401679992676,0.26824283599853516,0.1550779789686203,-0.026551183313131332,0.2018737941980362,0.03872368484735489,0.17651091516017914,0.059351351112127304,-0.08335548639297485,0.10123591870069504,-0.056852761656045914,-0.25628045201301575,-0.15830589830875397,0.05560777336359024,0.08587034046649933,-0.06301624327898026,0.2421903759241104,-0.026126470416784286,-0.039473336189985275,0.23615548014640808,-0.11795048415660858,-0.009928015060722828
0.11097759008407593,0.6218245029449463,1.3247169256210327,-0.018508747363277758,0.015954999940413057,-0.004446377709716247,-0.0067482388305337695,0.0028309084640976735,0.005555411726085386,0.2112969145178795,-0.07842649221420284,-0.07514812946319571,0.8403018116950989,0.7277172207832336,1.2325743436813354,-0.059438955,-0.0054532886,0.03186349,213.0,1740111819.2499888,0.04888906329870224,0.06142321974039078,0.1647917479276657,0.1526573747396469,-0.048892274498939514,-0.05045650154352188,0.041375018656253815,0.2372141033411026,0.20036457479000092,0.08037783205509186,0.12708401679992676,0.26824283599853516,0.1550779789686203,-0.026551183313131332,0.2018737941980362,0.03872368484735489,0.17651091516017914,0.059351351112127304,-0.08335548639297485,0.10123591870069504,-0.056852761656045914,-0.25628045201301575,-0.15830589830875397,0.05560777336359024,0.08587034046649933,-0.06301624327898026,0.2421903759241104,-0.026126470416784286,-0.039473336189985275,0.23615548014640808,-0.11795048415660858,-0.009928015060722828
0.11066102236509323,0.622230052947998,1.3245453834533691,-0.018508747363277758,0.015954999940413057,-0.004446377709716247,-0.004425540760325673,0.0029536145751306695,0.007296158120421959,0.21069388687610627,-0.07786501646041866,-0.07537522315978995,0.8403018116950989,0.7277172207832336,1.2325743436813354,-0.054815855,-0.0060941055,0.03548379,214.0,1740111819.284434,0.04848624765872955,0.061454370617866516,0.16355866193771362,0.1523410528898239,-0.04852001368999481,-0.05137554556131363,0.041161611676216125,0.23551034927368164,0.2002221941947937,0.07984589040279388,0.1265675276517868,0.2670991122722626,0.1545383781194687,-0.028211522847414017,0.2010611742734909,0.037924811244010925,0.1766294687986374,0.05976896360516548,-0.08385728299617767,0.10042490810155869,-0.058693837374448776,-0.2553635537624359,-0.15795324742794037,0.05551484227180481,0.08648503571748734,-0.06252720206975937,0.24227096140384674,-0.02701345458626747,-0.0400380976498127,0.23370790481567383,-0.11706502735614777,-0.008568122051656246
0.11027208715677261,0.6231985092163086,1.3246067762374878,-0.021272749581281433,0.01463132515194183,-0.009016446169350515,-0.0054278756443286395,0.0027831406291795803,0.005782221379977142,0.21032702773809434,-0.07741845846176143,-0.07553961277008048,0.8403018116950989,0.7277172207832336,1.2325743436813354,-0.05376394,-0.0065945685,0.03715588,215.0,1740111819.317645,0.0482652485370636,0.061353035271167755,0.16238418221473694,0.15110795199871063,-0.047933727502822876,-0.05181574076414108,0.04085879772901535,0.23386678099632263,0.19963522255420685,0.07930950820446014,0.12559568881988525,0.26553526520729065,0.1537422388792038,-0.028707347810268402,0.19998526573181152,0.037425678223371506,0.1760990023612976,0.059493813663721085,-0.08343496918678284,0.09931571036577225,-0.059298787266016006,-0.2540479898452759,-0.1570223867893219,0.055115483701229095,0.08680501580238342,-0.0619339644908905,0.24143271148204803,-0.027141138911247253,-0.04015230014920235,0.23179632425308228,-0.11617109179496765,-0.007595117203891277
0.10938774049282074,0.6241376399993896,1.3247387409210205,-0.021272749581281433,0.01463132515194183,-0.009016446169350515,-0.00869787477370473,0.0032590846610717037,0.0035044793487185584,0.21004051566123963,-0.07649756669998165,-0.07533397674560538,0.8403018116950989,0.7277172207832336,1.2325743436813354,-0.05376394,-0.0065945685,0.03715588,216.0,1740111819.3522918,0.0482652485370636,0.061353035271167755,0.16238418221473694,0.15110795199871063,-0.047933727502822876,-0.05181574076414108,0.04085879772901535,0.23386678099632263,0.19963522255420685,0.07930950820446014,0.12559568881988525,0.26553526520729065,0.1537422388792038,-0.028707347810268402,0.19998526573181152,0.037425678223371506,0.1760990023612976,0.059493813663721085,-0.08343496918678284,0.09931571036577225,-0.059298787266016006,-0.2540479898452759,-0.1570223867893219,0.055115483701229095,0.08680501580238342,-0.0619339644908905,0.24143271148204803,-0.027141138911247253,-0.04015230014920235,0.23179632425308228,-0.11617109179496765,-0.007595117203891277
0.10880929976701736,0.6244642734527588,1.3248080015182495,-0.021272749581281433,0.01463132515194183,-0.009016446169350515,-0.006540685949251621,0.002989286311017539,0.005986357363000884,0.20899151116609574,-0.07594163417816158,-0.07532360553741446,0.8403018116950989,0.7277172207832336,1.2325743436813354,-0.053949554,-0.0062836185,0.036615085,217.0,1740111819.384233,0.04777140915393829,0.061201442033052444,0.16122648119926453,0.15064427256584167,-0.04785843938589096,-0.05188716948032379,0.04099827632308006,0.23275725543498993,0.19896860420703888,0.07894876599311829,0.12481999397277832,0.2646752595901489,0.15326128900051117,-0.02919706329703331,0.1989552080631256,0.03735044226050377,0.17555464804172516,0.05964961275458336,-0.08336213231086731,0.09899970144033432,-0.05968018248677254,-0.25268933176994324,-0.1565081775188446,0.05492502450942993,0.08668726682662964,-0.06167422980070114,0.2405722737312317,-0.02725311368703842,-0.040006835013628006,0.2305011749267578,-0.11557210981845856,-0.007488853298127651
0.10876245051622391,0.6253482699394226,1.3252906799316406,-0.014229086710466403,0.025162080704265052,0.007551117760575901,-0.005859917752610507,0.0014226318343841123,0.005638794334274079,0.2089899241924286,-0.07506490945816036,-0.07486035823822013,0.8403018116950989,0.7277172207832336,1.2325743436813354,-0.053949554,-0.0062836185,0.036615085,218.0,1740111819.4175408,0.04777140915393829,0.061201442033052444,0.16122648119926453,0.15064427256584167,-0.04785843938589096,-0.05188716948032379,0.04099827632308006,0.23275725543498993,0.19896860420703888,0.07894876599311829,0.12481999397277832,0.2646752595901489,0.15326128900051117,-0.02919706329703331,0.1989552080631256,0.03735044226050377,0.17555464804172516,0.05964961275458336,-0.08336213231086731,0.09899970144033432,-0.05968018248677254,-0.25268933176994324,-0.1565081775188446,0.05492502450942993,0.08668726682662964,-0.06167422980070114,0.2405722737312317,-0.02725311368703842,-0.040006835013628006,0.2305011749267578,-0.11557210981845856,-0.007488853298127651
0.10774053633213043,0.6262802481651306,1.3254472017288208,-0.014229086710466403,0.025162080704265052,0.007551117760575901,-0.008015065297644121,0.004374099017565489,0.003976257289114233,0.20835648328065873,-0.07428653240203853,-0.0746894121170043,0.8403018116950989,0.7277172207832336,1.2325743436813354,-0.052587844,-0.0063946545,0.03630776,219.0,1740111819.4514003,0.04790140688419342,0.06097147613763809,0.16046980023384094,0.14801548421382904,-0.045280613005161285,-0.05283112823963165,0.04029052332043648,0.22921538352966309,0.19824370741844177,0.07888151705265045,0.12490478157997131,0.26183822751045227,0.1519508957862854,-0.028417326509952545,0.19755718111991882,0.036721814423799515,0.1740231215953827,0.057684410363435745,-0.08073680847883224,0.09719068557024002,-0.05921325460076332,-0.25241440534591675,-0.15525934100151062,0.05401132255792618,0.08668194711208344,-0.05993866175413132,0.23939231038093567,-0.02739507332444191,-0.040136393159627914,0.22807461023330688,-0.11355429887771606,-0.0053902482613921165
0.10740205645561218,0.6264911890029907,1.325333833694458,-0.014229086710466403,0.025162080704265052,0.007551117760575901,-0.004432951328903276,0.009407493775685165,0.009351307129788057,0.2073669344186783,-0.07370109558105464,-0.0747868061065673,0.8403018116950989,0.7277172207832336,1.2325743436813354,-0.050600372,-0.007227868,0.038895674,220.0,1740111819.4841368,0.047817058861255646,0.060729991644620895,0.16198711097240448,0.15057986974716187,-0.04688095301389694,-0.05211774259805679,0.04208913818001747,0.23210136592388153,0.19919653236865997,0.07996046543121338,0.12607021629810333,0.26520076394081116,0.15353521704673767,-0.02867748588323593,0.1990581750869751,0.037761081010103226,0.17489328980445862,0.05916519835591316,-0.08214478194713593,0.09980497509241104,-0.05914468690752983,-0.25429338216781616,-0.15663814544677734,0.0550447553396225,0.08623155206441879,-0.06125538796186447,0.24081535637378693,-0.027865678071975708,-0.03979286924004555,0.23126089572906494,-0.1152227520942688,-0.00744380708783865
0.10711086541414261,0.6268435120582581,1.3253629207611084,-0.014229086710466403,0.025162080704265052,0.007551117760575901,-0.004758757931242363,0.0117308562249201,0.009528284062586783,0.20711086541414261,-0.0731564879417419,-0.07463707923889151,0.8403018116950989,0.7277172207832336,1.2325743436813354,-0.050600372,-0.007227868,0.038895674,221.0,1740111819.5168884,0.047817058861255646,0.060729991644620895,0.16198711097240448,0.15057986974716187,-0.04688095301389694,-0.05211774259805679,0.04208913818001747,0.23210136592388153,0.19919653236865997,0.07996046543121338,0.12607021629810333,0.26520076394081116,0.15353521704673767,-0.02867748588323593,0.1990581750869751,0.037761081010103226,0.17489328980445862,0.05916519835591316,-0.08214478194713593,0.09980497509241104,-0.05914468690752983,-0.25429338216781616,-0.15663814544677734,0.0550447553396225,0.08623155206441879,-0.06125538796186447,0.24081535637378693,-0.027865678071975708,-0.03979286924004555,0.23126089572906494,-0.1152227520942688,-0.00744380708783865
0.10621495544910431,0.6276955008506775,1.3255605697631836,-0.018029485234594907,0.01615383279836275,0.0013238622922784103,-0.0039039707372783066,0.015411424231456593,0.008547813688226345,0.2064303070306778,-0.0726456761360168,-0.07455518245697013,0.8403018116950989,0.7277172207832336,1.2325743436813354,-0.051361777,-0.005837582,0.034963116,222.0,1740111819.5500424,0.048610419034957886,0.06107614189386368,0.1627718061208725,0.1508706957101822,-0.047091834247112274,-0.05215879902243614,0.04184112697839737,0.23279529809951782,0.20070140063762665,0.080116868019104,0.12656167149543762,0.2661687731742859,0.15378084778785706,-0.028795361518859863,0.2004111260175705,0.038178861141204834,0.1759689897298813,0.059371981769800186,-0.08250540494918823,0.09976238757371902,-0.05948759987950325,-0.2550283968448639,-0.1571963131427765,0.05512720346450806,0.08717484772205353,-0.06137751042842865,0.2413395196199417,-0.027613449841737747,-0.04017682000994682,0.2319214642047882,-0.11628139019012451,-0.0067185936495661736
0.105396568775177,0.6285018920898438,1.32581627368927,-0.018029485234594907,0.01615383279836275,0.0013238622922784103,-0.007322122171209729,0.01676921336171797,0.005058501314898096,0.20556039214134217,-0.07186098098754878,-0.07437839508056632,0.8403018116950989,0.7277172207832336,1.2325743436813354,-0.04442237,-0.005940415,0.035364274,223.0,1740111819.5837998,0.04819086939096451,0.06122348830103874,0.1622575968503952,0.1500234305858612,-0.04613921046257019,-0.052339084446430206,0.041757360100746155,0.23167094588279724,0.20024657249450684,0.0805136114358902,0.12659311294555664,0.26519984006881714,0.15330173075199127,-0.02880265936255455,0.19947071373462677,0.03763585165143013,0.17531752586364746,0.05909769609570503,-0.08154939115047455,0.09922858327627182,-0.05952806398272514,-0.2546445429325104,-0.15665939450263977,0.05505480617284775,0.08683738857507706,-0.06085876375436783,0.240635946393013,-0.027759205549955368,-0.04037359729409218,0.2308497428894043,-0.11542199552059174,-0.006151705048978329
0.10524915158748627,0.6290552020072937,1.3264001607894897,-0.015317579127459367,0.019312151661658776,0.009634928312892718,-0.004552193184524883,0.01211665618156285,0.0028468103512239436,0.20548639297485352,-0.07113499641418453,-0.07381310462951651,0.8403018116950989,0.7277172207832336,1.2325743436813354,-0.045969408,-0.0053154156,0.03433665,224.0,1740111819.6178222,0.04711759090423584,0.061061881482601166,0.16127096116542816,0.1502329260110855,-0.04607045650482178,-0.05300372093915939,0.042117051780223846,0.2306358367204666,0.19903209805488586,0.08052299916744232,0.12654544413089752,0.26446208357810974,0.1529543399810791,-0.029792506247758865,0.19828009605407715,0.036792028695344925,0.17447778582572937,0.059458304196596146,-0.08149891346693039,0.09938257187604904,-0.06028096750378609,-0.2542487382888794,-0.15621492266654968,0.05522558093070984,0.08584746718406677,-0.060654520988464355,0.24053235352039337,-0.028481781482696533,-0.04068246856331825,0.22961032390594482,-0.11406406760215759,-0.006297099404036999
0.10450534522533417,0.6291284561157227,1.3267481327056885,-0.015317579127459367,0.019312151661658776,0.009634928312892718,-0.0036778095433579053,0.011843475212507126,0.006181499798039695,0.2048024445772171,-0.0710391521453857,-0.07353963851928702,0.8403018116950989,0.7277172207832336,1.2325743436813354,-0.045969408,-0.0053154156,0.03433665,225.0,1740111819.6519043,0.04711759090423584,0.061061881482601166,0.16127096116542816,0.1502329260110855,-0.04607045650482178,-0.05300372093915939,0.042117051780223846,0.2306358367204666,0.19903209805488586,0.08052299916744232,0.12654544413089752,0.26446208357810974,0.1529543399810791,-0.029792506247758865,0.19828009605407715,0.036792028695344925,0.17447778582572937,0.059458304196596146,-0.08149891346693039,0.09938257187604904,-0.06028096750378609,-0.2542487382888794,-0.15621492266654968,0.05522558093070984,0.08584746718406677,-0.060654520988464355,0.24053235352039337,-0.028481781482696533,-0.04068246856331825,0.22961032390594482,-0.11406406760215759,-0.006297099404036999
0.10401991754770279,0.6295416355133057,1.3274940252304077,-0.015317579127459367,0.019312151661658776,0.009634928312892718,-0.004873960556107006,0.010252298244551941,0.006254089808733803,0.20450534522533417,-0.0708715438842773,-0.07325186729431143,0.8403018116950989,0.7277172207832336,1.2325743436813354,-0.043250423,-0.0048775747,0.033466566,226.0,1740111819.684298,0.04666121304035187,0.06099178269505501,0.16053089499473572,0.14979252219200134,-0.04580830782651901,-0.05341101437807083,0.04203229770064354,0.2296592742204666,0.19842784106731415,0.08034226298332214,0.12629853188991547,0.2635433077812195,0.15252642333507538,-0.030190329998731613,0.19745925068855286,0.03627036511898041,0.1739407330751419,0.05931095406413078,-0.08120806515216827,0.09896709769964218,-0.06064359471201897,-0.253754198551178,-0.15576471388339996,0.055142343044281006,0.08558764308691025,-0.06026585400104523,0.24013440310955048,-0.0287531316280365,-0.04086295887827873,0.22849899530410767,-0.11312264204025269,-0.005921746604144573
0.1031893864274025,0.6298912167549133,1.3282543420791626,-0.015317579127459367,0.019312151661658776,0.009634928312892718,-0.0064588895488788935,0.008314464403772584,0.006071301762324588,0.20350799560546876,-0.07016344070434566,-0.07216598987579337,0.8403018116950989,0.7277172207832336,1.2325743436813354,-0.043250423,-0.0048775747,0.033466566,227.0,1740111819.717971,0.04666121304035187,0.06099178269505501,0.16053089499473572,0.14979252219200134,-0.04580830782651901,-0.05341101437807083,0.04203229770064354,0.2296592742204666,0.19842784106731415,0.08034226298332214,0.12629853188991547,0.2635433077812195,0.15252642333507538,-0.030190329998731613,0.19745925068855286,0.03627036511898041,0.1739407330751419,0.05931095406413078,-0.08120806515216827,0.09896709769964218,-0.06064359471201897,-0.253754198551178,-0.15576471388339996,0.055142343044281006,0.08558764308691025,-0.06026585400104523,0.24013440310955048,-0.0287531316280365,-0.04086295887827873,0.22849899530410767,-0.11312264204025269,-0.005921746604144573
0.10305085778236389,0.6300628781318665,1.3291934728622437,-0.02030255333374898,0.009000574024427211,0.020965865970671006,-0.005351196861230678,0.006827360235030484,0.008419703416000172,0.20299765318632126,-0.06994665861129756,-0.07127478122711173,0.8403018116950989,0.7277172207832336,1.2325743436813354,-0.03659098,-0.005462751,0.034470234,228.0,1740111819.750695,0.04661692678928375,0.06137841194868088,0.16076502203941345,0.151000514626503,-0.04660613834857941,-0.054030757397413254,0.04225919395685196,0.23065133392810822,0.1991165429353714,0.0809093564748764,0.12688831984996796,0.26474499702453613,0.15277191996574402,-0.03125233203172684,0.19828516244888306,0.03577602654695511,0.17481543123722076,0.06032725051045418,-0.08198296278715134,0.09951930493116379,-0.061967987567186356,-0.25475189089775085,-0.1562047302722931,0.055774569511413574,0.08536157757043839,-0.0606749951839447,0.24122749269008636,-0.029512785375118256,-0.04184633120894432,0.22871658205986023,-0.11339442431926727,-0.005502703599631786
0.10290920734405518,0.6304993629455566,1.3301856517791748,-0.02030255333374898,0.009000574024427211,0.020965865970671006,-0.00496673713954442,0.0054394894302247036,0.007679876777848213,0.2030508577823639,-0.0699371218681335,-0.07080652713775626,0.8403018116950989,0.7277172207832336,1.2325743436813354,-0.0320703,-0.0064558163,0.03741544,229.0,1740111819.783745,0.04653856158256531,0.06131012737751007,0.16080372035503387,0.15184134244918823,-0.04731503129005432,-0.05378061532974243,0.042753931134939194,0.23146140575408936,0.19935795664787292,0.08105248212814331,0.1268431544303894,0.2656571567058563,0.1531199812889099,-0.03171251714229584,0.19854852557182312,0.035953983664512634,0.17527934908866882,0.06096476688981056,-0.08271625638008118,0.10020216554403305,-0.06228674575686455,-0.2547779679298401,-0.15662097930908203,0.056031323969364166,0.08548596501350403,-0.061107560992240906,0.24145375192165375,-0.02979869395494461,-0.04179350659251213,0.22924205660820007,-0.11399242281913757,-0.006165453232824802
0.10261350125074387,0.6306080222129822,1.3305562734603882,-0.02030255333374898,0.009000574024427211,0.020965865970671006,-0.005594993530744055,0.007336128186500529,0.007203849513186311,0.20261350125074387,-0.06939197778701778,-0.06944372653961173,0.8403018116950989,0.7277172207832336,1.2325743436813354,-0.033654854,-0.006465934,0.037197456,230.0,1740111819.8167224,0.046909675002098083,0.061500683426856995,0.16138732433319092,0.15243344008922577,-0.0477353110909462,-0.05398775264620781,0.042705826461315155,0.23229631781578064,0.2003145068883896,0.08106030523777008,0.12718415260314941,0.2665046453475952,0.15368297696113586,-0.032076701521873474,0.19946645200252533,0.0360570065677166,0.17626364529132843,0.06140835955739021,-0.08346599340438843,0.1003970131278038,-0.06296402961015701,-0.25547051429748535,-0.15728239715099335,0.056282490491867065,0.08612300455570221,-0.0614764466881752,0.24237936735153198,-0.029986098408699036,-0.042072150856256485,0.22963747382164001,-0.11471079289913177,-0.005789590068161488
0.10192800313234329,0.630911111831665,1.3315523862838745,-0.008977866693881799,0.007199502923625535,0.023729193431547942,-0.007320758889314753,0.010972337403047167,0.006700711280928562,0.20194554924964905,-0.06947363615036006,-0.06896951198577872,0.8403018116950989,0.7277172207832336,1.2325743436813354,-0.033654854,-0.006465934,0.037197456,231.0,1740111819.8500705,0.046909675002098083,0.061500683426856995,0.16138732433319092,0.15243344008922577,-0.0477353110909462,-0.05398775264620781,0.042705826461315155,0.23229631781578064,0.2003145068883896,0.08106030523777008,0.12718415260314941,0.2665046453475952,0.15368297696113586,-0.032076701521873474,0.19946645200252533,0.0360570065677166,0.17626364529132843,0.06140835955739021,-0.08346599340438843,0.1003970131278038,-0.06296402961015701,-0.25547051429748535,-0.15728239715099335,0.056282490491867065,0.08612300455570221,-0.0614764466881752,0.24237936735153198,-0.029986098408699036,-0.042072150856256485,0.22963747382164001,-0.11471079289913177,-0.005789590068161488
0.1011778861284256,0.6313081979751587,1.3322052955627441,-0.008977866693881799,0.007199502923625535,0.023729193431547942,-0.01157234893118388,0.013533186930241949,0.003448949258177498,0.20187694430351258,-0.06906504631042476,-0.06812825202941886,0.8403018116950989,0.7277172207832336,1.2325743436813354,-0.033654854,-0.006465934,0.037197456,232.0,1740111819.8839207,0.046909675002098083,0.061500683426856995,0.16138732433319092,0.15243344008922577,-0.0477353110909462,-0.05398775264620781,0.042705826461315155,0.23229631781578064,0.2003145068883896,0.08106030523777008,0.12718415260314941,0.2665046453475952,0.15368297696113586,-0.032076701521873474,0.19946645200252533,0.0360570065677166,0.17626364529132843,0.06140835955739021,-0.08346599340438843,0.1003970131278038,-0.06296402961015701,-0.25547051429748535,-0.15728239715099335,0.056282490491867065,0.08612300455570221,-0.0614764466881752,0.24237936735153198,-0.029986098408699036,-0.042072150856256485,0.22963747382164001,-0.11471079289913177,-0.005789590068161488
0.10099838674068451,0.6313267350196838,1.3324922323226929,-0.008977866693881799,0.007199502923625535,0.023729193431547942,-0.01167186734138851,0.015203724492873383,0.002936684942058384,0.20099838674068451,-0.06867326498031612,-0.06750776767730704,0.8403018116950989,0.7277172207832336,1.2325743436813354,-0.047129486,-0.0030553937,0.02568297,233.0,1740111819.9172661,0.04710664600133896,0.06169185787439346,0.1621069610118866,0.15233537554740906,-0.04722019284963608,-0.054870620369911194,0.04231581836938858,0.2321729212999344,0.20087164640426636,0.0811389684677124,0.12806068360805511,0.26626133918762207,0.15395201742649078,-0.031995583325624466,0.20007118582725525,0.035517752170562744,0.17655329406261444,0.06093442067503929,-0.08296762406826019,0.10002178698778152,-0.06329865753650665,-0.25700169801712036,-0.1573130488395691,0.05659042298793793,0.08597619831562042,-0.061232201755046844,0.24341271817684174,-0.030452996492385864,-0.04266194626688957,0.22940590977668762,-0.11417007446289062,-0.004778190515935421
0.10044695436954498,0.6307511329650879,1.3332431316375732,-0.008977866693881799,0.007199502923625535,0.023729193431547942,-0.009461899730754755,0.01779509911432547,0.0030027841021884887,0.20063783824443818,-0.06910605430603023,-0.06704499721527091,0.8403018116950989,0.7277172207832336,1.2325743436813354,-0.046679474,-0.0028554425,0.025355145,234.0,1740111819.9502118,0.04719529300928116,0.06161896511912346,0.16251084208488464,0.15298835933208466,-0.047764770686626434,-0.05472210422158241,0.04265439882874489,0.2329508364200592,0.20115362107753754,0.08120162785053253,0.1281767636537552,0.2670848071575165,0.154417023062706,-0.032111331820487976,0.2006119191646576,0.03580749034881592,0.1769404113292694,0.06127260997891426,-0.08354154229164124,0.10056965798139572,-0.063445083796978,-0.25733593106269836,-0.15773533284664154,0.05679793655872345,0.0861605629324913,-0.06162039935588837,0.24388614296913147,-0.03056015819311142,-0.0426485650241375,0.2301258146762848,-0.11466290056705475,-0.005266969092190266
0.10012591630220413,0.630550742149353,1.3339080810546875,-0.015010567014220887,-0.001914475210473025,0.01828724933492042,-0.008360823997094988,0.01924018404967931,0.001133537293109073,0.200277379155159,-0.0692994117736816,-0.06643667221069327,0.8403018116950989,0.7277172207832336,1.2325743436813354,-0.046679474,-0.0028554425,0.025355145,235.0,1740111819.9839656,0.04719529300928116,0.06161896511912346,0.16251084208488464,0.15298835933208466,-0.047764770686626434,-0.05472210422158241,0.04265439882874489,0.2329508364200592,0.20115362107753754,0.08120162785053253,0.1281767636537552,0.2670848071575165,0.154417023062706,-0.032111331820487976,0.2006119191646576,0.03580749034881592,0.1769404113292694,0.06127260997891426,-0.08354154229164124,0.10056965798139572,-0.063445083796978,-0.25733593106269836,-0.15773533284664154,0.05679793655872345,0.0861605629324913,-0.06162039935588837,0.24388614296913147,-0.03056015819311142,-0.0426485650241375,0.2301258146762848,-0.11466290056705475,-0.005266969092190266
0.1003078743815422,0.6300955414772034,1.3346080780029297,-0.015010567014220887,-0.001914475210473025,0.01828724933492042,-0.006992528232446604,0.01867343116358983,0.0025064085746580736,0.20034356266260148,-0.06970502138137813,-0.06575884819030753,0.8403018116950989,0.7277172207832336,1.2325743436813354,-0.05054232,-0.001767993,0.021629333,236.0,1740111820.0173688,0.0465022549033165,0.06129816174507141,0.16253292560577393,0.15370440483093262,-0.04812769591808319,-0.05416189879179001,0.04349925369024277,0.23342156410217285,0.20035558938980103,0.08148644864559174,0.1284898966550827,0.26758885383605957,0.15477019548416138,-0.03179355338215828,0.2001090794801712,0.03607134893536568,0.17620059847831726,0.06145825609564781,-0.08352877199649811,0.10159272700548172,-0.06255700439214706,-0.2574335038661957,-0.15789459645748138,0.057007260620594025,0.08512057363986969,-0.06188894808292389,0.24367676675319672,-0.030578382313251495,-0.04201589152216911,0.23101580142974854,-0.11445312201976776,-0.006958658806979656
0.10014371573925018,0.6295862197875977,1.3353523015975952,-0.015010567014220887,-0.001914475210473025,0.01828724933492042,-0.005961932712342445,0.01939162656507759,0.0021409001209116265,0.200173257291317,-0.07010365724563594,-0.06503906249999991,0.8403018116950989,0.7277172207832336,1.2325743436813354,-0.05194303,-0.0015359595,0.02072765,237.0,1740111820.051233,0.04659312963485718,0.06114993989467621,0.16212902963161469,0.1531960368156433,-0.04812660068273544,-0.053971000015735626,0.04347951337695122,0.2329736351966858,0.20029623806476593,0.08108368515968323,0.12788404524326324,0.2671416997909546,0.15458181500434875,-0.03175647556781769,0.19984331727027893,0.03632601350545883,0.17615097761154175,0.06142624840140343,-0.08352851867675781,0.10119754821062088,-0.06247471645474434,-0.2565965950489044,-0.15764912962913513,0.05675844848155975,0.08557317405939102,-0.06180483102798462,0.24314002692699432,-0.03034026175737381,-0.041664283722639084,0.23055821657180786,-0.11464864015579224,-0.006879313848912716
0.10018908232450485,0.6293841004371643,1.3363736867904663,-0.0007360328283932411,-0.01097409979290964,0.02342684860939419,-0.007584380816108012,0.018765173354429992,-0.0013917744274134503,0.20009626299142838,-0.07064385414123531,-0.06419482231140128,0.8403018116950989,0.7277172207832336,1.2325743436813354,-0.05130947,-0.0011831298,0.02007436,238.0,1740111820.0835435,0.046407945454120636,0.06096737086772919,0.16218098998069763,0.1534489095211029,-0.04833012819290161,-0.053716182708740234,0.04393768310546875,0.23309798538684845,0.20020072162151337,0.08107621967792511,0.12790678441524506,0.2674717605113983,0.15487268567085266,-0.03175428509712219,0.19980499148368835,0.0367475263774395,0.1759430170059204,0.06156874820590019,-0.0837244987487793,0.10166975110769272,-0.062251683324575424,-0.2565252184867859,-0.1578724980354309,0.05676700919866562,0.08561927080154419,-0.06199260056018829,0.24305468797683716,-0.03022751212120056,-0.04129069671034813,0.2309747338294983,-0.11483761668205261,-0.007443851791322231
0.10006645321846008,0.6283372640609741,1.336969017982483,-0.0007360328283932411,-0.01097409979290964,0.02342684860939419,-0.006483079597912614,0.02001547142413936,0.003432818914047752,0.20022658854722977,-0.07100142240524288,-0.0632511615753173,0.8403018116950989,0.7277172207832336,1.2325743436813354,-0.05130947,-0.0011831298,0.02007436,239.0,1740111820.1180415,0.046407945454120636,0.06096737086772919,0.16218098998069763,0.1534489095211029,-0.04833012819290161,-0.053716182708740234,0.04393768310546875,0.23309798538684845,0.20020072162151337,0.08107621967792511,0.12790678441524506,0.2674717605113983,0.15487268567085266,-0.03175428509712219,0.19980499148368835,0.0367475263774395,0.1759430170059204,0.06156874820590019,-0.0837244987487793,0.10166975110769272,-0.062251683324575424,-0.2565252184867859,-0.1578724980354309,0.05676700919866562,0.08561927080154419,-0.06199260056018829,0.24305468797683716,-0.03022751212120056,-0.04129069671034813,0.2309747338294983,-0.11483761668205261,-0.007443851791322231
0.10012252628803253,0.6274705529212952,1.3376455307006836,-0.0007360328283932411,-0.01097409979290964,0.02342684860939419,-0.00642460523575576,0.018410067583188774,0.005993988048740507,0.20009170323610306,-0.07204700708389278,-0.06266882419586173,0.8403018116950989,0.7277172207832336,1.2325743436813354,-0.046790525,-0.0009704307,0.019819088,240.0,1740111820.1501184,0.04725608229637146,0.0610809288918972,0.16236816346645355,0.1526883840560913,-0.04817889630794525,-0.053690407425165176,0.04351889714598656,0.23285770416259766,0.20134827494621277,0.08054080605506897,0.12727698683738708,0.2672329246997833,0.15485578775405884,-0.031797681003808975,0.20054906606674194,0.03729024529457092,0.17676480114459991,0.06140020862221718,-0.08400468528270721,0.10077119618654251,-0.06282801926136017,-0.25598955154418945,-0.15792271494865417,0.05639396607875824,0.08744727075099945,-0.061908140778541565,0.2429443597793579,-0.02989887446165085,-0.041299495846033096,0.23048743605613708,-0.11578628420829773,-0.006310163997113705
0.1001766100525856,0.6265102624893188,1.3382264375686646,-0.00012471748583853064,-0.028737173618660718,0.018526730369437926,-0.006043928100016985,0.017250894762741265,0.006677695832544715,0.20019763559103013,-0.07296605110168453,-0.06202402114868155,0.8403018116950989,0.7277172207832336,1.2325743436813354,-0.046790525,-0.0009704307,0.019819088,241.0,1740111820.1830773,0.04725608229637146,0.0610809288918972,0.16236816346645355,0.1526883840560913,-0.04817889630794525,-0.053690407425165176,0.04351889714598656,0.23285770416259766,0.20134827494621277,0.08054080605506897,0.12727698683738708,0.2672329246997833,0.15485578775405884,-0.031797681003808975,0.20054906606674194,0.03729024529457092,0.17676480114459991,0.06140020862221718,-0.08400468528270721,0.10077119618654251,-0.06282801926136017,-0.25598955154418945,-0.15792271494865417,0.05639396607875824,0.08744727075099945,-0.061908140778541565,0.2429443597793579,-0.02989887446165085,-0.041299495846033096,0.23048743605613708,-0.11578628420829773,-0.006310163997113705
0.10000377893447876,0.6256653070449829,1.338608980178833,-0.00012471748583853064,-0.028737173618660718,0.018526730369437926,-0.008612952364960432,0.018394555613143588,0.008024557313366983,0.1998777374625206,-0.07387210130691524,-0.06158461570739737,0.8403018116950989,0.7277172207832336,1.2325743436813354,-0.046790525,-0.0009704307,0.019819088,242.0,1740111820.2173967,0.04725608229637146,0.0610809288918972,0.16236816346645355,0.1526883840560913,-0.04817889630794525,-0.053690407425165176,0.04351889714598656,0.23285770416259766,0.20134827494621277,0.08054080605506897,0.12727698683738708,0.2672329246997833,0.15485578775405884,-0.031797681003808975,0.20054906606674194,0.03729024529457092,0.17676480114459991,0.06140020862221718,-0.08400468528270721,0.10077119618654251,-0.06282801926136017,-0.25598955154418945,-0.15792271494865417,0.05639396607875824,0.08744727075099945,-0.061908140778541565,0.2429443597793579,-0.02989887446165085,-0.041299495846033096,0.23048743605613708,-0.11578628420829773,-0.006310163997113705
0.10040222853422165,0.624330461025238,1.3386374711990356,-0.00012471748583853064,-0.028737173618660718,0.018526730369437926,-0.006369027117230792,0.014996948884970739,0.011943166783015501,0.20034729540348054,-0.07507700920104976,-0.06133534908294669,0.8403018116950989,0.7277172207832336,1.2325743436813354,-0.047283545,-0.0015909895,0.021893091,243.0,1740111820.2510858,0.04657270014286041,0.060837529599666595,0.16224759817123413,0.15333443880081177,-0.048774123191833496,-0.05315486341714859,0.044260185211896896,0.23328669369220734,0.2006136178970337,0.08065934479236603,0.1273663341999054,0.2676341235637665,0.15516971051692963,-0.03180377930402756,0.20005255937576294,0.03750740364193916,0.17625531554222107,0.061911340802907944,-0.0842909961938858,0.10161430388689041,-0.062318671494722366,-0.25568273663520813,-0.15813946723937988,0.056520529091358185,0.08674219250679016,-0.062323108315467834,0.2426900714635849,-0.029832325875759125,-0.04065219685435295,0.2311328649520874,-0.11583590507507324,-0.007714048959314823
0.10058531910181046,0.6231175065040588,1.3384324312210083,0.004085204850056241,-0.03391190684994185,0.0020589861399729283,-0.0067925488791762455,0.013980525875826436,0.013243393007687527,0.20041840374469758,-0.07630677223205562,-0.06142416000366202,0.8403018116950989,0.7277172207832336,1.2325743436813354,-0.04470832,-0.0024993643,0.025483549,244.0,1740111820.2843497,0.04681490361690521,0.061007510870695114,0.16211266815662384,0.1524231880903244,-0.04827035218477249,-0.053560372442007065,0.04375584051012993,0.23242080211639404,0.20102156698703766,0.08023592829704285,0.12681519985198975,0.2666565775871277,0.15469639003276825,-0.032063793390989304,0.20002210140228271,0.037283480167388916,0.17634214460849762,0.0614623986184597,-0.08392974734306335,0.10050908476114273,-0.06295152753591537,-0.2551805078983307,-0.15759488940238953,0.05610162764787674,0.08767242729663849,-0.06192251294851303,0.24246804416179657,-0.029786817729473114,-0.04106275364756584,0.23007681965827942,-0.11568403244018555,-0.006404983811080456
0.1005547046661377,0.6224542260169983,1.338178277015686,0.004085204850056241,-0.03391190684994185,0.0020589861399729283,-0.006411542839346567,0.012448998478660501,0.013306766755216045,0.2005547046661377,-0.07754577398300166,-0.061821722984313876,0.8403018116950989,0.7277172207832336,1.2325743436813354,-0.041545086,-0.0036945567,0.028562002,245.0,1740111820.3172631,0.04790651798248291,0.061171866953372955,0.16267991065979004,0.15057404339313507,-0.046763040125370026,-0.053441379219293594,0.04294104501605034,0.23153573274612427,0.20213797688484192,0.08023709058761597,0.12653371691703796,0.2656845450401306,0.15407314896583557,-0.03108016774058342,0.20055055618286133,0.037670452147722244,0.17646890878677368,0.06010765954852104,-0.08251936733722687,0.09897156804800034,-0.06237568333745003,-0.25520285964012146,-0.15695279836654663,0.05547696352005005,0.08904992043972015,-0.06116143614053726,0.2417171448469162,-0.029140785336494446,-0.04129626974463463,0.22970962524414062,-0.11617669463157654,-0.004737011156976223
0.1008354052901268,0.620816171169281,1.3370095491409302,0.004085204850056241,-0.03391190684994185,0.0020589861399729283,-0.007594757764086552,0.010130893885945963,0.009825184612174707,0.2009659916162491,-0.0785929679870605,-0.06243064403533927,0.8403018116950989,0.7277172207832336,1.2325743436813354,-0.041545086,-0.0036945567,0.028562002,246.0,1740111820.3543992,0.04790651798248291,0.061171866953372955,0.16267991065979004,0.15057404339313507,-0.046763040125370026,-0.053441379219293594,0.04294104501605034,0.23153573274612427,0.20213797688484192,0.08023709058761597,0.12653371691703796,0.2656845450401306,0.15407314896583557,-0.03108016774058342,0.20055055618286133,0.037670452147722244,0.17646890878677368,0.06010765954852104,-0.08251936733722687,0.09897156804800034,-0.06237568333745003,-0.25520285964012146,-0.15695279836654663,0.05547696352005005,0.08904992043972015,-0.06116143614053726,0.2417171448469162,-0.029140785336494446,-0.04129626974463463,0.22970962524414062,-0.11617669463157654,-0.004737011156976223
0.10070380568504333,0.619107723236084,1.335548758506775,0.004085204850056241,-0.03391190684994185,0.0020589861399729283,-0.006209741905895646,0.01048287743226506,0.013153561110018313,0.2008354052901268,-0.07918382883071895,-0.06299045085906974,0.8403018116950989,0.7277172207832336,1.2325743436813354,-0.039290972,-0.0032714084,0.027227312,247.0,1740111820.3825934,0.048695772886276245,0.06149721518158913,0.16356919705867767,0.1506837010383606,-0.04670168459415436,-0.053904153406620026,0.04240870475769043,0.2320864349603653,0.20335307717323303,0.08034329116344452,0.12700265645980835,0.26618701219558716,0.15425314009189606,-0.031057417392730713,0.2018194943666458,0.0376926027238369,0.17739275097846985,0.059873830527067184,-0.08269217610359192,0.0986773893237114,-0.06282369792461395,-0.2563471794128418,-0.15724113583564758,0.055506616830825806,0.08978253602981567,-0.06115224212408066,0.2426791787147522,-0.02913592755794525,-0.04197492077946663,0.23013409972190857,-0.11672961711883545,-0.003689282573759556
0.1006559282541275,0.6177593469619751,1.3339221477508545,-0.0014893046268790176,-0.03745317979950522,-0.030405063039612126,-0.0072644880017586275,0.011258912256059014,0.012419374870621995,0.20040662437677384,-0.08137632608413692,-0.06521573066711417,0.8403018116950989,0.7277172207832336,1.2325743436813354,-0.039290972,-0.0032714084,0.027227312,248.0,1740111820.4197934,0.048695772886276245,0.06149721518158913,0.16356919705867767,0.1506837010383606,-0.04670168459415436,-0.053904153406620026,0.04240870475769043,0.2320864349603653,0.20335307717323303,0.08034329116344452,0.12700265645980835,0.26618701219558716,0.15425314009189606,-0.031057417392730713,0.2018194943666458,0.0376926027238369,0.17739275097846985,0.059873830527067184,-0.08269217610359192,0.0986773893237114,-0.06282369792461395,-0.2563471794128418,-0.15724113583564758,0.055506616830825806,0.08978253602981567,-0.06115224212408066,0.2426791787147522,-0.02913592755794525,-0.04197492077946663,0.23013409972190857,-0.11672961711883545,-0.003689282573759556
0.1012137234210968,0.6164688467979431,1.3322068452835083,-0.0014893046268790176,-0.03745317979950522,-0.030405063039612126,-0.006934856399041065,0.010144022926747868,0.008268809063570455,0.20089705884456635,-0.08269841670989986,-0.06680192947387686,0.8403018116950989,0.7277172207832336,1.2325743436813354,-0.04846488,-7.2948635e-05,0.015000686,249.0,1740111820.4524746,0.04891282320022583,0.0612623356282711,0.16403986513614655,0.14964208006858826,-0.04624107480049133,-0.05484135448932648,0.04092061519622803,0.23213665187358856,0.20220479369163513,0.08008860051631927,0.12832169234752655,0.2647261917591095,0.1536192148923874,-0.029030978679656982,0.20120245218276978,0.0367547832429409,0.1761663556098938,0.05832812562584877,-0.08163560926914215,0.0975373163819313,-0.060823459178209305,-0.25783872604370117,-0.15638841688632965,0.05500014126300812,0.08796869963407516,-0.060467079281806946,0.24283595383167267,-0.027736622840166092,-0.04177217558026314,0.23029661178588867,-0.11535024642944336,-0.0029160212725400925
0.10083824396133423,0.6151984333992004,1.3298046588897705,-0.0014893046268790176,-0.03745317979950522,-0.030405063039612126,-0.0075152526339710484,0.008549384742803003,0.008660708479018026,0.2012137234210968,-0.08353115320205684,-0.06779315471649161,0.8403018116950989,0.7277172207832336,1.2325743436813354,-0.050975204,-0.00034741312,0.01599364,250.0,1740111820.4867728,0.04812421649694443,0.06134527921676636,0.16292023658752441,0.14888973534107208,-0.045316219329833984,-0.05454065278172493,0.040768761187791824,0.23050417006015778,0.20114049315452576,0.07996430993080139,0.12783785164356232,0.26324403285980225,0.15295705199241638,-0.028859321027994156,0.19961442053318024,0.03637247532606125,0.17512333393096924,0.057821597903966904,-0.08067665249109268,0.09713418036699295,-0.06035048887133598,-0.25649338960647583,-0.1558401733636856,0.05467691272497177,0.0873546153306961,-0.05985254794359207,0.24155932664871216,-0.02763957530260086,-0.041488584131002426,0.22890296578407288,-0.11405885219573975,-0.0032982928678393364
0.09983497858047485,0.6140543818473816,1.3283913135528564,-0.005713425735071595,-0.04566868341224774,-0.06389564711797605,-0.013451000652828365,-0.060322074077021864,0.13621156114473265,0.19983497858047486,-0.08594561815261836,-0.07160868644714347,0.8403018116950989,0.7277172207832336,1.2325743436813354,-0.054248177,-0.0011107326,0.016954638,251.0,1740111820.5169618,0.04731977730989456,0.06090351566672325,0.16163891553878784,0.14959019422531128,-0.04647466540336609,-0.05349508672952652,0.04156346619129181,0.23069524765014648,0.20001600682735443,0.07947398722171783,0.12662871181964874,0.2633855938911438,0.15304246544837952,-0.02928755059838295,0.19856099784374237,0.03691275045275688,0.17476730048656464,0.05866378918290138,-0.08171294629573822,0.09803464263677597,-0.06014230474829674,-0.25441625714302063,-0.15603792667388916,0.054808132350444794,0.0869198590517044,-0.060402125120162964,0.24060015380382538,-0.027766399085521698,-0.04040459915995598,0.22882381081581116,-0.11435224115848541,-0.005358423106372356
0.10015657544136047,0.6126307845115662,1.324194073677063,-0.005713425735071595,-0.04566868341224774,-0.06389564711797605,-0.011920087277004235,0.007994455469364267,0.004107018329496966,0.19961488842964173,-0.08733315467834468,-0.07502284049987784,0.8403018116950989,0.7277172207832336,1.2325743436813354,-0.054248177,-0.0011107326,0.016954638,252.0,1740111820.5542479,0.04731977730989456,0.06090351566672325,0.16163891553878784,0.14959019422531128,-0.04647466540336609,-0.05349508672952652,0.04156346619129181,0.23069524765014648,0.20001600682735443,0.07947398722171783,0.12662871181964874,0.2633855938911438,0.15304246544837952,-0.02928755059838295,0.19856099784374237,0.03691275045275688,0.17476730048656464,0.05866378918290138,-0.08171294629573822,0.09803464263677597,-0.06014230474829674,-0.25441625714302063,-0.15603792667388916,0.054808132350444794,0.0869198590517044,-0.060402125120162964,0.24060015380382538,-0.027766399085521698,-0.04040459915995598,0.22882381081581116,-0.11435224115848541,-0.005358423106372356
0.10001690685749054,0.6112055778503418,1.320723056793213,-0.005713425735071595,-0.04566868341224774,-0.06389564711797605,-0.011893566037809764,0.008051646662267029,0.006155310019705247,0.20015657544136048,-0.0873692154884338,-0.07580592632293692,0.8403018116950989,0.7277172207832336,1.2325743436813354,-0.04589565,-0.0045764223,0.028064743,253.0,1740111820.5843523,0.046960942447185516,0.060548894107341766,0.16249017417430878,0.15127138793468475,-0.04761611670255661,-0.05242318660020828,0.04270581156015396,0.232655331492424,0.19954827427864075,0.07996200025081635,0.12722373008728027,0.2651810348033905,0.15394942462444305,-0.02881898730993271,0.19890287518501282,0.03743259981274605,0.17478592693805695,0.05949829891324043,-0.08239977061748505,0.09992336481809616,-0.0589926652610302,-0.2552332282066345,-0.1569276601076126,0.05534977465867996,0.08578627556562424,-0.06140344589948654,0.2410946786403656,-0.027689967304468155,-0.039580557495355606,0.23119381070137024,-0.11519438028335571,-0.007917684502899647
0.10053177922964096,0.6094065308570862,1.3171674013137817,0.005813006694936829,-0.03877434522483531,-0.09363463864048627,-0.006469005935808287,0.004736258538276044,0.007678545092856489,0.1994226485490799,-0.09019340276718135,-0.08172121047973624,0.8403018116950989,0.7277172207832336,1.2325743436813354,-0.04569996,-0.003238134,0.02656743,254.0,1740111820.6196604,0.04782078415155411,0.060764748603105545,0.1632392853498459,0.15297341346740723,-0.048944875597953796,-0.05173446983098984,0.04275904595851898,0.23497243225574493,0.20066645741462708,0.0800522118806839,0.12696616351604462,0.26744556427001953,0.15510544180870056,-0.02916085347533226,0.20079827308654785,0.03813135251402855,0.17681777477264404,0.0606108121573925,-0.08438931405544281,0.10131549090147018,-0.059732433408498764,-0.2555868923664093,-0.15855473279953003,0.05596913397312164,0.08663910627365112,-0.06256286799907684,0.24263618886470795,-0.028015468269586563,-0.039754319936037064,0.2329440712928772,-0.11698076128959656,-0.00883422140032053
0.09976474195718765,0.6083492040634155,1.3129817247390747,0.005813006694936829,-0.03877434522483531,-0.09363463864048627,-0.009694785959055235,0.0028238713407502114,0.007391388949280586,0.1998154878616333,-0.09093172550201412,-0.08498623371124259,0.8403018116950989,0.7277172207832336,1.2325743436813354,-0.039555747,-0.0025167689,0.023789361,255.0,1740111820.6513743,0.0468023419380188,0.060735855251550674,0.16092978417873383,0.14998352527618408,-0.04688147455453873,-0.052255112677812576,0.041708316653966904,0.23114512860774994,0.19808825850486755,0.07954651117324829,0.12567313015460968,0.26336950063705444,0.1529683619737625,-0.02875402197241783,0.1977771818637848,0.03690234571695328,0.17415566742420197,0.05901416763663292,-0.08190804719924927,0.09906025975942612,-0.05932769551873207,-0.25305354595184326,-0.15608248114585876,0.055041588842868805,0.08550604432821274,-0.060909196734428406,0.24014557898044586,-0.02778523787856102,-0.0398750863969326,0.22966241836547852,-0.11397388577461243,-0.007304373197257519
0.10005602240562439,0.606715202331543,1.308797836303711,0.005813006694936829,-0.03877434522483531,-0.09363463864048627,-0.006348131984297596,0.0006010741899631333,0.007599154284937005,0.19976474195718766,-0.09165079593658443,-0.0870182752609252,0.8403018116950989,0.7277172207832336,1.2325743436813354,-0.044095248,-0.0026993975,0.02494283,256.0,1740111820.6845856,0.045113056898117065,0.060490190982818604,0.159088596701622,0.14909349381923676,-0.0460774227976799,-0.05152403563261032,0.041823141276836395,0.22951871156692505,0.19488008320331573,0.07952632009983063,0.1248825341463089,0.2611396610736847,0.15165846049785614,-0.027946174144744873,0.19451360404491425,0.036142781376838684,0.17138414084911346,0.05829377844929695,-0.08048870414495468,0.0988195613026619,-0.05755671486258507,-0.25084057450294495,-0.15449663996696472,0.05446460843086243,0.08308744430541992,-0.06021248549222946,0.2377801537513733,-0.027150161564350128,-0.039068061858415604,0.22841426730155945,-0.11180222034454346,-0.00886549148708582
0.09923046827316284,0.6058153510093689,1.3040109872817993,-0.013012439444799405,-0.035909949171776506,-0.13155736532428025,-0.009960627580346635,-0.0005271738504133834,0.006453836955326267,0.19990596026182175,-0.09394438266754146,-0.09351375102996817,0.8403018116950989,0.7277172207832336,1.2325743436813354,-0.044095248,-0.0026993975,0.02494283,257.0,1740111820.723073,0.045113056898117065,0.060490190982818604,0.159088596701622,0.14909349381923676,-0.0460774227976799,-0.05152403563261032,0.041823141276836395,0.22951871156692505,0.19488008320331573,0.07952632009983063,0.1248825341463089,0.2611396610736847,0.15165846049785614,-0.027946174144744873,0.19451360404491425,0.036142781376838684,0.17138414084911346,0.05829377844929695,-0.08048870414495468,0.0988195613026619,-0.05755671486258507,-0.25084057450294495,-0.15449663996696472,0.05446460843086243,0.08308744430541992,-0.06021248549222946,0.2377801537513733,-0.027150161564350128,-0.039068061858415604,0.22841426730155945,-0.11180222034454346,-0.00886549148708582
0.09912091493606567,0.6045894026756287,1.2991600036621094,-0.013012439444799405,-0.035909949171776506,-0.13155736532428025,-0.010465479622873617,-0.0019369904935316311,0.006946708395671915,0.19919928014278412,-0.0948128223419189,-0.09835960865020743,0.8403018116950989,0.7277172207832336,1.2325743436813354,-0.04354588,-0.0050299913,0.033844367,258.0,1740111820.7593124,0.04429013282060623,0.06042306125164032,0.15771323442459106,0.14946486055850983,-0.0467819944024086,-0.05170418322086334,0.041350867599248886,0.22926512360572815,0.1934865266084671,0.0784590095281601,0.12393206357955933,0.25997379422187805,0.15110565721988678,-0.02859240025281906,0.19314727187156677,0.035294387489557266,0.17101486027240753,0.058734435588121414,-0.08173459768295288,0.09841496497392654,-0.05798180028796196,-0.24922002851963043,-0.15420518815517426,0.05421542376279831,0.08254789561033249,-0.06034652888774872,0.23747499287128448,-0.0270816870033741,-0.038782019168138504,0.22684141993522644,-0.11092430353164673,-0.009440106339752674
0.09874166548252106,0.6034422516822815,1.293939471244812,-0.013012439444799405,-0.035909949171776506,-0.13155736532428025,-0.008992669283905626,-0.00311266335300662,0.0063010278181471376,0.19912091493606568,-0.0954105973243713,-0.10083999633789054,0.8403018116950989,0.7277172207832336,1.2325743436813354,-0.047871716,-0.012022696,0.045404762,259.0,1740111820.7920017,0.04273465275764465,0.06074259802699089,0.15815170109272003,0.1533559411764145,-0.048270389437675476,-0.052070531994104385,0.040786076337099075,0.23313532769680023,0.19161584973335266,0.07934136688709259,0.1265634000301361,0.26174256205558777,0.15154923498630524,-0.028225939720869064,0.1926034390926361,0.03280739113688469,0.17132773995399475,0.059431906789541245,-0.08353239297866821,0.09971419721841812,-0.056462470442056656,-0.25283002853393555,-0.15510480105876923,0.055562809109687805,0.07842188328504562,-0.06158732622861862,0.23942027986049652,-0.027708586305379868,-0.039604317396879196,0.22779136896133423,-0.1098807156085968,-0.01251163613051176
0.09838148951530457,0.6024670600891113,1.288514494895935,-0.008486072914631066,-0.033468258923677476,-0.15489711973385065,-0.01009399793793409,-0.0011349349381768467,0.004958376512667273,0.19896111488342286,-0.09731317758560176,-0.10872020721435538,0.8403018116950989,0.7277172207832336,1.2325743436813354,-0.044062465,-0.018552776,0.060846344,260.0,1740111820.8202696,0.04061843454837799,0.060457319021224976,0.15749895572662354,0.15480604767799377,-0.049225106835365295,-0.050890445709228516,0.041799772530794144,0.23402495682239532,0.18862766027450562,0.07947397232055664,0.1267896145582199,0.2615106403827667,0.15107624232769012,-0.0274900421500206,0.19044512510299683,0.0323127843439579,0.16908372938632965,0.05971195921301842,-0.08365429937839508,0.10092759877443314,-0.05461471900343895,-0.25196439027786255,-0.15437567234039307,0.055634818971157074,0.07531106472015381,-0.06211491674184799,0.2382323145866394,-0.02733299508690834,-0.03877938166260719,0.228633850812912,-0.10869324207305908,-0.015752427279949188
0.09845282137393951,0.6011623740196228,1.2830538749694824,-0.008486072914631066,-0.033468258923677476,-0.15489711973385065,-0.006068327701528039,-0.0006174042454945096,0.004395675224257735,0.1982823595404625,-0.09803838729858394,-0.114178442955017,0.8403018116950989,0.7277172207832336,1.2325743436813354,-0.050750572,-0.017923072,0.05511926,261.0,1740111820.8509686,0.0376681312918663,0.06052675098180771,0.15497642755508423,0.1559697389602661,-0.04981611669063568,-0.05144508183002472,0.04159747064113617,0.23317228257656097,0.1850433051586151,0.07867482304573059,0.12676790356636047,0.2593386173248291,0.1503356248140335,-0.02856994792819023,0.18670621514320374,0.0299379825592041,0.1671743243932724,0.06051463261246681,-0.08477850258350372,0.10086942464113235,-0.05465184524655342,-0.25040534138679504,-0.15377283096313477,0.055703990161418915,0.0721912607550621,-0.06205156445503235,0.2376319169998169,-0.027631312608718872,-0.038573991507291794,0.2256380319595337,-0.10570167005062103,-0.01771976426243782
0.09852200001478195,0.6000498533248901,1.2761118412017822,-0.008486072914631066,-0.033468258923677476,-0.15489711973385065,-0.0024005857390373355,0.00521120798993735,0.021229182349657993,0.19845282137393952,-0.09883762598037715,-0.11694612503051749,0.8403018116950989,0.7277172207832336,1.2325743436813354,-0.050750572,-0.017923072,0.05511926,262.0,1740111820.884365,0.0376681312918663,0.06052675098180771,0.15497642755508423,0.1559697389602661,-0.04981611669063568,-0.05144508183002472,0.04159747064113617,0.23317228257656097,0.1850433051586151,0.07867482304573059,0.12676790356636047,0.2593386173248291,0.1503356248140335,-0.02856994792819023,0.18670621514320374,0.0299379825592041,0.1671743243932724,0.06051463261246681,-0.08477850258350372,0.10086942464113235,-0.05465184524655342,-0.25040534138679504,-0.15377283096313477,0.055703990161418915,0.0721912607550621,-0.06205156445503235,0.2376319169998169,-0.027631312608718872,-0.038573991507291794,0.2256380319595337,-0.10570167005062103,-0.01771976426243782
0.09794303774833679,0.5998230576515198,1.2751315832138062,-0.008486072914631066,-0.033468258923677476,-0.15489711973385065,-0.004217027959794718,-0.002417870773508314,-0.0023256774351240314,0.1979430377483368,-0.10017694234848018,-0.12486841678619376,0.8403018116950989,0.7277172207832336,1.2325743436813354,-0.04166511,-0.02032829,0.06390712,263.0,1740111820.9176495,0.036196738481521606,0.060907039791345596,0.1530809849500656,0.15585148334503174,-0.04925242066383362,-0.05278129503130913,0.04061149060726166,0.2316521257162094,0.18299858272075653,0.07856354117393494,0.12687960267066956,0.25721779465675354,0.14899842441082,-0.029666420072317123,0.1844012439250946,0.027450736612081528,0.16627925634384155,0.060611601918935776,-0.0844963788986206,0.09976591914892197,-0.05525282397866249,-0.25009435415267944,-0.15264573693275452,0.055789947509765625,0.07019156217575073,-0.0614563524723053,0.2373104989528656,-0.028339482843875885,-0.03951073810458183,0.22263941168785095,-0.1031491607427597,-0.017226174473762512
0.09437775611877441,0.5978764891624451,1.2661430835723877,-0.022065261053750777,-0.03326912578401947,-0.16702743680761337,-0.003537039492230652,-0.0032070125282887565,0.006404388303862525,0.19447943419218064,-0.10162998437881465,-0.1314363718032836,0.8403018116950989,0.7277172207832336,1.2325743436813354,-0.04157342,-0.020572394,0.0693992,264.0,1740111820.9596083,0.033502645790576935,0.06101560592651367,0.15015657246112823,0.15444809198379517,-0.04801966995000839,-0.05290082469582558,0.0395597405731678,0.22893933951854706,0.17861780524253845,0.07780654728412628,0.12615710496902466,0.25312086939811707,0.14662452042102814,-0.029296867549419403,0.17973148822784424,0.025127723813056946,0.16284529864788055,0.05972258374094963,-0.08343330025672913,0.09825415164232254,-0.05368566885590553,-0.24701417982578278,-0.15043319761753082,0.054836370050907135,0.06731915473937988,-0.060471802949905396,0.23459599912166595,-0.027462188154459,-0.03916248306632042,0.21956771612167358,-0.09956274926662445,-0.018034305423498154
0.0941234603524208,0.5974055528640747,1.2615716457366943,-0.022065261053750777,-0.03326912578401947,-0.16702743680761337,-0.0019337563053785103,-0.005704617319923581,0.006518199120536405,0.19437775611877442,-0.10212351083755489,-0.13385691642761222,0.8403018116950989,0.7277172207832336,1.2325743436813354,-0.04113636,-0.023228005,0.075566486,265.0,1740111820.9942224,0.033261723816394806,0.060986511409282684,0.14959096908569336,0.15460297465324402,-0.04828803241252899,-0.052234895527362823,0.039518970996141434,0.2293979674577713,0.1775348037481308,0.07818964123725891,0.12592004239559174,0.2530747056007385,0.14571402966976166,-0.028318967670202255,0.17887072265148163,0.0247343759983778,0.16230535507202148,0.05961794778704643,-0.08298541605472565,0.09828738123178482,-0.05211399868130684,-0.24664932489395142,-0.14986415207386017,0.054799146950244904,0.06606929749250412,-0.06049823760986328,0.23353250324726105,-0.02680843323469162,-0.038993123918771744,0.21993747353553772,-0.09937582910060883,-0.0193268284201622
0.0940571129322052,0.5972296595573425,1.259499430656433,-0.022065261053750777,-0.03326912578401947,-0.16702743680761337,-0.002823054318007242,-0.006753591858046387,0.0046180823663368375,0.1940571129322052,-0.10277034044265743,-0.1405005693435668,0.8403018116950989,0.7277172207832336,1.2325743436813354,-0.0490521,-0.02496532,0.07310105,266.0,1740111821.0263455,0.030252987518906593,0.06028136610984802,0.146828293800354,0.1547858566045761,-0.04838313162326813,-0.051496900618076324,0.04081776738166809,0.22739724814891815,0.1733187735080719,0.07805530726909637,0.12513305246829987,0.2511768043041229,0.14463414251804352,-0.02863871306180954,0.1748003512620926,0.023864690214395523,0.15877075493335724,0.05955826863646507,-0.08222559094429016,0.09915567189455032,-0.0509984977543354,-0.24367260932922363,-0.14841033518314362,0.05467817187309265,0.0628737136721611,-0.06001344323158264,0.231083482503891,-0.026991281658411026,-0.03802279010415077,0.21855470538139343,-0.096422478556633,-0.022072456777095795
0.09681764245033264,0.5981367826461792,1.2569808959960938,-0.012428717638865687,-0.015047263039370318,-0.12728260845983455,-0.008626091476748473,-0.003996580325388701,-0.003295234190909177,0.194808891415596,-0.10251380205154415,-0.1421776056289672,0.8403018116950989,0.7277172207832336,1.2325743436813354,-0.0490521,-0.02496532,0.07310105,267.0,1740111821.0520244,0.030252987518906593,0.06028136610984802,0.146828293800354,0.1547858566045761,-0.04838313162326813,-0.051496900618076324,0.04081776738166809,0.22739724814891815,0.1733187735080719,0.07805530726909637,0.12513305246829987,0.2511768043041229,0.14463414251804352,-0.02863871306180954,0.1748003512620926,0.023864690214395523,0.15877075493335724,0.05955826863646507,-0.08222559094429016,0.09915567189455032,-0.0509984977543354,-0.24367260932922363,-0.14841033518314362,0.05467817187309265,0.0628737136721611,-0.06001344323158264,0.231083482503891,-0.026991281658411026,-0.03802279010415077,0.21855470538139343,-0.096422478556633,-0.022072456777095795
0.09565720707178116,0.5968255996704102,1.2516655921936035,-0.012428717638865687,-0.015047263039370318,-0.12728260845983455,0.011792191512332373,-0.012159232785608322,0.0033759739576038083,0.19596830606460572,-0.10254116058349605,-0.14526655673980704,0.8403018116950989,0.7277172207832336,1.2325743436813354,-0.051195763,-0.02575069,0.071485385,268.0,1740111821.0840094,0.027801861986517906,0.059738531708717346,0.14304913580417633,0.15411438047885895,-0.04843024164438248,-0.050730831921100616,0.04150300472974777,0.22477540373802185,0.16960886120796204,0.0773872435092926,0.1232549250125885,0.24848735332489014,0.14298442006111145,-0.0293191559612751,0.17060528695583344,0.023221028968691826,0.15595191717147827,0.059998441487550735,-0.08215157687664032,0.09899025410413742,-0.0507027693092823,-0.2389063686132431,-0.14710211753845215,0.054157719016075134,0.060941532254219055,-0.05931144952774048,0.22796630859375,-0.026782125234603882,-0.03683969005942345,0.21543410420417786,-0.09380403161048889,-0.023773130029439926
0.09724436700344086,0.5976231098175049,1.2505179643630981,-0.012428717638865687,-0.015047263039370318,-0.12728260845983455,-0.004995997898440628,-0.002497525874983928,-0.0025263385176441657,0.19690598398447037,-0.1019832611083984,-0.14862015247344962,0.8403018116950989,0.7277172207832336,1.2325743436813354,-0.055408407,-0.020726793,0.05770111,269.0,1740111821.1184266,0.02541896142065525,0.05883321911096573,0.1440746784210205,0.16132959723472595,-0.053129903972148895,-0.04797077924013138,0.04519318789243698,0.23143716156482697,0.16692274808883667,0.07927291095256805,0.12520679831504822,0.2548748850822449,0.14599648118019104,-0.029601868242025375,0.1708238571882248,0.02380516566336155,0.15615740418434143,0.06406059861183167,-0.08624003827571869,0.10611648112535477,-0.0489058755338192,-0.2406998574733734,-0.15061432123184204,0.056777410209178925,0.056226711720228195,-0.06278553605079651,0.23011644184589386,-0.02812676876783371,-0.03506370261311531,0.22182589769363403,-0.09548898041248322,-0.03244295343756676
0.09620372205972672,0.597570538520813,1.2481558322906494,0.025684073085286013,0.0028120259208893696,-0.0847323008480732,0.004497388609971869,-0.0017399196883927457,0.005270516804648872,0.197380131483078,-0.10223228931426998,-0.15066018104553214,0.8403018116950989,0.7277172207832336,1.2325743436813354,-0.063579515,-0.017315373,0.048987884,270.0,1740111821.1517327,0.02388991229236126,0.05893297493457794,0.1393594741821289,0.15694044530391693,-0.050728052854537964,-0.04914716258645058,0.04276231303811073,0.22545143961906433,0.16294990479946136,0.07698558270931244,0.12162712216377258,0.2476700246334076,0.1425229012966156,-0.03029298409819603,0.16570857167243958,0.021361922845244408,0.1531831920146942,0.062245044857263565,-0.08431641757488251,0.10169241577386856,-0.049799516797065735,-0.23500806093215942,-0.1471385806798935,0.054957784712314606,0.05570735037326813,-0.06046510487794876,0.22640599310398102,-0.02767026424407959,-0.03531497344374657,0.21446222066879272,-0.09113769233226776,-0.029635418206453323
0.09750358760356903,0.5981509685516357,1.2472349405288696,0.025684073085286013,0.0028120259208893696,-0.0847323008480732,-0.004876182750370855,-0.0016189570635988877,0.0045809721001031705,0.19620372205972672,-0.10242946147918697,-0.1518441677093505,0.8403018116950989,0.7277172207832336,1.2325743436813354,-0.06622513,-0.01823878,0.05104875,271.0,1740111821.1836307,0.023272564634680748,0.05906718969345093,0.13853895664215088,0.15690191090106964,-0.05046605318784714,-0.04925016686320305,0.04227611795067787,0.22498585283756256,0.16159383952617645,0.07707373797893524,0.12170901894569397,0.24676230549812317,0.14153757691383362,-0.029963620007038116,0.1644567996263504,0.02053416520357132,0.1522579938173294,0.06181949004530907,-0.08380033075809479,0.10138537734746933,-0.048974961042404175,-0.23479512333869934,-0.14638914167881012,0.054687537252902985,0.054290950298309326,-0.060164980590343475,0.22565385699272156,-0.027366511523723602,-0.035476651042699814,0.21370989084243774,-0.08995163440704346,-0.030075930058956146
0.09739872813224792,0.5984315276145935,1.2463322877883911,0.025684073085286013,0.0028120259208893696,-0.0847323008480732,-0.0044976499511083035,-0.00275151870265813,0.006052728212616183,0.19693223237991334,-0.1020559191703796,-0.15353074073791495,0.8403018116950989,0.7277172207832336,1.2325743436813354,-0.06622513,-0.01823878,0.05104875,272.0,1740111821.2187927,0.023272564634680748,0.05906718969345093,0.13853895664215088,0.15690191090106964,-0.05046605318784714,-0.04925016686320305,0.04227611795067787,0.22498585283756256,0.16159383952617645,0.07707373797893524,0.12170901894569397,0.24676230549812317,0.14153757691383362,-0.029963620007038116,0.1644567996263504,0.02053416520357132,0.1522579938173294,0.06181949004530907,-0.08380033075809479,0.10138537734746933,-0.048974961042404175,-0.23479512333869934,-0.14638914167881012,0.054687537252902985,0.054290950298309326,-0.060164980590343475,0.22565385699272156,-0.027366511523723602,-0.035476651042699814,0.21370989084243774,-0.08995163440704346,-0.030075930058956146
0.09745035320520401,0.5993241667747498,1.2439944744110107,-0.0017041364119629839,0.012922711647842401,-0.035516598568751875,-0.008512051921812029,0.003942473284151454,0.02654967917901394,0.19720969200134278,-0.1009398221969604,-0.15421237945556632,0.8403018116950989,0.7277172207832336,1.2325743436813354,-0.060780495,-0.022818446,0.061700642,273.0,1740111821.2512095,0.023191435262560844,0.05957178771495819,0.13774164021015167,0.1561417132616043,-0.04970802366733551,-0.05016333982348442,0.04055289179086685,0.22439153492450714,0.1609467715024948,0.07676862180233002,0.12170740962028503,0.24497035145759583,0.140227809548378,-0.029939968138933182,0.16354720294475555,0.018669530749320984,0.15219636261463165,0.0610932894051075,-0.08344368636608124,0.09935351461172104,-0.04905430227518082,-0.23491108417510986,-0.14546938240528107,0.05446036905050278,0.0537274144589901,-0.0595150887966156,0.22534336149692535,-0.027497418224811554,-0.03655442222952843,0.21143466234207153,-0.08873333036899567,-0.02861207351088524
0.09732091426849365,0.5998901724815369,1.2447493076324463,-0.0017041364119629839,0.012922711647842401,-0.035516598568751875,-0.010270052265237575,-0.0013385707345043801,0.007217791044456017,0.19745035320520402,-0.1006758332252502,-0.15600552558898917,0.8403018116950989,0.7277172207832336,1.2325743436813354,-0.055968955,-0.027328987,0.09070945,274.0,1740111821.283233,0.020932426676154137,0.060044750571250916,0.13588985800743103,0.15553882718086243,-0.048280373215675354,-0.05150045081973076,0.03940807282924652,0.22209013998508453,0.15756680071353912,0.07675579190254211,0.12218064069747925,0.24157273769378662,0.1382758468389511,-0.030513696372509003,0.160116046667099,0.015478722751140594,0.14958781003952026,0.06015269085764885,-0.08214175701141357,0.09762238711118698,-0.04900842532515526,-0.23456971347332,-0.1435350775718689,0.05401291698217392,0.05078951269388199,-0.05840437859296799,0.22444187104701996,-0.027971532195806503,-0.037724245339632034,0.2079887092113495,-0.08468413352966309,-0.028017979115247726
0.09769906103610992,0.6002472043037415,1.2441617250442505,-0.0017041364119629839,0.012922711647842401,-0.035516598568751875,-0.0066736911176113545,-0.000703120373360791,0.0098958879718087,0.1973263531923294,-0.09983844757080074,-0.15557112693786612,0.8403018116950989,0.7277172207832336,1.2325743436813354,-0.0583817,-0.028523386,0.091891594,275.0,1740111821.3181813,0.018603743985295296,0.059322550892829895,0.13238108158111572,0.15421457588672638,-0.04829249531030655,-0.05125992000102997,0.039634473621845245,0.21916382014751434,0.15394210815429688,0.07488058507442474,0.119469553232193,0.23794889450073242,0.13689114153385162,-0.03130188211798668,0.15583282709121704,0.014654001221060753,0.1469632089138031,0.060100581496953964,-0.08203775435686111,0.0965607538819313,-0.04903768375515938,-0.23000340163707733,-0.14178554713726044,0.05320063978433609,0.04956736043095589,-0.05786258727312088,0.2216060608625412,-0.028096750378608704,-0.03652044013142586,0.20421022176742554,-0.08227536082267761,-0.029263857752084732
0.09755609929561615,0.6008912324905396,1.2436678409576416,0.004119647973607555,0.014835023384201718,-0.019174568667553408,-0.006489951079931382,-0.0005667564706201582,0.010521619396974475,0.19762173891067505,-0.09945602416992183,-0.1561302185058593,0.8403018116950989,0.7277172207832336,1.2325743436813354,-0.0583817,-0.028523386,0.091891594,276.0,1740111821.3512716,0.018603743985295296,0.059322550892829895,0.13238108158111572,0.15421457588672638,-0.04829249531030655,-0.05125992000102997,0.039634473621845245,0.21916382014751434,0.15394210815429688,0.07488058507442474,0.119469553232193,0.23794889450073242,0.13689114153385162,-0.03130188211798668,0.15583282709121704,0.014654001221060753,0.1469632089138031,0.060100581496953964,-0.08203775435686111,0.0965607538819313,-0.04903768375515938,-0.23000340163707733,-0.14178554713726044,0.05320063978433609,0.04956736043095589,-0.05786258727312088,0.2216060608625412,-0.028096750378608704,-0.03652044013142586,0.20421022176742554,-0.08227536082267761,-0.029263857752084732
0.0968867689371109,0.6012840270996094,1.243053674697876,0.004119647973607555,0.014835023384201718,-0.019174568667553408,0.0031920245566867487,-0.08535198513134545,-0.04428722933374785,0.19755609929561616,-0.0991087675094604,-0.1563321590423583,0.8403018116950989,0.7277172207832336,1.2325743436813354,-0.060595322,-0.029195085,0.08845102,277.0,1740111821.383868,0.016985131427645683,0.05896918475627899,0.13141871988773346,0.15487675368785858,-0.04866386950016022,-0.051119521260261536,0.04028921574354172,0.2188555747270584,0.15184664726257324,0.07477554678916931,0.1195836067199707,0.23736238479614258,0.1369231641292572,-0.03141067922115326,0.1539742648601532,0.014133879914879799,0.1453796923160553,0.06034370884299278,-0.08209116011857986,0.09729770570993423,-0.04843701049685478,-0.22936424612998962,-0.14148832857608795,0.05334463715553284,0.0476527139544487,-0.05796948820352554,0.22105327248573303,-0.028346069157123566,-0.03588848188519478,0.20388516783714294,-0.0808839201927185,-0.031087685376405716
0.09723448753356934,0.6023495197296143,1.2429708242416382,0.004119647973607555,0.014835023384201718,-0.019174568667553408,-0.0067075218589197835,0.004480159683915102,0.01244691837632973,0.1975095182657242,-0.09816266298294063,-0.15686192512512198,0.8403018116950989,0.7277172207832336,1.2325743436813354,-0.060595322,-0.029195085,0.08845102,278.0,1740111821.4179544,0.016985131427645683,0.05896918475627899,0.13141871988773346,0.15487675368785858,-0.04866386950016022,-0.051119521260261536,0.04028921574354172,0.2188555747270584,0.15184664726257324,0.07477554678916931,0.1195836067199707,0.23736238479614258,0.1369231641292572,-0.03141067922115326,0.1539742648601532,0.014133879914879799,0.1453796923160553,0.06034370884299278,-0.08209116011857986,0.09729770570993423,-0.04843701049685478,-0.22936424612998962,-0.14148832857608795,0.05334463715553284,0.0476527139544487,-0.05796948820352554,0.22105327248573303,-0.028346069157123566,-0.03588848188519478,0.20388516783714294,-0.0808839201927185,-0.031087685376405716
0.09448432177305222,0.6022037863731384,1.2422281503677368,-0.026168720406949807,0.013844227950753983,-0.013692596194192056,0.009460612119409165,-0.03665518692875013,-0.013394637553521304,0.19721551835536957,-0.09727908372879024,-0.1568492889404296,0.8403018116950989,0.7277172207832336,1.2325743436813354,-0.0641847,-0.029076919,0.09215713,279.0,1740111821.450744,0.016609875485301018,0.058999039232730865,0.13151200115680695,0.1567332148551941,-0.05106819421052933,-0.05051378533244133,0.040595121681690216,0.2212241291999817,0.1517130434513092,0.07389789819717407,0.11927179992198944,0.23858070373535156,0.13737884163856506,-0.0318446010351181,0.15421605110168457,0.01431511901319027,0.14607232809066772,0.061896611005067825,-0.08471035957336426,0.09817370027303696,-0.04809047654271126,-0.22864387929439545,-0.14254264533519745,0.05314875394105911,0.04757767915725708,-0.05934606492519379,0.22154612839221954,-0.02719355747103691,-0.034814704209566116,0.20495793223381042,-0.08239878714084625,-0.03303535655140877
0.09672024101018906,0.6040223836898804,1.2437584400177002,-0.026168720406949807,0.013844227950753983,-0.013692596194192056,-0.008672574561581383,0.008073944167614113,0.005272040199635113,0.19448432177305222,-0.09779621362686153,-0.1577718496322631,0.8403018116950989,0.7277172207832336,1.2325743436813354,-0.0641847,-0.029076919,0.09215713,280.0,1740111821.4843388,0.016609875485301018,0.058999039232730865,0.13151200115680695,0.1567332148551941,-0.05106819421052933,-0.05051378533244133,0.040595121681690216,0.2212241291999817,0.1517130434513092,0.07389789819717407,0.11927179992198944,0.23858070373535156,0.13737884163856506,-0.0318446010351181,0.15421605110168457,0.01431511901319027,0.14607232809066772,0.061896611005067825,-0.08471035957336426,0.09817370027303696,-0.04809047654271126,-0.22864387929439545,-0.14254264533519745,0.05314875394105911,0.04757767915725708,-0.05934606492519379,0.22154612839221954,-0.02719355747103691,-0.034814704209566116,0.20495793223381042,-0.08239878714084625,-0.03303535655140877
0.0940573588013649,0.6034024357795715,1.243087887763977,-0.026168720406949807,0.013844227950753983,-0.013692596194192056,0.00948860750276983,-0.039864808200989164,-0.019215868655500245,0.1940573588013649,-0.09659756422042842,-0.15691211223602286,0.8403018116950989,0.7277172207832336,1.2325743436813354,-0.061180487,-0.029193435,0.090448484,281.0,1740111821.517342,0.016507556661963463,0.05932113900780678,0.13371865451335907,0.159446582198143,-0.051860108971595764,-0.05005675554275513,0.04125309735536575,0.22455599904060364,0.1523505449295044,0.07536838948726654,0.12161917984485626,0.24152210354804993,0.1386578530073166,-0.03140444681048393,0.15583916008472443,0.014269238337874413,0.14681461453437805,0.06259061396121979,-0.08562743663787842,0.10024803131818771,-0.047281477600336075,-0.2318030744791031,-0.14407163858413696,0.05416764318943024,0.04641744866967201,-0.060305677354335785,0.22346901893615723,-0.027461331337690353,-0.0352284274995327,0.2081870138645172,-0.08334125578403473,-0.034924693405628204
0.09606991708278656,0.6054587960243225,1.2455191612243652,0.01585456960857469,0.03254725639919231,0.03290723704129288,-0.007058630451577999,0.01030911021847005,0.006147287523978653,0.1963038206100464,-0.09492285251617427,-0.15502228736877433,0.8403018116950989,0.7277172207832336,1.2325743436813354,-0.061180487,-0.029193435,0.090448484,282.0,1740111821.550989,0.016507556661963463,0.05932113900780678,0.13371865451335907,0.159446582198143,-0.051860108971595764,-0.05005675554275513,0.04125309735536575,0.22455599904060364,0.1523505449295044,0.07536838948726654,0.12161917984485626,0.24152210354804993,0.1386578530073166,-0.03140444681048393,0.15583916008472443,0.014269238337874413,0.14681461453437805,0.06259061396121979,-0.08562743663787842,0.10024803131818771,-0.047281477600336075,-0.2318030744791031,-0.14407163858413696,0.05416764318943024,0.04641744866967201,-0.060305677354335785,0.22346901893615723,-0.027461331337690353,-0.0352284274995327,0.2081870138645172,-0.08334125578403473,-0.034924693405628204
0.09533929079771042,0.6061099767684937,1.2467677593231201,0.01585456960857469,0.03254725639919231,0.03290723704129288,-0.0011911048894684116,-0.10408616618900361,-0.07139622848406266,0.19606991708278657,-0.09454120397567745,-0.15448083877563468,0.8403018116950989,0.7277172207832336,1.2325743436813354,-0.06348266,-0.028469328,0.089264676,283.0,1740111821.5837233,0.016881095245480537,0.05923259258270264,0.1357789933681488,0.16376933455467224,-0.05490460246801376,-0.04949887841939926,0.04267502576112747,0.2294595092535019,0.1538686752319336,0.07596433162689209,0.12272970378398895,0.24628591537475586,0.14101888239383698,-0.03237641230225563,0.1586775779724121,0.015068354085087776,0.14934363961219788,0.06480732560157776,-0.08896088600158691,0.10346930474042892,-0.048049721866846085,-0.23444394767284393,-0.1466091424226761,0.05566416680812836,0.046494245529174805,-0.06251554936170578,0.22655518352985382,-0.02859336882829666,-0.035290252417325974,0.21217072010040283,-0.08619655668735504,-0.037641823291778564
0.09420948475599289,0.606145977973938,1.247101068496704,0.01585456960857469,0.03254725639919231,0.03290723704129288,0.00526429297804309,0.008301835542912037,0.010426848533318451,0.1942094847559929,-0.09385402202606197,-0.1528989315032958,0.8403018116950989,0.7277172207832336,1.2325743436813354,-0.06583153,-0.027579706,0.08885196,284.0,1740111821.6165822,0.016408810392022133,0.059182699769735336,0.13783475756645203,0.16915550827980042,-0.058043137192726135,-0.04918922483921051,0.04461441934108734,0.23464149236679077,0.15512795746326447,0.07723850011825562,0.12507805228233337,0.25169211626052856,0.14383910596370697,-0.033874183893203735,0.16121265292167664,0.015539424493908882,0.1515958607196808,0.06762208044528961,-0.09283365309238434,0.10763604193925858,-0.04891318827867508,-0.23787474632263184,-0.1497129648923874,0.05764017254114151,0.04566513001918793,-0.06482376158237457,0.23015931248664856,-0.02998127043247223,-0.03545467182993889,0.2163582742214203,-0.08845667541027069,-0.04102649912238121
0.09483806788921356,0.607252299785614,1.2499884366989136,-0.012312632557252817,0.01792650668446012,0.04467149631818507,-0.006622218262074596,0.010701813378045566,0.006500393529658115,0.1931636467576027,-0.09366936683654781,-0.15133073329925528,0.8403018116950989,0.7277172207832336,1.2325743436813354,-0.06583153,-0.027579706,0.08885196,285.0,1740111821.650277,0.016408810392022133,0.059182699769735336,0.13783475756645203,0.16915550827980042,-0.058043137192726135,-0.04918922483921051,0.04461441934108734,0.23464149236679077,0.15512795746326447,0.07723850011825562,0.12507805228233337,0.25169211626052856,0.14383910596370697,-0.033874183893203735,0.16121265292167664,0.015539424493908882,0.1515958607196808,0.06762208044528961,-0.09283365309238434,0.10763604193925858,-0.04891318827867508,-0.23787474632263184,-0.1497129648923874,0.05764017254114151,0.04566513001918793,-0.06482376158237457,0.23015931248664856,-0.02998127043247223,-0.03545467182993889,0.2163582742214203,-0.08845667541027069,-0.04102649912238121
0.09343801438808441,0.6078109741210938,1.2509068250656128,-0.012312632557252817,0.01792650668446012,0.04467149631818507,-0.00037930742325420616,0.01034797454944138,0.013559661905349726,0.19483806788921357,-0.09274770021438594,-0.15001156330108634,0.8403018116950989,0.7277172207832336,1.2325743436813354,-0.06324937,-0.027418539,0.092439055,286.0,1740111821.683008,0.016494249925017357,0.05900661274790764,0.13858848810195923,0.17103905975818634,-0.05966486781835556,-0.048243310302495956,0.04551727697253227,0.23688708245754242,0.15562187135219574,0.07714331150054932,0.1250459998846054,0.25370311737060547,0.1448940932750702,-0.03415350988507271,0.1622234731912613,0.016480201855301857,0.1524810492992401,0.06864790618419647,-0.0945793092250824,0.10922347754240036,-0.048810288310050964,-0.2379249632358551,-0.15094640851020813,0.05801346153020859,0.046017155051231384,-0.06599532067775726,0.2308236062526703,-0.029938600957393646,-0.034728407859802246,0.21848240494728088,-0.09017647802829742,-0.042825184762477875
0.09384998679161072,0.6086195707321167,1.2520865201950073,-0.012312632557252817,0.01792650668446012,0.04467149631818507,-0.011976868460304256,0.009196687656674783,0.010748104717009195,0.19384998679161072,-0.09138042926788326,-0.1479134798049926,0.8403018116950989,0.7277172207832336,1.2325743436813354,-0.06324937,-0.027418539,0.092439055,287.0,1740111821.7171772,0.016494249925017357,0.05900661274790764,0.13858848810195923,0.17103905975818634,-0.05966486781835556,-0.048243310302495956,0.04551727697253227,0.23688708245754242,0.15562187135219574,0.07714331150054932,0.1250459998846054,0.25370311737060547,0.1448940932750702,-0.03415350988507271,0.1622234731912613,0.016480201855301857,0.1524810492992401,0.06864790618419647,-0.0945793092250824,0.10922347754240036,-0.048810288310050964,-0.2379249632358551,-0.15094640851020813,0.05801346153020859,0.046017155051231384,-0.06599532067775726,0.2308236062526703,-0.029938600957393646,-0.034728407859802246,0.21848240494728088,-0.09017647802829742,-0.042825184762477875
0.08967333287000656,0.6077255606651306,1.2534372806549072,-0.012312632557252817,0.01792650668446012,0.04467149631818507,-0.011129364403648959,0.0011143950936075753,0.014182626125403773,0.19165451675653458,-0.09160066843032832,-0.1467787265777587,0.8403018116950989,0.7277172207832336,1.2325743436813354,-0.06302096,-0.027461514,0.09589695,288.0,1740111821.7500026,0.014996124431490898,0.05836713686585426,0.1384522020816803,0.1739395260810852,-0.06181994825601578,-0.04756643995642662,0.04731665179133415,0.23900452256202698,0.1544184684753418,0.07712526619434357,0.1251262128353119,0.2557123005390167,0.14639796316623688,-0.03519098088145256,0.1617181897163391,0.016768556088209152,0.15230384469032288,0.07026025652885437,-0.09680105745792389,0.11193462461233139,-0.04886256158351898,-0.23797082901000977,-0.15215720236301422,0.05886423587799072,0.044774070382118225,-0.06736107170581818,0.23167145252227783,-0.030888915061950684,-0.033738210797309875,0.2202364206314087,-0.09053647518157959,-0.046413518488407135
0.08996700495481491,0.6088548898696899,1.2556769847869873,-0.057701679356847085,0.0019158332890309192,0.0353956599386067,0.007752757299690763,-0.04841071744279536,-0.013628834588263423,0.18967333287000657,-0.09227443933486934,-0.14656271934509268,0.8403018116950989,0.7277172207832336,1.2325743436813354,-0.0629948,-0.02643852,0.097140215,289.0,1740111821.784538,0.015387961640954018,0.05773036181926727,0.13954640924930573,0.1764640361070633,-0.06416057795286179,-0.04672103375196457,0.04938178509473801,0.2414419800043106,0.15546360611915588,0.07776062190532684,0.12560822069644928,0.2592160403728485,0.1482289433479309,-0.03568793833255768,0.16350696980953217,0.01846276968717575,0.15344764292240143,0.07196450233459473,-0.09824994206428528,0.1149902269244194,-0.04880038648843765,-0.23914159834384918,-0.1536691039800644,0.05982086807489395,0.044531989842653275,-0.06884317100048065,0.23296934366226196,-0.031270839273929596,-0.03288799524307251,0.22379621863365173,-0.09268391132354736,-0.048681601881980896
0.09026456624269485,0.6100839376449585,1.2583765983581543,-0.057701679356847085,0.0019158332890309192,0.0353956599386067,0.006482081169249644,-0.027295567203013064,0.003623788593068828,0.19107331186532975,-0.090207827091217,-0.1429112195968627,0.8403018116950989,0.7277172207832336,1.2325743436813354,-0.063485526,-0.02608709,0.097045496,290.0,1740111821.8185942,0.016180535778403282,0.057714276015758514,0.14136286079883575,0.17846469581127167,-0.0656467080116272,-0.046140458434820175,0.05044074356555939,0.24403628706932068,0.15730725228786469,0.07851551473140717,0.12670758366584778,0.2625117003917694,0.1498040407896042,-0.035730235278606415,0.16586999595165253,0.019687458872795105,0.1550998091697693,0.07321067154407501,-0.09950776398181915,0.11708109825849533,-0.04881354421377182,-0.241037979722023,-0.15528050065040588,0.060523033142089844,0.045023079961538315,-0.0700867772102356,0.23468515276908875,-0.031221777200698853,-0.032724056392908096,0.22704726457595825,-0.09485518932342529,-0.04981205612421036
0.0888674333691597,0.6102475523948669,1.2602969408035278,-0.057701679356847085,0.0019158332890309192,0.0353956599386067,0.008471147935312385,-0.05388296998466659,-0.014410674051407061,0.18829965442419053,-0.09009892940521236,-0.14120438098907462,0.8403018116950989,0.7277172207832336,1.2325743436813354,-0.062909745,-0.026351843,0.09766826,291.0,1740111821.8500326,0.017226772382855415,0.05781885236501694,0.141680508852005,0.17659416794776917,-0.0644058808684349,-0.04601455107331276,0.04992646723985672,0.24282588064670563,0.15831883251667023,0.07841521501541138,0.12618806958198547,0.26170164346694946,0.14939534664154053,-0.035147227346897125,0.16634556651115417,0.02021947130560875,0.1553584188222885,0.07251143455505371,-0.09823460876941681,0.115890271961689,-0.04876996576786041,-0.24058249592781067,-0.15487244725227356,0.059944622218608856,0.04645824432373047,-0.06953344494104385,0.23403826355934143,-0.03066888451576233,-0.032688360661268234,0.22663697600364685,-0.0952952653169632,-0.04807810112833977
0.0879163071513176,0.6115672588348389,1.262784719467163,0.0005980929995270543,0.03749682513268756,0.07815647497766645,-0.02761352328951686,-0.08332828764748998,0.1665843874417991,0.1888674333691597,-0.08975244760513301,-0.13970305919647208,0.8403018116950989,0.7277172207832336,1.2325743436813354,-0.062909745,-0.026351843,0.09766826,292.0,1740111821.8863268,0.017226772382855415,0.05781885236501694,0.141680508852005,0.17659416794776917,-0.0644058808684349,-0.04601455107331276,0.04992646723985672,0.24282588064670563,0.15831883251667023,0.07841521501541138,0.12618806958198547,0.26170164346694946,0.14939534664154053,-0.035147227346897125,0.16634556651115417,0.02021947130560875,0.1553584188222885,0.07251143455505371,-0.09823460876941681,0.115890271961689,-0.04876996576786041,-0.24058249592781067,-0.15487244725227356,0.059944622218608856,0.04645824432373047,-0.06953344494104385,0.23403826355934143,-0.03066888451576233,-0.032688360661268234,0.22663697600364685,-0.0952952653169632,-0.04807810112833977
0.08619002997875214,0.6121852397918701,1.2652196884155273,0.0005980929995270543,0.03749682513268756,0.07815647497766645,-0.004198625358848938,-0.005241121630496909,0.01595810430227531,0.18801186084747315,-0.08805401325225826,-0.13579251766204825,0.8403018116950989,0.7277172207832336,1.2325743436813354,-0.0603809,-0.02625009,0.09728662,293.0,1740111821.9183733,0.018180521205067635,0.05775989964604378,0.14431416988372803,0.17848621308803558,-0.06542389839887619,-0.04486892372369766,0.050858329981565475,0.24612335860729218,0.16006186604499817,0.07941243052482605,0.1277628093957901,0.26513350009918213,0.15120159089565277,-0.034288618713617325,0.16885128617286682,0.021661054342985153,0.15682300925254822,0.07322970032691956,-0.09927873313426971,0.1180306151509285,-0.04773053899407387,-0.24302811920642853,-0.15691696107387543,0.06060075759887695,0.04700347036123276,-0.07074122130870819,0.2356262356042862,-0.030242428183555603,-0.03208530694246292,0.2306877076625824,-0.0977693647146225,-0.04972444102168083
0.08835133165121078,0.6147667765617371,1.2679333686828613,0.0005980929995270543,0.03749682513268756,0.07815647497766645,-0.013087757348040026,0.0023223858793274335,0.027436396019652136,0.18862759172916413,-0.08643169403076167,-0.1322586774826049,0.8403018116950989,0.7277172207832336,1.2325743436813354,-0.05845804,-0.026016247,0.09639784,294.0,1740111821.9519958,0.02009582705795765,0.057326413691043854,0.14336387813091278,0.17412549257278442,-0.06362036615610123,-0.044714633375406265,0.050575606524944305,0.2423870861530304,0.1617320328950882,0.07859650254249573,0.12541551887989044,0.26297253370285034,0.15028341114521027,-0.0337819941341877,0.16908952593803406,0.02350449189543724,0.15692046284675598,0.0721205472946167,-0.09698453545570374,0.11587723344564438,-0.048152171075344086,-0.24016694724559784,-0.15555164217948914,0.059411823749542236,0.050244614481925964,-0.0694563239812851,0.23335391283035278,-0.02925986796617508,-0.03136386349797249,0.2288612723350525,-0.09853135049343109,-0.04647580906748772
0.08543381094932556,0.6144567728042603,1.2712737321853638,-0.024818595097464355,0.028887728882723375,0.08486835519070977,0.0069148100351572725,-0.013128921572335065,0.014027349124144906,0.1883513316512108,-0.0852332234382629,-0.13206663131713858,0.8403018116950989,0.7277172207832336,1.2325743436813354,-0.057989795,-0.025356162,0.095649675,295.0,1740111821.9848647,0.020453045144677162,0.0568820983171463,0.14543093740940094,0.17605741322040558,-0.06509418040513992,-0.04311071336269379,0.052253421396017075,0.2454126626253128,0.16298748552799225,0.07897593080997467,0.12594154477119446,0.26611101627349854,0.15228532254695892,-0.03335297480225563,0.17092017829418182,0.02541680447757244,0.15790323913097382,0.07324030995368958,-0.09852616488933563,0.11833683401346207,-0.04745613783597946,-0.24106988310813904,-0.15743401646614075,0.059902019798755646,0.05117514729499817,-0.07092005759477615,0.23444974422454834,-0.029043346643447876,-0.03006783500313759,0.2327374815940857,-0.10108482837677002,-0.04897138476371765
0.08648419380187988,0.6158829927444458,1.2737239599227905,-0.024818595097464355,0.028887728882723375,0.08486835519070977,0.0005000685111936432,-0.09620206957973608,-0.049097544712766374,0.18543381094932557,-0.0855432271957397,-0.12872626781463614,0.8403018116950989,0.7277172207832336,1.2325743436813354,-0.061922617,-0.025139488,0.09142697,296.0,1740111822.0172634,0.020216079428792,0.05622867867350578,0.14715081453323364,0.17938332259655,-0.0678786039352417,-0.04146594926714897,0.05435509607195854,0.2492929846048355,0.1636238396167755,0.07911433279514313,0.12633754312992096,0.2699451148509979,0.15492817759513855,-0.03352915123105049,0.17252683639526367,0.027296172454953194,0.15922512114048004,0.07532523572444916,-0.10121086239814758,0.12181655317544937,-0.04698295518755913,-0.24195943772792816,-0.15987908840179443,0.06088200956583023,0.051289044320583344,-0.07308359444141388,0.23612116277217865,-0.029354043304920197,-0.028336849063634872,0.23691987991333008,-0.10389344394207001,-0.05300770327448845
0.08515707403421402,0.6184906959533691,1.2787351608276367,-0.024818595097464355,0.028887728882723375,0.08486835519070977,-0.012918342023539912,-0.0008185793199869937,0.00762235505339411,0.18654540777206421,-0.08320213556289668,-0.12443819046020499,0.8403018116950989,0.7277172207832336,1.2325743436813354,-0.061922617,-0.025139488,0.09142697,297.0,1740111822.0535836,0.020216079428792,0.05622867867350578,0.14715081453323364,0.17938332259655,-0.0678786039352417,-0.04146594926714897,0.05435509607195854,0.2492929846048355,0.1636238396167755,0.07911433279514313,0.12633754312992096,0.2699451148509979,0.15492817759513855,-0.03352915123105049,0.17252683639526367,0.027296172454953194,0.15922512114048004,0.07532523572444916,-0.10121086239814758,0.12181655317544937,-0.04698295518755913,-0.24195943772792816,-0.15987908840179443,0.06088200956583023,0.051289044320583344,-0.07308359444141388,0.23612116277217865,-0.029354043304920197,-0.028336849063634872,0.23691987991333008,-0.10389344394207001,-0.05300770327448845
0.0841505229473114,0.6198130249977112,1.2820699214935303,-0.024818595097464355,0.028887728882723375,0.08486835519070977,-0.011885547671537778,-0.0005414305394618735,0.010143779746605875,0.18515707403421403,-0.08150930404663081,-0.12126483917236319,0.8403018116950989,0.7277172207832336,1.2325743436813354,-0.06093375,-0.025672048,0.08513923,298.0,1740111822.0858092,0.0199804175645113,0.0558762326836586,0.1478070318698883,0.18114759027957916,-0.06916721910238266,-0.04121364653110504,0.05558805540204048,0.2506800889968872,0.16401082277297974,0.0793115496635437,0.12698793411254883,0.27188801765441895,0.1564304232597351,-0.033932771533727646,0.17337922751903534,0.028282996267080307,0.15970945358276367,0.07626587152481079,-0.10224588215351105,0.12379705160856247,-0.04712726175785065,-0.24289308488368988,-0.16110938787460327,0.06164046376943588,0.05100797861814499,-0.07395222783088684,0.23714423179626465,-0.03003472089767456,-0.027728866785764694,0.23877030611038208,-0.10482849180698395,-0.0547490157186985
0.08295856416225433,0.621412992477417,1.285489559173584,-0.016701220202228764,0.05136672179349477,0.10433364371127307,-0.012488233783840197,-0.0005612873215872507,0.009389379967675554,0.18342818915843964,-0.07937468290328975,-0.11619701385498038,0.8403018116950989,0.7277172207832336,1.2325743436813354,-0.0637041,-0.025238618,0.08551231,299.0,1740111822.1179645,0.021558040753006935,0.05597376823425293,0.15089993178844452,0.18463076651096344,-0.07140985876321793,-0.040462978184223175,0.05666647106409073,0.2553870975971222,0.16790732741355896,0.07982736825942993,0.12859030067920685,0.27738791704177856,0.15940837562084198,-0.03456387296319008,0.17757375538349152,0.030340280383825302,0.16343580186367035,0.07807841897010803,-0.10533829033374786,0.12644392251968384,-0.04797257110476494,-0.24621598422527313,-0.16445186734199524,0.062838114798069,0.053275223821401596,-0.07592162489891052,0.24035286903381348,-0.030736558139324188,-0.027623113244771957,0.24309399724006653,-0.10893633961677551,-0.056284401565790176
0.08231264352798462,0.6226133704185486,1.2890907526016235,-0.016701220202228764,0.05136672179349477,0.10433364371127307,-0.007839849294589456,-0.0021783230454260837,0.011703303844722379,0.1823582485318184,-0.07777715921401973,-0.11266579627990714,0.8403018116950989,0.7277172207832336,1.2325743436813354,-0.06411004,-0.024344716,0.080188006,300.0,1740111822.1507,0.022540809586644173,0.056656159460544586,0.14996299147605896,0.1814585030078888,-0.069168321788311,-0.042787909507751465,0.055054936558008194,0.25162163376808167,0.16941821575164795,0.07930311560630798,0.12811978161334991,0.2745007574558258,0.1579153835773468,-0.0353260301053524,0.1776065230369568,0.029503043740987778,0.1635332554578781,0.07647861540317535,-0.10324631631374359,0.1230788305401802,-0.04990006610751152,-0.24610036611557007,-0.16270741820335388,0.06202688813209534,0.05519010126590729,-0.07395974546670914,0.23988044261932373,-0.030794940888881683,-0.02939329668879509,0.2392304539680481,-0.10731202363967896,-0.051184143871068954
0.08064411580562592,0.6245287656784058,1.2927336692810059,-0.016701220202228764,0.05136672179349477,0.10433364371127307,-0.012509550449271675,0.001728541006869277,0.007257346338817038,0.18231264352798462,-0.07738662958145137,-0.11090924739837638,0.8403018116950989,0.7277172207832336,1.2325743436813354,-0.06800353,-0.022932328,0.074929625,301.0,1740111822.1828485,0.022227833047509193,0.05671469122171402,0.15193085372447968,0.1842818558216095,-0.07027635723352432,-0.04382670670747757,0.055642735213041306,0.2540782690048218,0.17040890455245972,0.07999494671821594,0.13043728470802307,0.2770618200302124,0.1598101705312729,-0.03609525039792061,0.17922343313694,0.029207929968833923,0.1644757241010666,0.07714129984378815,-0.10496214032173157,0.12493922561407089,-0.050824325531721115,-0.2498210370540619,-0.1642439216375351,0.06307395547628403,0.05463211238384247,-0.07479429244995117,0.24307256937026978,-0.03187780827283859,-0.03010781854391098,0.24138790369033813,-0.10745806992053986,-0.051854465156793594
0.08039939403533936,0.6249936819076538,1.2946395874023438,-0.016701220202228764,0.05136672179349477,0.10433364371127307,-0.008908519819611726,0.0014235415356806747,0.009350972810143613,0.18039939403533936,-0.07500631809234615,-0.10536041259765616,0.8403018116950989,0.7277172207832336,1.2325743436813354,-0.06800353,-0.022932328,0.074929625,302.0,1740111822.2172918,0.022227833047509193,0.05671469122171402,0.15193085372447968,0.1842818558216095,-0.07027635723352432,-0.04382670670747757,0.055642735213041306,0.2540782690048218,0.17040890455245972,0.07999494671821594,0.13043728470802307,0.2770618200302124,0.1598101705312729,-0.03609525039792061,0.17922343313694,0.029207929968833923,0.1644757241010666,0.07714129984378815,-0.10496214032173157,0.12493922561407089,-0.050824325531721115,-0.2498210370540619,-0.1642439216375351,0.06307395547628403,0.05463211238384247,-0.07479429244995117,0.24307256937026978,-0.03187780827283859,-0.03010781854391098,0.24138790369033813,-0.10745806992053986,-0.051854465156793594
0.07809624075889587,0.6276816725730896,1.300168752670288,-0.033253097510650025,0.04556131250484997,0.10573221033027512,-0.012974216445269277,0.005815912167721252,0.00815000542610326,0.17918251305818558,-0.07341922521591182,-0.10154833793640128,0.8403018116950989,0.7277172207832336,1.2325743436813354,-0.057212934,-0.024765324,0.07790324,303.0,1740111822.252408,0.02198772318661213,0.05659216642379761,0.1507948487997055,0.1828477382659912,-0.06949067115783691,-0.04458180442452431,0.055335551500320435,0.2519584596157074,0.1699199080467224,0.0796671062707901,0.12965208292007446,0.2753324508666992,0.15923988819122314,-0.03676842525601387,0.17813457548618317,0.028540480881929398,0.16412265598773956,0.07693120837211609,-0.10405662655830383,0.12367116659879684,-0.051672592759132385,-0.24904708564281464,-0.16327893733978271,0.06283686310052872,0.054795872420072556,-0.07425832748413086,0.24235476553440094,-0.03233882039785385,-0.03039715066552162,0.2390824556350708,-0.10639582574367523,-0.050416719168424606
0.0772116482257843,0.6288982033729553,1.3039511442184448,-0.033253097510650025,0.04556131250484997,0.10573221033027512,-0.00866225864112895,0.004747302434308262,0.008104209198768638,0.17809624075889588,-0.07231832742691036,-0.09983124732971183,0.8403018116950989,0.7277172207832336,1.2325743436813354,-0.055334777,-0.022329453,0.0849179,304.0,1740111822.2860913,0.02614148147404194,0.05785875394940376,0.15501533448696136,0.1813281923532486,-0.0674634799361229,-0.045749545097351074,0.053464747965335846,0.25320056080818176,0.1758294552564621,0.08126184344291687,0.1325158178806305,0.27758437395095825,0.16005085408687592,-0.035379912704229355,0.1836642175912857,0.029317166656255722,0.1678207367658615,0.07562193274497986,-0.10237245261669159,0.12205023318529129,-0.05232054367661476,-0.25457262992858887,-0.16427165269851685,0.063127800822258,0.058112308382987976,-0.07386865466833115,0.24484789371490479,-0.0318291112780571,-0.03267386928200722,0.24107536673545837,-0.10915295779705048,-0.0453064851462841
0.07597270607948303,0.6303868293762207,1.3075535297393799,-0.033253097510650025,0.04556131250484997,0.10573221033027512,-0.007836442554582027,0.003589281796777599,0.008535275264346515,0.17621174305677414,-0.07012171745300289,-0.0942734718322753,0.8403018116950989,0.7277172207832336,1.2325743436813354,-0.05497434,-0.02199598,0.081827804,305.0,1740111822.3182387,0.026803022250533104,0.058300912380218506,0.15611818432807922,0.18130692839622498,-0.06668967008590698,-0.0469743087887764,0.052897777408361435,0.2533567547798157,0.17690758407115936,0.08238723874092102,0.1346273571252823,0.27787354588508606,0.1600361317396164,-0.03474340960383415,0.18504472076892853,0.028880365192890167,0.16810764372348785,0.07499326765537262,-0.10139890015125275,0.12177231162786484,-0.05264144018292427,-0.25719019770622253,-0.1642710119485855,0.06365373730659485,0.057442422956228256,-0.07330819219350815,0.2460399866104126,-0.032285600900650024,-0.03412315621972084,0.2413288652896881,-0.10853272676467896,-0.04338105767965317
0.07426344603300095,0.6321990489959717,1.3110889196395874,-0.04175051118985938,0.04882188065882842,0.1159047194087526,-0.011797298230171085,0.001970918262022312,0.005690602602916327,0.17484816014766694,-0.06854147911071773,-0.09077003002166739,0.8403018116950989,0.7277172207832336,1.2325743436813354,-0.053527504,-0.022352844,0.08468575,306.0,1740111822.3510816,0.02471557818353176,0.057823166251182556,0.1524208039045334,0.18012560904026031,-0.06688685715198517,-0.046779125928878784,0.05328097566962242,0.25016671419143677,0.1735043227672577,0.08106954395771027,0.13163000345230103,0.27464917302131653,0.15826937556266785,-0.036120299249887466,0.18105493485927582,0.027854764834046364,0.16586968302726746,0.07541036605834961,-0.101188063621521,0.120911605656147,-0.053099069744348526,-0.25252795219421387,-0.16239123046398163,0.06285660713911057,0.05639617145061493,-0.07287239283323288,0.24326473474502563,-0.03228244185447693,-0.03324658051133156,0.237748920917511,-0.10631012916564941,-0.04426880553364754
0.07300364226102829,0.6337530016899109,1.3146435022354126,-0.04175051118985938,0.04882188065882842,0.1159047194087526,-0.011533654990018854,0.0008344187977585296,0.004263350865175249,0.17426344603300095,-0.06780095100402828,-0.08891108036041251,0.8403018116950989,0.7277172207832336,1.2325743436813354,-0.051469892,-0.022358518,0.08211202,307.0,1740111822.3834028,0.024687783792614937,0.05812739208340645,0.1517758071422577,0.17961783707141876,-0.06604942679405212,-0.04855876415967941,0.05262778699398041,0.2486085444688797,0.1738409548997879,0.08106905221939087,0.13197465240955353,0.2736175060272217,0.157998189330101,-0.0373910516500473,0.18097488582134247,0.026925530284643173,0.1661931425333023,0.07540932297706604,-0.1009664386510849,0.12001612037420273,-0.05521475896239281,-0.25297513604164124,-0.1620609313249588,0.06306393444538116,0.05647466331720352,-0.07225938141345978,0.2440435290336609,-0.03342233598232269,-0.034523118287324905,0.23535487055778503,-0.10509711503982544,-0.041997913271188736
0.07283149659633636,0.6342012882232666,1.3164753913879395,-0.04175051118985938,0.04882188065882842,0.1159047194087526,-0.007963509889396841,-0.0013084730195186745,0.006789398844553018,0.17283149659633637,-0.06579871177673335,-0.08352460861206046,0.8403018116950989,0.7277172207832336,1.2325743436813354,-0.051469892,-0.022358518,0.08211202,308.0,1740111822.4163065,0.024687783792614937,0.05812739208340645,0.1517758071422577,0.17961783707141876,-0.06604942679405212,-0.04855876415967941,0.05262778699398041,0.2486085444688797,0.1738409548997879,0.08106905221939087,0.13197465240955353,0.2736175060272217,0.157998189330101,-0.0373910516500473,0.18097488582134247,0.026925530284643173,0.1661931425333023,0.07540932297706604,-0.1009664386510849,0.12001612037420273,-0.05521475896239281,-0.25297513604164124,-0.1620609313249588,0.06306393444538116,0.05647466331720352,-0.07225938141345978,0.2440435290336609,-0.03342233598232269,-0.034523118287324905,0.23535487055778503,-0.10509711503982544,-0.041997913271188736
0.07056063413619995,0.636192262172699,1.3220115900039673,-0.035744118073817006,0.039464112150647275,0.10655742592559465,-0.007034152838902576,0.000917672800048148,0.008857761081009297,0.1709415078163147,-0.06432397365570064,-0.07993354797363272,0.8403018116950989,0.7277172207832336,1.2325743436813354,-0.051469892,-0.022358518,0.08211202,309.0,1740111822.4533272,0.024687783792614937,0.05812739208340645,0.1517758071422577,0.17961783707141876,-0.06604942679405212,-0.04855876415967941,0.05262778699398041,0.2486085444688797,0.1738409548997879,0.08106905221939087,0.13197465240955353,0.2736175060272217,0.157998189330101,-0.0373910516500473,0.18097488582134247,0.026925530284643173,0.1661931425333023,0.07540932297706604,-0.1009664386510849,0.12001612037420273,-0.05521475896239281,-0.25297513604164124,-0.1620609313249588,0.06306393444538116,0.05647466331720352,-0.07225938141345978,0.2440435290336609,-0.03342233598232269,-0.034523118287324905,0.23535487055778503,-0.10509711503982544,-0.041997913271188736
0.06936182081699371,0.6377432942390442,1.3260130882263184,-0.035744118073817006,0.039464112150647275,0.10655742592559465,-0.007528828815115803,0.0026769650434748577,0.009182778025067312,0.17056063413619996,-0.06380773782730098,-0.07798840999603263,0.8403018116950989,0.7277172207832336,1.2325743436813354,-0.04659479,-0.021829873,0.07773825,310.0,1740111822.4846976,0.03395845741033554,0.05880315229296684,0.15548396110534668,0.16925020515918732,-0.06053340435028076,-0.05123057961463928,0.047707781195640564,0.243384450674057,0.18424712121486664,0.07929293811321259,0.12873536348342896,0.2706594169139862,0.15688389539718628,-0.036892108619213104,0.18871542811393738,0.029746197164058685,0.1719512641429901,0.07080565392971039,-0.09671379625797272,0.1114279255270958,-0.05976426973938942,-0.25356295704841614,-0.16115671396255493,0.059987202286720276,0.06912898272275925,-0.06901462376117706,0.2447495311498642,-0.031692393124103546,-0.0371587909758091,0.23213505744934082,-0.10954126715660095,-0.027242593467235565
0.06883127987384796,0.6388338804244995,1.328316569328308,-0.035744118073817006,0.039464112150647275,0.10655742592559465,-0.00895993359609412,0.003300258750099682,0.0035364300852389202,0.16883127987384797,-0.061166119575500444,-0.0716834306716918,0.8403018116950989,0.7277172207832336,1.2325743436813354,-0.045447625,-0.022131462,0.07606025,311.0,1740111822.516203,0.035863518714904785,0.05857688561081886,0.15436024963855743,0.165070042014122,-0.059147708117961884,-0.05122107267379761,0.046625781804323196,0.24014031887054443,0.18579986691474915,0.07760779559612274,0.12575268745422363,0.2679060101509094,0.1559418886899948,-0.03676062077283859,0.18887537717819214,0.031130120158195496,0.17236199975013733,0.06950393319129944,-0.09521643817424774,0.10841406136751175,-0.060778047889471054,-0.2501453757286072,-0.1598215252161026,0.05849338322877884,0.07296693325042725,-0.06782101839780807,0.24258284270763397,-0.030714772641658783,-0.03659197315573692,0.22953194379806519,-0.11050239205360413,-0.023712556809186935
0.06647229939699173,0.6413683891296387,1.3344545364379883,-0.035744118073817006,0.039464112150647275,0.10655742592559465,-0.012156329219626841,0.007855017949022576,0.001996247815613533,0.16732724606990815,-0.059969198703765825,-0.06779279708862296,0.8403018116950989,0.7277172207832336,1.2325743436813354,-0.045447625,-0.022131462,0.07606025,312.0,1740111822.5503688,0.035863518714904785,0.05857688561081886,0.15436024963855743,0.165070042014122,-0.059147708117961884,-0.05122107267379761,0.046625781804323196,0.24014031887054443,0.18579986691474915,0.07760779559612274,0.12575268745422363,0.2679060101509094,0.1559418886899948,-0.03676062077283859,0.18887537717819214,0.031130120158195496,0.17236199975013733,0.06950393319129944,-0.09521643817424774,0.10841406136751175,-0.060778047889471054,-0.2501453757286072,-0.1598215252161026,0.05849338322877884,0.07296693325042725,-0.06782101839780807,0.24258284270763397,-0.030714772641658783,-0.03659197315573692,0.22953194379806519,-0.11050239205360413,-0.023712556809186935
0.06516732275485992,0.6428122520446777,1.3385120630264282,-0.03987711176297222,0.04912166879961073,0.12004387205500425,-0.013496069195978707,0.009759204913401166,0.003315917819101751,0.16647229939699174,-0.058631610870361284,-0.06554546356201163,0.8403018116950989,0.7277172207832336,1.2325743436813354,-0.04910223,-0.019744027,0.06932347,313.0,1740111822.5845163,0.03896819055080414,0.0591132789850235,0.15790610015392303,0.16639544069766998,-0.06009779870510101,-0.05199182406067848,0.04635371267795563,0.24276375770568848,0.19076961278915405,0.07825186848640442,0.1271764636039734,0.2716187834739685,0.1579451709985733,-0.03759228065609932,0.1945321261882782,0.03260605037212372,0.17672084271907806,0.07032826542854309,-0.09686101973056793,0.10916408151388168,-0.06322789937257767,-0.25387758016586304,-0.162201389670372,0.05936247855424881,0.07662271708250046,-0.06887675076723099,0.24639220535755157,-0.0314166322350502,-0.038083191961050034,0.23268768191337585,-0.11433793604373932,-0.020985275506973267
0.0644555613398552,0.6433765888214111,1.340490460395813,-0.03987711176297222,0.04912166879961073,0.12004387205500425,-0.011602831719650318,0.009518618248490467,0.001746692964234508,0.1644555613398552,-0.05662341117858882,-0.05950953960418692,0.8403018116950989,0.7277172207832336,1.2325743436813354,-0.044334427,-0.016348138,0.062280335,314.0,1740111822.615934,0.043338656425476074,0.05907384678721428,0.15962842106819153,0.16255751252174377,-0.059088461101055145,-0.051496170461177826,0.04640909284353256,0.2413245290517807,0.19617684185504913,0.0775393396615982,0.12484638392925262,0.27225032448768616,0.1583755910396576,-0.03740734979510307,0.19900426268577576,0.03631691262125969,0.1795247346162796,0.06942997872829437,-0.09564240276813507,0.10705295950174332,-0.06513790041208267,-0.2524678409099579,-0.16209229826927185,0.058289214968681335,0.08375269919633865,-0.06822105497121811,0.2457650899887085,-0.030493363738059998,-0.038295987993478775,0.23361638188362122,-0.11853617429733276,-0.016176864504814148
0.06249259039759636,0.645474374294281,1.3463605642318726,-0.03987711176297222,0.04912166879961073,0.12004387205500425,-0.013427232494436229,0.007563252296763175,0.0009217597661294496,0.16311298906803132,-0.05565608739852901,-0.05570151805877677,0.8403018116950989,0.7277172207832336,1.2325743436813354,-0.04128106,-0.016547292,0.06256353,315.0,1740111822.650629,0.04396982491016388,0.05918312072753906,0.15977652370929718,0.1618952751159668,-0.059185028076171875,-0.05168309062719345,0.046713024377822876,0.24073316156864166,0.19751261174678802,0.07705014944076538,0.12391592562198639,0.2721458673477173,0.15882934629917145,-0.038268208503723145,0.19991129636764526,0.037001337856054306,0.18041068315505981,0.069735586643219,-0.09564726054668427,0.10658945888280869,-0.06654201447963715,-0.2518869936466217,-0.16206704080104828,0.0581543892621994,0.08571398258209229,-0.0682993084192276,0.24589985609054565,-0.03088594228029251,-0.038341496139764786,0.23341017961502075,-0.11962851881980896,-0.014979829080402851
0.06110255420207977,0.6461986303329468,1.3501454591751099,-0.04246114570388249,0.03729435679572032,0.12473529456573074,-0.012175708783056625,0.004296298049282509,0.00482863084541913,0.16249259039759636,-0.05452562570571895,-0.05363943576812735,0.8403018116950989,0.7277172207832336,1.2325743436813354,-0.035760775,-0.015971005,0.060906984,316.0,1740111822.6836734,0.04593494534492493,0.05932660400867462,0.16168029606342316,0.16102714836597443,-0.05913921445608139,-0.05164547264575958,0.04657448083162308,0.24151432514190674,0.20057757198810577,0.07707524299621582,0.12431009113788605,0.273408979177475,0.15927983820438385,-0.03737220913171768,0.20267169177532196,0.03842683136463165,0.18199755251407623,0.0693175345659256,-0.09516087174415588,0.10596590489149094,-0.06655801087617874,-0.25312817096710205,-0.16258181631565094,0.05796435475349426,0.08819185197353363,-0.06831928342580795,0.24625436961650848,-0.03015454113483429,-0.038617003709077835,0.23509693145751953,-0.12181760370731354,-0.013194355182349682
0.061086397618055344,0.6469710469245911,1.3522447347640991,-0.04246114570388249,0.03729435679572032,0.12473529456573074,-0.00856505865044185,0.001683435498379648,0.0023544017914467912,0.16108639761805535,-0.05302895307540889,-0.04775526523590079,0.8403018116950989,0.7277172207832336,1.2325743436813354,-0.035760775,-0.015971005,0.060906984,317.0,1740111822.717122,0.04593494534492493,0.05932660400867462,0.16168029606342316,0.16102714836597443,-0.05913921445608139,-0.05164547264575958,0.04657448083162308,0.24151432514190674,0.20057757198810577,0.07707524299621582,0.12431009113788605,0.273408979177475,0.15927983820438385,-0.03737220913171768,0.20267169177532196,0.03842683136463165,0.18199755251407623,0.0693175345659256,-0.09516087174415588,0.10596590489149094,-0.06655801087617874,-0.25312817096710205,-0.16258181631565094,0.05796435475349426,0.08819185197353363,-0.06831928342580795,0.24625436961650848,-0.03015454113483429,-0.038617003709077835,0.23509693145751953,-0.12181760370731354,-0.013194355182349682
0.05925825238227844,0.6488156914710999,1.358156442642212,-0.04246114570388249,0.03729435679572032,0.12473529456573074,-0.007740662335881313,-0.002612101124269811,0.001377431901123276,0.15970996618270875,-0.05213464498519893,-0.04399278163909903,0.8403018116950989,0.7277172207832336,1.2325743436813354,-0.037793666,-0.015371129,0.059572637,318.0,1740111822.7497833,0.04857514053583145,0.060225874185562134,0.1619601994752884,0.15843358635902405,-0.057879574596881866,-0.05249347165226936,0.04485740512609482,0.24032367765903473,0.20453383028507233,0.07634925842285156,0.12290430068969727,0.27254748344421387,0.1586366444826126,-0.037876203656196594,0.2048100233078003,0.03904985636472702,0.1844426393508911,0.06827855110168457,-0.09464089572429657,0.10289362818002701,-0.06850415468215942,-0.25271153450012207,-0.16209784150123596,0.05708266794681549,0.09260019659996033,-0.06730391085147858,0.2461455911397934,-0.029478080570697784,-0.040002625435590744,0.2330760955810547,-0.12348723411560059,-0.008459371514618397
0.05737917125225067,0.6498911380767822,1.3619619607925415,-0.04246114570388249,0.03729435679572032,0.12473529456573074,-0.012261154987138076,-0.002379190070155775,0.004646927655329349,0.15925825238227845,-0.0511843085289001,-0.041843557357788,0.8403018116950989,0.7277172207832336,1.2325743436813354,-0.036048315,-0.011813041,0.05262056,319.0,1740111822.7835765,0.05327044427394867,0.06158759817481041,0.16628772020339966,0.1571570485830307,-0.057035401463508606,-0.05414695292711258,0.041972845792770386,0.24213901162147522,0.21151980757713318,0.07567794620990753,0.12346798181533813,0.2736130654811859,0.15921534597873688,-0.03770832717418671,0.21107229590415955,0.03961610794067383,0.18990910053253174,0.06720459461212158,-0.09531944990158081,0.09954934567213058,-0.07100313156843185,-0.2566554844379425,-0.16322630643844604,0.056523874402046204,0.09877064824104309,-0.06724806874990463,0.24966086447238922,-0.028750866651535034,-0.04260886088013649,0.23361611366271973,-0.12777644395828247,-0.0021292539313435555
0.05633292347192764,0.651125967502594,1.3659517765045166,-0.031544377666108764,0.03451529993599351,0.11529516532359056,-0.011712763569581073,-0.0010363565115247939,0.003665463343031932,0.1573190525174141,-0.04966152906417842,-0.03602578639984122,0.8403018116950989,0.7277172207832336,1.2325743436813354,-0.036409527,-0.012015283,0.053330496,320.0,1740111822.8191175,0.055511295795440674,0.061810947954654694,0.16883555054664612,0.1578192263841629,-0.057958751916885376,-0.054647624492645264,0.04146809130907059,0.2445542812347412,0.21474380791187286,0.07552117109298706,0.12413664162158966,0.2759571075439453,0.16049428284168243,-0.03778968006372452,0.21468277275562286,0.04039856418967247,0.1928822547197342,0.06771406531333923,-0.09669239819049835,0.09958263486623764,-0.07213500887155533,-0.25930941104888916,-0.1645040065050125,0.056766875088214874,0.10116057097911835,-0.06808654218912125,0.2521532475948334,-0.02871105819940567,-0.043373461812734604,0.23548346757888794,-0.1306149661540985,-0.0006000036373734474
0.05514490604400635,0.6523244380950928,1.3699569702148438,-0.031544377666108764,0.03451529993599351,0.11529516532359056,-0.011541040285161203,0.0018845805001878884,0.0017057851696466856,0.15592361092567444,-0.04765309095382686,-0.03192462921142569,0.8403018116950989,0.7277172207832336,1.2325743436813354,-0.03175704,-0.009794109,0.048114132,321.0,1740111822.851061,0.05646400898694992,0.062101785093545914,0.1714627742767334,0.16020333766937256,-0.05861377716064453,-0.0549490787088871,0.04230726137757301,0.24741938710212708,0.21732668578624725,0.07647465169429779,0.12606783211231232,0.27946311235427856,0.1629296839237213,-0.03867689520120621,0.217687726020813,0.04126698896288872,0.19522884488105774,0.06885737180709839,-0.09823206067085266,0.10153601318597794,-0.07343704998493195,-0.2627033293247223,-0.16688565909862518,0.05790157616138458,0.10229271650314331,-0.06922072917222977,0.2553345561027527,-0.02986859530210495,-0.04381813481450081,0.23805910348892212,-0.13267949223518372,-0.0008829617872834206
0.05488031357526779,0.6539555788040161,1.3741328716278076,-0.031544377666108764,0.03451529993599351,0.11529516532359056,-0.007844482713631343,0.003526392293614467,-0.0015718225033763493,0.15514490604400635,-0.04767556190490718,-0.03004302978515616,0.8403018116950989,0.7277172207832336,1.2325743436813354,-0.03175704,-0.009794109,0.048114132,322.0,1740111822.886123,0.05646400898694992,0.062101785093545914,0.1714627742767334,0.16020333766937256,-0.05861377716064453,-0.0549490787088871,0.04230726137757301,0.24741938710212708,0.21732668578624725,0.07647465169429779,0.12606783211231232,0.27946311235427856,0.1629296839237213,-0.03867689520120621,0.217687726020813,0.04126698896288872,0.19522884488105774,0.06885737180709839,-0.09823206067085266,0.10153601318597794,-0.07343704998493195,-0.2627033293247223,-0.16688565909862518,0.05790157616138458,0.10229271650314331,-0.06922072917222977,0.2553345561027527,-0.02986859530210495,-0.04381813481450081,0.23805910348892212,-0.13267949223518372,-0.0008829617872834206
0.052835434675216675,0.6556609272956848,1.379830002784729,-0.04299318674512233,0.034419443981227815,0.12126879005169497,-0.011652219306850528,0.010255991359522732,0.0006033057713302757,0.15301625281572342,-0.04621679782867427,-0.02388908863067618,0.8403018116950989,0.7277172207832336,1.2325743436813354,-0.0383102,-0.007877458,0.044567592,323.0,1740111822.9281378,0.05704990774393082,0.062449030578136444,0.17071139812469482,0.1577814668416977,-0.05667506158351898,-0.05679430440068245,0.040749337524175644,0.24473176896572113,0.2175450176000595,0.07613138854503632,0.12598611414432526,0.2769085168838501,0.16162700951099396,-0.038762517273426056,0.2171284556388855,0.040186699479818344,0.19490687549114227,0.06747075915336609,-0.09672777354717255,0.09890870004892349,-0.07461715489625931,-0.2626190185546875,-0.16562826931476593,0.05741983652114868,0.10291466116905212,-0.06768953800201416,0.25500041246414185,-0.03033619374036789,-0.04506714269518852,0.2347661554813385,-0.13097523152828217,0.0025330577045679092
0.052282389253377914,0.6568569540977478,1.3817719221115112,-0.04299318674512233,0.034419443981227815,0.12126879005169497,-0.017948903328591545,0.011585889207777924,-0.00015801126712569697,0.15283543467521668,-0.04433907270431514,-0.020169997215270907,0.8403018116950989,0.7277172207832336,1.2325743436813354,-0.033775568,-0.0047712848,0.03663896,324.0,1740111822.9528952,0.05911771208047867,0.06225092336535454,0.17044155299663544,0.15246006846427917,-0.052813880145549774,-0.057773273438215256,0.03960084542632103,0.2403547763824463,0.21915017068386078,0.07574599981307983,0.12442249059677124,0.2736990451812744,0.16055098176002502,-0.038123954087495804,0.21704883873462677,0.04075109213590622,0.19445808231830597,0.06475505232810974,-0.09348751604557037,0.09554555267095566,-0.07541823387145996,-0.2613988220691681,-0.1641334891319275,0.05614212900400162,0.10623431205749512,-0.06556984037160873,0.2534049153327942,-0.030322246253490448,-0.04513077065348625,0.23177877068519592,-0.13038408756256104,0.007163463160395622
0.05199720710515976,0.6575640439987183,1.383854866027832,-0.04299318674512233,0.034419443981227815,0.12126879005169497,-0.01608828435890613,0.011143515025563579,-0.0019826737872020595,0.15228238925337792,-0.04314304590225215,-0.01822807788848868,0.8403018116950989,0.7277172207832336,1.2325743436813354,-0.038986593,-0.0036475435,0.035242695,325.0,1740111822.985021,0.06056981533765793,0.06267036497592926,0.17088928818702698,0.15168556571006775,-0.052182599902153015,-0.05864857882261276,0.03919919580221176,0.23995688557624817,0.2210373729467392,0.0762491375207901,0.12457765638828278,0.27401265501976013,0.1603706330060959,-0.03837917000055313,0.21865606307983398,0.04087002947926521,0.19565699994564056,0.06437312066555023,-0.09296979010105133,0.09462232142686844,-0.07685796916484833,-0.26235195994377136,-0.16418959200382233,0.05653376132249832,0.10774024575948715,-0.06501626968383789,0.25383782386779785,-0.03122149407863617,-0.04637881740927696,0.2309502363204956,-0.13090801239013672,0.009825613349676132
0.05204693228006363,0.6583556532859802,1.3876259326934814,-0.04299318674512233,0.034419443981227815,0.12126879005169497,-0.008341678061169791,0.01201215170299869,-0.00010131083313715558,0.15204693228006363,-0.04164434671401973,-0.012374067306518466,0.8403018116950989,0.7277172207832336,1.2325743436813354,-0.03494346,-0.002089031,0.028892942,326.0,1740111823.0159369,0.06031358242034912,0.06262225657701492,0.17063239216804504,0.1516396850347519,-0.05204232037067413,-0.05866949260234833,0.03976282849907875,0.23971356451511383,0.2209780216217041,0.07613065838813782,0.12418699264526367,0.27399200201034546,0.16055215895175934,-0.03870657831430435,0.21840600669384003,0.041190508753061295,0.19516906142234802,0.06432442367076874,-0.09312726557254791,0.0946434959769249,-0.07768187671899796,-0.2615537643432617,-0.16410349309444427,0.05656541883945465,0.10830581933259964,-0.06475784629583359,0.25365132093429565,-0.03177237510681152,-0.04632382467389107,0.23063430190086365,-0.13081051409244537,0.009921196848154068
0.050257325172424316,0.660557746887207,1.3933640718460083,-0.01134485853345084,0.04351275108770687,0.11165134493686625,-0.01827951885834449,0.01137955216765497,-0.0010015513948506945,0.15051452666521073,-0.04009909629821773,-0.008647823333740146,0.8403018116950989,0.7277172207832336,1.2325743436813354,-0.03494346,-0.002089031,0.028892942,327.0,1740111823.0509126,0.06031358242034912,0.06262225657701492,0.17063239216804504,0.1516396850347519,-0.05204232037067413,-0.05866949260234833,0.03976282849907875,0.23971356451511383,0.2209780216217041,0.07613065838813782,0.12418699264526367,0.27399200201034546,0.16055215895175934,-0.03870657831430435,0.21840600669384003,0.041190508753061295,0.19516906142234802,0.06432442367076874,-0.09312726557254791,0.0946434959769249,-0.07768187671899796,-0.2615537643432617,-0.16410349309444427,0.05656541883945465,0.10830581933259964,-0.06475784629583359,0.25365132093429565,-0.03177237510681152,-0.04632382467389107,0.23063430190086365,-0.13081051409244537,0.009921196848154068
0.049669597297906876,0.6615862250328064,1.3971507549285889,-0.01134485853345084,0.04351275108770687,0.11165134493686625,-0.017656669516174547,0.006959583558269446,0.00023074859296229748,0.15025732517242432,-0.039442253112792924,-0.00663592815399161,0.8403018116950989,0.7277172207832336,1.2325743436813354,-0.027853578,-0.0031936392,0.030614838,328.0,1740111823.0849974,0.06196765601634979,0.06263221800327301,0.16997447609901428,0.14841583371162415,-0.05040718615055084,-0.05904266983270645,0.03919992223381996,0.23686042428016663,0.2220698893070221,0.07585735619068146,0.12257374823093414,0.27205830812454224,0.1597316861152649,-0.038516607135534286,0.21874547004699707,0.0418977215886116,0.19521363079547882,0.06300868093967438,-0.09111849963665009,0.09257873147726059,-0.07864376157522202,-0.2600475251674652,-0.16294819116592407,0.0557880625128746,0.11059016734361649,-0.06346246600151062,0.2524152398109436,-0.03177761286497116,-0.046635065227746964,0.22870218753814697,-0.13087965548038483,0.013225823640823364
0.04963168501853943,0.6619554758071899,1.4008289575576782,-0.02023545495589938,0.029554681431995463,0.11329403748195234,-0.00763595228595512,0.004836580072783752,0.006429067450603615,0.14943618550896645,-0.03784389495849605,-0.0009097099304198331,0.8403018116950989,0.7277172207832336,1.2325743436813354,-0.026498362,-0.0016171783,0.024914421,329.0,1740111823.1181777,0.06769289076328278,0.06267542392015457,0.17519959807395935,0.14891506731510162,-0.051506660878658295,-0.05838389694690704,0.040126170963048935,0.2407502979040146,0.23045359551906586,0.07679665088653564,0.12304237484931946,0.27829840779304504,0.16329483687877655,-0.03881772235035896,0.22763022780418396,0.046951744705438614,0.20158982276916504,0.06424559652805328,-0.09337334334850311,0.09411359578371048,-0.08123134076595306,-0.2632409632205963,-0.16677507758140564,0.05683917552232742,0.1182810366153717,-0.0651489794254303,0.25608450174331665,-0.03223206102848053,-0.047066736966371536,0.23447975516319275,-0.13876236975193024,0.016368020325899124
0.048716552555561066,0.6631515622138977,1.4048048257827759,-0.02023545495589938,0.029554681431995463,0.11329403748195234,-0.014583897916716873,0.0035100210983345574,0.004707077615842272,0.14883436113595963,-0.03741557598114009,0.0028162956237793857,0.8403018116950989,0.7277172207832336,1.2325743436813354,-0.02977746,-0.001959093,0.02752228,330.0,1740111823.1504512,0.0684601292014122,0.06247241050004959,0.17637597024440765,0.15048354864120483,-0.05352884531021118,-0.05659549683332443,0.04174694046378136,0.24356842041015625,0.23251338303089142,0.07667037844657898,0.12232393026351929,0.2814372777938843,0.16538381576538086,-0.039308685809373856,0.22959980368614197,0.049624860286712646,0.20331533253192902,0.06589902937412262,-0.09560446441173553,0.09618835896253586,-0.08134225755929947,-0.26245632767677307,-0.1686355620622635,0.05706389993429184,0.12049610912799835,-0.06658563762903214,0.25659048557281494,-0.03154931962490082,-0.0456896536052227,0.2376745641231537,-0.1422177106142044,0.014071572571992874
0.048957400023937225,0.664463996887207,1.4088042974472046,-0.02023545495589938,0.029554681431995463,0.11329403748195234,-0.007996731015685566,-0.002003398733998368,0.007160862961662302,0.14871655255556107,-0.03684843778610225,0.004804825782775968,0.8403018116950989,0.7277172207832336,1.2325743436813354,-0.02356632,-0.003005363,0.028797835,331.0,1740111823.1834517,0.0673011988401413,0.06286212801933289,0.17431201040744781,0.14813148975372314,-0.05093684792518616,-0.05878899246454239,0.03952464088797569,0.2392992377281189,0.23009274899959564,0.07605378329753876,0.122165247797966,0.2767363488674164,0.16299255192279816,-0.039796777069568634,0.22667020559310913,0.04664085805416107,0.2013651579618454,0.06409589946269989,-0.09355540573596954,0.09333295375108719,-0.0820300430059433,-0.26178351044654846,-0.1664811223745346,0.05629550665616989,0.11884435266256332,-0.0647818073630333,0.2558641731739044,-0.03213372826576233,-0.04704028740525246,0.2328374981880188,-0.1381109356880188,0.016977714374661446
0.048835448920726776,0.6648244857788086,1.4109081029891968,-0.02023545495589938,0.029554681431995463,0.11329403748195234,-0.008025628201363719,-0.0024331745507282505,0.006040373330385943,0.14883544892072678,-0.03517551422119136,0.010908102989196866,0.8403018116950989,0.7277172207832336,1.2325743436813354,-0.02356632,-0.003005363,0.028797835,332.0,1740111823.217448,0.0673011988401413,0.06286212801933289,0.17431201040744781,0.14813148975372314,-0.05093684792518616,-0.05878899246454239,0.03952464088797569,0.2392992377281189,0.23009274899959564,0.07605378329753876,0.122165247797966,0.2767363488674164,0.16299255192279816,-0.039796777069568634,0.22667020559310913,0.04664085805416107,0.2013651579618454,0.06409589946269989,-0.09355540573596954,0.09333295375108719,-0.0820300430059433,-0.26178351044654846,-0.1664811223745346,0.05629550665616989,0.11884435266256332,-0.0647818073630333,0.2558641731739044,-0.03213372826576233,-0.04704028740525246,0.2328374981880188,-0.1381109356880188,0.016977714374661446
0.04815632104873657,0.6668331027030945,1.4164501428604126,-0.009421030365144438,0.032623462675183526,0.11987677566974926,-0.009352617085452129,-0.004467050858250593,0.009971965530357313,0.1475151799619198,-0.0340450525283813,0.014371490478515714,0.8403018116950989,0.7277172207832336,1.2325743436813354,-0.026639171,-0.003535889,0.031854056,333.0,1740111823.251003,0.06842358410358429,0.06203008443117142,0.17588578164577484,0.1494825929403305,-0.05345236510038376,-0.0559045672416687,0.04141544923186302,0.24311773478984833,0.23183977603912354,0.07558812201023102,0.12102299928665161,0.280303031206131,0.16520202159881592,-0.03861657530069351,0.2287772297859192,0.05003915727138519,0.20288637280464172,0.0654914379119873,-0.095635786652565,0.09553255885839462,-0.08065149933099747,-0.26090705394744873,-0.16823019087314606,0.05646515637636185,0.12102960050106049,-0.06655239313840866,0.2556383013725281,-0.03100878745317459,-0.044603969901800156,0.2373378872871399,-0.1423436999320984,0.013675897382199764
0.04764435440301895,0.6681752800941467,1.420257806777954,-0.009421030365144438,0.032623462675183526,0.11987677566974926,-0.008404108405373182,-0.004294281254884585,0.00893663829234358,0.14815632104873658,-0.03316689729690547,0.016450142860412686,0.8403018116950989,0.7277172207832336,1.2325743436813354,-0.024382025,-0.0028382987,0.028777651,334.0,1740111823.2837477,0.0722217708826065,0.06303896009922028,0.1790527105331421,0.148326113820076,-0.05261709541082382,-0.057763390243053436,0.04039415717124939,0.24291440844535828,0.2382262945175171,0.0752653181552887,0.12173888087272644,0.2819235026836395,0.16643837094306946,-0.03984413668513298,0.2340490221977234,0.05161575973033905,0.20715372264385223,0.0651141107082367,-0.09531199932098389,0.09403610974550247,-0.08385958522558212,-0.26404839754104614,-0.16937939822673798,0.05605795979499817,0.1265106201171875,-0.06622019410133362,0.2584572732448578,-0.031140446662902832,-0.04658789560198784,0.23804372549057007,-0.14561517536640167,0.019135374575853348
0.04755423218011856,0.6687753796577454,1.4221527576446533,-0.009421030365144438,0.032623462675183526,0.11987677566974926,-0.007898926994560927,-0.005819221438747464,0.009318823809092805,0.14755423218011857,-0.031224620342254594,0.02215275764465341,0.8403018116950989,0.7277172207832336,1.2325743436813354,-0.020754203,0.00079319626,0.015568189,335.0,1740111823.3174896,0.07331585884094238,0.06342892348766327,0.18067896366119385,0.148747056722641,-0.05281038582324982,-0.05826832354068756,0.040277931839227676,0.24394041299819946,0.24061055481433868,0.07520575821399689,0.12243349850177765,0.2831639349460602,0.1673700511455536,-0.040353383868932724,0.2363855540752411,0.05220763757824898,0.20887067914009094,0.06537076830863953,-0.09590992331504822,0.09380552917718887,-0.08497228473424911,-0.26576855778694153,-0.17020218074321747,0.0562988817691803,0.12843120098114014,-0.06661750376224518,0.260032594203949,-0.03137780725955963,-0.04716620221734047,0.23900115489959717,-0.14725252985954285,0.02056850865483284
0.04607214406132698,0.6714580655097961,1.4276176691055298,-0.022205705831070708,0.044593985027628624,0.11627551418731946,-0.017253617921156376,-0.004053925024226358,0.007715220692317921,0.14624802619218827,-0.029878568649291948,0.025603508949279874,0.8403018116950989,0.7277172207832336,1.2325743436813354,-0.015676841,0.0023114309,0.0023701042,336.0,1740111823.3533628,0.07405384629964828,0.06306585669517517,0.18066489696502686,0.14675118029117584,-0.05204368382692337,-0.05874650552868843,0.040107257664203644,0.24251073598861694,0.24158014357089996,0.07432253658771515,0.12139034271240234,0.28189289569854736,0.16735319793224335,-0.04030323773622513,0.23647549748420715,0.052917663007974625,0.20892556011676788,0.06461456418037415,-0.09532245993614197,0.09262118488550186,-0.08547228574752808,-0.26495280861854553,-0.1694442182779312,0.055637843906879425,0.1303449273109436,-0.06608467549085617,0.2596583962440491,-0.03111410140991211,-0.046693895012140274,0.23801884055137634,-0.14766378700733185,0.022104542702436447
0.045048706233501434,0.6727992296218872,1.431092619895935,-0.022205705831070708,0.044593985027628624,0.11627551418731946,-0.009316294736683885,-0.015395140030526555,0.00018174033292951415,0.146072144061327,-0.028541934490203813,0.027617669105529874,0.8403018116950989,0.7277172207832336,1.2325743436813354,-0.011085957,0.002193071,0.00030483305,337.0,1740111823.3836987,0.07573862373828888,0.06393107771873474,0.18136709928512573,0.1438746303319931,-0.04912994056940079,-0.061091139912605286,0.037554848939180374,0.24008463323116302,0.24358971416950226,0.07442201673984528,0.12250986695289612,0.27958250045776367,0.16625092923641205,-0.03981656953692436,0.23762992024421692,0.0516093373298645,0.2096860408782959,0.06240877881646156,-0.09296554327011108,0.08932856470346451,-0.08665832132101059,-0.26709866523742676,-0.16827672719955444,0.055331625044345856,0.1317194104194641,-0.06426543742418289,0.2602507472038269,-0.03154142200946808,-0.04899798706173897,0.23526281118392944,-0.14653229713439941,0.027429137378931046
0.045018065720796585,0.6748567223548889,1.4346797466278076,-0.022205705831070708,0.044593985027628624,0.11627551418731946,-0.01882655544180948,-0.0022972463891456026,0.006660556408648415,0.14525842145085335,-0.026057314872741655,0.032886838912963956,0.8403018116950989,0.7277172207832336,1.2325743436813354,-0.011085957,0.002193071,0.00030483305,338.0,1740111823.4177737,0.07573862373828888,0.06393107771873474,0.18136709928512573,0.1438746303319931,-0.04912994056940079,-0.061091139912605286,0.037554848939180374,0.24008463323116302,0.24358971416950226,0.07442201673984528,0.12250986695289612,0.27958250045776367,0.16625092923641205,-0.03981656953692436,0.23762992024421692,0.0516093373298645,0.2096860408782959,0.06240877881646156,-0.09296554327011108,0.08932856470346451,-0.08665832132101059,-0.26709866523742676,-0.16827672719955444,0.055331625044345856,0.1317194104194641,-0.06426543742418289,0.2602507472038269,-0.03154142200946808,-0.04899798706173897,0.23526281118392944,-0.14653229713439941,0.027429137378931046
0.044588569551706314,0.676767885684967,1.437970519065857,-0.01426544170549949,0.05638025672546385,0.10713928357014209,-0.019131851307214308,-0.003697028970524831,0.007086561418038543,0.1448204018175602,-0.02423627376556392,0.03632555007934579,0.8403018116950989,0.7277172207832336,1.2325743436813354,-0.009030722,0.0029071346,-0.0032647103,339.0,1740111823.4501421,0.08273562043905258,0.06493818759918213,0.18520621955394745,0.1321391463279724,-0.039357200264930725,-0.06726305931806564,0.03213023766875267,0.23151202499866486,0.2515632212162018,0.07614129781723022,0.12457701563835144,0.2745136320590973,0.16522639989852905,-0.03808480501174927,0.24312764406204224,0.051845405250787735,0.2120867371559143,0.055768031626939774,-0.08400915563106537,0.08158653974533081,-0.09065801650285721,-0.27339476346969604,-0.16602389514446259,0.0542752742767334,0.13813231885433197,-0.05948406457901001,0.2630966305732727,-0.03249844163656235,-0.053920816630125046,0.23022061586380005,-0.1450422704219818,0.0443248525261879
0.04409933462738991,0.678097128868103,1.4410423040390015,-0.01426544170549949,0.05638025672546385,0.10713928357014209,-0.014783864869311044,-0.0026826457723647824,0.008961184110503386,0.14458856955170632,-0.023232114315032915,0.03797051906585702,0.8403018116950989,0.7277172207832336,1.2325743436813354,-0.0018234774,0.0024855286,-0.0041445494,340.0,1740111823.4843104,0.08550841361284256,0.0650438666343689,0.1876896172761917,0.1317887157201767,-0.03983180224895477,-0.06759524345397949,0.03188134729862213,0.2332594245672226,0.25548508763313293,0.07582870125770569,0.12492617964744568,0.2767443358898163,0.16668497025966644,-0.037944357842206955,0.24702951312065125,0.053285010159015656,0.21515321731567383,0.05603809282183647,-0.0847238153219223,0.08132123947143555,-0.09175309538841248,-0.2754792869091034,-0.1674523800611496,0.05420143902301788,0.14121830463409424,-0.06006808578968048,0.2653954029083252,-0.032205842435359955,-0.05407768115401268,0.23222750425338745,-0.14808063209056854,0.04652080312371254
0.04393523186445236,0.6797053217887878,1.4427134990692139,-0.01426544170549949,0.05638025672546385,0.10713928357014209,-0.01850301902832389,-0.003573080946415068,0.007269528893136992,0.14393523186445237,-0.020294678211212114,0.042713499069213956,0.8403018116950989,0.7277172207832336,1.2325743436813354,-0.0010121465,0.0029845536,-0.014382303,341.0,1740111823.5176418,0.08590908348560333,0.06468953937292099,0.18828155100345612,0.13211874663829803,-0.04080925136804581,-0.06682080030441284,0.03328712284564972,0.23399747908115387,0.25624987483024597,0.07579055428504944,0.1243295818567276,0.27808836102485657,0.16740241646766663,-0.03814029321074486,0.24800771474838257,0.05459701642394066,0.21556833386421204,0.056762952357530594,-0.08507601916790009,0.08234567940235138,-0.09189078211784363,-0.27509599924087524,-0.16786108911037445,0.05424731224775314,0.14220425486564636,-0.06063861399888992,0.2654188871383667,-0.03237582743167877,-0.05331790819764137,0.23375949263572693,-0.14975373446941376,0.045639313757419586
0.043208442628383636,0.6827724575996399,1.4466649293899536,-0.013447513838253048,0.058469229652348076,0.08625463181197081,-0.020273619261149383,0.00084282436966572,0.008121457866319109,0.14341652989387513,-0.01824773550033565,0.045427894592285245,0.8403018116950989,0.7277172207832336,1.2325743436813354,-0.0010121465,0.0029845536,-0.014382303,342.0,1740111823.551111,0.08590908348560333,0.06468953937292099,0.18828155100345612,0.13211874663829803,-0.04080925136804581,-0.06682080030441284,0.03328712284564972,0.23399747908115387,0.25624987483024597,0.07579055428504944,0.1243295818567276,0.27808836102485657,0.16740241646766663,-0.03814029321074486,0.24800771474838257,0.05459701642394066,0.21556833386421204,0.056762952357530594,-0.08507601916790009,0.08234567940235138,-0.09189078211784363,-0.27509599924087524,-0.16786108911037445,0.05424731224775314,0.14220425486564636,-0.06063861399888992,0.2654188871383667,-0.03237582743167877,-0.05331790819764137,0.23375949263572693,-0.14975373446941376,0.045639313757419586
0.04220777750015259,0.6845825910568237,1.4489495754241943,-0.013447513838253048,0.058469229652348076,0.08625463181197081,-0.011703652996907368,0.004110040888559297,0.00831005818539558,0.14320844262838364,-0.017227542400360063,0.0466649293899537,0.8403018116950989,0.7277172207832336,1.2325743436813354,-0.0036223605,0.0032359809,-0.015152551,343.0,1740111823.585516,0.08659035712480545,0.06455732882022858,0.1885240226984024,0.13143208622932434,-0.04116789996623993,-0.06582911312580109,0.03377401456236839,0.2339228093624115,0.25734052062034607,0.0750986635684967,0.12300224602222443,0.27831631898880005,0.16766373813152313,-0.03806205093860626,0.2486875355243683,0.056150685995817184,0.2159196138381958,0.056895311921834946,-0.08507587015628815,0.08241927623748779,-0.09199237078428268,-0.2733880281448364,-0.16789887845516205,0.0536719411611557,0.14394721388816833,-0.060779549181461334,0.26466161012649536,-0.03166157752275467,-0.05242345109581947,0.23447173833847046,-0.15130820870399475,0.045415133237838745
0.0422494076192379,0.6870220899581909,1.451032042503357,-0.013447513838253048,0.058469229652348076,0.08625463181197081,-0.020474564029964667,0.004513216318442047,0.006901086186985102,0.14336270317435265,-0.01449341773986812,0.050176477432251065,0.8403018116950989,0.7277172207832336,1.2325743436813354,0.006443605,0.0030199513,-0.017693311,344.0,1740111823.6181345,0.09010930359363556,0.06447809934616089,0.18931087851524353,0.12770310044288635,-0.03965701162815094,-0.06634295731782913,0.032661184668540955,0.23212118446826935,0.261382132768631,0.07409584522247314,0.1213320940732956,0.27740681171417236,0.16758258640766144,-0.03762248158454895,0.2515774369239807,0.058137837797403336,0.2180367112159729,0.05551283434033394,-0.08384357392787933,0.07973413914442062,-0.09355023503303528,-0.2726588547229767,-0.16743798553943634,0.05289649963378906,0.1486276388168335,-0.059520572423934937,0.2645878195762634,-0.031526267528533936,-0.05278320983052254,0.2337045967578888,-0.15355336666107178,0.050539471209049225
0.0356253907084465,0.6850187182426453,1.4517531394958496,-0.07579246308153874,0.022451333401645693,0.050856565492885586,-0.005237508340202059,0.005658883764631265,0.03391160139879336,0.14204785078763962,-0.011948359012603715,0.05200407505035409,0.8403018116950989,0.7277172207832336,1.2325743436813354,-0.0010926276,0.0033582747,-0.018342316,345.0,1740111823.6510262,0.09258507937192917,0.06428755819797516,0.19215211272239685,0.12869614362716675,-0.04124421626329422,-0.06556050479412079,0.034205976873636246,0.234134703874588,0.26594898104667664,0.07410755753517151,0.12144593894481659,0.2812824547290802,0.17030051350593567,-0.03828708827495575,0.2561882734298706,0.06154632195830345,0.2211979180574417,0.05676500126719475,-0.08540593087673187,0.08181526511907578,-0.09507434070110321,-0.2735918462276459,-0.16976924240589142,0.053259626030921936,0.15283572673797607,-0.06072898954153061,0.2668001055717468,-0.031574420630931854,-0.05208766087889671,0.2377830147743225,-0.1579928994178772,0.05066969245672226
0.04152892902493477,0.691175639629364,1.4543509483337402,-0.07579246308153874,0.022451333401645693,0.050856565492885586,-0.019272468802727264,0.007463827251606409,0.004630538250049895,0.1356253907084465,-0.014981281757354692,0.0517531394958497,0.8403018116950989,0.7277172207832336,1.2325743436813354,-0.0010926276,0.0033582747,-0.018342316,346.0,1740111823.6834738,0.09258507937192917,0.06428755819797516,0.19215211272239685,0.12869614362716675,-0.04124421626329422,-0.06556050479412079,0.034205976873636246,0.234134703874588,0.26594898104667664,0.07410755753517151,0.12144593894481659,0.2812824547290802,0.17030051350593567,-0.03828708827495575,0.2561882734298706,0.06154632195830345,0.2211979180574417,0.05676500126719475,-0.08540593087673187,0.08181526511907578,-0.09507434070110321,-0.2735918462276459,-0.16976924240589142,0.053259626030921936,0.15283572673797607,-0.06072898954153061,0.2668001055717468,-0.031574420630931854,-0.05208766087889671,0.2377830147743225,-0.1579928994178772,0.05066969245672226
0.039726343005895615,0.6904928684234619,1.4551514387130737,-0.07579246308153874,0.022451333401645693,0.050856565492885586,0.007012015773305192,-0.007138342101382179,-0.009283106569131653,0.13972634300589562,-0.009507131576538042,0.05515143871307382,0.8403018116950989,0.7277172207832336,1.2325743436813354,-0.0010926276,0.0033582747,-0.018342316,347.0,1740111823.7172692,0.09258507937192917,0.06428755819797516,0.19215211272239685,0.12869614362716675,-0.04124421626329422,-0.06556050479412079,0.034205976873636246,0.234134703874588,0.26594898104667664,0.07410755753517151,0.12144593894481659,0.2812824547290802,0.17030051350593567,-0.03828708827495575,0.2561882734298706,0.06154632195830345,0.2211979180574417,0.05676500126719475,-0.08540593087673187,0.08181526511907578,-0.09507434070110321,-0.2735918462276459,-0.16976924240589142,0.053259626030921936,0.15283572673797607,-0.06072898954153061,0.2668001055717468,-0.031574420630931854,-0.05208766087889671,0.2377830147743225,-0.1579928994178772,0.05066969245672226
0.04031841829419136,0.6949018836021423,1.4568036794662476,0.04688270353406882,0.09873146983727754,0.050454203345909075,-0.010414981116274091,0.014395368686770707,0.0016020309954642034,0.1361713543534279,-0.009091269969940141,0.054370856285095304,0.8403018116950989,0.7277172207832336,1.2325743436813354,-0.003978312,0.003481768,-0.015589185,348.0,1740111823.7535033,0.09288523346185684,0.06430354714393616,0.19197265803813934,0.12728536128997803,-0.04026740789413452,-0.06513184309005737,0.03421502560377121,0.23288795351982117,0.26608288288116455,0.0738597959280014,0.12065164744853973,0.2802983820438385,0.17008867859840393,-0.03785740211606026,0.2558351159095764,0.062132786959409714,0.22082719206809998,0.05620427802205086,-0.08431695401668549,0.08122023940086365,-0.09500979632139206,-0.27230098843574524,-0.1694626659154892,0.05287345498800278,0.15365815162658691,-0.060227490961551666,0.26575031876564026,-0.03148979693651199,-0.051612738519907,0.23715132474899292,-0.1579705774784088,0.05105184018611908
0.03899705782532692,0.695430338382721,1.4576746225357056,0.04688270353406882,0.09873146983727754,0.050454203345909075,0.00684728867667914,-0.00099657769871988,-0.009248129173138504,0.14031841829419137,-0.005098116397857622,0.05680367946624765,0.8403018116950989,0.7277172207832336,1.2325743436813354,0.0007006824,0.00346791,-0.011788674,349.0,1740111823.7857163,0.09273894876241684,0.0639495924115181,0.1911480575799942,0.1262410432100296,-0.040074422955513,-0.06513122469186783,0.03475819155573845,0.2313900589942932,0.26616743206977844,0.0731932669878006,0.11953556537628174,0.2794877290725708,0.17037782073020935,-0.038269296288490295,0.25521427392959595,0.06288646906614304,0.22047699987888336,0.05608683452010155,-0.08373318612575531,0.08103759586811066,-0.09568994492292404,-0.2709672451019287,-0.16900040209293365,0.05273101478815079,0.15449559688568115,-0.059913598001003265,0.2649686336517334,-0.03205431252717972,-0.05104118213057518,0.23634982109069824,-0.15791870653629303,0.05137322470545769
0.0372924767434597,0.6961402297019958,1.4568320512771606,0.04688270353406882,0.09873146983727754,0.050454203345909075,0.020566734760774717,0.00489647673931166,0.013726535788167097,0.1405425988137722,-0.001943123340606645,0.05798683166503915,0.8403018116950989,0.7277172207832336,1.2325743436813354,0.008530594,0.003439352,-0.018782958,350.0,1740111823.8253393,0.09411972761154175,0.06426280736923218,0.19374436140060425,0.1278906762599945,-0.04098089039325714,-0.06562388688325882,0.0352507084608078,0.23402248322963715,0.26917752623558044,0.07380491495132446,0.12104484438896179,0.28269654512405396,0.1722312569618225,-0.03889742121100426,0.2588036358356476,0.06377948075532913,0.2229825109243393,0.05696353688836098,-0.0851733535528183,0.08211571723222733,-0.09713805466890335,-0.2741280496120453,-0.17079013586044312,0.053638212382793427,0.15629972517490387,-0.060787707567214966,0.267863392829895,-0.03284434974193573,-0.05203838273882866,0.23892268538475037,-0.16026967763900757,0.052200812846422195
0.03705138713121414,0.6978813409805298,1.4572093486785889,0.04688270353406882,0.09873146983727754,0.050454203345909075,0.01870559259373427,0.0058566835298994495,0.015453494986701333,0.1412726104259491,-0.0005873560905456099,0.05852863788604745,0.8403018116950989,0.7277172207832336,1.2325743436813354,0.009055719,0.003545411,-0.019455694,351.0,1740111823.8509147,0.09509257227182388,0.06451603025197983,0.1940675526857376,0.12738540768623352,-0.04041443020105362,-0.06705453991889954,0.03447665274143219,0.23318564891815186,0.2707640528678894,0.07361797988414764,0.12143228948116302,0.28265389800071716,0.1725786328315735,-0.03997548297047615,0.2601587176322937,0.06353892385959625,0.224421888589859,0.05692155286669731,-0.08532959222793579,0.08132749795913696,-0.09917595982551575,-0.27521079778671265,-0.1711328625679016,0.053812891244888306,0.15777483582496643,-0.06046131253242493,0.2692684829235077,-0.03373078256845474,-0.05319676175713539,0.237865149974823,-0.16048651933670044,0.05489733815193176
0.03927897289395332,0.7026351690292358,1.4588924646377563,-0.0054616295303291105,0.052973319742676515,0.017088135673887693,-0.03561623762972394,0.024118732515953544,-0.008727951068388161,0.13705138713121415,-0.0021186590194701704,0.057209348678588956,0.8403018116950989,0.7277172207832336,1.2325743436813354,0.009055719,0.003545411,-0.019455694,352.0,1740111823.8846283,0.09509257227182388,0.06451603025197983,0.1940675526857376,0.12738540768623352,-0.04041443020105362,-0.06705453991889954,0.03447665274143219,0.23318564891815186,0.2707640528678894,0.07361797988414764,0.12143228948116302,0.28265389800071716,0.1725786328315735,-0.03997548297047615,0.2601587176322937,0.06353892385959625,0.224421888589859,0.05692155286669731,-0.08532959222793579,0.08132749795913696,-0.09917595982551575,-0.27521079778671265,-0.1711328625679016,0.053812891244888306,0.15777483582496643,-0.06046131253242493,0.2692684829235077,-0.03373078256845474,-0.05319676175713539,0.237865149974823,-0.16048651933670044,0.05489733815193176
0.039987802505493164,0.7032078504562378,1.4589903354644775,-0.0054616295303291105,0.052973319742676515,0.017088135673887693,-0.020087088645832342,0.016154541609776057,0.0031622207673730773,0.13998780250549317,0.0032078504562378374,0.05899033546447763,0.8403018116950989,0.7277172207832336,1.2325743436813354,0.00884565,0.003702253,-0.022225626,353.0,1740111823.9176185,0.09630683064460754,0.06478773057460785,0.19469673931598663,0.1269257664680481,-0.04065365344285965,-0.06699085980653763,0.03414114937186241,0.23335793614387512,0.272613525390625,0.07320922613143921,0.12086477875709534,0.28301742672920227,0.17274144291877747,-0.04025248810648918,0.2617223560810089,0.0642792284488678,0.22588449716567993,0.05704904720187187,-0.0857308954000473,0.08062557876110077,-0.09994252026081085,-0.2749766707420349,-0.17141354084014893,0.05352470278739929,0.15992426872253418,-0.06060250848531723,0.2695072591304779,-0.033334970474243164,-0.053457293659448624,0.23796629905700684,-0.1620413362979889,0.056194547563791275
0.03844095394015312,0.7037096619606018,1.4589608907699585,-0.0054616295303291105,0.052973319742676515,0.017088135673887693,0.00679611885216315,0.0009249892420584684,-0.007276492807751328,0.14008353874087334,0.004765498638153121,0.05895087718963632,0.8403018116950989,0.7277172207832336,1.2325743436813354,0.009615019,0.0038303286,-0.02641321,354.0,1740111823.950278,0.09647317230701447,0.06471116840839386,0.19526486098766327,0.126897931098938,-0.04021067172288895,-0.06786803156137466,0.03445110470056534,0.23320423066616058,0.27346765995025635,0.07348914444446564,0.12163056433200836,0.28351110219955444,0.1735278218984604,-0.040486209094524384,0.2624233067035675,0.06435868889093399,0.22630974650382996,0.056937556713819504,-0.08551293611526489,0.08078489452600479,-0.10078611224889755,-0.2764083743095398,-0.17183594405651093,0.05411965399980545,0.1602727472782135,-0.06052473932504654,0.27055588364601135,-0.034399352967739105,-0.05370299145579338,0.2378663420677185,-0.16185113787651062,0.05694561079144478
0.03992987051606178,0.7069407105445862,1.4587104320526123,0.0024216500440422373,0.05121767633585814,-0.0013341890521119813,-0.02132969266316117,0.01576764042021071,0.004197917108283982,0.13844095394015313,0.003709661960601851,0.058960890769958585,0.8403018116950989,0.7277172207832336,1.2325743436813354,0.0062829405,0.003562495,-0.023348838,355.0,1740111823.983133,0.09753718227148056,0.06486310064792633,0.19565589725971222,0.12597231566905975,-0.039861246943473816,-0.06801435351371765,0.033905550837516785,0.23291417956352234,0.27493470907211304,0.07311785221099854,0.12120683491230011,0.2834014594554901,0.1734890639781952,-0.04036271572113037,0.26348909735679626,0.06495889276266098,0.22721248865127563,0.05643985792994499,-0.08535826206207275,0.07991544157266617,-0.1012343019247055,-0.2763742208480835,-0.17186781764030457,0.05387916415929794,0.1619940996170044,-0.060245826840400696,0.2705649137496948,-0.0341147854924202,-0.05397520586848259,0.23759153485298157,-0.1626529097557068,0.0584254153072834
0.03674948960542679,0.7047252655029297,1.4570105075836182,0.0024216500440422373,0.05121767633585814,-0.0013341890521119813,0.0171309620828126,0.005035681399977892,0.015372401551795792,0.1367494896054268,0.004725265502929732,0.05701050758361825,0.8403018116950989,0.7277172207832336,1.2325743436813354,0.0057206675,0.0035378262,-0.024429739,356.0,1740111824.0172644,0.0970732569694519,0.0648786872625351,0.1946980208158493,0.1249617487192154,-0.03898904472589493,-0.0687364712357521,0.03363794460892677,0.2311418205499649,0.27423855662345886,0.07279707491397858,0.12073388695716858,0.28188443183898926,0.17284847795963287,-0.04079480469226837,0.26235857605934143,0.06426438689231873,0.22644126415252686,0.056014854460954666,-0.08469755947589874,0.07901407033205032,-0.10201069712638855,-0.27550482749938965,-0.17106878757476807,0.05365539342164993,0.16190305352210999,-0.059551969170570374,0.2700527608394623,-0.03462572395801544,-0.05424037203192711,0.23566284775733948,-0.16136328876018524,0.05944705754518509
0.03924228250980377,0.70915687084198,1.4577518701553345,0.0024216500440422373,0.05121767633585814,-0.0013341890521119813,-0.010121125960307377,0.028303626846833966,0.015902627481295412,0.136641463637352,0.006014513969421431,0.05657980442047128,0.8403018116950989,0.7277172207832336,1.2325743436813354,0.0057206675,0.0035378262,-0.024429739,357.0,1740111824.0506732,0.0970732569694519,0.0648786872625351,0.1946980208158493,0.1249617487192154,-0.03898904472589493,-0.0687364712357521,0.03363794460892677,0.2311418205499649,0.27423855662345886,0.07279707491397858,0.12073388695716858,0.28188443183898926,0.17284847795963287,-0.04079480469226837,0.26235857605934143,0.06426438689231873,0.22644126415252686,0.056014854460954666,-0.08469755947589874,0.07901407033205032,-0.10201069712638855,-0.27550482749938965,-0.17106878757476807,0.05365539342164993,0.16190305352210999,-0.059551969170570374,0.2700527608394623,-0.03462572395801544,-0.05424037203192711,0.23566284775733948,-0.16136328876018524,0.05944705754518509
0.03820739686489105,0.7088791728019714,1.4571266174316406,0.0024216500440422373,0.05121767633585814,-0.0013341890521119813,0.00817120463122971,-0.0005465491170337611,-0.004840587740910199,0.13924228250980378,0.009156870841980025,0.05775187015533456,0.8403018116950989,0.7277172207832336,1.2325743436813354,0.0039259642,0.003411442,-0.025933184,358.0,1740111824.084931,0.09703268110752106,0.06496281176805496,0.19504374265670776,0.1258450299501419,-0.039289988577365875,-0.06877212226390839,0.033962540328502655,0.23199640214443207,0.2745266258716583,0.07317490875720978,0.12120075523853302,0.2828099727630615,0.17330382764339447,-0.040988799184560776,0.2627677023410797,0.06424058228731155,0.2268427312374115,0.05651058629155159,-0.08524532616138458,0.07967568188905716,-0.10233202576637268,-0.27621695399284363,-0.17157267034053802,0.054080404341220856,0.16172495484352112,-0.05985836684703827,0.27075737714767456,-0.035055287182331085,-0.054402466863393784,0.23617875576019287,-0.1616305708885193,0.05906621366739273
0.033472076058387756,0.7076056599617004,1.4550528526306152,-0.04782452113285483,0.006760330048738078,-0.030532913727791922,-0.005772413487790722,0.01644260200559716,0.03250145987176697,0.13423787653446198,0.007745313644409224,0.05507645606994638,0.8403018116950989,0.7277172207832336,1.2325743436813354,0.004323676,0.0033434257,-0.024354205,359.0,1740111824.118398,0.09689688682556152,0.06497973948717117,0.19454853236675262,0.12541909515857697,-0.0389745756983757,-0.0695645809173584,0.03412459045648575,0.2309752255678177,0.27464160323143005,0.07318136096000671,0.12093918025493622,0.2823867201805115,0.17323274910449982,-0.04184240475296974,0.26267939805984497,0.06390242278575897,0.2268436700105667,0.05656750127673149,-0.08506856858730316,0.07935409247875214,-0.10375680774450302,-0.27603983879089355,-0.1712673306465149,0.0543217808008194,0.16209763288497925,-0.05949128419160843,0.2709811329841614,-0.03596751391887665,-0.05498691275715828,0.2349683940410614,-0.16091950237751007,0.06013181805610657
0.03814232721924782,0.7110374569892883,1.4553087949752808,-0.04782452113285483,0.006760330048738078,-0.030532913727791922,0.008037565875992565,0.0003362185232653204,-0.006007515467957169,0.1381547510623932,0.010483014583587691,0.05584905147552499,0.8403018116950989,0.7277172207832336,1.2325743436813354,0.0034743026,0.0034421533,-0.023174807,360.0,1740111824.151131,0.09742464125156403,0.0651673898100853,0.19469699263572693,0.1255364865064621,-0.039140693843364716,-0.0701763927936554,0.03384606912732124,0.2309461385011673,0.2757229506969452,0.07313577830791473,0.1210046112537384,0.2827416658401489,0.17338623106479645,-0.04259549826383591,0.26363661885261536,0.06386848539113998,0.22784113883972168,0.056822795420885086,-0.08562634885311127,0.07904418557882309,-0.10493052005767822,-0.2765035331249237,-0.17153260111808777,0.05451943725347519,0.1631157100200653,-0.0594538152217865,0.2717128396034241,-0.03644026815891266,-0.05565691366791725,0.23453375697135925,-0.16132809221744537,0.06121198087930679
0.03668936342000961,0.7109569311141968,1.4527359008789062,-0.04782452113285483,0.006760330048738078,-0.030532913727791922,0.018070725685244333,0.005218854590708162,0.015760334551448804,0.13814232721924782,0.011037456989288374,0.05530879497528085,0.8403018116950989,0.7277172207832336,1.2325743436813354,0.0049254075,0.0033661723,-0.023350209,361.0,1740111824.1842356,0.0971577987074852,0.06518781185150146,0.19387853145599365,0.12493090331554413,-0.03871019929647446,-0.07049717009067535,0.033456578850746155,0.22984249889850616,0.27524232864379883,0.07274763286113739,0.12057867646217346,0.28169184923171997,0.17293520271778107,-0.04287175089120865,0.2628592848777771,0.06354419142007828,0.22744545340538025,0.05655935779213905,-0.08539363741874695,0.07842376083135605,-0.10524934530258179,-0.2756766378879547,-0.17110145092010498,0.05428183078765869,0.16314256191253662,-0.05902640521526337,0.2711999714374542,-0.03655891865491867,-0.05568702146410942,0.23327875137329102,-0.16061188280582428,0.061720844358205795
0.03908493369817734,0.7109304070472717,1.4530868530273438,0.025458656492220382,0.036914505132453486,-0.03019839456093241,0.029482443655413113,-0.0008587011928438831,-0.002922861058222737,0.13678763657808304,0.011442410945892378,0.05205199718475351,0.8403018116950989,0.7277172207832336,1.2325743436813354,0.0054694414,0.0033180043,-0.022381753,362.0,1740111824.2181876,0.09687181562185287,0.06503131240606308,0.19300910830497742,0.12447895109653473,-0.03870072215795517,-0.07050777971744537,0.033335573971271515,0.22911624610424042,0.2748226821422577,0.07212139666080475,0.11977669596672058,0.2809138000011444,0.172858327627182,-0.04310142993927002,0.26217254996299744,0.06367764621973038,0.2271767109632492,0.05652422830462456,-0.0857250988483429,0.07809271663427353,-0.10553152859210968,-0.27441173791885376,-0.1709796041250229,0.054167866706848145,0.16350743174552917,-0.05883624404668808,0.27069616317749023,-0.036759935319423676,-0.05528545752167702,0.23220768570899963,-0.1602751612663269,0.06158403307199478
0.035981252789497375,0.712446928024292,1.4490386247634888,0.025458656492220382,0.036914505132453486,-0.03019839456093241,0.004594217699402042,0.02075404932131824,0.019563665798030854,0.13818667307496071,0.013304638862609908,0.05247411727905282,0.8403018116950989,0.7277172207832336,1.2325743436813354,0.0054694414,0.0033180043,-0.022381753,363.0,1740111824.2517478,0.09687181562185287,0.06503131240606308,0.19300910830497742,0.12447895109653473,-0.03870072215795517,-0.07050777971744537,0.033335573971271515,0.22911624610424042,0.2748226821422577,0.07212139666080475,0.11977669596672058,0.2809138000011444,0.172858327627182,-0.04310142993927002,0.26217254996299744,0.06367764621973038,0.2271767109632492,0.05652422830462456,-0.0857250988483429,0.07809271663427353,-0.10553152859210968,-0.27441173791885376,-0.1709796041250229,0.054167866706848145,0.16350743174552917,-0.05883624404668808,0.27069616317749023,-0.036759935319423676,-0.05528545752167702,0.23220768570899963,-0.1602751612663269,0.06158403307199478
0.0392615869641304,0.7126594185829163,1.4504936933517456,0.025458656492220382,0.036914505132453486,-0.03019839456093241,0.0284962598551625,0.0013375547908212433,-0.005120003936228219,0.13598125278949738,0.012446928024292037,0.04903862476348886,0.8403018116950989,0.7277172207832336,1.2325743436813354,0.0039053634,0.0033278465,-0.020844221,364.0,1740111824.2829645,0.09730478376150131,0.06524516642093658,0.19290916621685028,0.12407015264034271,-0.03855597972869873,-0.07089392840862274,0.032969169318675995,0.22860169410705566,0.2756458818912506,0.07186046242713928,0.11944736540317535,0.2806727886199951,0.17260798811912537,-0.04360727220773697,0.2627788782119751,0.06379305571317673,0.22771041095256805,0.05636276677250862,-0.08598926663398743,0.0773908719420433,-0.10647282749414444,-0.2739955484867096,-0.17090700566768646,0.054068662226200104,0.16483798623085022,-0.05847229063510895,0.27065005898475647,-0.03698601573705673,-0.055836956948041916,0.23136085271835327,-0.160508930683136,0.06269961595535278
0.040711164474487305,0.7160272002220154,1.4497261047363281,0.03907062414826281,0.045655487442960316,-0.023161316055631792,-0.008081563138214398,0.017574909512772647,0.005248800991006215,0.1407111644744873,0.016027200222015425,0.049726104736328214,0.8403018116950989,0.7277172207832336,1.2325743436813354,0.00054456294,0.0034597665,-0.01926352,365.0,1740111824.3167303,0.09698235988616943,0.06509849429130554,0.19173088669776917,0.12243495881557465,-0.03777007758617401,-0.0713501051068306,0.03256954625248909,0.22652825713157654,0.2746281623840332,0.07158824801445007,0.11872756481170654,0.27869799733161926,0.1715863049030304,-0.043668344616889954,0.26137417554855347,0.06312648206949234,0.22669009864330292,0.055783960968256,-0.08469352126121521,0.07625831663608551,-0.10649296641349792,-0.27282020449638367,-0.16962261497974396,0.05354668200016022,0.1643693447113037,-0.05772959440946579,0.26949819922447205,-0.036774687469005585,-0.055908214300870895,0.22961345314979553,-0.1591883897781372,0.06367206573486328
0.03935649245977402,0.7143020629882812,1.4480643272399902,0.03907062414826281,0.045655487442960316,-0.023161316055631792,0.023914373056681894,0.002323805369101301,-0.00960548368549758,0.13922879695892335,0.013297188282012984,0.04866085052490243,0.8403018116950989,0.7277172207832336,1.2325743436813354,0.00054456294,0.0034597665,-0.01926352,366.0,1740111824.3514214,0.09698235988616943,0.06509849429130554,0.19173088669776917,0.12243495881557465,-0.03777007758617401,-0.0713501051068306,0.03256954625248909,0.22652825713157654,0.2746281623840332,0.07158824801445007,0.11872756481170654,0.27869799733161926,0.1715863049030304,-0.043668344616889954,0.26137417554855347,0.06312648206949234,0.22669009864330292,0.055783960968256,-0.08469352126121521,0.07625831663608551,-0.10649296641349792,-0.27282020449638367,-0.16962261497974396,0.05354668200016022,0.1643693447113037,-0.05772959440946579,0.26949819922447205,-0.036774687469005585,-0.055908214300870895,0.22961345314979553,-0.1591883897781372,0.06367206573486328
0.03942486643791199,0.7144208550453186,1.4466384649276733,0.03907062414826281,0.045655487442960316,-0.023161316055631792,0.025215234779397785,0.004153852251345087,-0.00533867310614965,0.13935649245977402,0.014302062988281294,0.04806432723999032,0.8403018116950989,0.7277172207832336,1.2325743436813354,-0.0016381368,0.003642857,-0.023450047,367.0,1740111824.3842869,0.0966118723154068,0.06512764096260071,0.19171692430973053,0.12346288561820984,-0.038349851965904236,-0.07126017659902573,0.03304754197597504,0.22708073258399963,0.2746102213859558,0.07182283699512482,0.11916783452033997,0.27954787015914917,0.17202605307102203,-0.04405110329389572,0.26151129603385925,0.06323129683732986,0.2267567217350006,0.05628791078925133,-0.08515836298465729,0.0770948976278305,-0.10665131360292435,-0.27327072620391846,-0.16999192535877228,0.05393853783607483,0.16390222311019897,-0.05806410312652588,0.2698642909526825,-0.037028394639492035,-0.056026358157396317,0.2301531434059143,-0.1592189073562622,0.06296321749687195
0.03957858309149742,0.7146795988082886,1.4461536407470703,0.03907062414826281,0.045655487442960316,-0.023161316055631792,0.025008398480286766,0.0021246621717986797,-0.008145285353696605,0.13957858309149743,0.014679598808288619,0.0461536407470704,0.8403018116950989,0.7277172207832336,1.2325743436813354,0.011732288,0.003949702,-0.021111727,368.0,1740111824.4168031,0.09617061913013458,0.06539260596036911,0.19129568338394165,0.1256820410490036,-0.03960833698511124,-0.07262571156024933,0.033565446734428406,0.22769644856452942,0.27420753240585327,0.07274186611175537,0.11978156864643097,0.2814316153526306,0.1723957657814026,-0.04655183106660843,0.2621749937534332,0.061962250620126724,0.22776459157466888,0.058171410113573074,-0.08668249845504761,0.07882989197969437,-0.10931211709976196,-0.2747464179992676,-0.17073090374469757,0.05513131618499756,0.16239923238754272,-0.058792002499103546,0.2722088396549225,-0.039104342460632324,-0.05800503119826317,0.2300485074520111,-0.1585628092288971,0.06333404034376144
0.0398588590323925,0.7149868011474609,1.444138765335083,-0.009049493214893668,-0.013051239940220736,-0.03559283767692025,0.024602251554812254,0.0016671182808107368,-0.006332115749107446,0.13874114528298379,0.016167211532592818,0.044720029830932706,0.8403018116950989,0.7277172207832336,1.2325743436813354,0.011732288,0.003949702,-0.021111727,369.0,1740111824.451521,0.09617061913013458,0.06539260596036911,0.19129568338394165,0.1256820410490036,-0.03960833698511124,-0.07262571156024933,0.033565446734428406,0.22769644856452942,0.27420753240585327,0.07274186611175537,0.11978156864643097,0.2814316153526306,0.1723957657814026,-0.04655183106660843,0.2621749937534332,0.061962250620126724,0.22776459157466888,0.058171410113573074,-0.08668249845504761,0.07882989197969437,-0.10931211709976196,-0.2747464179992676,-0.17073090374469757,0.05513131618499756,0.16239923238754272,-0.058792002499103546,0.2722088396549225,-0.039104342460632324,-0.05800503119826317,0.2300485074520111,-0.1585628092288971,0.06333404034376144
0.04001891613006592,0.7147796750068665,1.4428726434707642,-0.009049493214893668,-0.013051239940220736,-0.03559283767692025,0.0268236052327414,0.002691766033771159,-0.007245833728960559,0.1398588590323925,0.014986801147460982,0.0441387653350831,0.8403018116950989,0.7277172207832336,1.2325743436813354,0.014014192,0.004171677,-0.020714283,370.0,1740111824.4836729,0.09504161775112152,0.06502573937177658,0.19193045794963837,0.12664854526519775,-0.039850033819675446,-0.0717882364988327,0.03470135107636452,0.22885796427726746,0.2724032700061798,0.07361535727977753,0.12084370851516724,0.2820740044116974,0.1725654900074005,-0.04519408941268921,0.2613781988620758,0.06194527819752693,0.22597432136535645,0.057981040328741074,-0.08607956767082214,0.08040229231119156,-0.10724953562021255,-0.2754049003124237,-0.17080295085906982,0.0555618554353714,0.16007453203201294,-0.05901302397251129,0.27183079719543457,-0.03898162394762039,-0.057146813720464706,0.23209434747695923,-0.15777812898159027,0.06064201146364212
0.040183067321777344,0.7150442004203796,1.4422945976257324,-0.009049493214893668,-0.013051239940220736,-0.03559283767692025,0.02470012317027934,0.0017392024432352398,-0.008416261441974968,0.14018306732177735,0.015044200420379683,0.04229459762573251,0.8403018116950989,0.7277172207832336,1.2325743436813354,0.014014192,0.004171677,-0.020714283,371.0,1740111824.5171893,0.09504161775112152,0.06502573937177658,0.19193045794963837,0.12664854526519775,-0.039850033819675446,-0.0717882364988327,0.03470135107636452,0.22885796427726746,0.2724032700061798,0.07361535727977753,0.12084370851516724,0.2820740044116974,0.1725654900074005,-0.04519408941268921,0.2613781988620758,0.06194527819752693,0.22597432136535645,0.057981040328741074,-0.08607956767082214,0.08040229231119156,-0.10724953562021255,-0.2754049003124237,-0.17080295085906982,0.0555618554353714,0.16007453203201294,-0.05901302397251129,0.27183079719543457,-0.03898162394762039,-0.057146813720464706,0.23209434747695923,-0.15777812898159027,0.06064201146364212
0.042010772973299026,0.7177431583404541,1.440138578414917,0.006176771595865562,0.007907506354352523,-0.03759847162040158,-0.009024149428434509,0.015569160438220438,0.004994940830293159,0.13568115830421448,0.014806258678436324,0.039084649085998624,0.8403018116950989,0.7277172207832336,1.2325743436813354,0.014014192,0.004171677,-0.020714283,372.0,1740111824.5517993,0.09504161775112152,0.06502573937177658,0.19193045794963837,0.12664854526519775,-0.039850033819675446,-0.0717882364988327,0.03470135107636452,0.22885796427726746,0.2724032700061798,0.07361535727977753,0.12084370851516724,0.2820740044116974,0.1725654900074005,-0.04519408941268921,0.2613781988620758,0.06194527819752693,0.22597432136535645,0.057981040328741074,-0.08607956767082214,0.08040229231119156,-0.10724953562021255,-0.2754049003124237,-0.17080295085906982,0.0555618554353714,0.16007453203201294,-0.05901302397251129,0.27183079719543457,-0.03898162394762039,-0.057146813720464706,0.23209434747695923,-0.15777812898159027,0.06064201146364212
0.03757734224200249,0.7150627374649048,1.4363124370574951,0.006176771595865562,0.007907506354352523,-0.03759847162040158,0.004860568775332244,0.018445604178205698,0.017571114225503313,0.14201077297329903,0.017743158340454146,0.04013857841491708,0.8403018116950989,0.7277172207832336,1.2325743436813354,0.00970614,0.0036514923,-0.018123478,373.0,1740111824.5840812,0.0950370728969574,0.06545408070087433,0.19164104759693146,0.12587006390094757,-0.038801707327365875,-0.07188108563423157,0.03301994875073433,0.22852514684200287,0.2720206677913666,0.07315301895141602,0.1208820790052414,0.28060707449913025,0.17162266373634338,-0.04465819150209427,0.26075437664985657,0.060948025435209274,0.22580519318580627,0.05734136328101158,-0.08635251224040985,0.0788424164056778,-0.10678694397211075,-0.2747616469860077,-0.17050215601921082,0.05506657809019089,0.1601887345314026,-0.05856432020664215,0.27151238918304443,-0.03814965486526489,-0.05719323828816414,0.23083409667015076,-0.15731403231620789,0.06154439225792885
0.04008698835968971,0.7163006067276001,1.4382439851760864,0.006176771595865562,0.007907506354352523,-0.03759847162040158,0.007600000977905658,-0.0004710160392790083,-0.005888520179233015,0.14008698835968972,0.016300606727600142,0.038243985176086515,0.8403018116950989,0.7277172207832336,1.2325743436813354,0.00970614,0.0036514923,-0.018123478,374.0,1740111824.616788,0.0950370728969574,0.06545408070087433,0.19164104759693146,0.12587006390094757,-0.038801707327365875,-0.07188108563423157,0.03301994875073433,0.22852514684200287,0.2720206677913666,0.07315301895141602,0.1208820790052414,0.28060707449913025,0.17162266373634338,-0.04465819150209427,0.26075437664985657,0.060948025435209274,0.22580519318580627,0.05734136328101158,-0.08635251224040985,0.0788424164056778,-0.10678694397211075,-0.2747616469860077,-0.17050215601921082,0.05506657809019089,0.1601887345314026,-0.05856432020664215,0.27151238918304443,-0.03814965486526489,-0.05719323828816414,0.23083409667015076,-0.15731403231620789,0.06154439225792885
0.040751781314611435,0.7162278890609741,1.4363386631011963,0.0003734626549539745,0.008402960547709998,-0.040819180256077836,0.008116079929235647,-0.0027208030720766154,-0.00808319307126564,0.14029056429862977,0.016185331344604537,0.03722665309906015,0.8403018116950989,0.7277172207832336,1.2325743436813354,0.00970614,0.0036514923,-0.018123478,375.0,1740111824.652176,0.0950370728969574,0.06545408070087433,0.19164104759693146,0.12587006390094757,-0.038801707327365875,-0.07188108563423157,0.03301994875073433,0.22852514684200287,0.2720206677913666,0.07315301895141602,0.1208820790052414,0.28060707449913025,0.17162266373634338,-0.04465819150209427,0.26075437664985657,0.060948025435209274,0.22580519318580627,0.05734136328101158,-0.08635251224040985,0.0788424164056778,-0.10678694397211075,-0.2747616469860077,-0.17050215601921082,0.05506657809019089,0.1601887345314026,-0.05856432020664215,0.27151238918304443,-0.03814965486526489,-0.05719323828816414,0.23083409667015076,-0.15731403231620789,0.06154439225792885
0.04099973663687706,0.7163382768630981,1.435702919960022,0.0003734626549539745,0.008402960547709998,-0.040819180256077836,0.006160978639667493,-0.003657981137017839,-0.008504043573379394,0.14075178131461144,0.016227889060974166,0.03633866310119638,0.8403018116950989,0.7277172207832336,1.2325743436813354,0.0037232637,0.0037834868,-0.012441739,376.0,1740111824.6830363,0.0939418375492096,0.0651000589132309,0.1911822408437729,0.12698590755462646,-0.039491452276706696,-0.07112773507833481,0.03342992439866066,0.22920584678649902,0.27068889141082764,0.07293885946273804,0.12083278596401215,0.28067854046821594,0.1717446744441986,-0.04460451379418373,0.2597271502017975,0.060855377465486526,0.225160151720047,0.05775896832346916,-0.08719867467880249,0.07966719567775726,-0.10588620603084564,-0.27401816844940186,-0.17079158127307892,0.05513552576303482,0.15915685892105103,-0.05906674265861511,0.2710920572280884,-0.03782985359430313,-0.05635731294751167,0.2311670482158661,-0.15708866715431213,0.059337735176086426
0.04236990213394165,0.7146532535552979,1.4343478679656982,0.0003734626549539745,0.008402960547709998,-0.040819180256077836,0.026146325449366948,-0.0048092295960077336,-0.007797917657522174,0.14236990213394166,0.014653253555297896,0.03434786796569833,0.8403018116950989,0.7277172207832336,1.2325743436813354,0.0037232637,0.0037834868,-0.012441739,377.0,1740111824.7173767,0.0939418375492096,0.0651000589132309,0.1911822408437729,0.12698590755462646,-0.039491452276706696,-0.07112773507833481,0.03342992439866066,0.22920584678649902,0.27068889141082764,0.07293885946273804,0.12083278596401215,0.28067854046821594,0.1717446744441986,-0.04460451379418373,0.2597271502017975,0.060855377465486526,0.225160151720047,0.05775896832346916,-0.08719867467880249,0.07966719567775726,-0.10588620603084564,-0.27401816844940186,-0.17079158127307892,0.05513552576303482,0.15915685892105103,-0.05906674265861511,0.2710920572280884,-0.03782985359430313,-0.05635731294751167,0.2311670482158661,-0.15708866715431213,0.059337735176086426
0.04219246655702591,0.7164410948753357,1.4321883916854858,0.015850397295331806,0.002131525717396747,-0.041988721938968125,0.005613812091516212,-0.003789125079650845,-0.008069795390297407,0.14191794618964196,0.01634668111801152,0.032932376861572354,0.8403018116950989,0.7277172207832336,1.2325743436813354,0.0034234002,0.0037728176,-0.0121875405,378.0,1740111824.7509868,0.09290077537298203,0.06496161967515945,0.19156737625598907,0.1283934861421585,-0.04004675894975662,-0.07070939242839813,0.034013666212558746,0.23022738099098206,0.26934078335762024,0.07346785068511963,0.12182842195034027,0.28121548891067505,0.17192217707633972,-0.04433092474937439,0.2591472864151001,0.060463469475507736,0.22429072856903076,0.058043498545885086,-0.08726394176483154,0.08084015548229218,-0.10470191389322281,-0.27476444840431213,-0.17095573246479034,0.05532820522785187,0.157230943441391,-0.059623412787914276,0.27121973037719727,-0.03757128119468689,-0.05604413524270058,0.23249024152755737,-0.15665024518966675,0.057341042906045914
0.043658547103405,0.7144963145256042,1.4308719635009766,0.015850397295331806,0.002131525717396747,-0.041988721938968125,0.02741562872996814,-0.005436521448209322,-0.004458155721941192,0.14219246655702591,0.016441094875335738,0.03218839168548593,0.8403018116950989,0.7277172207832336,1.2325743436813354,0.005112976,0.003956355,-0.023531884,379.0,1740111824.783435,0.09019467234611511,0.06475872546434402,0.1914823055267334,0.13096369802951813,-0.04045762121677399,-0.07132463157176971,0.03501639515161514,0.2309655100107193,0.26588645577430725,0.0748700201511383,0.12407983839511871,0.2814507782459259,0.1716342568397522,-0.044376857578754425,0.2567557990550995,0.058109480887651443,0.2218148112297058,0.058429960161447525,-0.08653843402862549,0.08279190957546234,-0.10332968831062317,-0.27716532349586487,-0.17034079134464264,0.055962324142456055,0.1518707573413849,-0.06014189124107361,0.27199697494506836,-0.03817499428987503,-0.05641699209809303,0.2334962785243988,-0.1536480337381363,0.05454264208674431
0.04400265961885452,0.7180294394493103,1.4299719333648682,0.015850397295331806,0.002131525717396747,-0.041988721938968125,-0.011542550088425935,-0.009777427386019721,-0.009075772861492578,0.14400265961885453,0.018029439449310347,0.029971933364868253,0.8403018116950989,0.7277172207832336,1.2325743436813354,0.0039256364,0.003995307,-0.027841136,380.0,1740111824.8172495,0.08892597258090973,0.0646689385175705,0.19051416218280792,0.1312948763370514,-0.04062570631504059,-0.07102608680725098,0.034946780651807785,0.23079872131347656,0.26395145058631897,0.07477596402168274,0.12390641868114471,0.2804848849773407,0.1707896590232849,-0.044076524674892426,0.254850298166275,0.05718933418393135,0.22044755518436432,0.05831392481923103,-0.08641442656517029,0.08267254382371902,-0.10227157920598984,-0.2764507830142975,-0.16962788999080658,0.05567865073680878,0.15007483959197998,-0.060066185891628265,0.27105963230133057,-0.037759967148303986,-0.05607382580637932,0.2329077124595642,-0.15240009129047394,0.053184874355793
0.04535895958542824,0.7185850143432617,1.4277933835983276,0.031639840517148965,0.021422207293163048,-0.04391525694260809,-0.019286136845003354,0.011004739302797467,0.006425405664565394,0.14343302175402642,0.016593444347381636,0.028538084030151456,0.8403018116950989,0.7277172207832336,1.2325743436813354,0.001975745,0.0040486604,-0.028070934,381.0,1740111824.8507082,0.08907707780599594,0.06493258476257324,0.1908649504184723,0.13194485008716583,-0.041043803095817566,-0.07116261124610901,0.03466976806521416,0.2313532680273056,0.2641506493091583,0.07467469573020935,0.12398503720760345,0.28074389696121216,0.17056110501289368,-0.044454626739025116,0.25541675090789795,0.0567956380546093,0.22103655338287354,0.058662209659814835,-0.08706319332122803,0.08252168446779251,-0.10263988375663757,-0.2769011855125427,-0.16983982920646667,0.055667392909526825,0.1503446400165558,-0.06033938378095627,0.2715883255004883,-0.03781457245349884,-0.05660663917660713,0.2329595386981964,-0.1528041660785675,0.05334232375025749
0.044416673481464386,0.7169499397277832,1.4263813495635986,0.031639840517148965,0.021422207293163048,-0.04391525694260809,0.008333687526491213,-0.0034187501701863116,-0.005542017681243389,0.14535895958542824,0.018585014343261763,0.027793383598327726,0.8403018116950989,0.7277172207832336,1.2325743436813354,0.001975745,0.0040486604,-0.028070934,382.0,1740111824.8839593,0.08907707780599594,0.06493258476257324,0.1908649504184723,0.13194485008716583,-0.041043803095817566,-0.07116261124610901,0.03466976806521416,0.2313532680273056,0.2641506493091583,0.07467469573020935,0.12398503720760345,0.28074389696121216,0.17056110501289368,-0.044454626739025116,0.25541675090789795,0.0567956380546093,0.22103655338287354,0.058662209659814835,-0.08706319332122803,0.08252168446779251,-0.10263988375663757,-0.2769011855125427,-0.16983982920646667,0.055667392909526825,0.1503446400165558,-0.06033938378095627,0.2715883255004883,-0.03781457245349884,-0.05660663917660713,0.2329595386981964,-0.1528041660785675,0.05334232375025749
0.0457000657916069,0.7185797691345215,1.4255964756011963,0.031639840517148965,0.021422207293163048,-0.04391525694260809,-0.01138166300509246,-0.012777969321907643,-0.011585940087451526,0.1457000657916069,0.01857976913452153,0.025596475601196378,0.8403018116950989,0.7277172207832336,1.2325743436813354,-0.0039047971,0.0041076615,-0.011243731,383.0,1740111824.917086,0.09053448587656021,0.06573959439992905,0.19262120127677917,0.13182254135608673,-0.04129119962453842,-0.0704866349697113,0.033085498958826065,0.23274129629135132,0.2658788561820984,0.07449537515640259,0.1244383454322815,0.2809179425239563,0.16976968944072723,-0.043143197894096375,0.2572760283946991,0.05712801218032837,0.22230133414268494,0.05809598043560982,-0.0868770182132721,0.08116548508405685,-0.10083384811878204,-0.27806180715560913,-0.16976863145828247,0.054769597947597504,0.15120908617973328,-0.06050979346036911,0.2716284990310669,-0.03538098931312561,-0.05689280107617378,0.23457345366477966,-0.1546303629875183,0.0540643110871315
0.04686824604868889,0.7192978262901306,1.4234009981155396,0.031639840517148965,0.021422207293163048,-0.04391525694260809,-0.020081961934796628,0.012921206127369675,0.0055266324218031,0.14522838443517685,0.017387080192565962,0.024194097518920987,0.8403018116950989,0.7277172207832336,1.2325743436813354,-0.0039047971,0.0041076615,-0.011243731,384.0,1740111824.9501255,0.09053448587656021,0.06573959439992905,0.19262120127677917,0.13182254135608673,-0.04129119962453842,-0.0704866349697113,0.033085498958826065,0.23274129629135132,0.2658788561820984,0.07449537515640259,0.1244383454322815,0.2809179425239563,0.16976968944072723,-0.043143197894096375,0.2572760283946991,0.05712801218032837,0.22230133414268494,0.05809598043560982,-0.0868770182132721,0.08116548508405685,-0.10083384811878204,-0.27806180715560913,-0.16976863145828247,0.054769597947597504,0.15120908617973328,-0.06050979346036911,0.2716284990310669,-0.03538098931312561,-0.05689280107617378,0.23457345366477966,-0.1546303629875183,0.0540643110871315
0.04703351482748985,0.7193608283996582,1.4218897819519043,-0.016314717178701574,-0.018117928970803877,-0.0645567331497399,-0.01057812860391688,0.01595055096778354,0.009403000457053603,0.1468682460486889,0.01929782629013066,0.02340099811553964,0.8403018116950989,0.7277172207832336,1.2325743436813354,0.0007048249,0.0038554966,-0.006323628,385.0,1740111824.9840825,0.09026414901018143,0.06612996011972427,0.19225259125232697,0.13173961639404297,-0.041315123438835144,-0.07057459652423859,0.03217198699712753,0.23295752704143524,0.265769362449646,0.07402937114238739,0.12424430251121521,0.2802201807498932,0.16915272176265717,-0.04308835789561272,0.2568482756614685,0.056534137576818466,0.22233299911022186,0.05798719450831413,-0.08733157813549042,0.08021754026412964,-0.10073130577802658,-0.27771005034446716,-0.1693333089351654,0.054483771324157715,0.15113002061843872,-0.06039171665906906,0.27140727639198303,-0.03480088710784912,-0.05723593011498451,0.2337600588798523,-0.15438857674598694,0.054393406957387924
0.04863483086228371,0.7194326519966125,1.4211738109588623,-0.016314717178701574,-0.018117928970803877,-0.0645567331497399,-0.008737068127512081,0.010840809030271738,0.00849692431426735,0.1486348308622837,0.019432651996612593,0.021173810958862394,0.8403018116950989,0.7277172207832336,1.2325743436813354,0.0019257665,0.0037886947,-0.005155772,386.0,1740111825.016454,0.08849316835403442,0.06595470756292343,0.19162704050540924,0.13318172097206116,-0.04185831546783447,-0.07064415514469147,0.03286159411072731,0.2335318624973297,0.2637714445590973,0.07457639276981354,0.12527137994766235,0.2805025279521942,0.1694444864988327,-0.04317634180188179,0.255182147026062,0.05552774667739868,0.2210574746131897,0.0585029311478138,-0.08755700290203094,0.08142422139644623,-0.09994719177484512,-0.27833470702171326,-0.16936977207660675,0.05505307763814926,0.1484459489583969,-0.06078425794839859,0.2715317904949188,-0.03520838916301727,-0.05689329281449318,0.23393842577934265,-0.15287214517593384,0.05226391926407814
0.04862680658698082,0.7204556465148926,1.4188989400863647,-0.016314717178701574,-0.018117928970803877,-0.0645567331497399,-0.020517746021294588,0.012804805260358876,0.006653281811924781,0.14779300838708878,0.01998691558837895,0.019663429260253995,0.8403018116950989,0.7277172207832336,1.2325743436813354,0.0019257665,0.0037886947,-0.005155772,387.0,1740111825.0519614,0.08849316835403442,0.06595470756292343,0.19162704050540924,0.13318172097206116,-0.04185831546783447,-0.07064415514469147,0.03286159411072731,0.2335318624973297,0.2637714445590973,0.07457639276981354,0.12527137994766235,0.2805025279521942,0.1694444864988327,-0.04317634180188179,0.255182147026062,0.05552774667739868,0.2210574746131897,0.0585029311478138,-0.08755700290203094,0.08142422139644623,-0.09994719177484512,-0.27833470702171326,-0.16936977207660675,0.05505307763814926,0.1484459489583969,-0.06078425794839859,0.2715317904949188,-0.03520838916301727,-0.05689329281449318,0.23393842577934265,-0.15287214517593384,0.05226391926407814
0.04495745152235031,0.7185724377632141,1.4158912897109985,0.014161468876724098,0.01966996678187779,-0.03781897316730781,0.02549349570707549,-0.049535142772410404,-0.01997974576032423,0.14862680658698083,0.020455646514892623,0.018898940086364835,0.8403018116950989,0.7277172207832336,1.2325743436813354,-0.00066153705,0.0040238276,-0.0062231496,388.0,1740111825.0855846,0.08771169930696487,0.06601318717002869,0.19161170721054077,0.13466592133045197,-0.042449451982975006,-0.07093378901481628,0.033412858843803406,0.23430849611759186,0.2632918655872345,0.07501667737960815,0.12611772119998932,0.2814234793186188,0.1699391007423401,-0.043851450085639954,0.25502482056617737,0.05508324131369591,0.22094963490962982,0.05916959419846535,-0.08831481635570526,0.08241468667984009,-0.10034341365098953,-0.2791723906993866,-0.16981664299964905,0.05563441663980484,0.14740383625030518,-0.06120777130126953,0.272330105304718,-0.03591042011976242,-0.057188186794519424,0.23428240418434143,-0.15239661931991577,0.05126802250742912
0.04948173835873604,0.7211920619010925,1.415859341621399,0.014161468876724098,0.01966996678187779,-0.03781897316730781,-0.020197424857669573,0.014090298177091209,0.0059090235162144265,0.14881415516138077,0.02065120935440068,0.01663229465484628,0.8403018116950989,0.7277172207832336,1.2325743436813354,-0.008822694,0.0048532933,-0.004368134,389.0,1740111825.11873,0.08674545586109161,0.06606924533843994,0.1914556920528412,0.1365545094013214,-0.04357099533081055,-0.07098568230867386,0.03406961262226105,0.23562026023864746,0.26217398047447205,0.07592053711414337,0.1275193691253662,0.28263479471206665,0.17014455795288086,-0.04377484694123268,0.25455164909362793,0.054218459874391556,0.2205146998167038,0.059816066175699234,-0.08859440684318542,0.08380603045225143,-0.09949613362550735,-0.28071537613868713,-0.17004139721393585,0.056472525000572205,0.14490002393722534,-0.06169014424085617,0.27279332280158997,-0.036245428025722504,-0.05737205222249031,0.23516401648521423,-0.15154099464416504,0.049523379653692245
0.04952964931726456,0.718238353729248,1.4144316911697388,0.014161468876724098,0.01966996678187779,-0.03781897316730781,0.02645703337966155,-0.001668574121343142,-0.0030434625525186687,0.1499940812587738,0.021717596054077193,0.01470825672149667,0.8403018116950989,0.7277172207832336,1.2325743436813354,-0.008801222,0.004720412,-0.0033730716,390.0,1740111825.151669,0.08553139120340347,0.0659644603729248,0.19066527485847473,0.13719584047794342,-0.04341011494398117,-0.07149429619312286,0.03410865738987923,0.23519767820835114,0.26037928462028503,0.07622432708740234,0.12825553119182587,0.2820674479007721,0.16992245614528656,-0.043967850506305695,0.2531105577945709,0.05303897708654404,0.21948181092739105,0.059822503477334976,-0.0885656327009201,0.0841464176774025,-0.09930108487606049,-0.28110945224761963,-0.16985869407653809,0.056901715695858,0.14299169182777405,-0.061508022248744965,0.27286970615386963,-0.037020228803157806,-0.057484257966279984,0.2343103289604187,-0.14985720813274384,0.048750802874565125
0.050516527146101,0.721950113773346,1.4126968383789062,0.014161468876724098,0.01966996678187779,-0.03781897316730781,-0.01912710988460882,0.015649750725098117,0.007457425487132081,0.14952964931726456,0.01823835372924809,0.014431691169738858,0.8403018116950989,0.7277172207832336,1.2325743436813354,-0.008894324,0.0047834516,-0.0011141673,391.0,1740111825.184821,0.08578674495220184,0.06621763110160828,0.19092366099357605,0.13819287717342377,-0.044126324355602264,-0.07146123051643372,0.03381490707397461,0.23633861541748047,0.2610014081001282,0.07604441046714783,0.12834449112415314,0.2829265594482422,0.17014296352863312,-0.04425763338804245,0.2537854015827179,0.05291759967803955,0.22056812047958374,0.0602865107357502,-0.08974850177764893,0.08425969630479813,-0.09970235824584961,-0.2814798951148987,-0.17050272226333618,0.05716181546449661,0.1434801071882248,-0.061859481036663055,0.2734862267971039,-0.037176378071308136,-0.05777552351355553,0.23445585370063782,-0.1505611091852188,0.04844694212079048
0.04992585629224777,0.7206754088401794,1.4112690687179565,0.025854952185860206,0.010841381831620317,-0.04358507698146047,0.01138207931402457,0.0007242389168290097,-0.00480051966889971,0.14805996268987656,0.01987336874008183,0.010661220550537198,0.8403018116950989,0.7277172207832336,1.2325743436813354,-0.008894324,0.0047834516,-0.0011141673,392.0,1740111825.2191637,0.08578674495220184,0.06621763110160828,0.19092366099357605,0.13819287717342377,-0.044126324355602264,-0.07146123051643372,0.03381490707397461,0.23633861541748047,0.2610014081001282,0.07604441046714783,0.12834449112415314,0.2829265594482422,0.17014296352863312,-0.04425763338804245,0.2537854015827179,0.05291759967803955,0.22056812047958374,0.0602865107357502,-0.08974850177764893,0.08425969630479813,-0.09970235824584961,-0.2814798951148987,-0.17050272226333618,0.05716181546449661,0.1434801071882248,-0.061859481036663055,0.2734862267971039,-0.037176378071308136,-0.05777552351355553,0.23445585370063782,-0.1505611091852188,0.04844694212079048
0.05152911692857742,0.7227368950843811,1.4098448753356934,0.025854952185860206,0.010841381831620317,-0.04358507698146047,-0.019002538225725667,0.017331471921197626,0.006964547172093082,0.15130170285701752,0.02252053022384648,0.01056382656097421,0.8403018116950989,0.7277172207832336,1.2325743436813354,-0.008887053,0.004176818,0.006261781,393.0,1740111825.2513225,0.08507538586854935,0.06610903888940811,0.1908518224954605,0.13866131007671356,-0.043973393738269806,-0.07103141397237778,0.03443808853626251,0.2362765669822693,0.26002952456474304,0.07626961171627045,0.128489688038826,0.28301528096199036,0.17021706700325012,-0.0440995879471302,0.2529882788658142,0.05269579216837883,0.2198254019021988,0.06043126806616783,-0.08960820734500885,0.08499187976121902,-0.09930235892534256,-0.2813534140586853,-0.17071737349033356,0.057419419288635254,0.14288926124572754,-0.0619039386510849,0.2731335461139679,-0.037598706781864166,-0.057326484471559525,0.23467731475830078,-0.15006594359874725,0.04726105555891991
0.05182172358036041,0.7230302691459656,1.408332347869873,0.025854952185860206,0.010841381831620317,-0.04358507698146047,-0.01925437547797136,0.017408777600816515,0.008857644411496772,0.15152911692857743,0.022736895084381148,0.009844875335693448,0.8403018116950989,0.7277172207832336,1.2325743436813354,-0.0051606745,0.0041814595,0.005632691,394.0,1740111825.2843301,0.08256378024816513,0.06554245948791504,0.19082988798618317,0.14237363636493683,-0.045721977949142456,-0.06918380409479141,0.03724224865436554,0.23895984888076782,0.25766244530677795,0.07743319869041443,0.1296740174293518,0.2858792543411255,0.17202447354793549,-0.0440194308757782,0.25150471925735474,0.05326910689473152,0.21837708353996277,0.06207123026251793,-0.09105509519577026,0.0891214981675148,-0.0976233184337616,-0.2816648781299591,-0.17232266068458557,0.05886916071176529,0.14006274938583374,-0.06343792378902435,0.27301689982414246,-0.038513682782649994,-0.05567440018057823,0.2376042902469635,-0.14991964399814606,0.041477058082818985
0.05229558050632477,0.7232675552368164,1.4070101976394653,0.040440615538655925,0.03248086871528357,-0.029344172408038716,-0.01875036418131063,0.015537808470049583,0.00780679522672071,0.1521044060587883,0.023121762275695845,0.007726526260376065,0.8403018116950989,0.7277172207832336,1.2325743436813354,0.00029159337,0.0037262812,3.901124e-05,395.0,1740111825.3182611,0.08102573454380035,0.06518863886594772,0.19015221297740936,0.14334873855113983,-0.045858412981033325,-0.06866846978664398,0.038304802030324936,0.2390882670879364,0.2557183504104614,0.07790310680866241,0.13006596267223358,0.28598257899284363,0.17208220064640045,-0.04375988617539406,0.24973875284194946,0.05283956602215767,0.21683965623378754,0.06237306818366051,-0.09083764255046844,0.0903354212641716,-0.09669604897499084,-0.28134533762931824,-0.17214055359363556,0.059237122535705566,0.1380210518836975,-0.06361781805753708,0.2723161578178406,-0.0388559028506279,-0.0550166480243206,0.23791128396987915,-0.14881740510463715,0.03919658809900284
0.05269618704915047,0.7234105467796326,1.405829906463623,0.040440615538655925,0.03248086871528357,-0.029344172408038716,-0.018108492562449816,0.014997728355870446,0.005498785012841642,0.1524638220667839,0.02334206104278569,0.006420588493347257,0.8403018116950989,0.7277172207832336,1.2325743436813354,-0.005060725,0.0048350617,-0.00438112,396.0,1740111825.3520062,0.08076436817646027,0.06532105803489685,0.1907321810722351,0.14514310657978058,-0.04663914442062378,-0.0691947191953659,0.038544297218322754,0.24064227938652039,0.2560581564903259,0.0784938782453537,0.1315240114927292,0.2876278758049011,0.17309576272964478,-0.04447076469659805,0.2504681646823883,0.05254940688610077,0.2175530195236206,0.06302857398986816,-0.09202659130096436,0.09150701016187668,-0.09714537113904953,-0.28327980637550354,-0.17314782738685608,0.06001943349838257,0.13725793361663818,-0.06413300335407257,0.2739783525466919,-0.03949428349733353,-0.055483993142843246,0.23894378542900085,-0.14895442128181458,0.03854669630527496
0.05302318558096886,0.7235478758811951,1.4043718576431274,0.040440615538655925,0.03248086871528357,-0.029344172408038716,-0.018164328727876045,0.015021692652234462,0.008179680096010413,0.15269618704915047,0.023410546779632613,0.005829906463623136,0.8403018116950989,0.7277172207832336,1.2325743436813354,-0.0067283437,0.0045452192,0.0022144914,397.0,1740111825.384371,0.0799778401851654,0.06544346362352371,0.19068962335586548,0.14695611596107483,-0.047350168228149414,-0.06930873543024063,0.03900289535522461,0.2418643981218338,0.2554970979690552,0.07892292737960815,0.13219119608402252,0.28877294063568115,0.17355115711688995,-0.04499872401356697,0.25023409724235535,0.052051033824682236,0.21757803857326508,0.06369458138942719,-0.09307558834552765,0.09267451614141464,-0.0973774865269661,-0.2841053009033203,-0.17378012835979462,0.060575880110263824,0.1361566036939621,-0.06461064517498016,0.27484115958213806,-0.04011418670415878,-0.055858757346868515,0.23941081762313843,-0.148521289229393,0.03719355911016464
0.05314077064394951,0.7236944437026978,1.4038530588150024,0.01035758090765257,0.005723462861826742,-0.038712006404940956,-0.019404774269927472,0.01636925049972202,0.005724139701470119,0.15314077064394951,0.0236944437026978,0.0038530588150025302,0.8403018116950989,0.7277172207832336,1.2325743436813354,-0.0067283437,0.0045452192,0.0022144914,398.0,1740111825.4168553,0.0799778401851654,0.06544346362352371,0.19068962335586548,0.14695611596107483,-0.047350168228149414,-0.06930873543024063,0.03900289535522461,0.2418643981218338,0.2554970979690552,0.07892292737960815,0.13219119608402252,0.28877294063568115,0.17355115711688995,-0.04499872401356697,0.25023409724235535,0.052051033824682236,0.21757803857326508,0.06369458138942719,-0.09307558834552765,0.09267451614141464,-0.0973774865269661,-0.2841053009033203,-0.17378012835979462,0.060575880110263824,0.1361566036939621,-0.06461064517498016,0.27484115958213806,-0.04011418670415878,-0.055858757346868515,0.23941081762313843,-0.148521289229393,0.03719355911016464
0.054631102830171585,0.7233073115348816,1.4020483493804932,0.01035758090765257,0.005723462861826742,-0.038712006404940956,-0.008545331249705199,0.017016875480395245,0.0076598436859381626,0.15359775573015214,0.023713099956512496,0.0025646448135376865,0.8403018116950989,0.7277172207832336,1.2325743436813354,-0.005193658,0.003965698,-0.0054404065,399.0,1740111825.4489753,0.0794396921992302,0.06513620913028717,0.19050787389278412,0.1445610672235489,-0.044831834733486176,-0.07024699449539185,0.03793446347117424,0.2391389012336731,0.2529357969760895,0.07927457988262177,0.1324092000722885,0.28548935055732727,0.17186711728572845,-0.04396233707666397,0.24844235181808472,0.0502784289419651,0.21537552773952484,0.06188882514834404,-0.09029985964298248,0.09083124250173569,-0.09646105766296387,-0.28442370891571045,-0.1720234751701355,0.059760890901088715,0.13407519459724426,-0.06358911097049713,0.27430835366249084,-0.03996821492910385,-0.05648423358798027,0.23775196075439453,-0.14588333666324615,0.03875553607940674
0.0543893426656723,0.724041759967804,1.3996644020080566,0.01035758090765257,0.005723462861826742,-0.038712006404940956,-0.020128087860172242,0.02391704360554489,0.023135386151335743,0.1546311028301716,0.023307311534881636,0.002048349380493253,0.8403018116950989,0.7277172207832336,1.2325743436813354,-0.006108105,0.0034760013,0.0017159656,400.0,1740111825.4843752,0.07861155271530151,0.06513911485671997,0.1894998401403427,0.1449999362230301,-0.0453578382730484,-0.07016707956790924,0.03772427514195442,0.2389715164899826,0.25183773040771484,0.07878758013248444,0.1320854276418686,0.28486546874046326,0.17146211862564087,-0.04426487162709236,0.2472241222858429,0.0497928224503994,0.21484048664569855,0.062161628156900406,-0.09094095230102539,0.09082672744989395,-0.09617052972316742,-0.28341421484947205,-0.17180182039737701,0.05947532504796982,0.1332980990409851,-0.06360815465450287,0.2738603949546814,-0.03962676227092743,-0.056118857115507126,0.23702821135520935,-0.14531050622463226,0.03787622228264809
0.05452410876750946,0.7237175107002258,1.4004812240600586,0.013826966041108132,0.00023056300268096516,-0.03370271075364909,-0.019280692780909603,0.019758445151705446,0.005508675956051191,0.15452410876750947,0.023717510700225874,0.00048122406005868257,0.8403018116950989,0.7277172207832336,1.2325743436813354,-0.009206399,0.002533108,0.01012896,401.0,1740111825.5174994,0.0768309086561203,0.06490708887577057,0.18788422644138336,0.145280659198761,-0.04545910656452179,-0.06971529126167297,0.038336049765348434,0.23806987702846527,0.24911335110664368,0.07889969646930695,0.13174855709075928,0.28376173973083496,0.1707819402217865,-0.04422367736697197,0.24473294615745544,0.049089230597019196,0.21274377405643463,0.06231598183512688,-0.09042170643806458,0.09132798761129379,-0.09517071396112442,-0.281938761472702,-0.1709597259759903,0.05943748354911804,0.13096001744270325,-0.06345704197883606,0.27247077226638794,-0.03965625911951065,-0.05543162301182747,0.2362903654575348,-0.14349102973937988,0.03595365211367607
0.049108706414699554,0.7197206020355225,1.397900104522705,0.013826966041108132,0.00023056300268096516,-0.03370271075364909,-0.0062007732298436065,0.019234274434101327,0.031753253525033956,0.15499353632330895,0.023682820796966597,-0.00028219223022452056,0.8403018116950989,0.7277172207832336,1.2325743436813354,-0.009206399,0.002533108,0.01012896,402.0,1740111825.5530167,0.0768309086561203,0.06490708887577057,0.18788422644138336,0.145280659198761,-0.04545910656452179,-0.06971529126167297,0.038336049765348434,0.23806987702846527,0.24911335110664368,0.07889969646930695,0.13174855709075928,0.28376173973083496,0.1707819402217865,-0.04422367736697197,0.24473294615745544,0.049089230597019196,0.21274377405643463,0.06231598183512688,-0.09042170643806458,0.09132798761129379,-0.09517071396112442,-0.281938761472702,-0.1709597259759903,0.05943748354911804,0.13096001744270325,-0.06345704197883606,0.27247077226638794,-0.03965625911951065,-0.05543162301182747,0.2362903654575348,-0.14349102973937988,0.03595365211367607
0.05644012242555618,0.723069429397583,1.3982945680618286,0.013826966041108132,0.00023056300268096516,-0.03370271075364909,-0.008988786437881112,0.018586490518537856,0.007573251458941745,0.14910870641469956,0.019720602035522505,-0.002099895477294833,0.8403018116950989,0.7277172207832336,1.2325743436813354,-0.010104388,0.0019935668,0.012206301,403.0,1740111825.5837476,0.07502838224172592,0.06456054002046585,0.185978963971138,0.14532451331615448,-0.045625872910022736,-0.06908977031707764,0.03905946761369705,0.23692801594734192,0.24650564789772034,0.07880352437496185,0.1309678703546524,0.28253430128097534,0.17025654017925262,-0.04435198754072189,0.24208930134773254,0.048653751611709595,0.21077276766300201,0.06256699562072754,-0.09008589386940002,0.09179522842168808,-0.09434427320957184,-0.2798727750778198,-0.17022718489170074,0.05935284495353699,0.12913912534713745,-0.06335598230361938,0.27080783247947693,-0.039626412093639374,-0.054506126791238785,0.23529842495918274,-0.14179445803165436,0.033995307981967926
0.05102480202913284,0.7199690937995911,1.3957964181900024,-0.02919310815675838,-0.031271319772217816,-0.03908318266532209,-0.0011543958860360673,0.015258813630521716,0.02335632906538891,0.15061406269669533,0.020511317253112837,-0.003264570236205966,0.8403018116950989,0.7277172207832336,1.2325743436813354,-0.013645217,0.0027497485,0.011891983,404.0,1740111825.6179788,0.07358132302761078,0.06433860957622528,0.1849488615989685,0.1464725285768509,-0.04627467691898346,-0.06814073026180267,0.04055805131793022,0.23696313798427582,0.24484103918075562,0.07961876690387726,0.13101933896541595,0.2830228805541992,0.1700633317232132,-0.044408973306417465,0.2405959963798523,0.04863230139017105,0.209293931722641,0.06330054998397827,-0.08996114134788513,0.09336260706186295,-0.09346834570169449,-0.27888473868370056,-0.17007362842559814,0.05977931618690491,0.12736377120018005,-0.0635562539100647,0.26964569091796875,-0.03978147357702255,-0.05394713208079338,0.2358517050743103,-0.1409667581319809,0.03167981281876564
0.05639626085758209,0.7228268980979919,1.396650791168213,-0.02919310815675838,-0.031271319772217816,-0.03908318266532209,-0.019980389994852674,0.01860953892596607,0.005629129571384707,0.1532493144273758,0.020325410366058394,-0.004319214820861728,0.8403018116950989,0.7277172207832336,1.2325743436813354,-0.018684953,0.00251887,0.015040286,405.0,1740111825.6508238,0.07084174454212189,0.06342466175556183,0.18171416223049164,0.14633911848068237,-0.046525754034519196,-0.06705604493618011,0.04205559566617012,0.23505881428718567,0.2405804693698883,0.07917788624763489,0.12936319410800934,0.2810390889644623,0.169126495718956,-0.04419787973165512,0.23617243766784668,0.048310551792383194,0.2057281732559204,0.06339855492115021,-0.08930833637714386,0.09428500384092331,-0.09196990728378296,-0.27518296241760254,-0.16857995092868805,0.05957816541194916,0.12446444481611252,-0.06320969760417938,0.2665860652923584,-0.03980639576911926,-0.05216032639145851,0.23422616720199585,-0.13831780850887299,0.0283774696290493
0.05485336482524872,0.7212064862251282,1.395106315612793,-0.02919310815675838,-0.031271319772217816,-0.03908318266532209,-0.001908347947155181,0.010729540318695472,0.011457816950536081,0.1563962608575821,0.022826898097991988,-0.0033492088317870206,0.8403018116950989,0.7277172207832336,1.2325743436813354,-0.020494431,0.0023947507,0.016379133,406.0,1740111825.6840532,0.0709947720170021,0.06326483935117722,0.1817857176065445,0.14700180292129517,-0.04745994508266449,-0.06623422354459763,0.042670268565416336,0.23613320291042328,0.24074393510818481,0.07926055788993835,0.12915104627609253,0.28203895688056946,0.16938704252243042,-0.043849606066942215,0.23640453815460205,0.04905407875776291,0.2058030068874359,0.06381137669086456,-0.0898272693157196,0.0950658842921257,-0.09119556099176407,-0.2748721241950989,-0.1688167303800583,0.059562698006629944,0.12448734045028687,-0.06366593390703201,0.2662338614463806,-0.0392548069357872,-0.051451098173856735,0.23549023270606995,-0.1392371505498886,0.027244392782449722
0.05367566645145416,0.7201153039932251,1.3939026594161987,0.026506647205229557,0.0014619917894827183,-0.018936161082529525,0.02432338591065977,-0.0004940049498982112,0.015895869881625602,0.15566731095314026,0.021606254577636763,-0.003951692581176669,0.8403018116950989,0.7277172207832336,1.2325743436813354,-0.020994507,0.0028029531,0.015030503,407.0,1740111825.718335,0.070497065782547,0.06307045370340347,0.18080908060073853,0.14713747799396515,-0.04783850908279419,-0.06605573743581772,0.04273045435547829,0.23585084080696106,0.239834263920784,0.07896614074707031,0.12869606912136078,0.28157180547714233,0.16912351548671722,-0.04387342557311058,0.23539087176322937,0.048948660492897034,0.20524072647094727,0.06392596662044525,-0.09006522595882416,0.0952640101313591,-0.09082367271184921,-0.2739385962486267,-0.16852374374866486,0.05944422632455826,0.12375586479902267,-0.06366503983736038,0.26563167572021484,-0.03909023106098175,-0.050986576825380325,0.23502382636070251,-0.13874119520187378,0.026517514139413834
0.05748172104358673,0.721621572971344,1.3949041366577148,0.026506647205229557,0.0014619917894827183,-0.018936161082529525,-0.009755670221133205,-0.00951762827823091,-0.008423988930525353,0.15156790092587472,0.01816182136535649,-0.00606670379638663,0.8403018116950989,0.7277172207832336,1.2325743436813354,-0.020994507,0.0028029531,0.015030503,408.0,1740111825.7508821,0.070497065782547,0.06307045370340347,0.18080908060073853,0.14713747799396515,-0.04783850908279419,-0.06605573743581772,0.04273045435547829,0.23585084080696106,0.239834263920784,0.07896614074707031,0.12869606912136078,0.28157180547714233,0.16912351548671722,-0.04387342557311058,0.23539087176322937,0.048948660492897034,0.20524072647094727,0.06392596662044525,-0.09006522595882416,0.0952640101313591,-0.09082367271184921,-0.2739385962486267,-0.16852374374866486,0.05944422632455826,0.12375586479902267,-0.06366503983736038,0.26563167572021484,-0.03909023106098175,-0.050986576825380325,0.23502382636070251,-0.13874119520187378,0.026517514139413834
0.05918622016906738,0.7210102677345276,1.3946774005889893,0.026506647205229557,0.0014619917894827183,-0.018936161082529525,-0.007907303821172114,0.013563847830220847,0.0107538350897981,0.15748172104358674,0.02162157297134404,-0.005095863342285067,0.8403018116950989,0.7277172207832336,1.2325743436813354,-0.021376163,0.0039517805,0.011487633,409.0,1740111825.7903783,0.07014229148626328,0.0632481724023819,0.18063399195671082,0.148670956492424,-0.04850956052541733,-0.06580599397420883,0.042832113802433014,0.23720279335975647,0.23921237885951996,0.07948216795921326,0.12930673360824585,0.28250858187675476,0.1688891351222992,-0.04370304197072983,0.2352030873298645,0.048410966992378235,0.205166757106781,0.06425575911998749,-0.09078876674175262,0.09598710387945175,-0.09038235247135162,-0.27437037229537964,-0.16881854832172394,0.059958986937999725,0.12264391034841537,-0.06387254595756531,0.26566198468208313,-0.039298444986343384,-0.05134265497326851,0.23548883199691772,-0.1385338455438614,0.02540014684200287
0.05960841849446297,0.7207471132278442,1.3946183919906616,0.026506647205229557,0.0014619917894827183,-0.018936161082529525,-0.008731442162215898,0.014015589227148233,0.010895338328989366,0.15940156430006028,0.020906257629394576,-0.005369567871093661,0.8403018116950989,0.7277172207832336,1.2325743436813354,-0.021376163,0.0039517805,0.011487633,410.0,1740111825.8184607,0.07014229148626328,0.0632481724023819,0.18063399195671082,0.148670956492424,-0.04850956052541733,-0.06580599397420883,0.042832113802433014,0.23720279335975647,0.23921237885951996,0.07948216795921326,0.12930673360824585,0.28250858187675476,0.1688891351222992,-0.04370304197072983,0.2352030873298645,0.048410966992378235,0.205166757106781,0.06425575911998749,-0.09078876674175262,0.09598710387945175,-0.09038235247135162,-0.27437037229537964,-0.16881854832172394,0.059958986937999725,0.12264391034841537,-0.06387254595756531,0.26566198468208313,-0.039298444986343384,-0.05134265497326851,0.23548883199691772,-0.1385338455438614,0.02540014684200287
0.059985991567373276,0.7202684879302979,1.394762635231018,0.05547453048818823,0.004495671798073609,0.006089616434376741,-0.008249358976354948,0.014872083372999076,0.008523023598913056,0.15977658927440644,0.020609724521637007,-0.005427622795104892,0.8403018116950989,0.7277172207832336,1.2325743436813354,-0.020596698,0.0036952272,0.0117427185,411.0,1740111825.851512,0.06980939209461212,0.06306192278862,0.18084757030010223,0.14937715232372284,-0.0490126758813858,-0.06534985452890396,0.04334109276533127,0.23797978460788727,0.23875859379768372,0.07968907058238983,0.12958908081054688,0.283070832490921,0.1691082864999771,-0.043309032917022705,0.23501288890838623,0.04849623143672943,0.2048397958278656,0.06445078551769257,-0.09089821577072144,0.0967882052063942,-0.08963137120008469,-0.2746270000934601,-0.16896791756153107,0.060119904577732086,0.1218244656920433,-0.06419604271650314,0.26565903425216675,-0.0391344279050827,-0.050926778465509415,0.2364664375782013,-0.13858848810195923,0.024105042219161987
0.06026214733719826,0.7201113104820251,1.3946186304092407,0.05547453048818823,0.004495671798073609,0.006089616434376741,-0.009980232075262703,0.017571880623499406,0.010036049853572327,0.15998599156737328,0.020268487930297896,-0.005237364768981845,0.8403018116950989,0.7277172207832336,1.2325743436813354,-0.020596698,0.0036952272,0.0117427185,412.0,1740111825.8865218,0.06980939209461212,0.06306192278862,0.18084757030010223,0.14937715232372284,-0.0490126758813858,-0.06534985452890396,0.04334109276533127,0.23797978460788727,0.23875859379768372,0.07968907058238983,0.12958908081054688,0.283070832490921,0.1691082864999771,-0.043309032917022705,0.23501288890838623,0.04849623143672943,0.2048397958278656,0.06445078551769257,-0.09089821577072144,0.0967882052063942,-0.08963137120008469,-0.2746270000934601,-0.16896791756153107,0.060119904577732086,0.1218244656920433,-0.06419604271650314,0.26565903425216675,-0.0391344279050827,-0.050926778465509415,0.2364664375782013,-0.13858848810195923,0.024105042219161987
0.05960956960916519,0.7202717065811157,1.3946219682693481,0.05547453048818823,0.004495671798073609,0.006089616434376741,-0.018649064572776,0.01803281704182722,0.00970103043041768,0.1596095696091652,0.020271706581115767,-0.005378031730651767,0.8403018116950989,0.7277172207832336,1.2325743436813354,-0.020687148,0.0040584356,0.010379665,413.0,1740111825.9170718,0.06979489326477051,0.063107930123806,0.1801588535308838,0.14902302622795105,-0.04895259439945221,-0.06522558629512787,0.043089695274829865,0.2374744415283203,0.23853464424610138,0.0791802853345871,0.12870647013187408,0.28243961930274963,0.16864700615406036,-0.04350611940026283,0.23460572957992554,0.04845980927348137,0.20477662980556488,0.06442421674728394,-0.09107036888599396,0.09622599929571152,-0.08996166288852692,-0.2734645903110504,-0.16866782307624817,0.059917159378528595,0.12233803421258926,-0.06405895203351974,0.26505374908447266,-0.03915458172559738,-0.05092987045645714,0.2355329990386963,-0.13847403228282928,0.02435663715004921
0.06086156517267227,0.7192398905754089,1.3947007656097412,-0.009004493605254061,-0.01842258960391909,0.0010822794617209198,-0.010011300368745037,0.017669818999337037,0.011347914637981554,0.15887602269649506,0.018767225742340132,-0.005319380760192782,0.8403018116950989,0.7277172207832336,1.2325743436813354,-0.021031663,0.00392393,0.010649174,414.0,1740111825.9506383,0.06986840069293976,0.06285671889781952,0.1802886724472046,0.1492726057767868,-0.049341537058353424,-0.06479974836111069,0.043525129556655884,0.23779354989528656,0.2386949509382248,0.07906997203826904,0.1285373568534851,0.28300729393959045,0.16917453706264496,-0.043440528213977814,0.2348797619342804,0.04910292476415634,0.20491164922714233,0.06467261910438538,-0.09130378067493439,0.09685472398996353,-0.0897054672241211,-0.2733217477798462,-0.16905388236045837,0.05999843776226044,0.12262463569641113,-0.06442870944738388,0.26507124304771423,-0.0391157865524292,-0.05037335678935051,0.2363336980342865,-0.13903293013572693,0.023627910763025284
0.06035133823752403,0.7185160517692566,1.3946284055709839,-0.009004493605254061,-0.01842258960391909,0.0010822794617209198,-0.0006018713291025865,-0.015167410554881204,-0.008901864934797563,0.16086156517267228,0.01923989057540898,-0.0052992343902587,0.8403018116950989,0.7277172207832336,1.2325743436813354,-0.022167116,0.0035201386,0.012137495,415.0,1740111825.9832935,0.06958255916833878,0.06267151236534119,0.1802133321762085,0.14939860999584198,-0.04956643283367157,-0.06447852402925491,0.04378602281212807,0.23778924345970154,0.23817259073257446,0.07898715138435364,0.12866097688674927,0.2829572558403015,0.1693519502878189,-0.04304804280400276,0.23447400331497192,0.04927494749426842,0.20437680184841156,0.0646430253982544,-0.0910576581954956,0.09735963493585587,-0.0889001414179802,-0.2731665372848511,-0.1690196543931961,0.05985017865896225,0.12189091742038727,-0.06454349309206009,0.26481080055236816,-0.038672976195812225,-0.049771349877119064,0.23688659071922302,-0.13887536525726318,0.022691257297992706
0.06109371408820152,0.7181805372238159,1.3948800563812256,-0.009004493605254061,-0.01842258960391909,0.0010822794617209198,-0.009031419867799031,0.017205887270441533,0.010771972681659891,0.16110254302620888,0.01849131584167485,-0.005216622352600009,0.8403018116950989,0.7277172207832336,1.2325743436813354,-0.022363976,0.0031902418,0.013189144,416.0,1740111826.0185497,0.07006332278251648,0.06272348761558533,0.18086788058280945,0.14984965324401855,-0.04979780316352844,-0.06433749198913574,0.04396582767367363,0.23860614001750946,0.23869146406650543,0.07923324406147003,0.12892058491706848,0.2839069366455078,0.16974833607673645,-0.04278486594557762,0.2352226972579956,0.04956846684217453,0.20485953986644745,0.06502242386341095,-0.09126786887645721,0.09783755987882614,-0.0887882187962532,-0.2739151418209076,-0.16951456665992737,0.06003794074058533,0.12205033749341965,-0.06491798162460327,0.2652509808540344,-0.038669876754283905,-0.04970767721533775,0.23781821131706238,-0.13967587053775787,0.022628389298915863
0.06125835329294205,0.7177067995071411,1.394936442375183,0.02309514252441164,-0.008001725979326392,0.0021455544112598695,-0.009254118773816008,0.017157761136733275,0.010487655917811681,0.16118576601147652,0.017966973781585738,-0.005104804039001376,0.8403018116950989,0.7277172207832336,1.2325743436813354,-0.022363976,0.0031902418,0.013189144,417.0,1740111826.0520525,0.07006332278251648,0.06272348761558533,0.18086788058280945,0.14984965324401855,-0.04979780316352844,-0.06433749198913574,0.04396582767367363,0.23860614001750946,0.23869146406650543,0.07923324406147003,0.12892058491706848,0.2839069366455078,0.16974833607673645,-0.04278486594557762,0.2352226972579956,0.04956846684217453,0.20485953986644745,0.06502242386341095,-0.09126786887645721,0.09783755987882614,-0.0887882187962532,-0.2739151418209076,-0.16951456665992737,0.06003794074058533,0.12205033749341965,-0.06491798162460327,0.2652509808540344,-0.038669876754283905,-0.04970767721533775,0.23781821131706238,-0.13967587053775787,0.022628389298915863
0.05677115172147751,0.714945912361145,1.3935881853103638,0.02309514252441164,-0.008001725979326392,0.0021455544112598695,0.02430671765255287,-0.047837356869126955,-0.01911301171063503,0.16125835329294205,0.017706799507141158,-0.005063557624816806,0.8403018116950989,0.7277172207832336,1.2325743436813354,-0.023163274,0.0035471097,0.012798563,418.0,1740111826.0843074,0.0698610320687294,0.06258754432201385,0.1817186176776886,0.15067797899246216,-0.05028800666332245,-0.063758984208107,0.044387336820364,0.23969653248786926,0.23871958255767822,0.07941235601902008,0.12942221760749817,0.28469318151474,0.17026972770690918,-0.042202506214380264,0.23549208045005798,0.04999415948987007,0.20466861128807068,0.0649690181016922,-0.09139551222324371,0.09876521676778793,-0.0877981185913086,-0.2745540738105774,-0.16991189122200012,0.06001696735620499,0.1215185895562172,-0.06528368592262268,0.2655335068702698,-0.03816559165716171,-0.04917839542031288,0.23944929242134094,-0.14005479216575623,0.021160660311579704
0.06071346998214722,0.7162495255470276,1.394936442375183,0.02309514252441164,-0.008001725979326392,0.0021455544112598695,-0.0004547117455367056,-0.03246387057847576,-0.022367418975813,0.1545983910560608,0.01346908807754521,-0.00617053508758536,0.8403018116950989,0.7277172207832336,1.2325743436813354,-0.025182158,0.0012434348,0.021615326,419.0,1740111826.1180518,0.06984320282936096,0.06251251697540283,0.18239238858222961,0.15200939774513245,-0.05151394009590149,-0.06321439892053604,0.04507758840918541,0.24111129343509674,0.23915733397006989,0.07946483790874481,0.12967415153980255,0.2862328290939331,0.1710890829563141,-0.042521294206380844,0.23636147379875183,0.05064818263053894,0.20531874895095825,0.06592489778995514,-0.09246334433555603,0.09995967894792557,-0.08767714351415634,-0.2749149203300476,-0.1707916557788849,0.060248009860515594,0.12163612246513367,-0.066164530813694,0.26617127656936646,-0.03801102191209793,-0.04875122383236885,0.24108269810676575,-0.14129051566123962,0.01987813226878643
0.061415817588567734,0.7157734036445618,1.3950517177581787,-0.00576294397645629,-0.01351856926688034,0.0012725041404043893,-0.008051179652801062,0.015608238577167628,0.009909704306053138,0.16060917675495148,0.016614425182342574,-0.004977488517761142,0.8403018116950989,0.7277172207832336,1.2325743436813354,-0.025634542,0.0018949285,0.019873947,420.0,1740111826.1535418,0.0705147460103035,0.0627204030752182,0.18245214223861694,0.1512071192264557,-0.05099337548017502,-0.06364074349403381,0.044419653713703156,0.2405586838722229,0.23995208740234375,0.07925555109977722,0.12947332859039307,0.28576552867889404,0.17079675197601318,-0.0425911545753479,0.2369040846824646,0.05061139166355133,0.20584754645824432,0.06550191342830658,-0.0922335833311081,0.09900888055562973,-0.08824951201677322,-0.27496275305747986,-0.17060025036334991,0.06008654087781906,0.12266506999731064,-0.06577758491039276,0.26622068881988525,-0.03804544359445572,-0.04927326366305351,0.24035364389419556,-0.1414564996957779,0.021383680403232574
0.06138814240694046,0.7152713537216187,1.3949410915374756,-0.00576294397645629,-0.01351856926688034,0.0012725041404043893,-0.009773737662572439,0.016066364157992515,0.009310261439072768,0.16141581758856774,0.015773403644561812,-0.0049482822418212,0.8403018116950989,0.7277172207832336,1.2325743436813354,-0.024221346,0.0021762922,0.018081874,421.0,1740111826.1832268,0.0703420415520668,0.06267271190881729,0.1819482147693634,0.1507014036178589,-0.050673745572566986,-0.06375239789485931,0.04412400722503662,0.23986434936523438,0.23946316540241241,0.0790213942527771,0.12923243641853333,0.28496214747428894,0.1704116314649582,-0.04244793951511383,0.2362436056137085,0.050363387912511826,0.2053871750831604,0.06514528393745422,-0.09187722206115723,0.09859920293092728,-0.08811114728450775,-0.2744632661342621,-0.17015767097473145,0.05984790623188019,0.12236742675304413,-0.06545320153236389,0.2657996714115143,-0.03790063410997391,-0.04920582100749016,0.23965367674827576,-0.14087122678756714,0.02158089354634285
0.05445021763443947,0.7115663886070251,1.393572449684143,-0.00576294397645629,-0.01351856926688034,0.0012725041404043893,-0.005147547514898062,0.017663833624657257,0.033529635375411794,0.15445021763443947,0.011566388607025191,-0.006427550315856845,0.8403018116950989,0.7277172207832336,1.2325743436813354,-0.024221346,0.0021762922,0.018081874,422.0,1740111826.2172017,0.0703420415520668,0.06267271190881729,0.1819482147693634,0.1507014036178589,-0.050673745572566986,-0.06375239789485931,0.04412400722503662,0.23986434936523438,0.23946316540241241,0.0790213942527771,0.12923243641853333,0.28496214747428894,0.1704116314649582,-0.04244793951511383,0.2362436056137085,0.050363387912511826,0.2053871750831604,0.06514528393745422,-0.09187722206115723,0.09859920293092728,-0.08811114728450775,-0.2744632661342621,-0.17015767097473145,0.05984790623188019,0.12236742675304413,-0.06545320153236389,0.2657996714115143,-0.03790063410997391,-0.04920582100749016,0.23965367674827576,-0.14087122678756714,0.02158089354634285
0.060209695249795914,0.7142069339752197,1.3949275016784668,-0.03543117869753992,-0.03630179894088141,-0.016370166931482442,-0.01924378993305813,0.014616263856775821,0.0035217005146206933,0.1554855540394783,0.011038649082183882,-0.007077479362487704,0.8403018116950989,0.7277172207832336,1.2325743436813354,-0.023680076,0.0019243807,0.01850763,423.0,1740111826.251987,0.07038497179746628,0.06267315149307251,0.1823083460330963,0.15106330811977386,-0.05086710304021835,-0.06358030438423157,0.04449136182665825,0.24026408791542053,0.2396925985813141,0.07924939692020416,0.1294660121202469,0.2855875790119171,0.1707688421010971,-0.04246785491704941,0.23660054802894592,0.05059463903307915,0.20557036995887756,0.065445676445961,-0.0919564962387085,0.09908410161733627,-0.08805437386035919,-0.27480947971343994,-0.17049045860767365,0.06001942604780197,0.12241489440202713,-0.06575246900320053,0.26600176095962524,-0.03796032816171646,-0.04910648241639137,0.2402946949005127,-0.14125746488571167,0.021267488598823547
0.06036552041769028,0.7138200402259827,1.3944696187973022,-0.03543117869753992,-0.03630179894088141,-0.016370166931482442,-0.019052091325752238,0.01494714299225839,0.004543369247327042,0.16020969524979592,0.014206933975219771,-0.005072498321533114,0.8403018116950989,0.7277172207832336,1.2325743436813354,-0.02401784,0.0018868372,0.018793106,424.0,1740111826.2842076,0.07048800587654114,0.06253452599048615,0.1829186975955963,0.15159201622009277,-0.05110654979944229,-0.06315474212169647,0.04491217061877251,0.24130336940288544,0.2398078292608261,0.07968126237392426,0.13005927205085754,0.2864644527435303,0.171237051486969,-0.04173389449715614,0.23692840337753296,0.050944577902555466,0.2055223137140274,0.0654672384262085,-0.09199459850788116,0.09985161572694778,-0.08724191039800644,-0.2755190134048462,-0.17091700434684753,0.06033528596162796,0.12205776572227478,-0.06600582599639893,0.26608213782310486,-0.03780315816402435,-0.04871683195233345,0.24152898788452148,-0.1417040377855301,0.02038520574569702
0.056466419249773026,0.7109728455543518,1.392853856086731,-0.03543117869753992,-0.03630179894088141,-0.016370166931482442,0.024055069917496435,-0.05047960228121662,-0.02249645532241461,0.15646641924977303,0.010972845554351851,-0.007146143913268954,0.8403018116950989,0.7277172207832336,1.2325743436813354,-0.02401784,0.0018868372,0.018793106,425.0,1740111826.3172164,0.07048800587654114,0.06253452599048615,0.1829186975955963,0.15159201622009277,-0.05110654979944229,-0.06315474212169647,0.04491217061877251,0.24130336940288544,0.2398078292608261,0.07968126237392426,0.13005927205085754,0.2864644527435303,0.171237051486969,-0.04173389449715614,0.23692840337753296,0.050944577902555466,0.2055223137140274,0.0654672384262085,-0.09199459850788116,0.09985161572694778,-0.08724191039800644,-0.2755190134048462,-0.17091700434684753,0.06033528596162796,0.12205776572227478,-0.06600582599639893,0.26608213782310486,-0.03780315816402435,-0.04871683195233345,0.24152898788452148,-0.1417040377855301,0.02038520574569702
0.0601925402879715,0.7126372456550598,1.3937838077545166,0.031669142085133065,0.0001420981496868417,0.005112279232626603,-0.019713634567320455,0.014143681361191865,0.004633174278400255,0.16029508635401726,0.012964057922363326,-0.006020450592040927,0.8403018116950989,0.7277172207832336,1.2325743436813354,-0.022461414,0.0017926544,0.018098794,426.0,1740111826.3514884,0.0702202245593071,0.062453750520944595,0.18247263133525848,0.15187983214855194,-0.05158805847167969,-0.06303543597459793,0.044957224279642105,0.24133314192295074,0.2394891232252121,0.07935889065265656,0.1297493577003479,0.28645578026771545,0.1713039129972458,-0.042059917002916336,0.23661521077156067,0.05097629502415657,0.205602765083313,0.06586359441280365,-0.0925506055355072,0.09998764842748642,-0.08735167235136032,-0.274953693151474,-0.1710418313741684,0.06029288470745087,0.12196462601423264,-0.0662553608417511,0.26603174209594727,-0.03777240961790085,-0.048476915806531906,0.24132820963859558,-0.14177517592906952,0.019962217658758163
0.059894584119319916,0.711485743522644,1.393265724182129,0.031669142085133065,0.0001420981496868417,0.005112279232626603,-0.006763304462306374,0.017228705695248293,0.005060950676009828,0.1601925402879715,0.012637245655059859,-0.00621619224548331,0.8403018116950989,0.7277172207832336,1.2325743436813354,-0.022309154,0.0019608736,0.017549165,427.0,1740111826.3841648,0.07036490738391876,0.06252948939800262,0.18269935250282288,0.15201637148857117,-0.05147823691368103,-0.0628696009516716,0.04488660395145416,0.24165405333042145,0.23963548243045807,0.07964156568050385,0.12995824217796326,0.2867061495780945,0.17130444943904877,-0.04194602370262146,0.23680579662322998,0.05094221979379654,0.2057843804359436,0.06583002209663391,-0.09246015548706055,0.10004501789808273,-0.08709118515253067,-0.2752487063407898,-0.17122021317481995,0.0603192001581192,0.12189369648694992,-0.0662820115685463,0.2660527527332306,-0.037630386650562286,-0.0485646016895771,0.24164268374443054,-0.14193110167980194,0.019854752346873283
0.060812730342149734,0.711211085319519,1.3929567337036133,0.031669142085133065,0.0001420981496868417,0.005112279232626603,-0.010239467966602675,0.014325099450408,0.005639801570745676,0.16085077300667763,0.011427569389343306,-0.006836199760436923,0.8403018116950989,0.7277172207832336,1.2325743436813354,-0.022309154,0.0019608736,0.017549165,428.0,1740111826.4181936,0.07036490738391876,0.06252948939800262,0.18269935250282288,0.15201637148857117,-0.05147823691368103,-0.0628696009516716,0.04488660395145416,0.24165405333042145,0.23963548243045807,0.07964156568050385,0.12995824217796326,0.2867061495780945,0.17130444943904877,-0.04194602370262146,0.23680579662322998,0.05094221979379654,0.2057843804359436,0.06583002209663391,-0.09246015548706055,0.10004501789808273,-0.08709118515253067,-0.2752487063407898,-0.17122021317481995,0.0603192001581192,0.12189369648694992,-0.0662820115685463,0.2660527527332306,-0.037630386650562286,-0.0485646016895771,0.24164268374443054,-0.14193110167980194,0.019854752346873283
0.05992169678211212,0.7112473845481873,1.3911166191101074,0.031669142085133065,0.0001420981496868417,0.005112279232626603,-0.0206756537428063,0.020083638982408922,0.02244230765561778,0.16083359941840172,0.010948646068573042,-0.00725390911102286,0.8403018116950989,0.7277172207832336,1.2325743436813354,-0.014443651,0.0036657453,0.0053714216,429.0,1740111826.4504213,0.07140736281871796,0.06303808093070984,0.17998646199703217,0.14569133520126343,-0.046953216195106506,-0.06556040048599243,0.041683319956064224,0.2345815896987915,0.23929090797901154,0.0787723958492279,0.12813550233840942,0.28029170632362366,0.16764192283153534,-0.04222879558801651,0.2348862588405609,0.04898909479379654,0.20444105565547943,0.06243327632546425,-0.0885479599237442,0.09432997554540634,-0.08909828215837479,-0.2728099524974823,-0.1677326261997223,0.05870598554611206,0.12381716072559357,-0.0628437027335167,0.2636603116989136,-0.03762646019458771,-0.05089004710316658,0.23460519313812256,-0.1381375789642334,0.0271344892680645
0.05618547648191452,0.7085381150245667,1.3904130458831787,-0.034022310410979556,-0.03630491366175724,-0.025150576117318437,0.02251774202010004,-0.00146182481826373,0.012439222903219173,0.15992169678211213,0.0112473845481873,-0.00888338088989249,0.8403018116950989,0.7277172207832336,1.2325743436813354,-0.014443651,0.0036657453,0.0053714216,430.0,1740111826.4853883,0.07140736281871796,0.06303808093070984,0.17998646199703217,0.14569133520126343,-0.046953216195106506,-0.06556040048599243,0.041683319956064224,0.2345815896987915,0.23929090797901154,0.0787723958492279,0.12813550233840942,0.28029170632362366,0.16764192283153534,-0.04222879558801651,0.2348862588405609,0.04898909479379654,0.20444105565547943,0.06243327632546425,-0.0885479599237442,0.09432997554540634,-0.08909828215837479,-0.2728099524974823,-0.1677326261997223,0.05870598554611206,0.12381716072559357,-0.0628437027335167,0.2636603116989136,-0.03762646019458771,-0.05089004710316658,0.23460519313812256,-0.1381375789642334,0.0271344892680645
0.05901937559247017,0.7092999219894409,1.3916785717010498,-0.034022310410979556,-0.03630491366175724,-0.025150576117318437,-0.0016644293390162153,0.018461797402959414,0.00565434433239507,0.15901937559247017,0.009299921989440962,-0.008321428298950106,0.8403018116950989,0.7277172207832336,1.2325743436813354,-0.014804289,0.0033493862,0.008462712,431.0,1740111826.5172057,0.07174108177423477,0.0629236027598381,0.18039439618587494,0.1461927443742752,-0.047493770718574524,-0.06474709510803223,0.04224856570363045,0.23568463325500488,0.2399025559425354,0.07893149554729462,0.12789322435855865,0.28144797682762146,0.16814087331295013,-0.04182710498571396,0.23544034361839294,0.049889080226421356,0.2048596888780594,0.06272520124912262,-0.08907009661197662,0.09500185400247574,-0.0887359231710434,-0.2726484537124634,-0.16831888258457184,0.058871373534202576,0.12441764771938324,-0.06323575973510742,0.26349520683288574,-0.0373816043138504,-0.050331417471170425,0.23570802807807922,-0.13923238217830658,0.0262303426861763
0.060918062925338745,0.7094756960868835,1.3909456729888916,-0.034022310410979556,-0.03630491366175724,-0.025150576117318437,-0.01075734170278536,0.013741140025625506,0.005608517052623645,0.16006860733032227,0.009378540515899703,-0.008936548233032138,0.8403018116950989,0.7277172207832336,1.2325743436813354,-0.014804289,0.0033493862,0.008462712,432.0,1740111826.5513852,0.07174108177423477,0.0629236027598381,0.18039439618587494,0.1461927443742752,-0.047493770718574524,-0.06474709510803223,0.04224856570363045,0.23568463325500488,0.2399025559425354,0.07893149554729462,0.12789322435855865,0.28144797682762146,0.16814087331295013,-0.04182710498571396,0.23544034361839294,0.049889080226421356,0.2048596888780594,0.06272520124912262,-0.08907009661197662,0.09500185400247574,-0.0887359231710434,-0.2726484537124634,-0.16831888258457184,0.058871373534202576,0.12441764771938324,-0.06323575973510742,0.26349520683288574,-0.0373816043138504,-0.050331417471170425,0.23570802807807922,-0.13923238217830658,0.0262303426861763
0.060163550078868866,0.7097077369689941,1.3906570672988892,-0.034022310410979556,-0.03630491366175724,-0.025150576117318437,-0.01995364403129109,0.014629813855470394,0.004939883251943063,0.16091806292533875,0.00947569608688359,-0.00905432701110831,0.8403018116950989,0.7277172207832336,1.2325743436813354,-0.014742106,0.0029199198,0.010161385,433.0,1740111826.5839298,0.0711699053645134,0.06277864426374435,0.18095149099826813,0.14828522503376007,-0.04865074157714844,-0.0640483945608139,0.0434069000184536,0.23766392469406128,0.23967711627483368,0.07953125238418579,0.12857823073863983,0.2833980321884155,0.1690414845943451,-0.0420442633330822,0.235789954662323,0.05020717531442642,0.20499053597450256,0.06363461911678314,-0.09022653102874756,0.09693071991205215,-0.08848875015974045,-0.2732539176940918,-0.16935338079929352,0.05957978963851929,0.12367416173219681,-0.06405631452798843,0.26413196325302124,-0.03781338036060333,-0.0499940849840641,0.23750197887420654,-0.13987386226654053,0.02410173788666725
0.06024596467614174,0.7092551589012146,1.3897535800933838,0.03461531188292248,0.0070083086502324985,-0.0050650121026817,-0.019414363177696712,0.016924873485465147,0.006591630503162783,0.1602550618350506,0.009450960159301802,-0.009996676445007235,0.8403018116950989,0.7277172207832336,1.2325743436813354,-0.0141967535,0.0024338886,0.011436343,434.0,1740111826.6185622,0.07128161936998367,0.06302423775196075,0.1805485486984253,0.14767666161060333,-0.04788653552532196,-0.06427761912345886,0.04293716326355934,0.23689983785152435,0.23959773778915405,0.07976898550987244,0.12847669422626495,0.2827523946762085,0.1684589982032776,-0.04217074438929558,0.23551806807518005,0.049751363694667816,0.2048884779214859,0.06336227059364319,-0.08972032368183136,0.09620393067598343,-0.08885419368743896,-0.2729688584804535,-0.16902072727680206,0.059497199952602386,0.12376176565885544,-0.0635981559753418,0.26379767060279846,-0.037928029894828796,-0.05053839460015297,0.2364596128463745,-0.13936567306518555,0.02515518292784691
0.06033334136009216,0.7084247469902039,1.389112949371338,0.03461531188292248,0.0070083086502324985,-0.0050650121026817,-0.014878795362338859,0.018807396153338703,0.008811995492259701,0.16028631329536439,0.00858705043792729,-0.010617637634277255,0.8403018116950989,0.7277172207832336,1.2325743436813354,-0.015213169,0.001926966,0.013827547,435.0,1740111826.6581848,0.07088044285774231,0.06306255608797073,0.17981025576591492,0.14660228788852692,-0.047039344906806946,-0.06445924192667007,0.04236793890595436,0.23545454442501068,0.2387339025735855,0.07950331270694733,0.12813441455364227,0.2811031639575958,0.16756963729858398,-0.041880231350660324,0.2343944013118744,0.04916168004274368,0.20394743978977203,0.0627373456954956,-0.08873003721237183,0.09526742249727249,-0.08849361538887024,-0.27218303084373474,-0.1681416630744934,0.05900440365076065,0.12317196279764175,-0.0629703551530838,0.2629416286945343,-0.03761520981788635,-0.050585728138685226,0.23518401384353638,-0.13825660943984985,0.02563333511352539
0.060938917100429535,0.7081405520439148,1.388840675354004,0.03461531188292248,0.0070083086502324985,-0.0050650121026817,-0.008886783077321497,0.019049165109417447,0.00837797803707996,0.16033334136009217,0.008424746990203902,-0.01088705062866202,0.8403018116950989,0.7277172207832336,1.2325743436813354,-0.017012954,0.0016906857,0.015540719,436.0,1740111826.6856458,0.0705425962805748,0.06287635117769241,0.1796421855688095,0.14715783298015594,-0.047593049705028534,-0.06388688087463379,0.04282663017511368,0.23600934445858002,0.2381957322359085,0.07944025099277496,0.12783527374267578,0.28148311376571655,0.16765683889389038,-0.041842684149742126,0.23404955863952637,0.04931613802909851,0.2037522792816162,0.06314662098884583,-0.08911871910095215,0.09585238248109818,-0.08805163949728012,-0.27167370915412903,-0.16824853420257568,0.059032514691352844,0.12275389581918716,-0.06336674094200134,0.26258766651153564,-0.03750993311405182,-0.050074342638254166,0.2356991171836853,-0.1385299116373062,0.024456582963466644
0.061322592198848724,0.7081867456436157,1.3885105848312378,0.009744260904308882,-0.008418747983290275,-0.014932855747595649,-0.010459505420214652,0.019321812775646707,0.005205612472917265,0.16132259219884873,0.008186745643615767,-0.011489415168762118,0.8403018116950989,0.7277172207832336,1.2325743436813354,-0.017012954,0.0016906857,0.015540719,437.0,1740111826.7173913,0.0705425962805748,0.06287635117769241,0.1796421855688095,0.14715783298015594,-0.047593049705028534,-0.06388688087463379,0.04282663017511368,0.23600934445858002,0.2381957322359085,0.07944025099277496,0.12783527374267578,0.28148311376571655,0.16765683889389038,-0.041842684149742126,0.23404955863952637,0.04931613802909851,0.2037522792816162,0.06314662098884583,-0.08911871910095215,0.09585238248109818,-0.08805163949728012,-0.27167370915412903,-0.16824853420257568,0.059032514691352844,0.12275389581918716,-0.06336674094200134,0.26258766651153564,-0.03750993311405182,-0.050074342638254166,0.2356991171836853,-0.1385299116373062,0.024456582963466644
0.060728128999471664,0.7082417607307434,1.38746976852417,0.009744260904308882,-0.008418747983290275,-0.014932855747595649,-0.020611413522234407,0.023867937960017814,0.0035756118538834186,0.16145159900188447,0.008065748214721724,-0.011883997917175204,0.8403018116950989,0.7277172207832336,1.2325743436813354,-0.01984445,-0.00066616386,0.023530155,438.0,1740111826.7507737,0.0686817467212677,0.0623098760843277,0.17803490161895752,0.1474476158618927,-0.047934673726558685,-0.06313685327768326,0.04340372979640961,0.23535701632499695,0.23486164212226868,0.07943916320800781,0.12746849656105042,0.2802930772304535,0.16708387434482574,-0.04126607999205589,0.2311525046825409,0.04860718175768852,0.20140515267848969,0.06356529891490936,-0.08865566551685333,0.09685643762350082,-0.08628882467746735,-0.2700470983982086,-0.16738618910312653,0.05888038128614426,0.11950176954269409,-0.06351687014102936,0.26121336221694946,-0.03705410659313202,-0.04871209338307381,0.23557516932487488,-0.1368912309408188,0.021844256669282913
0.06104044243693352,0.7080361247062683,1.3869084119796753,0.009744260904308882,-0.008418747983290275,-0.014932855747595649,-0.020748041565030795,0.024886715588847644,0.002093318398908204,0.16072812899947167,0.008241760730743453,-0.01253023147582999,0.8403018116950989,0.7277172207832336,1.2325743436813354,-0.01984445,-0.00066616386,0.023530155,439.0,1740111826.7858179,0.0686817467212677,0.0623098760843277,0.17803490161895752,0.1474476158618927,-0.047934673726558685,-0.06313685327768326,0.04340372979640961,0.23535701632499695,0.23486164212226868,0.07943916320800781,0.12746849656105042,0.2802930772304535,0.16708387434482574,-0.04126607999205589,0.2311525046825409,0.04860718175768852,0.20140515267848969,0.06356529891490936,-0.08865566551685333,0.09685643762350082,-0.08628882467746735,-0.2700470983982086,-0.16738618910312653,0.05888038128614426,0.11950176954269409,-0.06351687014102936,0.26121336221694946,-0.03705410659313202,-0.04871209338307381,0.23557516932487488,-0.1368912309408188,0.021844256669282913
0.061156585812568665,0.7072561979293823,1.3863861560821533,-0.0016500337693729562,-0.00924925351912413,-0.02111592966491303,-0.015061045988566614,0.024807735327318343,0.004758672523186962,0.16115658581256867,0.007256197929382369,-0.013613843917846591,0.8403018116950989,0.7277172207832336,1.2325743436813354,-0.017959103,-0.0001469627,0.021116294,440.0,1740111826.8174467,0.06904831528663635,0.062446799129247665,0.17946356534957886,0.14878615736961365,-0.048564717173576355,-0.06271680444478989,0.04375147074460983,0.23731482028961182,0.23556485772132874,0.08018568158149719,0.1286143660545349,0.28207138180732727,0.16773591935634613,-0.040767136961221695,0.23232606053352356,0.04877568781375885,0.202107772231102,0.06402179598808289,-0.08900544047355652,0.0979413315653801,-0.08562055230140686,-0.27175620198249817,-0.16824230551719666,0.059236831963062286,0.11908328533172607,-0.06416963040828705,0.26217150688171387,-0.036738425493240356,-0.048798028379678726,0.2377285659313202,-0.13796307146549225,0.020962845534086227
0.061332397162914276,0.707316517829895,1.3855152130126953,-0.0016500337693729562,-0.00924925351912413,-0.02111592966491303,-0.01890452599543417,0.021259975699093846,0.0024710632117109165,0.15828730016946793,0.005525159835815474,-0.014555001258850009,0.8403018116950989,0.7277172207832336,1.2325743436813354,-0.017959103,-0.0001469627,0.021116294,441.0,1740111826.8508403,0.06904831528663635,0.062446799129247665,0.17946356534957886,0.14878615736961365,-0.048564717173576355,-0.06271680444478989,0.04375147074460983,0.23731482028961182,0.23556485772132874,0.08018568158149719,0.1286143660545349,0.28207138180732727,0.16773591935634613,-0.040767136961221695,0.23232606053352356,0.04877568781375885,0.202107772231102,0.06402179598808289,-0.08900544047355652,0.0979413315653801,-0.08562055230140686,-0.27175620198249817,-0.16824230551719666,0.059236831963062286,0.11908328533172607,-0.06416963040828705,0.26217150688171387,-0.036738425493240356,-0.048798028379678726,0.2377285659313202,-0.13796307146549225,0.020962845534086227
0.06202416121959686,0.7072007060050964,1.3845258951187134,-0.0016500337693729562,-0.00924925351912413,-0.02111592966491303,-0.015763324552636813,0.020770688750672804,0.004861329219563078,0.16133239716291428,0.007316517829895064,-0.014484786987304599,0.8403018116950989,0.7277172207832336,1.2325743436813354,-0.017959103,-0.0001469627,0.021116294,442.0,1740111826.89372,0.06904831528663635,0.062446799129247665,0.17946356534957886,0.14878615736961365,-0.048564717173576355,-0.06271680444478989,0.04375147074460983,0.23731482028961182,0.23556485772132874,0.08018568158149719,0.1286143660545349,0.28207138180732727,0.16773591935634613,-0.040767136961221695,0.23232606053352356,0.04877568781375885,0.202107772231102,0.06402179598808289,-0.08900544047355652,0.0979413315653801,-0.08562055230140686,-0.27175620198249817,-0.16824230551719666,0.059236831963062286,0.11908328533172607,-0.06416963040828705,0.26217150688171387,-0.036738425493240356,-0.048798028379678726,0.2377285659313202,-0.13796307146549225,0.020962845534086227
0.0621354803442955,0.7070021033287048,1.3837993144989014,0.008202638029823552,-0.002129183448408132,-0.021676416059327453,-0.020707764945828676,0.020627164152287686,0.005220113753354396,0.16199516728520394,0.0065382599830627885,-0.015961074829101474,0.8403018116950989,0.7277172207832336,1.2325743436813354,-0.01664538,-0.00081499666,0.022484794,443.0,1740111826.9196436,0.06903249025344849,0.06236370652914047,0.17940983176231384,0.14847983419895172,-0.04858287423849106,-0.06246549263596535,0.04352615401148796,0.23718135058879852,0.23519255220890045,0.08003398776054382,0.12847493588924408,0.2816683053970337,0.16744008660316467,-0.04035326838493347,0.23203325271606445,0.048754025250673294,0.20181390643119812,0.06383377313613892,-0.08870722353458405,0.09772878140211105,-0.08492401242256165,-0.27148520946502686,-0.1679581254720688,0.05887997895479202,0.11873893439769745,-0.06412652879953384,0.2617226243019104,-0.036089785397052765,-0.04849490895867348,0.23789054155349731,-0.13793602585792542,0.020714841783046722
0.06303992122411728,0.7059817314147949,1.382908821105957,0.008202638029823552,-0.002129183448408132,-0.021676416059327453,-0.009672248090090933,0.0205265182971544,0.008647244279908933,0.1621354803442955,0.007002103328704878,-0.016200685501098544,0.8403018116950989,0.7277172207832336,1.2325743436813354,-0.018013738,-0.0012125969,0.024109468,444.0,1740111826.951124,0.06908537447452545,0.062282998114824295,0.1806422919034958,0.15144236385822296,-0.05083141475915909,-0.061610106378793716,0.0445597879588604,0.24053549766540527,0.23580051958560944,0.08069945871829987,0.12946540117263794,0.2849396765232086,0.16875824332237244,-0.040308911353349686,0.23352456092834473,0.04945308715105057,0.20302434265613556,0.06524226069450378,-0.09056170284748077,0.10017945617437363,-0.08438590914011002,-0.2731297016143799,-0.1694698929786682,0.059768736362457275,0.11791049689054489,-0.06560362875461578,0.26311078667640686,-0.03604671359062195,-0.04829029366374016,0.24100396037101746,-0.13961854577064514,0.01820555329322815
0.06281222403049469,0.7065868377685547,1.3822752237319946,0.008202638029823552,-0.002129183448408132,-0.021676416059327453,-0.019239689025699138,0.01980393520251408,0.005797424642496298,0.16303992122411728,0.005981731414794966,-0.01709117889404288,0.8403018116950989,0.7277172207832336,1.2325743436813354,-0.01857686,-0.00087195635,0.023284726,445.0,1740111826.9952722,0.06807427853345871,0.061962079256772995,0.18042027950286865,0.15249034762382507,-0.05142006278038025,-0.06105698645114899,0.04558287188410759,0.24103355407714844,0.23449119925498962,0.08104395866394043,0.12961232662200928,0.2855214476585388,0.16910043358802795,-0.04030093178153038,0.23263636231422424,0.04941874369978905,0.20212551951408386,0.06588281691074371,-0.09076525270938873,0.10158895701169968,-0.08373856544494629,-0.27300599217414856,-0.1696457862854004,0.060033172369003296,0.11645902693271637,-0.06612744182348251,0.2630252540111542,-0.036176763474941254,-0.04763764515519142,0.2419363558292389,-0.13923543691635132,0.016248345375061035
0.06363088637590408,0.705642819404602,1.3812878131866455,0.014946911691462261,-0.013586341333218947,-0.025103007165819494,-0.009678276314939586,0.020908305435786312,0.01012535458651626,0.1637108162045479,0.006112504005432173,-0.018191003799438388,0.8403018116950989,0.7277172207832336,1.2325743436813354,-0.021000296,-0.000867866,0.024135843,446.0,1740111827.0273833,0.06751824170351028,0.06193169578909874,0.17997080087661743,0.15285509824752808,-0.05157076567411423,-0.06104496121406555,0.045707035809755325,0.2408406287431717,0.23369556665420532,0.08103667199611664,0.1295577734708786,0.28532612323760986,0.16892416775226593,-0.04051334410905838,0.2320210039615631,0.04906719923019409,0.20165228843688965,0.06604243814945221,-0.09077610075473785,0.10187242180109024,-0.08366448432207108,-0.2727808654308319,-0.16949288547039032,0.060055725276470184,0.11567183583974838,-0.06618483364582062,0.26290035247802734,-0.036280520260334015,-0.04764014109969139,0.24176102876663208,-0.13864301145076752,0.01569449156522751
0.06354689598083496,0.7056382298469543,1.3805428743362427,0.014946911691462261,-0.013586341333218947,-0.025103007165819494,-0.013492250871610604,0.022572849230734958,0.008408344853925874,0.1636308863759041,0.005642819404602095,-0.018712186813354403,0.8403018116950989,0.7277172207832336,1.2325743436813354,-0.021000296,-0.000867866,0.024135843,447.0,1740111827.0603604,0.06751824170351028,0.06193169578909874,0.17997080087661743,0.15285509824752808,-0.05157076567411423,-0.06104496121406555,0.045707035809755325,0.2408406287431717,0.23369556665420532,0.08103667199611664,0.1295577734708786,0.28532612323760986,0.16892416775226593,-0.04051334410905838,0.2320210039615631,0.04906719923019409,0.20165228843688965,0.06604243814945221,-0.09077610075473785,0.10187242180109024,-0.08366448432207108,-0.2727808654308319,-0.16949288547039032,0.060055725276470184,0.11567183583974838,-0.06618483364582062,0.26290035247802734,-0.036280520260334015,-0.04764014109969139,0.24176102876663208,-0.13864301145076752,0.01569449156522751
0.0638866126537323,0.7061395049095154,1.3799018859863281,0.014946911691462261,-0.013586341333218947,-0.025103007165819494,-0.019040259240534697,0.02289675984361874,0.004854202276769214,0.16354689598083497,0.00563822984695439,-0.019457125663757235,0.8403018116950989,0.7277172207832336,1.2325743436813354,-0.021707542,0.00051632524,0.019685805,448.0,1740111827.0945277,0.06716466695070267,0.061923906207084656,0.17945227026939392,0.1524626612663269,-0.05136103183031082,-0.061012204736471176,0.04559396207332611,0.24017055332660675,0.23282581567764282,0.08100834488868713,0.12936726212501526,0.28453412652015686,0.1683863401412964,-0.04027928411960602,0.23122024536132812,0.04871808737516403,0.2009192258119583,0.06582793593406677,-0.09017471969127655,0.10160774737596512,-0.08317254483699799,-0.272281676530838,-0.16897056996822357,0.05984622240066528,0.11491980403661728,-0.06597738713026047,0.26227420568466187,-0.0360465869307518,-0.04755989834666252,0.24125486612319946,-0.13789759576320648,0.015549210831522942
0.06444430351257324,0.7060303092002869,1.379140019416809,0.014946911691462261,-0.013586341333218947,-0.025103007165819494,-0.01699147286547365,0.023602221299768012,0.004022446454770079,0.1638846606016159,0.005905973911285445,-0.020250701904296786,0.8403018116950989,0.7277172207832336,1.2325743436813354,-0.023994148,0.002791606,0.012988344,449.0,1740111827.1282492,0.06647607684135437,0.06179425120353699,0.1791149526834488,0.15239280462265015,-0.05121070146560669,-0.060542188584804535,0.0455792099237442,0.23978784680366516,0.23143798112869263,0.08102935552597046,0.1292436420917511,0.2837357819080353,0.16791141033172607,-0.03984416648745537,0.23029503226280212,0.048456545919179916,0.19981834292411804,0.06555373966693878,-0.08967678248882294,0.10173308104276657,-0.08210866898298264,-0.2717335522174835,-0.16854003071784973,0.059596866369247437,0.11379420757293701,-0.06590840965509415,0.2616197466850281,-0.03556399047374725,-0.04715690389275551,0.2414272129535675,-0.13715046644210815,0.014568697661161423
0.06530695408582687,0.7054732441902161,1.3782325983047485,0.013081964199103301,-0.0010666529966837147,-0.021916663052007714,-0.01187523737137268,0.024064988525643292,0.007229639456451214,0.16444430351257325,0.00603030920028691,-0.02085998058319083,0.8403018116950989,0.7277172207832336,1.2325743436813354,-0.025818825,0.0036269426,0.011725523,450.0,1740111827.1534784,0.0660306066274643,0.06169676035642624,0.17891466617584229,0.15266121923923492,-0.05145913362503052,-0.060241781175136566,0.04580811783671379,0.23986943066120148,0.23081697523593903,0.08098691701889038,0.12899112701416016,0.28364598751068115,0.16790515184402466,-0.03981119021773338,0.22984179854393005,0.04842153564095497,0.1994127482175827,0.06567175686359406,-0.08965177834033966,0.10205023735761642,-0.08172792941331863,-0.2714537978172302,-0.16845473647117615,0.05960024148225784,0.11324210464954376,-0.06605341285467148,0.26143938302993774,-0.03549840301275253,-0.04690205678343773,0.24164244532585144,-0.13686469197273254,0.013721730560064316
0.06376578658819199,0.7059547305107117,1.3778204917907715,0.013081964199103301,-0.0010666529966837147,-0.021916663052007714,-0.0375116460837526,0.03330990113081507,-0.008569497653239042,0.16530695408582688,0.005473244190216109,-0.021767401695251376,0.8403018116950989,0.7277172207832336,1.2325743436813354,-0.025178708,0.0041843355,0.009737462,451.0,1740111827.1846483,0.06541655212640762,0.06152455136179924,0.17832612991333008,0.15293408930301666,-0.05169590562582016,-0.05995989218354225,0.0460958406329155,0.23974670469760895,0.22985559701919556,0.08085481822490692,0.12859952449798584,0.2834979295730591,0.16795551776885986,-0.04006510227918625,0.2290915548801422,0.04841304570436478,0.19889862835407257,0.06603702902793884,-0.08994711935520172,0.10246478766202927,-0.08164623379707336,-0.270728200674057,-0.16843213140964508,0.05965230613946915,0.11271519958972931,-0.06625524908304214,0.2611698508262634,-0.03564945608377457,-0.04652180150151253,0.2415619194507599,-0.1365170031785965,0.012854470871388912
0.06515640020370483,0.7048770189285278,1.3765525817871094,0.013081964199103301,-0.0010666529966837147,-0.021916663052007714,-0.016050929637434302,0.026141759299928378,0.005656179589449016,0.16480545550584794,0.005460608005523726,-0.023038530349731356,0.8403018116950989,0.7277172207832336,1.2325743436813354,-0.025178708,0.0041843355,0.009737462,452.0,1740111827.2181895,0.06541655212640762,0.06152455136179924,0.17832612991333008,0.15293408930301666,-0.05169590562582016,-0.05995989218354225,0.0460958406329155,0.23974670469760895,0.22985559701919556,0.08085481822490692,0.12859952449798584,0.2834979295730591,0.16795551776885986,-0.04006510227918625,0.2290915548801422,0.04841304570436478,0.19889862835407257,0.06603702902793884,-0.08994711935520172,0.10246478766202927,-0.08164623379707336,-0.270728200674057,-0.16843213140964508,0.05965230613946915,0.11271519958972931,-0.06625524908304214,0.2611698508262634,-0.03564945608377457,-0.04652180150151253,0.2415619194507599,-0.1365170031785965,0.012854470871388912
0.06574925035238266,0.7051329612731934,1.3759620189666748,0.004919459136218436,-0.003492864498722016,-0.024536416528737694,-0.016441839577173174,0.025456137196425917,0.0018563371806472474,0.16515640020370484,0.0048770189285278764,-0.023447418212890536,0.8403018116950989,0.7277172207832336,1.2325743436813354,-0.028091446,0.005041167,0.0085027665,453.0,1740111827.2601733,0.06526531279087067,0.0615997314453125,0.17762216925621033,0.15256501734256744,-0.05155132710933685,-0.060023799538612366,0.04566704109311104,0.23925529420375824,0.22934944927692413,0.08063499629497528,0.12813065946102142,0.28272750973701477,0.167375847697258,-0.04001028090715408,0.22844111919403076,0.04802406579256058,0.19860443472862244,0.06582516431808472,-0.08982826769351959,0.10194701701402664,-0.08159205317497253,-0.27004992961883545,-0.16792480647563934,0.05952967703342438,0.11243083328008652,-0.06600084155797958,0.26062822341918945,-0.03556019067764282,-0.0466926135122776,0.24067246913909912,-0.1359712779521942,0.013092792592942715
0.06574198603630066,0.7048351168632507,1.3751202821731567,0.004919459136218436,-0.003492864498722016,-0.024536416528737694,-0.021014247005229147,0.024009510585563783,0.003079474518301057,0.16574925035238267,0.005132961273193404,-0.024037981033325106,0.8403018116950989,0.7277172207832336,1.2325743436813354,-0.029822811,0.0020931289,0.019098014,454.0,1740111827.2941658,0.06467582285404205,0.06202569603919983,0.17648029327392578,0.15181855857372284,-0.05044756084680557,-0.0612325444817543,0.04446840286254883,0.23776039481163025,0.2284981608390808,0.08059431612491608,0.12807226181030273,0.28088462352752686,0.16626092791557312,-0.04068151116371155,0.22718751430511475,0.046373914927244186,0.19799865782260895,0.06515830755233765,-0.08944660425186157,0.10063622146844864,-0.08250976353883743,-0.26978906989097595,-0.16705450415611267,0.05944358557462692,0.11189008504152298,-0.06510148197412491,0.2605249583721161,-0.03606303036212921,-0.047822292894124985,0.23824885487556458,-0.13393163681030273,0.014655335806310177
0.066161148250103,0.7039470076560974,1.374234676361084,0.004919459136218436,-0.003492864498722016,-0.024536416528737694,-0.01603514899272964,0.024974889666100956,0.0061172603934311134,0.16596504151821137,0.004211652278900191,-0.025383615493774325,0.8403018116950989,0.7277172207832336,1.2325743436813354,-0.028321475,0.0010565147,0.02187816,455.0,1740111827.32789,0.0649147778749466,0.062208130955696106,0.17690196633338928,0.15191879868507385,-0.05037999153137207,-0.06140126287937164,0.0442521832883358,0.23804928362369537,0.22904576361179352,0.08078481256961823,0.1284925788640976,0.28115007281303406,0.16632626950740814,-0.040629249066114426,0.22767847776412964,0.0462644100189209,0.19832122325897217,0.0651141107082367,-0.08940471708774567,0.1005777046084404,-0.0826059952378273,-0.27041345834732056,-0.16723518073558807,0.059476107358932495,0.1120259091258049,-0.06507619470357895,0.2609466314315796,-0.03596949577331543,-0.04812395200133324,0.2385292649269104,-0.1340598315000534,0.01499800942838192
0.06653082370758057,0.7041581869125366,1.373655080795288,0.007811029395996502,-0.009741876606867565,-0.023055496648661012,-0.02139624243238623,0.025249454263162396,0.0024038391839282963,0.166161148250103,0.0039470076560974565,-0.025765323638915927,0.8403018116950989,0.7277172207832336,1.2325743436813354,-0.028759249,-0.0006065145,0.027285695,456.0,1740111827.3604622,0.06456759572029114,0.06245073676109314,0.17574381828308105,0.15104691684246063,-0.04965692758560181,-0.06233645975589752,0.043624766170978546,0.23639912903308868,0.22848814725875854,0.0807064026594162,0.12829890847206116,0.2797733247280121,0.1655658781528473,-0.04125545546412468,0.22674033045768738,0.04530268907546997,0.19789038598537445,0.06483975052833557,-0.08876806497573853,0.09957335144281387,-0.08341243863105774,-0.26999035477638245,-0.16649717092514038,0.05939503759145737,0.11163438111543655,-0.06439409404993057,0.2606288194656372,-0.036437056958675385,-0.04888070002198219,0.2364707589149475,-0.13258624076843262,0.016367029398679733
0.06775981187820435,0.7034437656402588,1.3728041648864746,0.007811029395996502,-0.009741876606867565,-0.023055496648661012,-0.011468138060602977,0.023885479961167053,0.0038533752114507276,0.16653082370758057,0.0041581869125366655,-0.026344919204711825,0.8403018116950989,0.7277172207832336,1.2325743436813354,-0.030154511,-0.0010623783,0.029957965,457.0,1740111827.3938143,0.0640038251876831,0.062321987003088,0.17606203258037567,0.1529259979724884,-0.050671517848968506,-0.062160175293684006,0.04457128420472145,0.23786132037639618,0.22817520797252655,0.08131621778011322,0.1291416883468628,0.28150203824043274,0.1663244068622589,-0.0415189154446125,0.2270066738128662,0.04535344988107681,0.1979420930147171,0.06564471125602722,-0.08962731063365936,0.10126499086618423,-0.08333385735750198,-0.2710675895214081,-0.16721504926681519,0.060148514807224274,0.11050324887037277,-0.06509751826524734,0.2614225745201111,-0.03700965642929077,-0.048894453793764114,0.23784345388412476,-0.13267609477043152,0.014743270352482796
0.0674431249499321,0.7028512954711914,1.3717795610427856,0.007811029395996502,-0.009741876606867565,-0.023055496648661012,-0.017120357751962585,0.026423901782617346,0.004574886313797744,0.16740611791610718,0.003530490398407027,-0.027741217613220126,0.8403018116950989,0.7277172207832336,1.2325743436813354,-0.030154511,-0.0010623783,0.029957965,458.0,1740111827.4274654,0.0640038251876831,0.062321987003088,0.17606203258037567,0.1529259979724884,-0.050671517848968506,-0.062160175293684006,0.04457128420472145,0.23786132037639618,0.22817520797252655,0.08131621778011322,0.1291416883468628,0.28150203824043274,0.1663244068622589,-0.0415189154446125,0.2270066738128662,0.04535344988107681,0.1979420930147171,0.06564471125602722,-0.08962731063365936,0.10126499086618423,-0.08333385735750198,-0.2710675895214081,-0.16721504926681519,0.060148514807224274,0.11050324887037277,-0.06509751826524734,0.2614225745201111,-0.03700965642929077,-0.048894453793764114,0.23784345388412476,-0.13267609477043152,0.014743270352482796
0.06788550317287445,0.7023919820785522,1.3708271980285645,0.007811029395996502,-0.009741876606867565,-0.023055496648661012,-0.017875165079536508,0.02315788712559965,0.006113984401793183,0.1674431249499321,0.0028512954711914507,-0.028220438957214267,0.8403018116950989,0.7277172207832336,1.2325743436813354,-0.02103471,-0.0021947548,0.02878321,459.0,1740111827.460212,0.06489648669958115,0.06238049268722534,0.1761106252670288,0.1507863849401474,-0.04913178086280823,-0.06356862932443619,0.04267849400639534,0.2361348569393158,0.22813954949378967,0.08095288276672363,0.12915512919425964,0.2793436646461487,0.16505736112594604,-0.04091862216591835,0.22706663608551025,0.04405039921402931,0.19787365198135376,0.06402182579040527,-0.08813455700874329,0.0989919975399971,-0.08356183767318726,-0.2720234990119934,-0.16596202552318573,0.05953245609998703,0.11053397506475449,-0.06399048119783401,0.2618119716644287,-0.03689093142747879,-0.05027996376156807,0.236151784658432,-0.1313253790140152,0.01792493462562561
0.06824992597103119,0.7023273706436157,1.36981999874115,0.007748778329560358,-0.021861601553897343,-0.026478950365360313,-0.020048868853589433,0.020062449350497284,0.005612742667785336,0.16788550317287446,0.0023919820785522905,-0.029172801971435458,0.8403018116950989,0.7277172207832336,1.2325743436813354,-0.02183345,-0.0033254847,0.032512322,460.0,1740111827.4933097,0.06426370143890381,0.06255747377872467,0.17565302550792694,0.1505802720785141,-0.04873805493116379,-0.06389543414115906,0.0426199808716774,0.23531334102153778,0.22741703689098358,0.08102433383464813,0.12945277988910675,0.2785399854183197,0.16456690430641174,-0.04092877730727196,0.22632065415382385,0.04346359148621559,0.19703662395477295,0.06373804807662964,-0.08747407793998718,0.09869394451379776,-0.08348539471626282,-0.2718479037284851,-0.1654292345046997,0.05949586629867554,0.1097770556807518,-0.0636228695511818,0.2613496780395508,-0.03696382790803909,-0.05060943588614464,0.2353990077972412,-0.13023494184017181,0.018037650734186172
0.06946706026792526,0.701558530330658,1.3688045740127563,0.007748778329560358,-0.021861601553897343,-0.026478950365360313,-0.011313078535898954,0.01763494260356322,0.006047969978171632,0.1691651999950409,0.0017928957939148393,-0.030680203437805087,0.8403018116950989,0.7277172207832336,1.2325743436813354,-0.029282331,-0.003894247,0.036738303,461.0,1740111827.518975,0.06407555192708969,0.06293600052595139,0.17428313195705414,0.14956419169902802,-0.04841083288192749,-0.06451195478439331,0.04102674871683121,0.23384957015514374,0.2270006686449051,0.0797642171382904,0.12832054495811462,0.2764015793800354,0.1632629781961441,-0.04170225188136101,0.22547438740730286,0.04260796308517456,0.19702567160129547,0.06327284872531891,-0.08792370557785034,0.09659343212842941,-0.08425780385732651,-0.2701030373573303,-0.16464835405349731,0.05876411497592926,0.11065097898244858,-0.06297969073057175,0.26049792766571045,-0.03661125898361206,-0.051148589700460434,0.23262915015220642,-0.12940920889377594,0.019461922347545624
0.06925418227910995,0.7008885741233826,1.3674381971359253,0.007748778329560358,-0.021861601553897343,-0.026478950365360313,-0.016967702828323352,0.019674080845060046,0.009836199360078044,0.16946706026792527,0.0015585303306580034,-0.031195425987243564,0.8403018116950989,0.7277172207832336,1.2325743436813354,-0.029282331,-0.003894247,0.036738303,462.0,1740111827.5507529,0.06407555192708969,0.06293600052595139,0.17428313195705414,0.14956419169902802,-0.04841083288192749,-0.06451195478439331,0.04102674871683121,0.23384957015514374,0.2270006686449051,0.0797642171382904,0.12832054495811462,0.2764015793800354,0.1632629781961441,-0.04170225188136101,0.22547438740730286,0.04260796308517456,0.19702567160129547,0.06327284872531891,-0.08792370557785034,0.09659343212842941,-0.08425780385732651,-0.2701030373573303,-0.16464835405349731,0.05876411497592926,0.11065097898244858,-0.06297969073057175,0.26049792766571045,-0.03661125898361206,-0.051148589700460434,0.23262915015220642,-0.12940920889377594,0.019461922347545624
0.06946206092834473,0.7009202241897583,1.3660205602645874,0.01670510755150564,-0.0051022744923114914,-0.0371890046955462,-0.02080171627802211,0.018051265953054185,0.011030618428769439,0.16925418227910996,0.0008885741233826128,-0.03256180286407462,0.8403018116950989,0.7277172207832336,1.2325743436813354,-0.029282331,-0.003894247,0.036738303,463.0,1740111827.5927963,0.06407555192708969,0.06293600052595139,0.17428313195705414,0.14956419169902802,-0.04841083288192749,-0.06451195478439331,0.04102674871683121,0.23384957015514374,0.2270006686449051,0.0797642171382904,0.12832054495811462,0.2764015793800354,0.1632629781961441,-0.04170225188136101,0.22547438740730286,0.04260796308517456,0.19702567160129547,0.06327284872531891,-0.08792370557785034,0.09659343212842941,-0.08425780385732651,-0.2701030373573303,-0.16464835405349731,0.05876411497592926,0.11065097898244858,-0.06297969073057175,0.26049792766571045,-0.03661125898361206,-0.051148589700460434,0.23262915015220642,-0.12940920889377594,0.019461922347545624
0.06952808797359467,0.6996739506721497,1.3648110628128052,0.01670510755150564,-0.0051022744923114914,-0.0371890046955462,-0.009611674372342782,0.0191141848051777,0.01074237675169846,0.16946206092834473,0.0009202241897583452,-0.03397943973541251,0.8403018116950989,0.7277172207832336,1.2325743436813354,-0.038574107,-0.0045682266,0.040327344,464.0,1740111827.6182055,0.062375642359256744,0.06301378458738327,0.1734897941350937,0.14987368881702423,-0.04833662509918213,-0.06342305988073349,0.041065625846385956,0.23411686718463898,0.22489790618419647,0.07977823913097382,0.12833359837532043,0.2753787040710449,0.16240668296813965,-0.04094097763299942,0.2232508659362793,0.04190497100353241,0.1952245980501175,0.06318332254886627,-0.08796191215515137,0.09652719646692276,-0.08247745037078857,-0.2686212956905365,-0.1641787737607956,0.058360204100608826,0.1091664582490921,-0.06299527734518051,0.2586773633956909,-0.03557483106851578,-0.05030054226517677,0.23211157321929932,-0.1285160630941391,0.017306571826338768
0.07069481909275055,0.6997584700584412,1.3640328645706177,0.01670510755150564,-0.0051022744923114914,-0.0371890046955462,-0.010938918433487772,0.016147062823950026,0.011362646957426269,0.16952808797359467,-0.0003260493278502974,-0.035188937187194735,0.8403018116950989,0.7277172207832336,1.2325743436813354,-0.038574107,-0.0045682266,0.040327344,465.0,1740111827.6574886,0.062375642359256744,0.06301378458738327,0.1734897941350937,0.14987368881702423,-0.04833662509918213,-0.06342305988073349,0.041065625846385956,0.23411686718463898,0.22489790618419647,0.07977823913097382,0.12833359837532043,0.2753787040710449,0.16240668296813965,-0.04094097763299942,0.2232508659362793,0.04190497100353241,0.1952245980501175,0.06318332254886627,-0.08796191215515137,0.09652719646692276,-0.08247745037078857,-0.2686212956905365,-0.1641787737607956,0.058360204100608826,0.1091664582490921,-0.06299527734518051,0.2586773633956909,-0.03557483106851578,-0.05030054226517677,0.23211157321929932,-0.1285160630941391,0.017306571826338768
0.07157471776008606,0.6996108293533325,1.3620704412460327,0.01670510755150564,-0.0051022744923114914,-0.0371890046955462,-0.012264278389676808,0.015149351492323535,0.01039131769565425,0.17033324241638184,0.00037049055099491746,-0.036643052101135165,0.8403018116950989,0.7277172207832336,1.2325743436813354,-0.042900667,-0.003455706,0.039210204,466.0,1740111827.692605,0.06120172142982483,0.06276115775108337,0.17243678867816925,0.15091799199581146,-0.04921489953994751,-0.06293552368879318,0.041715074330568314,0.23437754809856415,0.2233789712190628,0.07949762046337128,0.12783843278884888,0.2754608392715454,0.16229656338691711,-0.041271958500146866,0.22195160388946533,0.04174760729074478,0.19448450207710266,0.06381170451641083,-0.08872167766094208,0.0973437950015068,-0.08221064507961273,-0.2674935460090637,-0.1640772670507431,0.058504775166511536,0.10802700370550156,-0.06337757408618927,0.2579772472381592,-0.035669825971126556,-0.0498560331761837,0.23178017139434814,-0.127909317612648,0.01544270571321249
0.07100711762905121,0.6991303563117981,1.3604938983917236,0.008417838473686604,-0.01937895491639028,-0.04284578506918193,-0.016685130616526826,0.017888222730948772,0.011915658701093295,0.17038849592208863,-0.0012125492095946822,-0.03869488239288321,0.8403018116950989,0.7277172207832336,1.2325743436813354,-0.042261936,-0.00374759,0.03972431,467.0,1740111827.718675,0.06146607547998428,0.0626939982175827,0.1732739806175232,0.15119771659374237,-0.04924367368221283,-0.062385980039834976,0.04187143221497536,0.23533393442630768,0.22366198897361755,0.07984152436256409,0.12844552099704742,0.27627137303352356,0.1624898612499237,-0.0404876284301281,0.22251483798027039,0.04197512939572334,0.19456368684768677,0.06373876333236694,-0.08848124742507935,0.09763550013303757,-0.08130399137735367,-0.26833489537239075,-0.1642957180738449,0.058579638600349426,0.107837975025177,-0.06359414011240005,0.2579834759235382,-0.03528233617544174,-0.04973330721259117,0.23304110765457153,-0.128432959318161,0.014902221970260143
0.07134433090686798,0.6989181637763977,1.359126091003418,0.008417838473686604,-0.01937895491639028,-0.04284578506918193,-0.011844646363206037,0.01761938607626895,0.012377322765841244,0.17100711762905121,-0.0008696436882018599,-0.03950610160827628,0.8403018116950989,0.7277172207832336,1.2325743436813354,-0.042261936,-0.00374759,0.03972431,468.0,1740111827.7509773,0.06146607547998428,0.0626939982175827,0.1732739806175232,0.15119771659374237,-0.04924367368221283,-0.062385980039834976,0.04187143221497536,0.23533393442630768,0.22366198897361755,0.07984152436256409,0.12844552099704742,0.27627137303352356,0.1624898612499237,-0.0404876284301281,0.22251483798027039,0.04197512939572334,0.19456368684768677,0.06373876333236694,-0.08848124742507935,0.09763550013303757,-0.08130399137735367,-0.26833489537239075,-0.1642957180738449,0.058579638600349426,0.107837975025177,-0.06359414011240005,0.2579834759235382,-0.03528233617544174,-0.04973330721259117,0.23304110765457153,-0.128432959318161,0.014902221970260143
0.07131913304328918,0.6988188028335571,1.3584133386611938,0.008417838473686604,-0.01937895491639028,-0.04284578506918193,-0.016173528348027884,0.01763646631695638,0.013350771847745429,0.171344330906868,-0.0010818362236022505,-0.04087390899658194,0.8403018116950989,0.7277172207832336,1.2325743436813354,-0.03909543,-0.004523821,0.040613867,469.0,1740111827.7851229,0.06064821034669876,0.0629456490278244,0.173641175031662,0.153500035405159,-0.05038332939147949,-0.06301712244749069,0.04178697615861893,0.23716233670711517,0.22297146916389465,0.08026374876499176,0.12990155816078186,0.277390718460083,0.16279920935630798,-0.0410081185400486,0.22259563207626343,0.0407087579369545,0.19496196508407593,0.06450256705284119,-0.08983497321605682,0.09857401996850967,-0.08147028088569641,-0.27019113302230835,-0.1648808866739273,0.059344030916690826,0.10605458915233612,-0.06423024088144302,0.2594703733921051,-0.03589584678411484,-0.05048985406756401,0.23351821303367615,-0.1279846727848053,0.013815755024552345
0.07127352803945541,0.6991093754768372,1.35708749294281,0.00884659633895526,0.0032178919798764084,-0.04215849592594976,-0.019511580694879096,0.015621372214666716,0.012134117364375871,0.17127352803945542,-0.0008906245231627974,-0.04291250705718985,0.8403018116950989,0.7277172207832336,1.2325743436813354,-0.03830345,-0.0043702424,0.039059658,470.0,1740111827.8165934,0.0586303249001503,0.06323814392089844,0.17401163280010223,0.15736307203769684,-0.052140071988105774,-0.0636606216430664,0.04209666699171066,0.2399619072675705,0.22123020887374878,0.08118894696235657,0.1326705664396286,0.2793119251728058,0.16343607008457184,-0.0414421521127224,0.22197386622428894,0.039070118218660355,0.1946190595626831,0.06594517827033997,-0.09174120426177979,0.10083305090665817,-0.08095451444387436,-0.27289527654647827,-0.16591262817382812,0.06061531603336334,0.1020907610654831,-0.06530023366212845,0.2614310085773468,-0.03664032369852066,-0.05113613232970238,0.23476609587669373,-0.12684941291809082,0.010970821604132652
0.07217362523078918,0.6987359523773193,1.3552910089492798,0.00884659633895526,0.0032178919798764084,-0.04215849592594976,-0.012208320712207472,0.014104854254995348,0.011695729853533423,0.17139188796281815,-0.0013827204704284224,-0.04359295368194571,0.8403018116950989,0.7277172207832336,1.2325743436813354,-0.03830345,-0.0043702424,0.039059658,471.0,1740111827.850323,0.0586303249001503,0.06323814392089844,0.17401163280010223,0.15736307203769684,-0.052140071988105774,-0.0636606216430664,0.04209666699171066,0.2399619072675705,0.22123020887374878,0.08118894696235657,0.1326705664396286,0.2793119251728058,0.16343607008457184,-0.0414421521127224,0.22197386622428894,0.039070118218660355,0.1946190595626831,0.06594517827033997,-0.09174120426177979,0.10083305090665817,-0.08095451444387436,-0.27289527654647827,-0.16591262817382812,0.06061531603336334,0.1020907610654831,-0.06530023366212845,0.2614310085773468,-0.03664032369852066,-0.05113613232970238,0.23476609587669373,-0.12684941291809082,0.010970821604132652
0.07215847074985504,0.6986466646194458,1.354711890220642,0.00884659633895526,0.0032178919798764084,-0.04215849592594976,-0.0122452279442215,0.013811438738561192,0.010638661195205746,0.1721736252307892,-0.0012640476226806197,-0.044708991050720126,0.8403018116950989,0.7277172207832336,1.2325743436813354,-0.03794077,-0.004407428,0.038587198,472.0,1740111827.8842442,0.0578467920422554,0.06328685581684113,0.1721988469362259,0.15621070563793182,-0.0516233816742897,-0.06376524269580841,0.04150674119591713,0.238260880112648,0.2196454107761383,0.0805315226316452,0.13157175481319427,0.2770942449569702,0.16219612956047058,-0.041306059807538986,0.2198752462863922,0.03830702230334282,0.19334569573402405,0.0654163509607315,-0.09106127917766571,0.09958673268556595,-0.08064353466033936,-0.27090224623680115,-0.1646525114774704,0.060061581432819366,0.10135099291801453,-0.06458401679992676,0.2597571611404419,-0.036344677209854126,-0.05093662813305855,0.23242917656898499,-0.1252601593732834,0.01100410707294941
0.07222367823123932,0.6986629366874695,1.353410243988037,0.00884659633895526,0.0032178919798764084,-0.04215849592594976,-0.01228283307332629,0.013904090156226564,0.011985483820889108,0.17222367823123932,-0.0013370633125304732,-0.0465897560119628,0.8403018116950989,0.7277172207832336,1.2325743436813354,-0.03794077,-0.004407428,0.038587198,473.0,1740111827.9178107,0.0578467920422554,0.06328685581684113,0.1721988469362259,0.15621070563793182,-0.0516233816742897,-0.06376524269580841,0.04150674119591713,0.238260880112648,0.2196454107761383,0.0805315226316452,0.13157175481319427,0.2770942449569702,0.16219612956047058,-0.041306059807538986,0.2198752462863922,0.03830702230334282,0.19334569573402405,0.0654163509607315,-0.09106127917766571,0.09958673268556595,-0.08064353466033936,-0.27090224623680115,-0.1646525114774704,0.060061581432819366,0.10135099291801453,-0.06458401679992676,0.2597571611404419,-0.036344677209854126,-0.05093662813305855,0.23242917656898499,-0.1252601593732834,0.01100410707294941
0.07209058105945587,0.6986647248268127,1.3523967266082764,0.006788466197206362,-0.003716866618582773,-0.032262090254569345,-0.012233627159910151,0.013844397172326878,0.008818375050150552,0.1721554160118103,-0.0013734817504882368,-0.04710366725921622,0.8403018116950989,0.7277172207832336,1.2325743436813354,-0.041010708,-0.0031001642,0.03639176,474.0,1740111827.9619074,0.05829751491546631,0.06350082159042358,0.17300842702388763,0.1570460945367813,-0.052197881042957306,-0.06348976492881775,0.04112406075000763,0.2397618591785431,0.2203880399465561,0.08053953945636749,0.13194958865642548,0.27799952030181885,0.1623949557542801,-0.041037123650312424,0.22086551785469055,0.03829270228743553,0.19439426064491272,0.06562380492687225,-0.09193965792655945,0.09964222460985184,-0.08038589358329773,-0.27169737219810486,-0.1652931123971939,0.060236550867557526,0.10178948938846588,-0.06497448682785034,0.2603541612625122,-0.03606734424829483,-0.05110441520810127,0.23329710960388184,-0.12622497975826263,0.010561928153038025
0.07206545770168304,0.6986368894577026,1.3511362075805664,0.006788466197206362,-0.003716866618582773,-0.032262090254569345,-0.011503742772734103,0.015130089290910151,0.011187997926705454,0.17209058105945588,-0.0013352751731872115,-0.047603273391723544,0.8403018116950989,0.7277172207832336,1.2325743436813354,-0.039669603,-0.0032996684,0.037252374,475.0,1740111827.9939368,0.0567484050989151,0.06361082941293716,0.17103223502635956,0.15663376450538635,-0.05169890820980072,-0.06354308873414993,0.04113402217626572,0.23807235062122345,0.21837374567985535,0.08022889494895935,0.1310512274503708,0.2762005925178528,0.16144979000091553,-0.04161793366074562,0.21839526295661926,0.03733949735760689,0.19288043677806854,0.06565922498703003,-0.09151972830295563,0.09919456392526627,-0.08041650801897049,-0.26975446939468384,-0.16422975063323975,0.0600394681096077,0.1005811095237732,-0.0645730197429657,0.25903594493865967,-0.03634803742170334,-0.050927210599184036,0.23129341006278992,-0.12432456016540527,0.009846127592027187
0.0718769058585167,0.6987338066101074,1.3503172397613525,0.006788466197206362,-0.003716866618582773,-0.032262090254569345,-0.01150365227544232,0.015304583559464428,0.008150400832726746,0.17143492996692658,-0.0009148836135863814,-0.04931344985961905,0.8403018116950989,0.7277172207832336,1.2325743436813354,-0.03097891,-0.004695438,0.038996864,476.0,1740111828.0187192,0.0558537095785141,0.06380285322666168,0.16941885650157928,0.15408986806869507,-0.049487948417663574,-0.06438351422548294,0.0400063656270504,0.23452943563461304,0.2165951430797577,0.07984824478626251,0.13045254349708557,0.27260684967041016,0.1599457561969757,-0.04157860204577446,0.21608629822731018,0.03599134460091591,0.1909465491771698,0.06419137120246887,-0.08934678137302399,0.09714970737695694,-0.08048560470342636,-0.26826101541519165,-0.1624615490436554,0.05930869281291962,0.09991660714149475,-0.06317088007926941,0.2576211392879486,-0.03630088269710541,-0.05138099566102028,0.2282295525074005,-0.12150503695011139,0.011786200106143951
0.07105342298746109,0.6991598010063171,1.3489304780960083,-0.003854396835498857,-0.0005339321000455273,-0.027727523007944625,-0.016444567714749964,0.01791056831712992,0.008531746553763766,0.17176988571882248,-0.0014268875122069868,-0.049877071380615146,0.8403018116950989,0.7277172207832336,1.2325743436813354,-0.03097891,-0.004695438,0.038996864,477.0,1740111828.051215,0.0558537095785141,0.06380285322666168,0.16941885650157928,0.15408986806869507,-0.049487948417663574,-0.06438351422548294,0.0400063656270504,0.23452943563461304,0.2165951430797577,0.07984824478626251,0.13045254349708557,0.27260684967041016,0.1599457561969757,-0.04157860204577446,0.21608629822731018,0.03599134460091591,0.1909465491771698,0.06419137120246887,-0.08934678137302399,0.09714970737695694,-0.08048560470342636,-0.26826101541519165,-0.1624615490436554,0.05930869281291962,0.09991660714149475,-0.06317088007926941,0.2576211392879486,-0.03630088269710541,-0.05138099566102028,0.2282295525074005,-0.12150503695011139,0.011786200106143951
0.07054343819618225,0.699216902256012,1.3483072519302368,-0.003854396835498857,-0.0005339321000455273,-0.027727523007944625,-0.02027444343255188,0.017883707358693508,0.012094937994224217,0.1710534229874611,-0.0008401989936828169,-0.05106952190399161,0.8403018116950989,0.7277172207832336,1.2325743436813354,-0.03097891,-0.004695438,0.038996864,478.0,1740111828.085921,0.0558537095785141,0.06380285322666168,0.16941885650157928,0.15408986806869507,-0.049487948417663574,-0.06438351422548294,0.0400063656270504,0.23452943563461304,0.2165951430797577,0.07984824478626251,0.13045254349708557,0.27260684967041016,0.1599457561969757,-0.04157860204577446,0.21608629822731018,0.03599134460091591,0.1909465491771698,0.06419137120246887,-0.08934678137302399,0.09714970737695694,-0.08048560470342636,-0.26826101541519165,-0.1624615490436554,0.05930869281291962,0.09991660714149475,-0.06317088007926941,0.2576211392879486,-0.03630088269710541,-0.05138099566102028,0.2282295525074005,-0.12150503695011139,0.011786200106143951
0.0706896036863327,0.6994163990020752,1.3477431535720825,-0.003854396835498857,-0.0005339321000455273,-0.027727523007944625,-0.01659852366785428,0.016158671117574963,0.008293744928116398,0.1706896036863327,-0.0005836009979247603,-0.05225684642791739,0.8403018116950989,0.7277172207832336,1.2325743436813354,-0.027157776,-0.0056999773,0.040405333,479.0,1740111828.1175115,0.055766940116882324,0.06383335590362549,0.16901402175426483,0.15331515669822693,-0.048781707882881165,-0.06485853344202042,0.03954131901264191,0.23374636471271515,0.2162240743637085,0.07988044619560242,0.1304352730512619,0.2716508209705353,0.15930819511413574,-0.041384439915418625,0.21548967063426971,0.0353597067296505,0.19052085280418396,0.0636986494064331,-0.08866928517818451,0.0963667705655098,-0.0805121585726738,-0.2681867182254791,-0.16178670525550842,0.05918993055820465,0.09956936538219452,-0.06266055256128311,0.25729185342788696,-0.03641127049922943,-0.0517696850001812,0.22727063298225403,-0.12072412669658661,0.012671392410993576
0.07045657932758331,0.6996101140975952,1.3466919660568237,-0.011621557519245365,0.008459828689146699,-0.0274943077089884,-0.016669151693939153,0.018140251048950954,0.0048549829084532,0.17091381400823594,-0.0012288212776183638,-0.0527545452117919,0.8403018116950989,0.7277172207832336,1.2325743436813354,-0.024356425,-0.0052808523,0.03834858,480.0,1740111828.1508365,0.05414804816246033,0.06365703046321869,0.16837362945079803,0.15445484220981598,-0.04904894530773163,-0.0653124526143074,0.0400545559823513,0.23393137753009796,0.21427994966506958,0.08038029074668884,0.13135702908039093,0.2715662121772766,0.15920665860176086,-0.04165913909673691,0.21384717524051666,0.03402967378497124,0.18935109674930573,0.0640985369682312,-0.0886579304933548,0.09727775305509567,-0.08011192083358765,-0.2687916159629822,-0.1615058183670044,0.059705592691898346,0.09701058268547058,-0.06279990822076797,0.25747090578079224,-0.037137627601623535,-0.05184919759631157,0.22712326049804688,-0.11912930011749268,0.011290610767900944
0.07086959481239319,0.6992641091346741,1.3464094400405884,-0.011621557519245365,0.008459828689146699,-0.0274943077089884,-0.011150002825461617,0.01690542382984619,0.0052188396188562955,0.17045657932758332,-0.00038988590240474075,-0.05330803394317618,0.8403018116950989,0.7277172207832336,1.2325743436813354,-0.018032596,-0.00976871,0.047244303,481.0,1740111828.1844304,0.05374045670032501,0.06377969682216644,0.16737675666809082,0.15296706557273865,-0.04781261831521988,-0.06573552638292313,0.03942675516009331,0.2319280505180359,0.2133779227733612,0.08022917807102203,0.1310277283191681,0.269538015127182,0.15808063745498657,-0.04158375784754753,0.21244069933891296,0.033088549971580505,0.1883847564458847,0.06347768008708954,-0.0873955637216568,0.09597975760698318,-0.07995720952749252,-0.2679325044155121,-0.16044387221336365,0.059194616973400116,0.09665735065937042,-0.061965472996234894,0.2564331889152527,-0.036940984427928925,-0.05198860540986061,0.22526901960372925,-0.11779296398162842,0.012260261923074722
0.07070587575435638,0.6994270086288452,1.3456172943115234,-0.011621557519245365,0.008459828689146699,-0.0274943077089884,-0.010930797405837238,0.017849066768825927,0.004291555266317326,0.1707058757543564,-0.0005729913711547407,-0.054382705688476474,0.8403018116950989,0.7277172207832336,1.2325743436813354,-0.017612591,-0.010427944,0.048559643,482.0,1740111828.2169797,0.053457364439964294,0.0638091117143631,0.16732631623744965,0.15375973284244537,-0.048496030271053314,-0.06571875512599945,0.03969195485115051,0.23255713284015656,0.21330803632736206,0.0801890641450882,0.13119906187057495,0.27015405893325806,0.158422589302063,-0.04188748449087143,0.2125241458415985,0.03312339633703232,0.18853288888931274,0.06402990221977234,-0.08804601430892944,0.09652944654226303,-0.08015356212854385,-0.2680310010910034,-0.1607564389705658,0.05944313108921051,0.09634443372488022,-0.06231248378753662,0.25681376457214355,-0.03709091991186142,-0.05198461934924126,0.22563380002975464,-0.11791040003299713,0.011655675247311592
0.06955275684595108,0.7001287937164307,1.3447022438049316,-0.005706481578596083,0.005166121588893762,-0.020792015484658366,-0.020687482529573184,0.018694378778325742,0.0015591173295415159,0.16998543441295624,-3.756284713740676e-05,-0.05467989444732657,0.8403018116950989,0.7277172207832336,1.2325743436813354,-0.017612591,-0.010427944,0.048559643,483.0,1740111828.250252,0.053457364439964294,0.0638091117143631,0.16732631623744965,0.15375973284244537,-0.048496030271053314,-0.06571875512599945,0.03969195485115051,0.23255713284015656,0.21330803632736206,0.0801890641450882,0.13119906187057495,0.27015405893325806,0.158422589302063,-0.04188748449087143,0.2125241458415985,0.03312339633703232,0.18853288888931274,0.06402990221977234,-0.08804601430892944,0.09652944654226303,-0.08015356212854385,-0.2680310010910034,-0.1607564389705658,0.05944313108921051,0.09634443372488022,-0.06231248378753662,0.25681376457214355,-0.03709091991186142,-0.05198461934924126,0.22563380002975464,-0.11791040003299713,0.011655675247311592
0.06952564418315887,0.6997021436691284,1.3443135023117065,-0.005706481578596083,0.005166121588893762,-0.020792015484658366,-0.016776257534402914,0.019464276568413576,0.004195807876303661,0.16955275684595109,0.00012879371643070847,-0.05529775619506827,0.8403018116950989,0.7277172207832336,1.2325743436813354,-0.020954683,-0.012634609,0.054471523,484.0,1740111828.283465,0.05346698313951492,0.06397950649261475,0.16795262694358826,0.15467356145381927,-0.048793911933898926,-0.06573329865932465,0.039957351982593536,0.2334854006767273,0.21371585130691528,0.0806879997253418,0.13196851313114166,0.2711532711982727,0.1589135080575943,-0.04198344424366951,0.21314795315265656,0.03312615677714348,0.18895119428634644,0.06443345546722412,-0.08844687044620514,0.09725619107484818,-0.08020712435245514,-0.26904022693634033,-0.1613631248474121,0.05979418009519577,0.09607645124197006,-0.06266116350889206,0.2576291561126709,-0.037254832684993744,-0.05218876525759697,0.22657492756843567,-0.11829376220703125,0.011294921860098839
0.06957434117794037,0.7005494832992554,1.343508243560791,-0.005706481578596083,0.005166121588893762,-0.020792015484658366,-0.017768396692258465,0.016406757331090222,0.00327856832559449,0.16961141526699067,0.000477540493011519,-0.05616583824157706,0.8403018116950989,0.7277172207832336,1.2325743436813354,-0.027146846,-0.014741097,0.060661145,485.0,1740111828.3213549,0.05239567160606384,0.06383173912763596,0.16652724146842957,0.15399622917175293,-0.048282936215400696,-0.06578397750854492,0.040057796984910965,0.23203088343143463,0.21194052696228027,0.08047561347484589,0.13153505325317383,0.26961636543273926,0.15834297239780426,-0.041968002915382385,0.2111755609512329,0.03253990039229393,0.1873810738325119,0.06426042318344116,-0.08777874708175659,0.09697545319795609,-0.07978956401348114,-0.267737478017807,-0.16053985059261322,0.05957839637994766,0.09486018121242523,-0.062226906418800354,0.2565065026283264,-0.037327468395233154,-0.051764871925115585,0.22518453001976013,-0.11674456298351288,0.01080946996808052
0.06940941512584686,0.7007404565811157,1.3429080247879028,-0.004259443481903167,0.006387082801820155,-0.01777673590617444,-0.01698219284796403,0.01530917223938735,0.0039043857851673363,0.16957434117794037,0.0005494832992554155,-0.056491756439208896,0.8403018116950989,0.7277172207832336,1.2325743436813354,-0.045173794,-0.011947844,0.064923696,486.0,1740111828.3507035,0.049513429403305054,0.06257554888725281,0.17274917662143707,0.1724568009376526,-0.06057583540678024,-0.061316750943660736,0.04893925040960312,0.25004255771636963,0.21300886571407318,0.08420233428478241,0.13750669360160828,0.2879650890827179,0.16813074052333832,-0.044663749635219574,0.2174728661775589,0.03657327964901924,0.1921074539422989,0.07401302456855774,-0.09964075684547424,0.11337374895811081,-0.07868023216724396,-0.27603769302368164,-0.170405313372612,0.06562928110361099,0.08966400474309921,-0.07102473825216293,0.26542502641677856,-0.04031156003475189,-0.04874061420559883,0.24219700694084167,-0.12462015450000763,-0.006530662067234516
0.06983250379562378,0.7005149722099304,1.3427135944366455,-0.004259443481903167,0.006387082801820155,-0.01777673590617444,-0.012322874711006087,0.014443571242039795,0.005365109249736635,0.16940941512584687,0.0007404565811157671,-0.05709197521209708,0.8403018116950989,0.7277172207832336,1.2325743436813354,-0.045173794,-0.011947844,0.064923696,487.0,1740111828.3830273,0.049513429403305054,0.06257554888725281,0.17274917662143707,0.1724568009376526,-0.06057583540678024,-0.061316750943660736,0.04893925040960312,0.25004255771636963,0.21300886571407318,0.08420233428478241,0.13750669360160828,0.2879650890827179,0.16813074052333832,-0.044663749635219574,0.2174728661775589,0.03657327964901924,0.1921074539422989,0.07401302456855774,-0.09964075684547424,0.11337374895811081,-0.07868023216724396,-0.27603769302368164,-0.170405313372612,0.06562928110361099,0.08966400474309921,-0.07102473825216293,0.26542502641677856,-0.04031156003475189,-0.04874061420559883,0.24219700694084167,-0.12462015450000763,-0.006530662067234516
0.06983718276023865,0.7007340788841248,1.3423696756362915,-0.004259443481903167,0.006387082801820155,-0.01777673590617444,-0.012018958847869651,0.01542706888891039,0.0038695356982272407,0.16983718276023865,0.0007340788841248003,-0.05763032436370841,0.8403018116950989,0.7277172207832336,1.2325743436813354,-0.045173794,-0.011947844,0.064923696,488.0,1740111828.416921,0.049513429403305054,0.06257554888725281,0.17274917662143707,0.1724568009376526,-0.06057583540678024,-0.061316750943660736,0.04893925040960312,0.25004255771636963,0.21300886571407318,0.08420233428478241,0.13750669360160828,0.2879650890827179,0.16813074052333832,-0.044663749635219574,0.2174728661775589,0.03657327964901924,0.1921074539422989,0.07401302456855774,-0.09964075684547424,0.11337374895811081,-0.07868023216724396,-0.27603769302368164,-0.170405313372612,0.06562928110361099,0.08966400474309921,-0.07102473825216293,0.26542502641677856,-0.04031156003475189,-0.04874061420559883,0.24219700694084167,-0.12462015450000763,-0.006530662067234516
0.0696856752038002,0.7010875344276428,1.3419874906539917,0.0020803271658030227,0.003018014495947153,-0.011619503896466998,-0.012124446045914977,0.016319110816000883,0.002388100828782227,0.16976112723350525,0.0008380889892578569,-0.057825469970703036,0.8403018116950989,0.7277172207832336,1.2325743436813354,-0.023121476,-0.014018826,0.057562925,489.0,1740111828.4523144,0.05278293788433075,0.06347940862178802,0.16433660686016083,0.1498805433511734,-0.04649445414543152,-0.06612031906843185,0.03851373866200447,0.22788837552070618,0.21070869266986847,0.07854150235652924,0.1286010891199112,0.2650778591632843,0.15629957616329193,-0.041291575878858566,0.20896083116531372,0.032366517931222916,0.18586419522762299,0.06216153874993324,-0.08596047759056091,0.09370701760053635,-0.07953722774982452,-0.26420149207115173,-0.15823569893836975,0.05787116289138794,0.09617865085601807,-0.060594648122787476,0.25392454862594604,-0.03606294095516205,-0.0512753389775753,0.2213459014892578,-0.11513693630695343,0.013238899409770966
0.06968073546886444,0.7013834714889526,1.341843605041504,0.0020803271658030227,0.003018014495947153,-0.011619503896466998,-0.01287714141355429,0.018290901455205472,0.0023630616179909194,0.1696856752038002,0.0010875344276428667,-0.05801250934600821,0.8403018116950989,0.7277172207832336,1.2325743436813354,-0.023511432,-0.013000432,0.05545089,490.0,1740111828.4933002,0.053577721118927,0.06375450640916824,0.16534902155399323,0.1503097116947174,-0.04672974348068237,-0.06551096588373184,0.03851978853344917,0.2289656102657318,0.212058886885643,0.07882413268089294,0.12872320413589478,0.26630836725234985,0.15678702294826508,-0.041112419217824936,0.2104911357164383,0.03309968113899231,0.1869959980249405,0.06233951076865196,-0.08628500998020172,0.09400177747011185,-0.07954701036214828,-0.26472046971321106,-0.15906009078025818,0.0580613911151886,0.09726492315530777,-0.060964204370975494,0.2543831467628479,-0.035873085260391235,-0.05145439878106117,0.22261807322502136,-0.11638444662094116,0.013193785212934017
0.0696401447057724,0.7017779350280762,1.341787576675415,0.0020803271658030227,0.003018014495947153,-0.011619503896466998,-0.01368975307142404,0.017887066649311122,0.0028403744148312177,0.16968073546886445,0.0013834714889526811,-0.058156394958496005,0.8403018116950989,0.7277172207832336,1.2325743436813354,-0.032629907,-0.012014486,0.055154875,491.0,1740111828.5264976,0.05219389498233795,0.06320766359567642,0.16529497504234314,0.1520117223262787,-0.04767835885286331,-0.06459415704011917,0.039779677987098694,0.2302907556295395,0.21029219031333923,0.07941661775112152,0.1294393539428711,0.26729559898376465,0.1573459655046463,-0.04063000902533531,0.20943312346935272,0.03302249684929848,0.1858915388584137,0.06298662722110748,-0.08666053414344788,0.0959114208817482,-0.0780157670378685,-0.26502931118011475,-0.1594163328409195,0.05861867219209671,0.0949648842215538,-0.061670586466789246,0.25421494245529175,-0.036016859114170074,-0.05047636106610298,0.22425684332847595,-0.11599037051200867,0.010005397722125053
0.0691269040107727,0.7023969292640686,1.3418751955032349,-0.0052808758334206025,0.013117102139840122,-0.0017857454532760847,-0.019197764486589684,0.018917862124094832,0.0003375600131296091,0.1696401447057724,0.0017779350280762163,-0.05821242332458487,0.8403018116950989,0.7277172207832336,1.2325743436813354,-0.031670764,-0.012783501,0.056736827,492.0,1740111828.5592804,0.05117958039045334,0.06309141218662262,0.16401198506355286,0.1517096310853958,-0.047304876148700714,-0.06466804444789886,0.039799366146326065,0.22905272245407104,0.20881623029708862,0.07916757464408875,0.1291329562664032,0.26604363322257996,0.15687690675258636,-0.040930457413196564,0.20773465931415558,0.032454460859298706,0.18475297093391418,0.06294097006320953,-0.0863761305809021,0.09572342783212662,-0.07792188227176666,-0.26383647322654724,-0.158855140209198,0.05847862362861633,0.09400185942649841,-0.06132028251886368,0.2533723711967468,-0.036208659410476685,-0.050125863403081894,0.2229042947292328,-0.11475323140621185,0.009568501263856888
0.06955414265394211,0.701836884021759,1.3418000936508179,-0.0052808758334206025,0.013117102139840122,-0.0017857454532760847,-0.013087852960122047,0.018060064835645883,0.007303161095211842,0.1691269040107727,0.002396929264068648,-0.05812480449676505,0.8403018116950989,0.7277172207832336,1.2325743436813354,-0.031670764,-0.012783501,0.056736827,493.0,1740111828.5850425,0.05117958039045334,0.06309141218662262,0.16401198506355286,0.1517096310853958,-0.047304876148700714,-0.06466804444789886,0.039799366146326065,0.22905272245407104,0.20881623029708862,0.07916757464408875,0.1291329562664032,0.26604363322257996,0.15687690675258636,-0.040930457413196564,0.20773465931415558,0.032454460859298706,0.18475297093391418,0.06294097006320953,-0.0863761305809021,0.09572342783212662,-0.07792188227176666,-0.26383647322654724,-0.158855140209198,0.05847862362861633,0.09400185942649841,-0.06132028251886368,0.2533723711967468,-0.036208659410476685,-0.050125863403081894,0.2229042947292328,-0.11475323140621185,0.009568501263856888
0.06945361196994781,0.7029171586036682,1.3424290418624878,-0.0052808758334206025,0.013117102139840122,-0.0017857454532760847,-0.019064822976423482,0.01890868805913433,0.0022502855808008678,0.16931500136852265,0.0022786140441894975,-0.0578967571258544,0.8403018116950989,0.7277172207832336,1.2325743436813354,-0.031635508,-0.013323609,0.058076415,494.0,1740111828.6182652,0.05083376169204712,0.06294908374547958,0.16447713971138,0.15305426716804504,-0.048158422112464905,-0.0641489252448082,0.040600843727588654,0.2304835468530655,0.20873253047466278,0.07962913811206818,0.1297726184129715,0.267459899187088,0.15755628049373627,-0.040726277977228165,0.20799368619918823,0.032787907868623734,0.18478049337863922,0.06352774798870087,-0.08696268498897552,0.09702352434396744,-0.0774473026394844,-0.2645357549190521,-0.159434512257576,0.05891487002372742,0.09328912198543549,-0.06191547214984894,0.2537696063518524,-0.036336496472358704,-0.049784790724515915,0.22437125444412231,-0.11516305804252625,0.008014703169465065
0.06970386207103729,0.7031716704368591,1.3428524732589722,-0.0052808758334206025,0.013117102139840122,-0.0017857454532760847,-0.019115100996384252,0.020159534332392717,0.002950686874049887,0.16945361196994782,0.0029171586036682573,-0.05757095813751212,0.8403018116950989,0.7277172207832336,1.2325743436813354,-0.03169793,-0.013719685,0.058994137,495.0,1740111828.6526825,0.05137326568365097,0.06330171227455139,0.16527335345745087,0.154153972864151,-0.04879925400018692,-0.06445581465959549,0.04065174609422684,0.23173494637012482,0.2100791484117508,0.08000098168849945,0.1303280144929886,0.2689256966114044,0.15811094641685486,-0.04138655215501785,0.2094164937734604,0.03298008069396019,0.18607912957668304,0.06420360505580902,-0.08789552748203278,0.09758522361516953,-0.07830023020505905,-0.2656984031200409,-0.16023710370063782,0.05935940891504288,0.09386826306581497,-0.06232422590255737,0.2549852132797241,-0.03668484836816788,-0.05045522376894951,0.22517523169517517,-0.11617830395698547,0.00834527425467968
0.06988602131605148,0.7033091187477112,1.3431663513183594,0.006304926068867736,0.0075762826313819686,0.010723826082135141,-0.01901701823239825,0.020699874179049785,0.0029681175007365843,0.1697038620710373,0.0031716704368591753,-0.05714752674102774,0.8403018116950989,0.7277172207832336,1.2325743436813354,-0.031800658,-0.013844889,0.059241384,496.0,1740111828.684648,0.05013570934534073,0.06298797577619553,0.16467821598052979,0.15535235404968262,-0.049480825662612915,-0.06400861591100693,0.04163558408617973,0.23209625482559204,0.20877386629581451,0.08007661998271942,0.13036273419857025,0.269336462020874,0.1585431545972824,-0.04171908646821976,0.2082853764295578,0.03290966898202896,0.18520833551883698,0.06481444835662842,-0.08838191628456116,0.09890720993280411,-0.07796953618526459,-0.265275776386261,-0.16041669249534607,0.059712402522563934,0.09248346090316772,-0.06271130591630936,0.25484415888786316,-0.03708944469690323,-0.049814943224191666,0.22554638981819153,-0.11555345356464386,0.006225375924259424
0.07017190009355545,0.7036231160163879,1.3436625003814697,0.006304926068867736,0.0075762826313819686,0.010723826082135141,-0.019866243604308904,0.021117667234280244,0.0060482098473697305,0.17017190009355546,0.003623116016387984,-0.056337499618530185,0.8403018116950989,0.7277172207832336,1.2325743436813354,-0.032749653,-0.014142904,0.060185403,497.0,1740111828.717067,0.05066833645105362,0.06326106190681458,0.16541948914527893,0.15602345764636993,-0.04989704489707947,-0.064286008477211,0.041611943393945694,0.23303809762001038,0.2098630666732788,0.08037412166595459,0.13085445761680603,0.2703963816165924,0.15879982709884644,-0.04199953377246857,0.209476038813591,0.033033158630132675,0.18609054386615753,0.06512977182865143,-0.0888550728559494,0.09918486326932907,-0.0784788653254509,-0.26629874110221863,-0.16082538664340973,0.059985823929309845,0.09292028099298477,-0.06295205652713776,0.25568297505378723,-0.037247464060783386,-0.05039281025528908,0.22632259130477905,-0.1163455992937088,0.006692919414490461
0.07056204229593277,0.7034147381782532,1.3445545434951782,0.006304926068867736,0.0075762826313819686,0.010723826082135141,-0.016062151914137297,0.023706363216723234,0.0077359653892631036,0.1702064409852028,0.0032147049903870073,-0.05615999698638907,0.8403018116950989,0.7277172207832336,1.2325743436813354,-0.032749653,-0.014142904,0.060185403,498.0,1740111828.7509224,0.05066833645105362,0.06326106190681458,0.16541948914527893,0.15602345764636993,-0.04989704489707947,-0.064286008477211,0.041611943393945694,0.23303809762001038,0.2098630666732788,0.08037412166595459,0.13085445761680603,0.2703963816165924,0.15879982709884644,-0.04199953377246857,0.209476038813591,0.033033158630132675,0.18609054386615753,0.06512977182865143,-0.0888550728559494,0.09918486326932907,-0.0784788653254509,-0.26629874110221863,-0.16082538664340973,0.059985823929309845,0.09292028099298477,-0.06295205652713776,0.25568297505378723,-0.037247464060783386,-0.05039281025528908,0.22632259130477905,-0.1163455992937088,0.006692919414490461
0.0708223357796669,0.7039644718170166,1.3451207876205444,0.009326397646069778,0.006527810431672615,0.01946765839513825,-0.019513271950630278,0.021489544955366775,0.005025878508832518,0.17056204229593278,0.0034147381782532182,-0.05544545650482169,0.8403018116950989,0.7277172207832336,1.2325743436813354,-0.032353938,-0.014925558,0.06182595,499.0,1740111828.786412,0.050731368362903595,0.06306158006191254,0.16489702463150024,0.15491829812526703,-0.0496746301651001,-0.06403528898954391,0.041361790150403976,0.23216789960861206,0.20947350561618805,0.07960973680019379,0.12993431091308594,0.2692599296569824,0.1584528684616089,-0.04165518283843994,0.20878838002681732,0.03322654962539673,0.18567578494548798,0.06480374932289124,-0.08851741254329681,0.0984034463763237,-0.07810066640377045,-0.2650298476219177,-0.16026823222637177,0.05940104275941849,0.0934106782078743,-0.06276759505271912,0.25478804111480713,-0.036744624376297,-0.049671974033117294,0.2255699634552002,-0.11629818379878998,0.006793048698455095
0.07137678563594818,0.7042592167854309,1.3462687730789185,0.009326397646069778,0.006527810431672615,0.01946765839513825,-0.020489098250660333,0.02043568360696404,0.004151002043688961,0.17116179913282395,0.00363092422485356,-0.05425276756286612,0.8403018116950989,0.7277172207832336,1.2325743436813354,-0.029966645,-0.014610212,0.06075475,500.0,1740111828.8198507,0.050811752676963806,0.06322538107633591,0.16530168056488037,0.15498098731040955,-0.04935992509126663,-0.06460469961166382,0.04134013131260872,0.23213090002536774,0.20983506739139557,0.07990893721580505,0.13049720227718353,0.26950326561927795,0.15869149565696716,-0.041996248066425323,0.2092275619506836,0.033045168966054916,0.18582722544670105,0.0648072212934494,-0.08846420049667358,0.09848421066999435,-0.07868330925703049,-0.26581624150276184,-0.1604422628879547,0.059562183916568756,0.09353560209274292,-0.06272924691438675,0.2555035948753357,-0.037109650671482086,-0.05017419531941414,0.22563380002975464,-0.1161772757768631,0.007488572038710117
0.0716877430677414,0.703950822353363,1.3468537330627441,0.009326397646069778,0.006527810431672615,0.01946765839513825,-0.0176589738343902,0.020101169243642737,0.009545176195855631,0.1713767856359482,0.004259216785430953,-0.053731226921081454,0.8403018116950989,0.7277172207832336,1.2325743436813354,-0.03066197,-0.014403254,0.06048964,501.0,1740111828.852827,0.050082728266716,0.06293445825576782,0.1646144688129425,0.1545892059803009,-0.04920755326747894,-0.06450023502111435,0.04153922572731972,0.2314584106206894,0.20850048959255219,0.0797654241323471,0.13019628822803497,0.26865869760513306,0.15829378366470337,-0.0417311005294323,0.20801031589508057,0.032748665660619736,0.18465127050876617,0.06455196440219879,-0.08786290884017944,0.0984158143401146,-0.07811537384986877,-0.2651579678058624,-0.1597423255443573,0.05938197672367096,0.09253894537687302,-0.06253095716238022,0.2547149062156677,-0.03702355921268463,-0.04981331154704094,0.22520536184310913,-0.1151593029499054,0.006843509152531624
0.07190024852752686,0.70393306016922,1.3472412824630737,0.009326397646069778,0.006527810431672615,0.01946765839513825,-0.017098738952664557,0.020191700284616285,0.010009276626958238,0.1716877430677414,0.0039508223533630815,-0.05314626693725577,0.8403018116950989,0.7277172207832336,1.2325743436813354,-0.027907401,-0.014350399,0.059743308,502.0,1740111828.8843005,0.05062398314476013,0.06300581246614456,0.16592010855674744,0.15566405653953552,-0.049929000437259674,-0.06436800956726074,0.04165748506784439,0.23310506343841553,0.20959343016147614,0.07998219132423401,0.1308894157409668,0.27018460631370544,0.15896770358085632,-0.041670579463243484,0.20950184762477875,0.033127784729003906,0.18568581342697144,0.06488211452960968,-0.08865737915039062,0.0990293100476265,-0.07813531160354614,-0.26646432280540466,-0.16062891483306885,0.05964910238981247,0.09312137961387634,-0.0630752295255661,0.2557772397994995,-0.03697379678487778,-0.049945104867219925,0.2267570197582245,-0.11630618572235107,0.006423585582524538
0.07318086177110672,0.7041727304458618,1.3484550714492798,0.012254805370761316,0.00413642005116151,0.0218863113030222,-0.016369270673096927,0.018956166424979926,0.010929997055570264,0.17243005931377411,0.004539895057678267,-0.05187335014343253,0.8403018116950989,0.7277172207832336,1.2325743436813354,-0.027907401,-0.014350399,0.059743308,503.0,1740111828.918228,0.05062398314476013,0.06300581246614456,0.16592010855674744,0.15566405653953552,-0.049929000437259674,-0.06436800956726074,0.04165748506784439,0.23310506343841553,0.20959343016147614,0.07998219132423401,0.1308894157409668,0.27018460631370544,0.15896770358085632,-0.041670579463243484,0.20950184762477875,0.033127784729003906,0.18568581342697144,0.06488211452960968,-0.08865737915039062,0.0990293100476265,-0.07813531160354614,-0.26646432280540466,-0.16062891483306885,0.05964910238981247,0.09312137961387634,-0.0630752295255661,0.2557772397994995,-0.03697379678487778,-0.049945104867219925,0.2267570197582245,-0.11630618572235107,0.006423585582524538
0.07360157370567322,0.7040695548057556,1.349117398262024,0.012254805370761316,0.00413642005116151,0.0218863113030222,-0.015229415831623962,0.01951603095141389,0.008193115999628874,0.17318086177110673,0.004172730445861861,-0.051544928550720126,0.8403018116950989,0.7277172207832336,1.2325743436813354,-0.026421152,-0.014170572,0.059322283,504.0,1740111828.9521534,0.050627559423446655,0.06297511607408524,0.1662398725748062,0.15620292723178864,-0.05033338814973831,-0.06416677683591843,0.041655462235212326,0.2337445467710495,0.20969077944755554,0.07997959852218628,0.13111460208892822,0.2707045376300812,0.1591726392507553,-0.041609570384025574,0.20989856123924255,0.03322229161858559,0.18600301444530487,0.06507676839828491,-0.08912064135074615,0.0993426963686943,-0.07798941433429718,-0.26680684089660645,-0.16098390519618988,0.05978818237781525,0.09308944642543793,-0.06338184326887131,0.2561328411102295,-0.03697176277637482,-0.049934353679418564,0.22735074162483215,-0.11664845049381256,0.005968832410871983
0.07390912622213364,0.7040719389915466,1.3493406772613525,0.012254805370761316,0.00413642005116151,0.0218863113030222,-0.014903023364177537,0.02001418866296272,0.010298427855556212,0.17360157370567322,0.00406955480575566,-0.050882601737975985,0.8403018116950989,0.7277172207832336,1.2325743436813354,-0.018958464,-0.011661213,0.052684315,505.0,1740111828.9827652,0.051870957016944885,0.06311401724815369,0.16764071583747864,0.15700039267539978,-0.051130279898643494,-0.0642901360988617,0.041467178612947464,0.2353748083114624,0.21174779534339905,0.08032292127609253,0.13159850239753723,0.2726239562034607,0.15965807437896729,-0.04181661084294319,0.2121584266424179,0.033704426139593124,0.1879214197397232,0.06545428931713104,-0.08997057378292084,0.09962793439626694,-0.07856547087430954,-0.26844465732574463,-0.16184267401695251,0.060098208487033844,0.09440869837999344,-0.06389375030994415,0.2573804557323456,-0.03694363683462143,-0.050610195845365524,0.22877541184425354,-0.1183440089225769,0.0065634408965706825
0.06898239254951477,0.7017161250114441,1.3491877317428589,0.017606979713668477,-0.003959026840340846,0.01945824587194003,-0.00022648082401815464,0.006702560581655621,0.023723744502455655,0.1715234950184822,0.0027600407600403276,-0.051157259941100985,0.8403018116950989,0.7277172207832336,1.2325743436813354,-0.018892646,-0.010221623,0.0493322,506.0,1740111829.0199704,0.052370890974998474,0.06326580047607422,0.16743578016757965,0.15595325827598572,-0.0504959300160408,-0.06476149708032608,0.04092824459075928,0.2343224436044693,0.2121259719133377,0.08010779321193695,0.13118034601211548,0.27181121706962585,0.1591331660747528,-0.04200873523950577,0.2122817039489746,0.033617205917835236,0.1880536526441574,0.06507308781147003,-0.08946682512760162,0.09862358123064041,-0.07919859141111374,-0.2681080400943756,-0.1613737940788269,0.0597667321562767,0.09512683749198914,-0.06342822313308716,0.25714731216430664,-0.03697553277015686,-0.05104297772049904,0.22770848870277405,-0.11819091439247131,0.008182311430573463
0.07448366284370422,0.7041845917701721,1.3513785600662231,0.017606979713668477,-0.003959026840340846,0.01945824587194003,-0.023552194135786235,0.01570518180262335,0.0031062262927477194,0.16898239254951478,0.0017161250114441362,-0.050812268257141024,0.8403018116950989,0.7277172207832336,1.2325743436813354,-0.02036111,-0.009696711,0.048368644,507.0,1740111829.0508964,0.051690474152565,0.06284690648317337,0.16658203303813934,0.1552181839942932,-0.05016246438026428,-0.0646546483039856,0.04102672263979912,0.23333580791950226,0.2107459306716919,0.0799022763967514,0.13087914884090424,0.27064499258995056,0.15869304537773132,-0.04146820306777954,0.21086084842681885,0.03348275646567345,0.1866467297077179,0.0644862949848175,-0.08869625627994537,0.09839829057455063,-0.07835948467254639,-0.2672867774963379,-0.16059322655200958,0.05948749929666519,0.09415732324123383,-0.06300794333219528,0.2560635507106781,-0.036793194711208344,-0.05046985670924187,0.22706559300422668,-0.11704228818416595,0.007594341412186623
0.07456211000680923,0.7039877772331238,1.3515708446502686,0.017606979713668477,-0.003959026840340846,0.01945824587194003,-0.023930141911670588,0.015571417592978731,0.005568368072204939,0.17448366284370423,0.0041845917701721635,-0.04862143993377677,0.8403018116950989,0.7277172207832336,1.2325743436813354,-0.02036111,-0.009696711,0.048368644,508.0,1740111829.0837727,0.051690474152565,0.06284690648317337,0.16658203303813934,0.1552181839942932,-0.05016246438026428,-0.0646546483039856,0.04102672263979912,0.23333580791950226,0.2107459306716919,0.0799022763967514,0.13087914884090424,0.27064499258995056,0.15869304537773132,-0.04146820306777954,0.21086084842681885,0.03348275646567345,0.1866467297077179,0.0644862949848175,-0.08869625627994537,0.09839829057455063,-0.07835948467254639,-0.2672867774963379,-0.16059322655200958,0.05948749929666519,0.09415732324123383,-0.06300794333219528,0.2560635507106781,-0.036793194711208344,-0.05046985670924187,0.22706559300422668,-0.11704228818416595,0.007594341412186623
0.07595425844192505,0.7035605311393738,1.352462649345398,0.0173872077149835,-0.004587201340054121,0.025424976973315423,-0.015306724737496523,0.014685781558159219,0.005684822292248137,0.17595425844192505,0.0035605311393738237,-0.04753735065460196,0.8403018116950989,0.7277172207832336,1.2325743436813354,-0.024164662,-0.007793367,0.04476714,509.0,1740111829.1173503,0.05122103542089462,0.06281980872154236,0.16611909866333008,0.15506212413311005,-0.04987195134162903,-0.06457462906837463,0.041251134127378464,0.23281565308570862,0.21011999249458313,0.08013653755187988,0.1307843029499054,0.2702961266040802,0.15844689309597015,-0.041542284190654755,0.2102344036102295,0.03335117548704147,0.18599604070186615,0.06449814140796661,-0.08826607465744019,0.09844356030225754,-0.07832208275794983,-0.2669028341770172,-0.16025666892528534,0.05950925499200821,0.09358002245426178,-0.0628693625330925,0.25559085607528687,-0.037038758397102356,-0.05048740282654762,0.22666868567466736,-0.11643391847610474,0.007412649691104889
0.07229561358690262,0.7013704180717468,1.3517522811889648,0.0173872077149835,-0.004587201340054121,0.025424976973315423,0.01660160239953767,-0.02961976571374403,-0.00937694039013022,0.17586777210235596,0.003788220882415816,-0.04711904525756827,0.8403018116950989,0.7277172207832336,1.2325743436813354,-0.02615694,-0.0070365965,0.04388059,510.0,1740111829.1508176,0.05145525932312012,0.06280238181352615,0.16605541110038757,0.15484310686588287,-0.049849338829517365,-0.06460031867027283,0.041169099509716034,0.23272112011909485,0.21041962504386902,0.08000446856021881,0.13045978546142578,0.27028509974479675,0.1584058552980423,-0.04159212484955788,0.2104533612728119,0.033610083162784576,0.18615196645259857,0.06440255045890808,-0.08835442364215851,0.09823640435934067,-0.07859431207180023,-0.2666671872138977,-0.16020353138446808,0.05945607274770737,0.09406881034374237,-0.06279253214597702,0.25551837682724,-0.037114836275577545,-0.05055185779929161,0.22653624415397644,-0.11660508811473846,0.007739847060292959
0.07212953269481659,0.7015743255615234,1.3528151512145996,0.0173872077149835,-0.004587201340054121,0.025424976973315423,0.009606694173409223,0.009951674416362334,0.024935722496435435,0.17229561358690262,0.0013704180717468706,-0.04824771881103507,0.8403018116950989,0.7277172207832336,1.2325743436813354,-0.030744754,-0.005932614,0.042483043,511.0,1740111829.1835594,0.0509190708398819,0.06258811056613922,0.16580332815647125,0.1555219143629074,-0.050261832773685455,-0.06432020664215088,0.04181934893131256,0.2331680953502655,0.20992222428321838,0.08010146021842957,0.13046516478061676,0.27075526118278503,0.15886463224887848,-0.041788939386606216,0.20995908975601196,0.03379926458001137,0.1858043521642685,0.06486772000789642,-0.08884872496128082,0.09910415858030319,-0.0784638300538063,-0.2664085924625397,-0.16050806641578674,0.059669770300388336,0.09357234835624695,-0.06311149895191193,0.2555059790611267,-0.037329837679862976,-0.050018955022096634,0.2269401252269745,-0.11656567454338074,0.006583689246326685
0.07808848470449448,0.7027984261512756,1.3549007177352905,0.006133741440009153,-0.012297426460948804,0.0212530897008383,-0.014780147525490792,0.014746597211658044,0.0053326190024854826,0.17656779140233994,0.0023304700851440874,-0.04541149139404288,0.8403018116950989,0.7277172207832336,1.2325743436813354,-0.030744754,-0.005932614,0.042483043,512.0,1740111829.219397,0.0509190708398819,0.06258811056613922,0.16580332815647125,0.1555219143629074,-0.050261832773685455,-0.06432020664215088,0.04181934893131256,0.2331680953502655,0.20992222428321838,0.08010146021842957,0.13046516478061676,0.27075526118278503,0.15886463224887848,-0.041788939386606216,0.20995908975601196,0.03379926458001137,0.1858043521642685,0.06486772000789642,-0.08884872496128082,0.09910415858030319,-0.0784638300538063,-0.2664085924625397,-0.16050806641578674,0.059669770300388336,0.09357234835624695,-0.06311149895191193,0.2555059790611267,-0.037329837679862976,-0.050018955022096634,0.2269401252269745,-0.11656567454338074,0.006583689246326685
0.0785769522190094,0.7024595141410828,1.3559759855270386,0.006133741440009153,-0.012297426460948804,0.0212530897008383,-0.02093977445645172,0.014062642963155595,0.007889808947804175,0.17768182456493378,0.003034877777099654,-0.04472138881683341,0.8403018116950989,0.7277172207832336,1.2325743436813354,-0.032765925,-0.006708674,0.044781387,513.0,1740111829.2503417,0.05105265974998474,0.06245684623718262,0.1659291535615921,0.1556537002325058,-0.050539709627628326,-0.06401039659976959,0.042236413806676865,0.23340466618537903,0.2100943624973297,0.08004406094551086,0.13022972643375397,0.27122148871421814,0.15912304818630219,-0.04187122359871864,0.21022197604179382,0.034300390630960464,0.18588893115520477,0.06510336697101593,-0.08904226124286652,0.09941145032644272,-0.07854001969099045,-0.26615971326828003,-0.1606571227312088,0.05966424196958542,0.09396287053823471,-0.0633302628993988,0.25539544224739075,-0.03734429180622101,-0.049751896411180496,0.2273765504360199,-0.11706353724002838,0.006282479036599398
0.0795043408870697,0.7021242380142212,1.3563923835754395,0.006133741440009153,-0.012297426460948804,0.0212530897008383,-0.01533155313903962,0.012715184111462864,0.010412300926606792,0.1785769522190094,0.002459514141082808,-0.04402401447296134,0.8403018116950989,0.7277172207832336,1.2325743436813354,-0.0347479,-0.006463699,0.044619422,514.0,1740111829.283994,0.05160163342952728,0.06233737990260124,0.16737766563892365,0.15677529573440552,-0.051366545259952545,-0.0629895031452179,0.04308168590068817,0.2353953719139099,0.2111513465642929,0.08039936423301697,0.13068240880966187,0.27326586842536926,0.1601969450712204,-0.04144009202718735,0.21165792644023895,0.035527877509593964,0.18661068379878998,0.06569927930831909,-0.08982037007808685,0.10073544830083847,-0.07792840898036957,-0.2669043242931366,-0.1617835909128189,0.05984968692064285,0.09461092948913574,-0.0641746073961258,0.2559562921524048,-0.03693327307701111,-0.04912438616156578,0.22987785935401917,-0.11889801919460297,0.004996391944587231
0.0804765522480011,0.7021601796150208,1.3573415279388428,0.006133741440009153,-0.012297426460948804,0.0212530897008383,-0.01567939770523689,0.012350479967072413,0.010341147354175032,0.1804765522480011,0.0021601796150207964,-0.04265847206115714,0.8403018116950989,0.7277172207832336,1.2325743436813354,-0.036943525,-0.0038117245,0.03901466,515.0,1740111829.317267,0.0529656857252121,0.06241339445114136,0.16927917301654816,0.15801475942134857,-0.052522286772727966,-0.062143389135599136,0.04355341196060181,0.2379469871520996,0.21344022452831268,0.08050537109375,0.13097281754016876,0.27584004402160645,0.16152334213256836,-0.041222523897886276,0.214203879237175,0.037069160491228104,0.1885962337255478,0.06639698147773743,-0.09111985564231873,0.10180830210447311,-0.07802621275186539,-0.2679087519645691,-0.16333584487438202,0.06013935059309006,0.09639254212379456,-0.06516037881374359,0.2570509910583496,-0.036551378667354584,-0.04885919764637947,0.2324247658252716,-0.12167218327522278,0.00447490718215704
0.08004099130630493,0.7012573480606079,1.35872220993042,0.0404010045929932,-0.005387322543444546,0.016378693283493062,-0.006112326812099279,0.02138716104065274,0.01257822772591204,0.18141228556632996,0.0016844749450684038,-0.04344751834869376,0.8403018116950989,0.7277172207832336,1.2325743436813354,-0.034353137,-0.0033092648,0.035445247,516.0,1740111829.3502145,0.05384726822376251,0.06248926371335983,0.1705271452665329,0.15807710587978363,-0.05236999690532684,-0.06224718689918518,0.04309345409274101,0.23861829936504364,0.21466253697872162,0.08031293749809265,0.13142137229442596,0.27639293670654297,0.16209034621715546,-0.0411095954477787,0.21551264822483063,0.03732863813638687,0.18964508175849915,0.06620581448078156,-0.09144638478755951,0.10165739804506302,-0.07821938395500183,-0.26905572414398193,-0.1640068143606186,0.06006443500518799,0.09751413017511368,-0.06534716486930847,0.25807762145996094,-0.03633217513561249,-0.04899111017584801,0.23320305347442627,-0.1226961612701416,0.00521895894780755
0.08160620182752609,0.7021946907043457,1.3590868711471558,0.0404010045929932,-0.005387322543444546,0.016378693283493062,-0.01937194386115455,0.016589631077895454,0.008079095541258397,0.18004099130630494,0.0012573480606079546,-0.04127779006957999,0.8403018116950989,0.7277172207832336,1.2325743436813354,-0.034353137,-0.0033092648,0.035445247,517.0,1740111829.3841088,0.05384726822376251,0.06248926371335983,0.1705271452665329,0.15807710587978363,-0.05236999690532684,-0.06224718689918518,0.04309345409274101,0.23861829936504364,0.21466253697872162,0.08031293749809265,0.13142137229442596,0.27639293670654297,0.16209034621715546,-0.0411095954477787,0.21551264822483063,0.03732863813638687,0.18964508175849915,0.06620581448078156,-0.09144638478755951,0.10165739804506302,-0.07821938395500183,-0.26905572414398193,-0.1640068143606186,0.06006443500518799,0.09751413017511368,-0.06534716486930847,0.25807762145996094,-0.03633217513561249,-0.04899111017584801,0.23320305347442627,-0.1226961612701416,0.00521895894780755
0.08261674642562866,0.7020992636680603,1.3604600429534912,0.012039625456382685,0.004146171151847933,0.03905944652577192,-0.023386096103420514,0.017420697931835163,0.007647398022422789,0.18216673135757447,0.002132940292358443,-0.040111446380615146,0.8403018116950989,0.7277172207832336,1.2325743436813354,-0.033483088,-0.0038956925,0.036909528,518.0,1740111829.417957,0.05544620752334595,0.06239009648561478,0.16988860070705414,0.1529286652803421,-0.049038566648960114,-0.06432979553937912,0.04008883982896805,0.23447169363498688,0.2145010232925415,0.0795980840921402,0.13081961870193481,0.2720688283443451,0.16018599271774292,-0.039899859577417374,0.21492668986320496,0.03596420958638191,0.18909773230552673,0.06321388483047485,-0.08840227127075195,0.09723073989152908,-0.07853639870882034,-0.2693270742893219,-0.1620897501707077,0.05908092111349106,0.09853015094995499,-0.0631292387843132,0.2572900950908661,-0.0361931174993515,-0.05011705681681633,0.2292432188987732,-0.12058109045028687,0.01101415604352951
0.07971462607383728,0.700053870677948,1.3599594831466675,0.012039625456382685,0.004146171151847933,0.03905944652577192,0.017041229813614677,0.0008399324568341787,0.015027117594808178,0.18261674642562867,0.002099263668060347,-0.0395399570465087,0.8403018116950989,0.7277172207832336,1.2325743436813354,-0.033483088,-0.0038956925,0.036909528,519.0,1740111829.4513144,0.05544620752334595,0.06239009648561478,0.16988860070705414,0.1529286652803421,-0.049038566648960114,-0.06432979553937912,0.04008883982896805,0.23447169363498688,0.2145010232925415,0.0795980840921402,0.13081961870193481,0.2720688283443451,0.16018599271774292,-0.039899859577417374,0.21492668986320496,0.03596420958638191,0.18909773230552673,0.06321388483047485,-0.08840227127075195,0.09723073989152908,-0.07853639870882034,-0.2693270742893219,-0.1620897501707077,0.05908092111349106,0.09853015094995499,-0.0631292387843132,0.2572900950908661,-0.0361931174993515,-0.05011705681681633,0.2292432188987732,-0.12058109045028687,0.01101415604352951
0.07939419150352478,0.700219452381134,1.3609455823898315,0.012039625456382685,0.004146171151847933,0.03905944652577192,0.010789139233249232,0.00969642070226509,0.028291333747148442,0.17971462607383729,5.3870677948042456e-05,-0.04004051685333243,0.8403018116950989,0.7277172207832336,1.2325743436813354,-0.03895463,-0.0038194135,0.039223414,520.0,1740111829.4858866,0.056375861167907715,0.06266676634550095,0.17154574394226074,0.1538567692041397,-0.04949261248111725,-0.06506387889385223,0.03995359688997269,0.23581306636333466,0.21630463004112244,0.08017832040786743,0.13222815096378326,0.27384671568870544,0.1612616777420044,-0.04014870896935463,0.21703703701496124,0.03617119416594505,0.19039691984653473,0.06350074708461761,-0.08877508342266083,0.09808095544576645,-0.07925257086753845,-0.2719302773475647,-0.16299046576023102,0.05959208309650421,0.0986260324716568,-0.06354652345180511,0.2595887780189514,-0.036351606249809265,-0.050981540232896805,0.23094159364700317,-0.12126989662647247,0.012023312039673328
0.08451708406209946,0.7020550966262817,1.3630945682525635,0.012039625456382685,0.004146171151847933,0.03905944652577192,-0.025521246807879552,0.016273410369780986,0.007609661863182535,0.18056081086397172,-0.00030417442321772903,-0.03882112503051749,0.8403018116950989,0.7277172207832336,1.2325743436813354,-0.04293389,-0.0026446506,0.038104434,521.0,1740111829.5185404,0.05666375160217285,0.0626944825053215,0.17260372638702393,0.1549615114927292,-0.05028282850980759,-0.06487758457660675,0.04020689055323601,0.2373306304216385,0.2171875685453415,0.0803229808807373,0.1327841877937317,0.2752152979373932,0.16209954023361206,-0.04019373655319214,0.21830254793167114,0.036642324179410934,0.19121165573596954,0.06397902965545654,-0.08960723876953125,0.09893124550580978,-0.07930459827184677,-0.2730013430118561,-0.16385255753993988,0.059985801577568054,0.09889685362577438,-0.06413968652486801,0.26075273752212524,-0.03643335402011871,-0.05100387707352638,0.23244166374206543,-0.122258260846138,0.01139802299439907
0.08210891485214233,0.7003910541534424,1.363112211227417,-0.004393172531177659,-0.01247972558895946,0.018962123394017615,0.008711371879596065,0.004615434741589165,0.015112334977332248,0.18213306218385697,0.0007252573966980425,-0.03745224475860587,0.8403018116950989,0.7277172207832336,1.2325743436813354,-0.046710573,-0.0020034537,0.03783697,522.0,1740111829.549973,0.05655049532651901,0.06260393559932709,0.1749792844057083,0.15863695740699768,-0.05232817679643631,-0.06386680155992508,0.0419452041387558,0.24150721728801727,0.21835392713546753,0.08151276409626007,0.13485457003116608,0.2795943319797516,0.16462823748588562,-0.04013326019048691,0.22065269947052002,0.03778257220983505,0.19254416227340698,0.0655859112739563,-0.09162202477455139,0.1022983267903328,-0.07887458056211472,-0.27586308121681213,-0.16630956530570984,0.06141425669193268,0.0983111634850502,-0.06598905473947525,0.2631879448890686,-0.03709861636161804,-0.05062947794795036,0.23685646057128906,-0.12438027560710907,0.00831772293895483
0.08504880219697952,0.701620876789093,1.3654968738555908,-0.004393172531177659,-0.01247972558895946,0.018962123394017615,-0.018209334709337457,0.03050954775664817,0.01517814975715488,0.18210891485214234,0.0003910541534424272,-0.03688778877258292,0.8403018116950989,0.7277172207832336,1.2325743436813354,-0.046710573,-0.0020034537,0.03783697,523.0,1740111829.5837033,0.05655049532651901,0.06260393559932709,0.1749792844057083,0.15863695740699768,-0.05232817679643631,-0.06386680155992508,0.0419452041387558,0.24150721728801727,0.21835392713546753,0.08151276409626007,0.13485457003116608,0.2795943319797516,0.16462823748588562,-0.04013326019048691,0.22065269947052002,0.03778257220983505,0.19254416227340698,0.0655859112739563,-0.09162202477455139,0.1022983267903328,-0.07887458056211472,-0.27586308121681213,-0.16630956530570984,0.06141425669193268,0.0983111634850502,-0.06598905473947525,0.2631879448890686,-0.03709861636161804,-0.05062947794795036,0.23685646057128906,-0.12438027560710907,0.00831772293895483
0.08481372892856598,0.7004404664039612,1.3650604486465454,-0.004393172531177659,-0.01247972558895946,0.018962123394017615,0.0011219032267683734,0.005517932318289105,0.015956768178088023,0.18481372892856598,0.00044046640396122605,-0.0349395513534545,0.8403018116950989,0.7277172207832336,1.2325743436813354,-0.047615014,-0.0040088817,0.043561812,524.0,1740111829.6175315,0.056733764708042145,0.06262326240539551,0.1762326955795288,0.1604139506816864,-0.053509727120399475,-0.06350956857204437,0.04290745407342911,0.24336491525173187,0.21961799263954163,0.08199514448642731,0.1355609893798828,0.28188425302505493,0.166079580783844,-0.04063371568918228,0.2223840355873108,0.038787417113780975,0.1935996264219284,0.0666886568069458,-0.0928000807762146,0.10415033251047134,-0.07932477444410324,-0.27708640694618225,-0.1676502674818039,0.062086477875709534,0.09869597852230072,-0.06694427877664566,0.2647668421268463,-0.03749687969684601,-0.050603266805410385,0.23909851908683777,-0.1258472353219986,0.007197113707661629
0.08423508703708649,0.700678288936615,1.3665956258773804,0.057226221711502906,0.009333467885448405,0.043691458978966466,0.018049812858052218,-0.00023962770955658448,0.026500422416835926,0.18766232430934907,0.0016537785530090776,-0.0332843303680419,0.8403018116950989,0.7277172207832336,1.2325743436813354,-0.043707255,-0.003986627,0.040403225,525.0,1740111829.6550517,0.05870426446199417,0.06286454200744629,0.17918804287910461,0.16257181763648987,-0.0557466596364975,-0.06217388063669205,0.04356652870774269,0.24777746200561523,0.2233828455209732,0.08241541683673859,0.13640965521335602,0.2863440215587616,0.16841351985931396,-0.040251147001981735,0.22676923871040344,0.04127682000398636,0.19680370390415192,0.06807394325733185,-0.09509794414043427,0.10601580888032913,-0.07933931052684784,-0.2791079878807068,-0.17026585340499878,0.06294123083353043,0.1011580303311348,-0.06864117085933685,0.2669330835342407,-0.03700021654367447,-0.050338443368673325,0.2436407506465912,-0.13019739091396332,0.006225354503840208
0.08456014096736908,0.7007420063018799,1.3670750856399536,0.057226221711502906,0.009333467885448405,0.043691458978966466,0.01839649150212311,-0.0006491328034857823,0.027055340075271675,0.1842350870370865,0.0006782889366150346,-0.03340437412261954,0.8403018116950989,0.7277172207832336,1.2325743436813354,-0.045278534,-0.0029553995,0.038134564,526.0,1740111829.686668,0.0586804524064064,0.06262808293104172,0.17990659177303314,0.1637813001871109,-0.05670018494129181,-0.061120614409446716,0.04454473406076431,0.2492237091064453,0.22377102077007294,0.082735076546669,0.13660486042499542,0.2879497706890106,0.16917474567890167,-0.040277909487485886,0.22747397422790527,0.04235213249921799,0.19713760912418365,0.06878048181533813,-0.09582054615020752,0.10743323713541031,-0.07881586998701096,-0.2792128324508667,-0.17104272544384003,0.0631764680147171,0.10132737457752228,-0.06941758096218109,0.26705074310302734,-0.036774590611457825,-0.04964687302708626,0.2455618977546692,-0.13151025772094727,0.004602272994816303
0.08957178890705109,0.701688826084137,1.369005799293518,0.057226221711502906,0.009333467885448405,0.043691458978966466,-0.014597820879847645,0.013393144709079914,0.01557908123500718,0.18836907148361207,0.0016583085060120073,-0.03183462619781485,0.8403018116950989,0.7277172207832336,1.2325743436813354,-0.04729459,-0.002918817,0.039088808,527.0,1740111829.7176435,0.05886750668287277,0.062275152653455734,0.1793888360261917,0.16219253838062286,-0.05594967305660248,-0.06077742576599121,0.04483179375529289,0.2477891445159912,0.22344520688056946,0.08247974514961243,0.13580718636512756,0.287028044462204,0.16860432922840118,-0.039808377623558044,0.22671347856521606,0.04298848658800125,0.19606341421604156,0.06799669563770294,-0.09454765915870667,0.1067623421549797,-0.07831764221191406,-0.2778701186180115,-0.17008712887763977,0.06244698911905289,0.1018214076757431,-0.06881162524223328,0.2654147744178772,-0.03616440296173096,-0.04903801903128624,0.24507510662078857,-0.13125520944595337,0.005043530836701393
0.09096269309520721,0.7021347880363464,1.3704302310943604,0.02142263762178128,0.0028316381220075747,0.02601772230294657,-0.015676816000470065,0.012261910669157933,0.015097332675744334,0.19028196334838868,0.0019996643066406694,-0.030439281463622958,0.8403018116950989,0.7277172207832336,1.2325743436813354,-0.04729459,-0.002918817,0.039088808,528.0,1740111829.7534828,0.05886750668287277,0.062275152653455734,0.1793888360261917,0.16219253838062286,-0.05594967305660248,-0.06077742576599121,0.04483179375529289,0.2477891445159912,0.22344520688056946,0.08247974514961243,0.13580718636512756,0.287028044462204,0.16860432922840118,-0.039808377623558044,0.22671347856521606,0.04298848658800125,0.19606341421604156,0.06799669563770294,-0.09454765915870667,0.1067623421549797,-0.07831764221191406,-0.2778701186180115,-0.17008712887763977,0.06244698911905289,0.1018214076757431,-0.06881162524223328,0.2654147744178772,-0.03616440296173096,-0.04903801903128624,0.24507510662078857,-0.13125520944595337,0.005043530836701393
0.09115967899560928,0.7023359537124634,1.3708409070968628,0.02142263762178128,0.0028316381220075747,0.02601772230294657,-0.016530615729453624,0.012698950797886245,0.014099722769797637,0.19096269309520722,0.00213478803634648,-0.02956976890563956,0.8403018116950989,0.7277172207832336,1.2325743436813354,-0.047621902,-0.0016168505,0.036277723,529.0,1740111829.7845027,0.05824226140975952,0.062206290662288666,0.17887847125530243,0.16199752688407898,-0.05549899488687515,-0.06102200224995613,0.04503294825553894,0.2470158338546753,0.22263649106025696,0.08261463046073914,0.13603991270065308,0.28652215003967285,0.1683172583580017,-0.03993462026119232,0.22563856840133667,0.04264134168624878,0.19508963823318481,0.06766457855701447,-0.0939999371767044,0.10681843012571335,-0.07811521738767624,-0.2776658535003662,-0.1696104109287262,0.062305234372615814,0.1010926365852356,-0.06838048994541168,0.2649327516555786,-0.03633531183004379,-0.04886481538414955,0.2444269061088562,-0.13015545904636383,0.004767197649925947
0.09149515628814697,0.7021727561950684,1.3713592290878296,0.02142263762178128,0.0028316381220075747,0.02601772230294657,-0.0157268169512661,0.01413006785145759,0.0183314309785921,0.19149515628814698,0.002172756195068404,-0.02864077091217032,0.8403018116950989,0.7277172207832336,1.2325743436813354,-0.051105633,0.0008894503,0.030530825,530.0,1740111829.8169234,0.05846092104911804,0.06188078224658966,0.17857825756072998,0.16005101799964905,-0.054036155343055725,-0.06077487766742706,0.04492296651005745,0.24527429044246674,0.22215157747268677,0.08265846967697144,0.1354789137840271,0.28523901104927063,0.16759786009788513,-0.03918848931789398,0.22469255328178406,0.04290519282221794,0.19389572739601135,0.06649306416511536,-0.09236554801464081,0.10600311309099197,-0.0773036852478981,-0.27664709091186523,-0.16875602304935455,0.061521515250205994,0.10155228525400162,-0.06750559061765671,0.26342839002609253,-0.035881541669368744,-0.04830489680171013,0.24364107847213745,-0.12946051359176636,0.005248148925602436
0.09154967218637466,0.7025451064109802,1.3723609447479248,0.008130835057609474,0.004515063704959486,0.020628215903977065,-0.021061881855105796,0.015965990755738856,0.016414315294268646,0.19162889420986176,0.0022203207015991655,-0.028311991691589267,0.8403018116950989,0.7277172207832336,1.2325743436813354,-0.05085724,0.0005418733,0.031621404,531.0,1740111829.8533387,0.05750463902950287,0.06149425730109215,0.17646481096744537,0.15795522928237915,-0.05263955891132355,-0.06085158884525299,0.044993817806243896,0.2419154793024063,0.22005806863307953,0.08218379318714142,0.13393725454807281,0.2825087308883667,0.16622547805309296,-0.03928569704294205,0.22206121683120728,0.0425594225525856,0.19168910384178162,0.06565962731838226,-0.09068159759044647,0.1050039753317833,-0.07710408419370651,-0.27401286363601685,-0.16717393696308136,0.06071154773235321,0.10111375153064728,-0.06637339293956757,0.26112717390060425,-0.0359741747379303,-0.047763485461473465,0.24101147055625916,-0.1273883581161499,0.005423962138593197
0.0918293446302414,0.7026141881942749,1.37269127368927,0.008130835057609474,0.004515063704959486,0.020628215903977065,-0.02017249286409921,0.01586285527821319,0.017691412192627314,0.19154967218637467,0.002545106410980269,-0.027639055252075106,0.8403018116950989,0.7277172207832336,1.2325743436813354,-0.050754722,-0.00012471527,0.03324512,532.0,1740111829.8845077,0.05715341866016388,0.061510585248470306,0.17490404844284058,0.15713858604431152,-0.05244071036577225,-0.06093600019812584,0.045032285153865814,0.2403693050146103,0.2195068746805191,0.08181132376194,0.13270731270313263,0.28150397539138794,0.16561321914196014,-0.040044791996479034,0.22100034356117249,0.042449478060007095,0.19137565791606903,0.06586557626724243,-0.09048245847225189,0.10440277308225632,-0.0778316855430603,-0.2721468210220337,-0.16656510531902313,0.06049257516860962,0.1014803946018219,-0.06608396768569946,0.2599838376045227,-0.0363164022564888,-0.04769362881779671,0.2391735315322876,-0.12682920694351196,0.005674966610968113
0.09294667840003967,0.7030861377716064,1.3735272884368896,0.008130835057609474,0.004515063704959486,0.020628215903977065,-0.016745466312078263,0.013095253984358452,0.015870824666797952,0.19294667840003968,0.0030861377716064897,-0.026472711563110263,0.8403018116950989,0.7277172207832336,1.2325743436813354,-0.050754722,-0.00012471527,0.03324512,533.0,1740111829.9173877,0.05715341866016388,0.061510585248470306,0.17490404844284058,0.15713858604431152,-0.05244071036577225,-0.06093600019812584,0.045032285153865814,0.2403693050146103,0.2195068746805191,0.08181132376194,0.13270731270313263,0.28150397539138794,0.16561321914196014,-0.040044791996479034,0.22100034356117249,0.042449478060007095,0.19137565791606903,0.06586557626724243,-0.09048245847225189,0.10440277308225632,-0.0778316855430603,-0.2721468210220337,-0.16656510531902313,0.06049257516860962,0.1014803946018219,-0.06608396768569946,0.2599838376045227,-0.0363164022564888,-0.04769362881779671,0.2391735315322876,-0.12682920694351196,0.005674966610968113
0.08875063061714172,0.7019830942153931,1.372854471206665,0.014892990706554513,0.0058539887448962324,0.02032449593962955,0.015031143299596629,-0.006274007306349151,0.024514653546009096,0.19302756935358048,0.003248977661132857,-0.026164913177490146,0.8403018116950989,0.7277172207832336,1.2325743436813354,-0.048210684,-0.0014806315,0.036187313,534.0,1740111829.9526665,0.05795634537935257,0.061290040612220764,0.17591744661331177,0.1566988229751587,-0.05247175693511963,-0.060108061879873276,0.04566919431090355,0.24097490310668945,0.22027267515659332,0.08220522105693817,0.13269519805908203,0.2825250029563904,0.16589637100696564,-0.039195526391267776,0.22205078601837158,0.04367099329829216,0.19150935113430023,0.06571909785270691,-0.0899563729763031,0.10479024797677994,-0.07718924432992935,-0.2722374498844147,-0.16675452888011932,0.06033541262149811,0.10223360359668732,-0.06638389825820923,0.259587824344635,-0.03570824861526489,-0.047274213284254074,0.24088266491889954,-0.12804868817329407,0.0054359035566449165
0.09140104800462723,0.7030441164970398,1.3747549057006836,0.014892990706554513,0.0058539887448962324,0.02032449593962955,-0.0073783116663606605,0.015227718450560996,0.017518331197550474,0.18875063061714173,0.001983094215393111,-0.027145528793334872,0.8403018116950989,0.7277172207832336,1.2325743436813354,-0.044028178,-0.001981534,0.035564348,535.0,1740111829.984012,0.058760955929756165,0.06111454963684082,0.17838037014007568,0.15919752418994904,-0.05399760603904724,-0.058674927800893784,0.047068726271390915,0.24479900300502777,0.22208736836910248,0.08340640366077423,0.13409925997257233,0.28676649928092957,0.16773566603660583,-0.03866216540336609,0.22475585341453552,0.045341722667217255,0.1931784451007843,0.06674361228942871,-0.09145069122314453,0.1072867140173912,-0.07636471837759018,-0.2746075987815857,-0.16892196238040924,0.06124012917280197,0.10287472605705261,-0.06787129491567612,0.2609992027282715,-0.0357431098818779,-0.04683361575007439,0.24517396092414856,-0.13081113994121552,0.0029006628319621086
0.09298672527074814,0.7039520740509033,1.3751170635223389,0.014892990706554513,0.0058539887448962324,0.02032449593962955,-0.015841802570681178,0.011781360523191883,0.019697537601234178,0.19168365597724915,0.0033202052116394487,-0.02487185001373282,0.8403018116950989,0.7277172207832336,1.2325743436813354,-0.044201937,-0.001515165,0.03406146,536.0,1740111830.0178587,0.05861607939004898,0.061082884669303894,0.1781352311372757,0.1588502824306488,-0.053535208106040955,-0.05886949226260185,0.04689617455005646,0.24420392513275146,0.22178645431995392,0.0834178626537323,0.1342438906431198,0.2863355576992035,0.16768935322761536,-0.038521431386470795,0.22437161207199097,0.04514788091182709,0.1928824633359909,0.06649146974086761,-0.09109072387218475,0.10717371851205826,-0.07627036422491074,-0.27463605999946594,-0.16881722211837769,0.061284877359867096,0.10264607518911362,-0.06764010339975357,0.26090121269226074,-0.035952240228652954,-0.04679616913199425,0.24475592374801636,-0.1302921175956726,0.003090287558734417
0.09296910464763641,0.7043591737747192,1.375326156616211,0.0009216549793279745,0.011738058698988352,0.011631546684867903,-0.016522071083551013,0.015711621322597947,0.019187311980734957,0.19298672527074814,0.003952074050903365,-0.024882936477661044,0.8403018116950989,0.7277172207832336,1.2325743436813354,-0.044522736,-0.0017414242,0.034706086,537.0,1740111830.050724,0.0592041090130806,0.06114635244011879,0.17777104675769806,0.15749432146549225,-0.052898138761520386,-0.05889616161584854,0.0463884137570858,0.2431296855211258,0.2222250998020172,0.08305016160011292,0.1334226280450821,0.2853838801383972,0.16715063154697418,-0.03833991661667824,0.22432652115821838,0.045475199818611145,0.19290156662464142,0.06595093011856079,-0.09050998091697693,0.10618624836206436,-0.07636775821447372,-0.27367088198661804,-0.16836398839950562,0.0608137771487236,0.1036577969789505,-0.0670662373304367,0.26021808385849,-0.035665713250637054,-0.046767596155405045,0.2438671886920929,-0.1303754448890686,0.004149376414716244
0.09295303374528885,0.7045901417732239,1.3754496574401855,0.0009216549793279745,0.011738058698988352,0.011631546684867903,-0.0171487310454935,0.017474636280171218,0.019226380579475125,0.19296910464763642,0.004359173774719283,-0.024673843383788974,0.8403018116950989,0.7277172207832336,1.2325743436813354,-0.044522736,-0.0017414242,0.034706086,538.0,1740111830.08473,0.0592041090130806,0.06114635244011879,0.17777104675769806,0.15749432146549225,-0.052898138761520386,-0.05889616161584854,0.0463884137570858,0.2431296855211258,0.2222250998020172,0.08305016160011292,0.1334226280450821,0.2853838801383972,0.16715063154697418,-0.03833991661667824,0.22432652115821838,0.045475199818611145,0.19290156662464142,0.06595093011856079,-0.09050998091697693,0.10618624836206436,-0.07636775821447372,-0.27367088198661804,-0.16836398839950562,0.0608137771487236,0.1036577969789505,-0.0670662373304367,0.26021808385849,-0.035665713250637054,-0.046767596155405045,0.2438671886920929,-0.1303754448890686,0.004149376414716244
0.09276646375656128,0.7050875425338745,1.3756895065307617,0.0009216549793279745,0.011738058698988352,0.011631546684867903,-0.017903730848359507,0.01969824080583535,0.017583099340725928,0.19276646375656128,0.005087542533874556,-0.024310493469238192,0.8403018116950989,0.7277172207832336,1.2325743436813354,-0.044229485,-0.0012433976,0.033080794,539.0,1740111830.1175334,0.05893257260322571,0.06099313870072365,0.17763344943523407,0.15740303695201874,-0.05276945233345032,-0.05893300473690033,0.04667176306247711,0.24287746846675873,0.2217050939798355,0.08313409984111786,0.1334071308374405,0.285169780254364,0.1669909954071045,-0.03839549422264099,0.22388926148414612,0.04525923728942871,0.19242975115776062,0.06592677533626556,-0.09022673964500427,0.10619253665208817,-0.07635864615440369,-0.27356451749801636,-0.1680329442024231,0.06076011061668396,0.10328753292560577,-0.06704538315534592,0.25995564460754395,-0.035823702812194824,-0.04671270772814751,0.24373146891593933,-0.13004349172115326,0.004040923900902271
0.09310787916183472,0.7057693600654602,1.3749406337738037,0.001386969368424815,0.014093979721921055,-0.003853073284643704,-0.013619181459718369,0.02138259118617207,0.031700046710952536,0.19262817353010178,0.005261170864105269,-0.024191999435424716,0.8403018116950989,0.7277172207832336,1.2325743436813354,-0.04417222,-0.0004061088,0.030782752,540.0,1740111830.1525311,0.058644041419029236,0.06100230664014816,0.17720454931259155,0.15750372409820557,-0.052527472376823425,-0.059408728033304214,0.0466872900724411,0.24240116775035858,0.2213953584432602,0.08328832685947418,0.13361887633800507,0.28493496775627136,0.1669129878282547,-0.03883637860417366,0.22349944710731506,0.04485921189188957,0.1923084706068039,0.0659170150756836,-0.09028072655200958,0.10621748119592667,-0.07691233605146408,-0.27366364002227783,-0.16800738871097565,0.06092959642410278,0.10298607498407364,-0.06685871630907059,0.2601088881492615,-0.03642591834068298,-0.046998050063848495,0.24299177527427673,-0.12944088876247406,0.00426874216645956
0.0924844816327095,0.7061640024185181,1.376603126525879,0.001386969368424815,0.014093979721921055,-0.003853073284643704,-0.01615126873603956,0.014823608439898831,0.010466632430218776,0.19310787916183472,0.0057693600654602495,-0.0250593662261962,0.8403018116950989,0.7277172207832336,1.2325743436813354,-0.044215515,-0.00019510835,0.030489206,541.0,1740111830.1835587,0.05907063186168671,0.060968946665525436,0.17810751497745514,0.15811605751514435,-0.052818894386291504,-0.059116631746292114,0.04726986214518547,0.24343182146549225,0.2222484052181244,0.08379173278808594,0.13407965004444122,0.28635379672050476,0.16761866211891174,-0.038788653910160065,0.22464096546173096,0.045559294521808624,0.19292058050632477,0.06626561284065247,-0.09062941372394562,0.10704677551984787,-0.07703164964914322,-0.27452775835990906,-0.16868086159229279,0.06131531298160553,0.10345707088708878,-0.06727369129657745,0.260739803314209,-0.03665531426668167,-0.047008682042360306,0.2444082796573639,-0.13036073744297028,0.003951779566705227
0.0921379029750824,0.7066590785980225,1.3772010803222656,0.001386969368424815,0.014093979721921055,-0.003853073284643704,-0.01733052240627435,0.013482560705136395,0.010012029185928823,0.1921379029750824,0.006659078598022505,-0.022798919677734286,0.8403018116950989,0.7277172207832336,1.2325743436813354,-0.04318046,-0.0007470101,0.031489536,542.0,1740111830.2166305,0.05929607152938843,0.0610710047185421,0.17828737199306488,0.15803015232086182,-0.0526566207408905,-0.059056106954813004,0.04698780179023743,0.24344627559185028,0.22246958315372467,0.08372567594051361,0.13402573764324188,0.2861959636211395,0.16743479669094086,-0.038733482360839844,0.22480502724647522,0.04548128321766853,0.1931396722793579,0.06613163650035858,-0.09065020084381104,0.10674773901700974,-0.07697497308254242,-0.2745661437511444,-0.16869865357875824,0.06116773933172226,0.10381050407886505,-0.06718949973583221,0.2607334852218628,-0.03646527975797653,-0.047122690826654434,0.24428951740264893,-0.1305404007434845,0.004185612313449383
0.09162991493940353,0.7070616483688354,1.3784263134002686,-0.014772400961785928,0.012916551487479624,0.034839718231991536,-0.01816898613245626,0.014778490311120756,0.012342925288729996,0.18730371296405793,0.00577102899551396,-0.02369978427886954,0.8403018116950989,0.7277172207832336,1.2325743436813354,-0.04318046,-0.0007470101,0.031489536,543.0,1740111830.2517853,0.05929607152938843,0.0610710047185421,0.17828737199306488,0.15803015232086182,-0.0526566207408905,-0.059056106954813004,0.04698780179023743,0.24344627559185028,0.22246958315372467,0.08372567594051361,0.13402573764324188,0.2861959636211395,0.16743479669094086,-0.038733482360839844,0.22480502724647522,0.04548128321766853,0.1931396722793579,0.06613163650035858,-0.09065020084381104,0.10674773901700974,-0.07697497308254242,-0.2745661437511444,-0.16869865357875824,0.06116773933172226,0.10381050407886505,-0.06718949973583221,0.2607334852218628,-0.03646527975797653,-0.047122690826654434,0.24428951740264893,-0.1305404007434845,0.004185612313449383
0.09156370162963867,0.707757294178009,1.3796254396438599,-0.014772400961785928,0.012916551487479624,0.034839718231991536,-0.017481937442289604,0.01587376866957997,0.007423318910243637,0.19162991493940354,0.007061648368835494,-0.021573686599731356,0.8403018116950989,0.7277172207832336,1.2325743436813354,-0.04164541,-0.0010928735,0.03174305,544.0,1740111830.287842,0.05951470881700516,0.06115519255399704,0.17843616008758545,0.1580537110567093,-0.05272836238145828,-0.05910429731011391,0.04690547287464142,0.24356268346309662,0.2227785587310791,0.08369138836860657,0.13404852151870728,0.28633928298950195,0.1675168126821518,-0.038754209876060486,0.22513219714164734,0.04561007767915726,0.19343221187591553,0.06621558964252472,-0.09074454009532928,0.10672218352556229,-0.07711830735206604,-0.27462345361709595,-0.16883321106433868,0.061209410429000854,0.10402639210224152,-0.06722984462976456,0.2609042227268219,-0.03651488572359085,-0.047195915132761,0.24439924955368042,-0.13078810274600983,0.0043363263830542564
0.09105318784713745,0.7078167200088501,1.3804999589920044,-0.014772400961785928,0.012916551487479624,0.034839718231991536,-0.01710837840368169,0.018311199504704178,0.010851958353171414,0.1913825109601021,0.007345724105835005,-0.02019920349121085,0.8403018116950989,0.7277172207832336,1.2325743436813354,-0.041718982,-0.0013459623,0.03295411,545.0,1740111830.319663,0.06036143749952316,0.06138573959469795,0.17885221540927887,0.15787658095359802,-0.05294841527938843,-0.059517063200473785,0.046512309461832047,0.24369725584983826,0.22403806447982788,0.08343799412250519,0.13391225039958954,0.2866954207420349,0.1675320267677307,-0.03910195827484131,0.22628182172775269,0.0459606796503067,0.19434739649295807,0.06623974442481995,-0.09107384085655212,0.10632450133562088,-0.07792552560567856,-0.2748256325721741,-0.16896279156208038,0.06107829511165619,0.10517057776451111,-0.06716585904359818,0.26142406463623047,-0.03639867901802063,-0.04769669100642204,0.24446776509284973,-0.13148219883441925,0.0054842946119606495
0.09036152809858322,0.7088847160339355,1.381739854812622,-0.014772400961785928,0.012916551487479624,0.034839718231991536,-0.026841223558872557,0.019950791361951034,0.004372067098408386,0.19105318784713746,0.007816720008850142,-0.019500041007995517,0.8403018116950989,0.7277172207832336,1.2325743436813354,-0.038179472,-0.0024084523,0.035002716,546.0,1740111830.3504994,0.06201126426458359,0.0617758110165596,0.18077416718006134,0.15852192044258118,-0.053498007357120514,-0.059552475810050964,0.04660264775156975,0.24534252285957336,0.22679907083511353,0.08386322855949402,0.13466766476631165,0.28902170062065125,0.1686684489250183,-0.0393592044711113,0.22933414578437805,0.04709302634000778,0.19649992883205414,0.06685449182987213,-0.09184768795967102,0.10689913481473923,-0.0788923054933548,-0.2765171527862549,-0.17024071514606476,0.06150437146425247,0.10708284378051758,-0.0677240639925003,0.26317232847213745,-0.03648567944765091,-0.048349473625421524,0.24657633900642395,-0.1337406188249588,0.0065399338491261005
0.08662070333957672,0.7067543864250183,1.3807674646377563,-0.04175508420512902,-0.002561231060304943,0.019515040462979156,0.020004885231085033,-0.058873511976508516,-0.03308872806667968,0.19036152809858323,0.008884716033935591,-0.01826014518737784,0.8403018116950989,0.7277172207832336,1.2325743436813354,-0.038179472,-0.0024084523,0.035002716,547.0,1740111830.3841178,0.06201126426458359,0.0617758110165596,0.18077416718006134,0.15852192044258118,-0.053498007357120514,-0.059552475810050964,0.04660264775156975,0.24534252285957336,0.22679907083511353,0.08386322855949402,0.13466766476631165,0.28902170062065125,0.1686684489250183,-0.0393592044711113,0.22933414578437805,0.04709302634000778,0.19649992883205414,0.06685449182987213,-0.09184768795967102,0.10689913481473923,-0.0788923054933548,-0.2765171527862549,-0.17024071514606476,0.06150437146425247,0.10708284378051758,-0.0677240639925003,0.26317232847213745,-0.03648567944765091,-0.048349473625421524,0.24657633900642395,-0.1337406188249588,0.0065399338491261005
0.09084576368331909,0.7092747688293457,1.3834173679351807,-0.04175508420512902,-0.002561231060304943,0.019515040462979156,-0.01764554183250839,0.018057077292331605,0.009923063531153601,0.19023556113243104,0.008862006664276167,-0.017134690284728915,0.8403018116950989,0.7277172207832336,1.2325743436813354,-0.038179472,-0.0024084523,0.035002716,548.0,1740111830.4177475,0.06201126426458359,0.0617758110165596,0.18077416718006134,0.15852192044258118,-0.053498007357120514,-0.059552475810050964,0.04660264775156975,0.24534252285957336,0.22679907083511353,0.08386322855949402,0.13466766476631165,0.28902170062065125,0.1686684489250183,-0.0393592044711113,0.22933414578437805,0.04709302634000778,0.19649992883205414,0.06685449182987213,-0.09184768795967102,0.10689913481473923,-0.0788923054933548,-0.2765171527862549,-0.17024071514606476,0.06150437146425247,0.10708284378051758,-0.0677240639925003,0.26317232847213745,-0.03648567944765091,-0.048349473625421524,0.24657633900642395,-0.1337406188249588,0.0065399338491261005
0.08608780801296234,0.7075181603431702,1.382834792137146,-0.04175508420512902,-0.002561231060304943,0.019515040462979156,0.016696935967598067,-0.061313223979025944,-0.02856909689410529,0.1908457636833191,0.009274768829345748,-0.016582632064819247,0.8403018116950989,0.7277172207832336,1.2325743436813354,-0.027491733,-0.0009908602,0.026320092,549.0,1740111830.4568005,0.06613484770059586,0.06304354965686798,0.18425825238227844,0.1565975844860077,-0.051229313015937805,-0.061919957399368286,0.044388823211193085,0.2452438324689865,0.23214149475097656,0.0853840559720993,0.1368599832057953,0.2905244827270508,0.16880008578300476,-0.03925003483891487,0.2349650263786316,0.046937450766563416,0.20014268159866333,0.06539873778820038,-0.08987689018249512,0.10451322048902512,-0.08156532049179077,-0.2818583846092224,-0.17066533863544464,0.06194315105676651,0.11043750494718552,-0.06673898547887802,0.26629289984703064,-0.03724846988916397,-0.05257345363497734,0.24734008312225342,-0.135328471660614,0.014005477540194988
0.09039150923490524,0.7096560001373291,1.3849079608917236,-0.007158111547868416,0.019053899857902314,0.02538661719737819,-0.016641424475875192,0.013703878310586512,0.01294364955748501,0.18608780801296235,0.00751816034317021,-0.017165207862853915,0.8403018116950989,0.7277172207832336,1.2325743436813354,-0.030014828,0.00035052001,0.023296893,550.0,1740111830.4927382,0.06612977385520935,0.06281420588493347,0.18427255749702454,0.1566617488861084,-0.05182401090860367,-0.06129150465130806,0.044422972947359085,0.24574291706085205,0.2317674309015274,0.08487746119499207,0.13640928268432617,0.2902885675430298,0.16872850060462952,-0.03868871554732323,0.23460635542869568,0.047352153807878494,0.19985653460025787,0.06541001796722412,-0.09025348722934723,0.1046704575419426,-0.08060666173696518,-0.2810074985027313,-0.1705881655216217,0.06146668642759323,0.11026197671890259,-0.06698937714099884,0.2658158540725708,-0.036427147686481476,-0.05160276219248772,0.24799850583076477,-0.1358945071697235,0.013082259334623814
0.09059111028909683,0.7104043960571289,1.3858834505081177,-0.007158111547868416,0.019053899857902314,0.02538661719737819,-0.017421090305610808,0.01147060461865665,0.011125319770950381,0.18978943526744843,0.01062242984771733,-0.014596843719482333,0.8403018116950989,0.7277172207832336,1.2325743436813354,-0.032928333,0.002220288,0.018986061,551.0,1740111830.526123,0.06694058328866959,0.06285421550273895,0.1854916661977768,0.15708789229393005,-0.0519607812166214,-0.06110092252492905,0.044698189944028854,0.24676871299743652,0.23311074078083038,0.08523716032505035,0.13692738115787506,0.29166001081466675,0.16965936124324799,-0.03858262673020363,0.23603060841560364,0.048101842403411865,0.20086000859737396,0.0656651109457016,-0.09058348834514618,0.10535228997468948,-0.08070919662714005,-0.2821809649467468,-0.17142097651958466,0.061777614057064056,0.11114982515573502,-0.0673619955778122,0.26676154136657715,-0.03656323254108429,-0.05151146277785301,0.2494889199733734,-0.13716107606887817,0.013125693425536156
0.08923185616731644,0.7110468745231628,1.3869428634643555,-0.007158111547868416,0.019053899857902314,0.02538661719737819,-0.018296772470944616,-0.015857920077588,-0.008381117532753661,0.19059111028909684,0.01040439605712895,-0.014116549491882235,0.8403018116950989,0.7277172207832336,1.2325743436813354,-0.035457753,0.0034038648,0.016908437,552.0,1740111830.5592067,0.06632745265960693,0.06248442828655243,0.18535856902599335,0.15771164000034332,-0.05272049456834793,-0.06056821718811989,0.045486416667699814,0.2472100406885147,0.23253722488880157,0.08486223220825195,0.13660064339637756,0.29208120703697205,0.17047274112701416,-0.038581203669309616,0.2356312870979309,0.048753783106803894,0.2004694938659668,0.06613138318061829,-0.09110267460346222,0.1063673123717308,-0.08032742887735367,-0.28162649273872375,-0.17184460163116455,0.061934225261211395,0.11089547723531723,-0.06781495362520218,0.26670533418655396,-0.03657680004835129,-0.05042252317070961,0.25028032064437866,-0.13727615773677826,0.011422795243561268
0.0903700441122055,0.7112584114074707,1.388098955154419,0.03740851601855326,0.021673246261805352,0.040014449828757556,-0.016156214687874936,0.011221389418113153,0.010707996676469218,0.18923185616731644,0.011046874523162886,-0.013057136535644442,0.8403018116950989,0.7277172207832336,1.2325743436813354,-0.035457753,0.0034038648,0.016908437,553.0,1740111830.5878487,0.06632745265960693,0.06248442828655243,0.18535856902599335,0.15771164000034332,-0.05272049456834793,-0.06056821718811989,0.045486416667699814,0.2472100406885147,0.23253722488880157,0.08486223220825195,0.13660064339637756,0.29208120703697205,0.17047274112701416,-0.038581203669309616,0.2356312870979309,0.048753783106803894,0.2004694938659668,0.06613138318061829,-0.09110267460346222,0.1063673123717308,-0.08032742887735367,-0.28162649273872375,-0.17184460163116455,0.061934225261211395,0.11089547723531723,-0.06781495362520218,0.26670533418655396,-0.03657680004835129,-0.05042252317070961,0.25028032064437866,-0.13727615773677826,0.011422795243561268
0.0900251716375351,0.7113935947418213,1.3892399072647095,0.03740851601855326,0.021673246261805352,0.040014449828757556,-0.016298967815151378,0.015811711363790507,0.010979533014268279,0.19087245911359788,0.011165606975555464,-0.012607002258300692,0.8403018116950989,0.7277172207832336,1.2325743436813354,-0.03335011,0.003987141,0.014690399,554.0,1740111830.6179585,0.06570827960968018,0.06216612830758095,0.18556876480579376,0.15790300071239471,-0.05248238891363144,-0.059855177998542786,0.046561237424612045,0.24711085855960846,0.23198644816875458,0.08498045802116394,0.1366386115550995,0.2923639714717865,0.17091314494609833,-0.038341596722602844,0.23512482643127441,0.04940520599484444,0.1995745152235031,0.0660967230796814,-0.09075677394866943,0.1072179302573204,-0.07981562614440918,-0.28119540214538574,-0.17198066413402557,0.06191239506006241,0.11074095219373703,-0.06798326969146729,0.2661169171333313,-0.0366862416267395,-0.049684297293424606,0.25101760029792786,-0.137296661734581,0.01019681803882122
0.08934427797794342,0.7126861214637756,1.3905318975448608,0.03740851601855326,0.021673246261805352,0.040014449828757556,-0.028459285721069927,0.018368243074940553,0.009826544236283888,0.1900251716375351,0.011393594741821333,-0.010760092735290439,0.8403018116950989,0.7277172207832336,1.2325743436813354,-0.03078869,0.0026462898,0.018002965,555.0,1740111830.65101,0.06597950309515,0.06221139430999756,0.18524134159088135,0.1568259596824646,-0.05196566879749298,-0.06010165810585022,0.04646415263414383,0.24591709673404694,0.23255114257335663,0.08449362218379974,0.13581812381744385,0.2915923595428467,0.17066051065921783,-0.03874669224023819,0.23516207933425903,0.049708761274814606,0.1997564136981964,0.065863236784935,-0.09041230380535126,0.1062619760632515,-0.0807114839553833,-0.28018707036972046,-0.17170345783233643,0.061494700610637665,0.11221197247505188,-0.06770075112581253,0.26557567715644836,-0.03675812482833862,-0.04963647946715355,0.24992763996124268,-0.1374625563621521,0.011397495865821838
0.09010058641433716,0.7124705910682678,1.391087293624878,0.03740851601855326,0.021673246261805352,0.040014449828757556,-0.018204584766285344,0.018332777485250668,0.010870433855914132,0.18934427797794343,0.01268612146377568,-0.009468102455139071,0.8403018116950989,0.7277172207832336,1.2325743436813354,-0.02833873,0.002365619,0.017533205,556.0,1740111830.685014,0.0661529079079628,0.06210283935070038,0.18530791997909546,0.15737061202526093,-0.052602194249629974,-0.05983024090528488,0.04669153317809105,0.24655452370643616,0.23300108313560486,0.0842813104391098,0.13571836054325104,0.2923114597797394,0.17117013037204742,-0.03906314820051193,0.23557260632514954,0.050094254314899445,0.2004653662443161,0.06649696826934814,-0.09128934144973755,0.1066400483250618,-0.08097009360790253,-0.280101478099823,-0.1722295731306076,0.06161753833293915,0.11271445453166962,-0.06825661659240723,0.2658482789993286,-0.03679502010345459,-0.049300212413072586,0.25027695298194885,-0.13836981356143951,0.010956279933452606
0.08661031723022461,0.7116175889968872,1.3914108276367188,-0.010118292854743093,0.017721711046807774,0.03722404655850701,0.002959085042160032,0.009026743124834995,0.015020613517382122,0.18925707638263703,0.013207721710205123,-0.007806563377380282,0.8403018116950989,0.7277172207832336,1.2325743436813354,-0.028831035,0.0028058887,0.01625099,557.0,1740111830.7187996,0.0660802498459816,0.062083400785923004,0.18457384407520294,0.15608741343021393,-0.05200167000293732,-0.06038734316825867,0.04601022228598595,0.24505282938480377,0.232676163315773,0.0834694653749466,0.13499487936496735,0.2905638515949249,0.17052298784255981,-0.03919203579425812,0.2347913384437561,0.0495661199092865,0.2000466287136078,0.06602786481380463,-0.090749591588974,0.10534381121397018,-0.08132053911685944,-0.27909013628959656,-0.17140373587608337,0.0610881969332695,0.11312899738550186,-0.06772484630346298,0.26530522108078003,-0.036671653389930725,-0.049235861748456955,0.24863353371620178,-0.1377175748348236,0.012105995789170265
0.0889914482831955,0.7131704688072205,1.3933510780334473,-0.010118292854743093,0.017721711046807774,0.03722404655850701,-0.022132144654225146,0.020913314123943053,0.011793944046754146,0.18661031723022461,0.011617588996887251,-0.008589172363281161,0.8403018116950989,0.7277172207832336,1.2325743436813354,-0.028831035,0.0028058887,0.01625099,558.0,1740111830.7518506,0.0660802498459816,0.062083400785923004,0.18457384407520294,0.15608741343021393,-0.05200167000293732,-0.06038734316825867,0.04601022228598595,0.24505282938480377,0.232676163315773,0.0834694653749466,0.13499487936496735,0.2905638515949249,0.17052298784255981,-0.03919203579425812,0.2347913384437561,0.0495661199092865,0.2000466287136078,0.06602786481380463,-0.090749591588974,0.10534381121397018,-0.08132053911685944,-0.27909013628959656,-0.17140373587608337,0.0610881969332695,0.11312899738550186,-0.06772484630346298,0.26530522108078003,-0.036671653389930725,-0.049235861748456955,0.24863353371620178,-0.1377175748348236,0.012105995789170265
0.08889447897672653,0.7133411765098572,1.3937106132507324,-0.010118292854743093,0.017721711046807774,0.03722404655850701,-0.021738470777326855,0.02124076304371059,0.011290325958290232,0.1889914482831955,0.013170468807220503,-0.0066489219665526456,0.8403018116950989,0.7277172207832336,1.2325743436813354,-0.02985897,0.0037483647,0.013479888,559.0,1740111830.784907,0.0672115758061409,0.06218916177749634,0.18715818226337433,0.15840604901313782,-0.05348443239927292,-0.05942286550998688,0.0464782677590847,0.24887317419052124,0.23479318618774414,0.08414241671562195,0.13665100932121277,0.29408106207847595,0.1721816211938858,-0.03841636702418327,0.2376405894756317,0.0508427768945694,0.20193518698215485,0.06670808792114258,-0.09230564534664154,0.10709036141633987,-0.08032894879579544,-0.28165680170059204,-0.17345254123210907,0.06175265461206436,0.11377047002315521,-0.06900064647197723,0.26699501276016235,-0.03622276335954666,-0.049003083258867264,0.25249871611595154,-0.14044691622257233,0.010589472949504852
0.0893864631652832,0.7138606905937195,1.3944474458694458,0.002843725720114589,0.005375536838693379,0.021309099922304366,-0.018246840693856695,0.02053387961738685,0.010705766748492369,0.18954155445098878,0.013745474815368697,-0.005674862861633212,0.8403018116950989,0.7277172207832336,1.2325743436813354,-0.03923069,0.004530713,0.015631787,560.0,1740111830.8187,0.06844138354063034,0.06265570223331451,0.1875196248292923,0.15777170658111572,-0.0530419796705246,-0.06116082891821861,0.045600272715091705,0.24805422127246857,0.2372063547372818,0.08385339379310608,0.1368378847837448,0.29393690824508667,0.1722925305366516,-0.03964369744062424,0.2392667531967163,0.05065881833434105,0.20358119904994965,0.0665377676486969,-0.09247928857803345,0.10593070834875107,-0.08262372016906738,-0.2827037572860718,-0.17352119088172913,0.06174656003713608,0.11597549915313721,-0.06842982769012451,0.26839345693588257,-0.036860980093479156,-0.0503167025744915,0.25110194087028503,-0.14087948203086853,0.013748453930020332
0.08424611389636993,0.7121618986129761,1.3930007219314575,0.002843725720114589,0.005375536838693379,0.021309099922304366,0.0152801715748138,-0.04869073038345938,-0.024004656364399402,0.1893864631652832,0.013860690593719527,-0.00555255413055411,0.8403018116950989,0.7277172207832336,1.2325743436813354,-0.038249306,0.0058006197,0.011283129,561.0,1740111830.8522558,0.06795648485422134,0.06247624009847641,0.18841494619846344,0.1595093309879303,-0.05408278852701187,-0.06067011505365372,0.04675845056772232,0.24977269768714905,0.23732832074165344,0.08425480127334595,0.13762299716472626,0.29570773243904114,0.17352142930030823,-0.039677128195762634,0.23974609375,0.05130190774798393,0.20361502468585968,0.06723244488239288,-0.09331469237804413,0.10772600024938583,-0.08214514702558517,-0.28376758098602295,-0.17447426915168762,0.06231394410133362,0.11544280499219894,-0.069149449467659,0.2693149745464325,-0.037139713764190674,-0.04973730817437172,0.25305697321891785,-0.14139065146446228,0.011705832555890083
0.0885794460773468,0.7139825820922852,1.3942656517028809,0.002843725720114589,0.005375536838693379,0.021309099922304366,-0.011270631018307711,-0.003092026593821693,-0.005144533902255881,0.18424611389636994,0.012161898612976119,-0.006999278068542392,0.8403018116950989,0.7277172207832336,1.2325743436813354,-0.039595276,0.0061750114,0.010790229,562.0,1740111830.8840232,0.0681324154138565,0.06252335011959076,0.18853503465652466,0.15989291667938232,-0.05444987863302231,-0.06079763174057007,0.04688877984881401,0.2500978708267212,0.2379004806280136,0.08417433500289917,0.13752491772174835,0.2962099611759186,0.17377857863903046,-0.040228553116321564,0.24022680521011353,0.05150555819272995,0.20414695143699646,0.06760329008102417,-0.0938945859670639,0.10793478041887283,-0.08275868743658066,-0.28380274772644043,-0.17477089166641235,0.062394656240940094,0.11601898819208145,-0.06931707262992859,0.26974034309387207,-0.037296146154403687,-0.049851011484861374,0.2531903386116028,-0.14190705120563507,0.011827588081359863
0.08809365332126617,0.7145903706550598,1.3934524059295654,-0.005088746111025021,0.004144663909120168,-0.004651273676556484,-0.0292056773423849,0.020363883873319857,0.005781408934103034,0.1890326499938965,0.014159965515136763,-0.00614001750946036,0.8403018116950989,0.7277172207832336,1.2325743436813354,-0.039595276,0.0061750114,0.010790229,563.0,1740111830.9201694,0.0681324154138565,0.06252335011959076,0.18853503465652466,0.15989291667938232,-0.05444987863302231,-0.06079763174057007,0.04688877984881401,0.2500978708267212,0.2379004806280136,0.08417433500289917,0.13752491772174835,0.2962099611759186,0.17377857863903046,-0.040228553116321564,0.24022680521011353,0.05150555819272995,0.20414695143699646,0.06760329008102417,-0.0938945859670639,0.10793478041887283,-0.08275868743658066,-0.28380274772644043,-0.17477089166641235,0.062394656240940094,0.11601898819208145,-0.06931707262992859,0.26974034309387207,-0.037296146154403687,-0.049851011484861374,0.2531903386116028,-0.14190705120563507,0.011827588081359863
0.08861402422189713,0.713843822479248,1.3921641111373901,-0.005088746111025021,0.004144663909120168,-0.004651273676556484,-0.018427960146694986,0.019832952658031457,0.012216236582846977,0.18809365332126618,0.014590370655059859,-0.0065475940704344815,0.8403018116950989,0.7277172207832336,1.2325743436813354,-0.03773319,0.006224744,0.009451933,564.0,1740111830.9527063,0.068099245429039,0.06244795396924019,0.18900293111801147,0.16025607287883759,-0.05437120050191879,-0.06083766371011734,0.04721668362617493,0.25062456727027893,0.23798492550849915,0.08455188572406769,0.13805270195007324,0.2968018054962158,0.17415696382522583,-0.04013751819729805,0.24051442742347717,0.051551319658756256,0.20416051149368286,0.06758265197277069,-0.09390765428543091,0.10836752504110336,-0.08266647905111313,-0.2846294045448303,-0.17504215240478516,0.06270228326320648,0.11585497856140137,-0.06940826028585434,0.27015966176986694,-0.037635043263435364,-0.04989740625023842,0.2537645995616913,-0.1419624388217926,0.011478126980364323
0.08861041069030762,0.7140535712242126,1.3915477991104126,-0.005088746111025021,0.004144663909120168,-0.004651273676556484,-0.01811428705221067,0.018670388922446685,0.007890594335235769,0.18861402422189713,0.013843822479248091,-0.007835888862609774,0.8403018116950989,0.7277172207832336,1.2325743436813354,-0.038519055,0.007075809,0.00405208,565.0,1740111830.9863672,0.06859064102172852,0.06253360956907272,0.18946292996406555,0.16016773879528046,-0.05428176373243332,-0.061008092015981674,0.04716227948665619,0.25081631541252136,0.23864445090293884,0.08469581604003906,0.1381467878818512,0.29706835746765137,0.1741809844970703,-0.04020696505904198,0.2411641776561737,0.05156946927309036,0.2046481966972351,0.06755875051021576,-0.09382888674736023,0.10823111981153488,-0.0829661637544632,-0.28512880206108093,-0.17505858838558197,0.06271228939294815,0.11630144715309143,-0.06941687315702438,0.27054542303085327,-0.03765575587749481,-0.050211068242788315,0.25401049852371216,-0.14239145815372467,0.012123925611376762
0.08779621869325638,0.7136442065238953,1.3887982368469238,-0.0380392318008895,-0.016915721544497567,-0.05292326822888751,-0.010450619446167635,-0.017489678770525333,-0.015794873781304872,0.18522549271583558,0.012466955184936568,-0.011436843872070224,0.8403018116950989,0.7277172207832336,1.2325743436813354,-0.038736597,0.0073253214,0.004883617,566.0,1740111831.019721,0.06835291534662247,0.0625104084610939,0.18977755308151245,0.16116660833358765,-0.05478493124246597,-0.060635365545749664,0.0475626178085804,0.2517565190792084,0.23854605853557587,0.08494903147220612,0.13853193819522858,0.2979722023010254,0.17467206716537476,-0.04020699858665466,0.24137723445892334,0.05177060887217522,0.20478405058383942,0.06802523136138916,-0.09442748129367828,0.10913150757551193,-0.08273021131753922,-0.285502165555954,-0.17566455900669098,0.06307265162467957,0.11593364179134369,-0.0698813647031784,0.27090054750442505,-0.037879399955272675,-0.05002567544579506,0.2549349069595337,-0.14276525378227234,0.011106438003480434
0.088313989341259,0.7136467695236206,1.386710524559021,-0.0380392318008895,-0.016915721544497567,-0.05292326822888751,-0.01885641125426134,0.018763004736473583,0.007631503990831106,0.18779621869325638,0.013644206523895308,-0.011201763153076083,0.8403018116950989,0.7277172207832336,1.2325743436813354,-0.03792374,0.0071638227,0.00712654,567.0,1740111831.050164,0.06861814856529236,0.06257578730583191,0.18977247178554535,0.16096608340740204,-0.054656654596328735,-0.06123751401901245,0.047342970967292786,0.2513308525085449,0.23906384408473969,0.08476918935775757,0.13852143287658691,0.2979128658771515,0.1747649908065796,-0.04063563421368599,0.24176114797592163,0.05171457305550575,0.205152228474617,0.0678991973400116,-0.09451079368591309,0.10878963023424149,-0.08353046327829361,-0.2858245074748993,-0.17562991380691528,0.0630808174610138,0.11651308834552765,-0.06969335675239563,0.27136385440826416,-0.03810783475637436,-0.05048776790499687,0.2544381320476532,-0.14265486598014832,0.012038668617606163
0.08748079836368561,0.7138964533805847,1.385420799255371,-0.0380392318008895,-0.016915721544497567,-0.05292326822888751,-0.027577675959728293,0.02094595583643867,0.007182732260191937,0.188313989341259,0.01364676952362065,-0.013289475440978915,0.8403018116950989,0.7277172207832336,1.2325743436813354,-0.03792374,0.0071638227,0.00712654,568.0,1740111831.0854373,0.06861814856529236,0.06257578730583191,0.18977247178554535,0.16096608340740204,-0.054656654596328735,-0.06123751401901245,0.047342970967292786,0.2513308525085449,0.23906384408473969,0.08476918935775757,0.13852143287658691,0.2979128658771515,0.1747649908065796,-0.04063563421368599,0.24176114797592163,0.05171457305550575,0.205152228474617,0.0678991973400116,-0.09451079368591309,0.10878963023424149,-0.08353046327829361,-0.2858245074748993,-0.17562991380691528,0.0630808174610138,0.11651308834552765,-0.06969335675239563,0.27136385440826416,-0.03810783475637436,-0.05048776790499687,0.2544381320476532,-0.14265486598014832,0.012038668617606163
0.08791599422693253,0.7129433155059814,1.3812944889068604,0.022449993832846262,0.003974830055126397,-0.06065097291823747,-0.018425420813072118,0.02064132809162039,0.007441550226939389,0.18730585128068925,0.012949216365814253,-0.017392778396606356,0.8403018116950989,0.7277172207832336,1.2325743436813354,-0.038959324,0.005565338,0.01261773,569.0,1740111831.1182706,0.06739447265863419,0.062367573380470276,0.18813243508338928,0.16078153252601624,-0.054667502641677856,-0.06160299479961395,0.047676000744104385,0.24970543384552002,0.23705579340457916,0.08449573814868927,0.13784940540790558,0.296623557806015,0.17408986389636993,-0.04144541174173355,0.2399185299873352,0.050942759960889816,0.2038368135690689,0.06820416450500488,-0.09423857927322388,0.10885006934404373,-0.08394642919301987,-0.2844063639640808,-0.17481181025505066,0.06297129392623901,0.11508791893720627,-0.06952937692403793,0.2705610394477844,-0.03851243108510971,-0.050365347415208817,0.25291305780410767,-0.14098942279815674,0.011635471135377884
0.08704610913991928,0.7128559947013855,1.3780478239059448,0.022449993832846262,0.003974830055126397,-0.06065097291823747,-0.025958256714614124,0.01968776238585499,0.007772672686444431,0.18791599422693253,0.01294331550598149,-0.01870551109313956,0.8403018116950989,0.7277172207832336,1.2325743436813354,-0.04029682,0.006661147,0.009641334,570.0,1740111831.1507397,0.06712492555379868,0.06238642334938049,0.18821068108081818,0.16128747165203094,-0.05489851534366608,-0.06129981577396393,0.04780189320445061,0.2503434121608734,0.23650896549224854,0.08483614027500153,0.13806359469890594,0.29697275161743164,0.1742478907108307,-0.04131753370165825,0.23991382122039795,0.05064864456653595,0.20382405817508698,0.06841427087783813,-0.09427309036254883,0.10922817140817642,-0.08377138525247574,-0.2847730219364166,-0.17496369779109955,0.06331390887498856,0.11431765556335449,-0.06994147598743439,0.2706868350505829,-0.03858274966478348,-0.050451215356588364,0.2535554766654968,-0.14099879562854767,0.011130371131002903
0.0843818187713623,0.7109121084213257,1.3749475479125977,0.022449993832846262,0.003974830055126397,-0.06065097291823747,0.002602837840460986,0.005572552308868038,0.015868138505896086,0.1870461091399193,0.012855994701385542,-0.021952176094055087,0.8403018116950989,0.7277172207832336,1.2325743436813354,-0.0365068,0.0047490895,0.013859108,571.0,1740111831.1876657,0.06607004255056381,0.061897844076156616,0.1876131296157837,0.16137589514255524,-0.0551343634724617,-0.05976409092545509,0.04910288751125336,0.2504314184188843,0.23467186093330383,0.08538453280925751,0.13762685656547546,0.29706355929374695,0.17415311932563782,-0.04036649689078331,0.23833507299423218,0.05121367424726486,0.20210491120815277,0.06859195232391357,-0.0935710072517395,0.11046228557825089,-0.08180521428585052,-0.2835472822189331,-0.1745997667312622,0.06336503475904465,0.11259117722511292,-0.0702267736196518,0.26910293102264404,-0.038262300193309784,-0.049146559089422226,0.2545391917228699,-0.14050135016441345,0.00846460834145546
0.08694273233413696,0.711972713470459,1.3743311166763306,0.022449993832846262,0.003974830055126397,-0.06065097291823747,-0.009198350491197044,-0.05003628961398804,-0.03196044879059278,0.18694273233413697,0.011972713470459029,-0.025668883323669345,0.8403018116950989,0.7277172207832336,1.2325743436813354,-0.03532043,0.0053372607,0.0115548745,572.0,1740111831.2174585,0.06536531448364258,0.06205006688833237,0.18646211922168732,0.16135473549365997,-0.05491780489683151,-0.060791727155447006,0.048455242067575455,0.24927571415901184,0.23327818512916565,0.08542655408382416,0.1377013623714447,0.2958676517009735,0.17345216870307922,-0.04117291793227196,0.23717615008354187,0.04993376508355141,0.20153088867664337,0.06869237124919891,-0.09363232553005219,0.1101749911904335,-0.08260676264762878,-0.28335636854171753,-0.17409278452396393,0.06350205093622208,0.11122457683086395,-0.069793701171875,0.26934921741485596,-0.03884628415107727,-0.049904417246580124,0.2529318928718567,-0.1388574242591858,0.009146004915237427
0.08744606375694275,0.7116249203681946,1.3684114217758179,-0.005323036619275335,-0.012342833043838769,-0.08932873001236606,-0.017231132794694678,0.00857839790388852,0.010375276189849904,0.1874391496181488,0.011785435676574751,-0.0295071840286254,0.8403018116950989,0.7277172207832336,1.2325743436813354,-0.03532043,0.0053372607,0.0115548745,573.0,1740111831.250175,0.06536531448364258,0.06205006688833237,0.18646211922168732,0.16135473549365997,-0.05491780489683151,-0.060791727155447006,0.048455242067575455,0.24927571415901184,0.23327818512916565,0.08542655408382416,0.1377013623714447,0.2958676517009735,0.17345216870307922,-0.04117291793227196,0.23717615008354187,0.04993376508355141,0.20153088867664337,0.06869237124919891,-0.09363232553005219,0.1101749911904335,-0.08260676264762878,-0.28335636854171753,-0.17409278452396393,0.06350205093622208,0.11122457683086395,-0.069793701171875,0.26934921741485596,-0.03884628415107727,-0.049904417246580124,0.2529318928718567,-0.1388574242591858,0.009146004915237427
0.08732667565345764,0.7113343477249146,1.3641083240509033,-0.005323036619275335,-0.012342833043838769,-0.08932873001236606,-0.017352243916728707,0.005858294629258932,0.008325741864707052,0.186842842400074,0.011376845836639449,-0.033910298347473056,0.8403018116950989,0.7277172207832336,1.2325743436813354,-0.031283982,0.0054453835,0.009996131,574.0,1740111831.2950492,0.06586853414773941,0.062488801777362823,0.18742044270038605,0.16366001963615417,-0.05632510781288147,-0.0612056702375412,0.04820763319730759,0.2516745328903198,0.2344137579202652,0.08612634241580963,0.13920941948890686,0.2982611060142517,0.1741027981042862,-0.04156843200325966,0.2389228641986847,0.049604177474975586,0.20315474271774292,0.06957545876502991,-0.09516628086566925,0.11132290214300156,-0.08308889716863632,-0.2856476902961731,-0.17528796195983887,0.06431620568037033,0.11058573424816132,-0.07041432708501816,0.2712317109107971,-0.03901587426662445,-0.051089536398649216,0.25443145632743835,-0.13963492214679718,0.008835474029183388
0.08687379956245422,0.7107295393943787,1.356848955154419,-0.00508516542346265,-0.009767181793306923,-0.15475451181936067,-0.016400978481947943,0.004648222566857808,0.012778647657917554,0.1869554802775383,0.010735499858856246,-0.04076220989227286,0.8403018116950989,0.7277172207832336,1.2325743436813354,-0.039146304,0.0017507151,0.023290947,575.0,1740111831.3267338,0.06104683876037598,0.06172659993171692,0.18338508903980255,0.16573891043663025,-0.05746705085039139,-0.06001827493309975,0.04965976998209953,0.25105151534080505,0.22807417809963226,0.08576378226280212,0.13821826875209808,0.2964074909687042,0.173029825091362,-0.04222414642572403,0.23285183310508728,0.04741340130567551,0.19927015900611877,0.07092693448066711,-0.09611816704273224,0.11288552731275558,-0.08126670867204666,-0.2821120321750641,-0.17428505420684814,0.0646560862660408,0.10517754405736923,-0.07102617621421814,0.2687155306339264,-0.03917563706636429,-0.049323733896017075,0.2519414722919464,-0.13586534559726715,0.0031701363623142242
0.08627237379550934,0.7107239365577698,1.3517916202545166,-0.00508516542346265,-0.009767181793306923,-0.15475451181936067,-0.020864230470226012,0.0037728585906422647,0.01330776243474652,0.18687379956245423,0.010729539394378707,-0.043151044845580966,0.8403018116950989,0.7277172207832336,1.2325743436813354,-0.042380035,0.00095941126,0.027089417,576.0,1740111831.3510108,0.059127189218997955,0.06243085116147995,0.1795605719089508,0.1629701852798462,-0.05483514815568924,-0.06264595687389374,0.04590437933802605,0.24633963406085968,0.224185973405838,0.08437712490558624,0.13743405044078827,0.2892749011516571,0.16887223720550537,-0.04215686768293381,0.22770032286643982,0.04251552000641823,0.19639447331428528,0.0682208240032196,-0.0940583348274231,0.10803241282701492,-0.08107917010784149,-0.2805033028125763,-0.1705607771873474,0.0631406158208847,0.10223571956157684,-0.06834574788808823,0.2667580246925354,-0.038667842745780945,-0.05127881094813347,0.24435552954673767,-0.13001872599124908,0.006463206373155117
0.0861997902393341,0.7112343907356262,1.3492695093154907,-0.00508516542346265,-0.009767181793306923,-0.15475451181936067,-0.025131591101836447,0.0033342994347877537,0.011964596656263142,0.18627237379550934,0.01072393655776982,-0.04820837974548331,0.8403018116950989,0.7277172207832336,1.2325743436813354,-0.042380035,0.00095941126,0.027089417,577.0,1740111831.3838713,0.059127189218997955,0.06243085116147995,0.1795605719089508,0.1629701852798462,-0.05483514815568924,-0.06264595687389374,0.04590437933802605,0.24633963406085968,0.224185973405838,0.08437712490558624,0.13743405044078827,0.2892749011516571,0.16887223720550537,-0.04215686768293381,0.22770032286643982,0.04251552000641823,0.19639447331428528,0.0682208240032196,-0.0940583348274231,0.10803241282701492,-0.08107917010784149,-0.2805033028125763,-0.1705607771873474,0.0631406158208847,0.10223571956157684,-0.06834574788808823,0.2667580246925354,-0.038667842745780945,-0.05127881094813347,0.24435552954673767,-0.13001872599124908,0.006463206373155117
0.08684450387954712,0.7110838890075684,1.3412702083587646,-0.00508516542346265,-0.009767181793306923,-0.15475451181936067,-0.017038228855127197,0.0026643536710404133,0.01237211237485809,0.18645108342170716,0.011394190788269087,-0.05605127811431876,0.8403018116950989,0.7277172207832336,1.2325743436813354,-0.042380035,0.00095941126,0.027089417,578.0,1740111831.418611,0.059127189218997955,0.06243085116147995,0.1795605719089508,0.1629701852798462,-0.05483514815568924,-0.06264595687389374,0.04590437933802605,0.24633963406085968,0.224185973405838,0.08437712490558624,0.13743405044078827,0.2892749011516571,0.16887223720550537,-0.04215686768293381,0.22770032286643982,0.04251552000641823,0.19639447331428528,0.0682208240032196,-0.0940583348274231,0.10803241282701492,-0.08107917010784149,-0.2805033028125763,-0.1705607771873474,0.0631406158208847,0.10223571956157684,-0.06834574788808823,0.2667580246925354,-0.038667842745780945,-0.05127881094813347,0.24435552954673767,-0.13001872599124908,0.006463206373155117
0.08615584671497345,0.7116270065307617,1.3356128931045532,-0.0010383667109756195,0.0035027620131653308,-0.15344793963369496,-0.021619776978195865,0.003246707176392665,0.009886197600767564,0.18684450387954712,0.011083889007568404,-0.05872979164123526,0.8403018116950989,0.7277172207832336,1.2325743436813354,-0.034608565,-0.0051713884,0.041060656,579.0,1740111831.4519901,0.05605998635292053,0.06279265880584717,0.17100133001804352,0.15045614540576935,-0.045524343848228455,-0.06670304387807846,0.03948940336704254,0.23053526878356934,0.21576182544231415,0.08051486313343048,0.13258738815784454,0.27113503217697144,0.15994088351726532,-0.04093996807932854,0.21616506576538086,0.03569697216153145,0.1880568116903305,0.06109287962317467,-0.08542197942733765,0.09597141295671463,-0.0805436447262764,-0.2719130516052246,-0.1613180786371231,0.05852077156305313,0.09988948702812195,-0.06145796179771423,0.2585793733596802,-0.03696244955062866,-0.05272486433386803,0.22786375880241394,-0.11827145516872406,0.015536226332187653
0.08664650470018387,0.7114892601966858,1.332704782485962,-0.0010383667109756195,0.0035027620131653308,-0.15344793963369496,-0.016818602808608165,0.0030455369231951464,0.011383351071008513,0.18615584671497346,0.011627006530761763,-0.06438710689544669,0.8403018116950989,0.7277172207832336,1.2325743436813354,-0.02365411,-0.014200244,0.05920866,580.0,1740111831.4849591,0.05198909342288971,0.06246444582939148,0.17058685421943665,0.15664473176002502,-0.049129754304885864,-0.06513281166553497,0.04204355925321579,0.23534925282001495,0.2115027904510498,0.08187521994113922,0.13495294749736786,0.2745862305164337,0.16121068596839905,-0.04069332033395767,0.21372707188129425,0.0341913141310215,0.18653026223182678,0.0637587159872055,-0.08795765042304993,0.10090089589357376,-0.0776965320110321,-0.27361932396888733,-0.16259506344795227,0.060360267758369446,0.09332605451345444,-0.06391367316246033,0.259318470954895,-0.0374341681599617,-0.0516183041036129,0.23159512877464294,-0.11703161895275116,0.007585255894809961
0.08593931794166565,0.7122093439102173,1.3268110752105713,-0.0010383667109756195,0.0035027620131653308,-0.15344793963369496,-0.021040693702361755,0.0042228711870509975,0.010498803850232554,0.18593931794166565,0.01220934391021733,-0.07318892478942862,0.8403018116950989,0.7277172207832336,1.2325743436813354,-0.031661198,-0.01254097,0.057032656,581.0,1740111831.5172384,0.050317928194999695,0.06252025067806244,0.16875584423542023,0.15755100548267365,-0.049413181841373444,-0.06509752571582794,0.042366642504930496,0.23462645709514618,0.20931653678417206,0.08195801079273224,0.13490088284015656,0.27369290590286255,0.16068901121616364,-0.041318152099847794,0.2116858959197998,0.033182382583618164,0.18524572253227234,0.0641995370388031,-0.08827747404575348,0.1015232726931572,-0.07756397873163223,-0.27252262830734253,-0.16203859448432922,0.060635194182395935,0.09129531681537628,-0.06376643478870392,0.258752703666687,-0.03795047104358673,-0.05158146098256111,0.23044046759605408,-0.11514773964881897,0.006062085274606943
0.08556720614433289,0.7129470705986023,1.3176954984664917,-0.010756109703506381,0.016357801070743708,-0.18896153479049346,-0.019750152789505752,0.005778870020531362,0.011126440949089567,0.1858016237616539,0.012422430515289351,-0.07616486549377433,0.8403018116950989,0.7277172207832336,1.2325743436813354,-0.032227434,-0.014170628,0.060343124,582.0,1740111831.5502222,0.04642274230718613,0.0614929273724556,0.16368496417999268,0.15536543726921082,-0.048378534615039825,-0.0636826753616333,0.04325857758522034,0.2302234172821045,0.20287726819515228,0.08098812401294708,0.1322651356458664,0.2688083052635193,0.15825609862804413,-0.040514975786209106,0.20454981923103333,0.03221194073557854,0.1796073168516159,0.0632689893245697,-0.08594006299972534,0.10114141553640366,-0.07467509806156158,-0.2663658857345581,-0.15889836847782135,0.05953322350978851,0.08740387856960297,-0.062430135905742645,0.2531672716140747,-0.03699765354394913,-0.04909234121441841,0.22680017352104187,-0.11073124408721924,0.0024140486493706703
0.08549356460571289,0.7132102251052856,1.3146963119506836,-0.010756109703506381,0.016357801070743708,-0.18896153479049346,-0.01985218713005885,0.006161422138131982,0.011321714858045976,0.1855672061443329,0.01294707059860234,-0.08230450153350821,0.8403018116950989,0.7277172207832336,1.2325743436813354,-0.032227434,-0.014170628,0.060343124,583.0,1740111831.5846033,0.04642274230718613,0.0614929273724556,0.16368496417999268,0.15536543726921082,-0.048378534615039825,-0.0636826753616333,0.04325857758522034,0.2302234172821045,0.20287726819515228,0.08098812401294708,0.1322651356458664,0.2688083052635193,0.15825609862804413,-0.040514975786209106,0.20454981923103333,0.03221194073557854,0.1796073168516159,0.0632689893245697,-0.08594006299972534,0.10114141553640366,-0.07467509806156158,-0.2663658857345581,-0.15889836847782135,0.05953322350978851,0.08740387856960297,-0.062430135905742645,0.2531672716140747,-0.03699765354394913,-0.04909234121441841,0.22680017352104187,-0.11073124408721924,0.0024140486493706703
0.08518672734498978,0.7137742042541504,1.3087165355682373,-0.010756109703506381,0.016357801070743708,-0.18896153479049346,-0.02041189608740442,0.009633187373926438,0.009429428656335054,0.18518672734498978,0.013774204254150435,-0.0912834644317626,0.8403018116950989,0.7277172207832336,1.2325743436813354,-0.035939142,-0.013865206,0.060062237,584.0,1740111831.6173046,0.04577277600765228,0.061361052095890045,0.16199500858783722,0.15526814758777618,-0.04889854043722153,-0.0637202113866806,0.04298936948180199,0.2293795496225357,0.20137424767017365,0.08056050539016724,0.13143469393253326,0.2679022252559662,0.15711866319179535,-0.04110504686832428,0.2033652365207672,0.031575992703437805,0.17883747816085815,0.06358005106449127,-0.08645005524158478,0.10087523609399796,-0.0747772678732872,-0.26426711678504944,-0.1582384705543518,0.059253446757793427,0.08679311722517014,-0.06221368908882141,0.2521679103374481,-0.03683866560459137,-0.04909621551632881,0.2257508933544159,-0.1099577248096466,0.0022121304646134377
0.08466836810112,0.7146598696708679,1.3001790046691895,-0.008985582549378994,0.01712265916040814,-0.1751104130269496,-0.02000610243782144,0.01159691874359258,0.006316362959193651,0.18499325811862946,0.014065194129943892,-0.09424557685852042,0.8403018116950989,0.7277172207832336,1.2325743436813354,-0.035345748,-0.015052687,0.062245514,585.0,1740111831.653134,0.04765413701534271,0.06178385764360428,0.16439825296401978,0.1552438735961914,-0.04896852374076843,-0.06352633982896805,0.042740076780319214,0.23121769726276398,0.20482799410820007,0.08084413409233093,0.13213524222373962,0.26970067620277405,0.15865810215473175,-0.040280599147081375,0.20632696151733398,0.03308309242129326,0.18121759593486786,0.06353142857551575,-0.08645521104335785,0.10097771137952805,-0.07495258748531342,-0.26669931411743164,-0.15938706696033478,0.05958005040884018,0.08876055479049683,-0.06279224902391434,0.25373581051826477,-0.03647547960281372,-0.04927005246281624,0.22763317823410034,-0.11238804459571838,0.003362818621098995
0.08458652347326279,0.7149919867515564,1.297468900680542,-0.008985582549378994,0.01712265916040814,-0.1751104130269496,-0.019327196248645786,0.011964539995480594,0.006465054823270996,0.18466836810112,0.014659869670867964,-0.09982099533081046,0.8403018116950989,0.7277172207832336,1.2325743436813354,-0.045170195,-0.0121619105,0.05966622,586.0,1740111831.6845658,0.04726264625787735,0.061867326498031616,0.16308844089508057,0.15626958012580872,-0.0502474382519722,-0.06299377977848053,0.04263930022716522,0.23186862468719482,0.20423181354999542,0.08080635964870453,0.1315113604068756,0.2703605592250824,0.1581520140171051,-0.04086509346961975,0.20606441795825958,0.03306803107261658,0.18163271248340607,0.06433381140232086,-0.08780556917190552,0.10136831551790237,-0.07499255985021591,-0.265146404504776,-0.1597648561000824,0.05987723171710968,0.08840719610452652,-0.06315205991268158,0.2529368996620178,-0.036356449127197266,-0.04950358346104622,0.22743427753448486,-0.11265170574188232,0.0023161666467785835
0.08431389927864075,0.7156026363372803,1.2925331592559814,-0.008985582549378994,0.01712265916040814,-0.1751104130269496,-0.018569980495958014,0.009392697868485038,0.0056740228279201456,0.18431389927864075,0.015602636337280318,-0.10746684074401847,0.8403018116950989,0.7277172207832336,1.2325743436813354,-0.040016465,-0.016416267,0.07002099,587.0,1740111831.7170093,0.04659397155046463,0.061530664563179016,0.16298441588878632,0.15838763117790222,-0.05154825747013092,-0.0616595521569252,0.04361264780163765,0.23374855518341064,0.2030886709690094,0.08131054043769836,0.131692036986351,0.27215179800987244,0.15872490406036377,-0.0408950001001358,0.20583201944828033,0.03333095461130142,0.18154102563858032,0.06546050310134888,-0.08909726142883301,0.10370995849370956,-0.07417408376932144,-0.26466211676597595,-0.16092988848686218,0.06053825467824936,0.08684936165809631,-0.06411274522542953,0.2530056834220886,-0.036392830312252045,-0.0487268827855587,0.22944077849388123,-0.11308149993419647,-0.000675383023917675
0.0839739441871643,0.7163218259811401,1.2879244089126587,-0.008985582549378994,0.01712265916040814,-0.1751104130269496,-0.01826009342306325,0.008464901758462443,0.0034849954106722708,0.18402786403894425,0.015552449226379439,-0.11000385284423819,0.8403018116950989,0.7277172207832336,1.2325743436813354,-0.040016465,-0.016416267,0.07002099,588.0,1740111831.7508833,0.04659397155046463,0.061530664563179016,0.16298441588878632,0.15838763117790222,-0.05154825747013092,-0.0616595521569252,0.04361264780163765,0.23374855518341064,0.2030886709690094,0.08131054043769836,0.131692036986351,0.27215179800987244,0.15872490406036377,-0.0408950001001358,0.20583201944828033,0.03333095461130142,0.18154102563858032,0.06546050310134888,-0.08909726142883301,0.10370995849370956,-0.07417408376932144,-0.26466211676597595,-0.16092988848686218,0.06053825467824936,0.08684936165809631,-0.06411274522542953,0.2530056834220886,-0.036392830312252045,-0.0487268827855587,0.22944077849388123,-0.11308149993419647,-0.000675383023917675
0.08375047147274017,0.7170683145523071,1.2839038372039795,-0.007373185699097262,0.017995223216122402,-0.12931853959468795,-0.01881544347873583,0.005430835035618469,0.0028729615490381173,0.183856537938118,0.0166412472724915,-0.11405971050262442,0.8403018116950989,0.7277172207832336,1.2325743436813354,-0.04263475,-0.016276985,0.07111534,589.0,1740111831.7833793,0.044579073786735535,0.06082431972026825,0.1620996743440628,0.1596503108739853,-0.052611708641052246,-0.05939313396811485,0.045040063560009,0.23500116169452667,0.1992664486169815,0.08225156366825104,0.1319422870874405,0.27249178290367126,0.15841053426265717,-0.03901592269539833,0.20311415195465088,0.0333869643509388,0.17879164218902588,0.0659153014421463,-0.08868329226970673,0.10583961755037308,-0.07049532234668732,-0.2634902596473694,-0.16066931188106537,0.06067269295454025,0.0825779139995575,-0.06480346620082855,0.2508506774902344,-0.03523656725883484,-0.04675767198204994,0.23155668377876282,-0.11217504739761353,-0.005526344291865826
0.08346699178218842,0.7180835604667664,1.2788090705871582,-0.007373185699097262,0.017995223216122402,-0.12931853959468795,-0.01912313031831056,0.004322154180981212,0.0007853195772283395,0.18388934284448624,0.017166423797607466,-0.11972107887268058,0.8403018116950989,0.7277172207832336,1.2325743436813354,-0.040222485,-0.01859754,0.071344405,590.0,1740111831.819996,0.04073847830295563,0.06087370961904526,0.1594768911600113,0.1633918434381485,-0.054523468017578125,-0.05891244858503342,0.04504671320319176,0.23686084151268005,0.19407658278942108,0.08244043588638306,0.13264527916908264,0.271856427192688,0.15755076706409454,-0.03960447385907173,0.19883239269256592,0.030271943658590317,0.176685631275177,0.06746117770671844,-0.09124791622161865,0.1073588952422142,-0.06896091252565384,-0.26255616545677185,-0.16069430112838745,0.06152208894491196,0.07675107568502426,-0.06577225029468536,0.25055742263793945,-0.035416699945926666,-0.04640531167387962,0.2300100028514862,-0.1090245246887207,-0.010443500243127346
0.08336495608091354,0.7188588976860046,1.276032567024231,-0.007373185699097262,0.017995223216122402,-0.12931853959468795,-0.018713734754836734,0.0042560061350376335,0.001078051950607452,0.18346699178218842,0.018083560466766402,-0.12119092941284171,0.8403018116950989,0.7277172207832336,1.2325743436813354,-0.04801955,-0.018250577,0.077436656,591.0,1740111831.8508499,0.038735657930374146,0.06127525866031647,0.157317653298378,0.1626482605934143,-0.05306432396173477,-0.059933848679065704,0.043622858822345734,0.23504436016082764,0.19101087749004364,0.0823177844285965,0.13268642127513885,0.2685733139514923,0.15532360970973969,-0.03970663249492645,0.1953292042016983,0.02709737792611122,0.17449623346328735,0.06626914441585541,-0.09016209840774536,0.10528307408094406,-0.0686366856098175,-0.2618511915206909,-0.15876448154449463,0.0610952228307724,0.07412157952785492,-0.06466621160507202,0.24912193417549133,-0.03561624139547348,-0.0476054884493351,0.22618839144706726,-0.1055077314376831,-0.009758352302014828
0.08340352773666382,0.7192791700363159,1.27484929561615,-0.004120770385214295,0.023995649477113128,-0.10088832212086907,-0.01904082461501724,0.003109960158327568,0.0021820155941959275,0.18336495608091355,0.018858897686004683,-0.12396743297576895,0.8403018116950989,0.7277172207832336,1.2325743436813354,-0.049976192,-0.018942375,0.0758266,592.0,1740111831.8843286,0.03755093365907669,0.06178106367588043,0.15439485013484955,0.1599835306406021,-0.05103295296430588,-0.061212725937366486,0.04083733633160591,0.2314574420452118,0.18842986226081848,0.08064067363739014,0.13133549690246582,0.2633293569087982,0.15246547758579254,-0.039583753794431686,0.1915518343448639,0.02422596886754036,0.1726917028427124,0.06450524926185608,-0.08886110782623291,0.10143683105707169,-0.06858757138252258,-0.2592012584209442,-0.15635885298252106,0.05969032645225525,0.07309321314096451,-0.06281843781471252,0.24686606228351593,-0.03500179946422577,-0.048264648765325546,0.2207127809524536,-0.10205942392349243,-0.007503899745643139
0.08351725339889526,0.7207862734794617,1.2719058990478516,-0.004120770385214295,0.023995649477113128,-0.10088832212086907,-0.019242419012855925,0.0020440221115500335,0.007370203752126811,0.1834549069404602,0.02025859355926518,-0.12719216346740714,0.8403018116950989,0.7277172207832336,1.2325743436813354,-0.049976192,-0.018942375,0.0758266,593.0,1740111831.91822,0.03755093365907669,0.06178106367588043,0.15439485013484955,0.1599835306406021,-0.05103295296430588,-0.061212725937366486,0.04083733633160591,0.2314574420452118,0.18842986226081848,0.08064067363739014,0.13133549690246582,0.2633293569087982,0.15246547758579254,-0.039583753794431686,0.1915518343448639,0.02422596886754036,0.1726917028427124,0.06450524926185608,-0.08886110782623291,0.10143683105707169,-0.06858757138252258,-0.2592012584209442,-0.15635885298252106,0.05969032645225525,0.07309321314096451,-0.06281843781471252,0.24686606228351593,-0.03500179946422577,-0.048264648765325546,0.2207127809524536,-0.10205942392349243,-0.007503899745643139
0.08338959515094757,0.7221187949180603,1.2701648473739624,-0.004120770385214295,0.023995649477113128,-0.10088832212086907,-0.021794558324278096,0.002801420234709106,0.012633438173715417,0.18351725339889527,0.020786273479461714,-0.12809410095214835,0.8403018116950989,0.7277172207832336,1.2325743436813354,-0.05047328,-0.01833804,0.073527634,594.0,1740111831.9506092,0.034870684146881104,0.061495017260313034,0.15360091626644135,0.1632714718580246,-0.05250800400972366,-0.06120724976062775,0.04180062934756279,0.233116015791893,0.1853502094745636,0.08082529902458191,0.13226373493671417,0.2639319598674774,0.15298056602478027,-0.04031514376401901,0.1894514113664627,0.022730134427547455,0.17146086692810059,0.06576970219612122,-0.09071144461631775,0.10364524275064468,-0.06814765930175781,-0.2596343755722046,-0.15691949427127838,0.06069851666688919,0.06954053044319153,-0.06382746994495392,0.24772058427333832,-0.036236584186553955,-0.04788566008210182,0.22112351655960083,-0.10037703812122345,-0.011274638585746288
0.08353611826896667,0.7223913669586182,1.269740104675293,-0.004120770385214295,0.023995649477113128,-0.10088832212086907,-0.02023628321382215,0.0024009164804835214,0.010979775048877883,0.18338959515094758,0.022118794918060347,-0.1298351526260375,0.8403018116950989,0.7277172207832336,1.2325743436813354,-0.05047328,-0.01833804,0.073527634,595.0,1740111831.9834664,0.034870684146881104,0.061495017260313034,0.15360091626644135,0.1632714718580246,-0.05250800400972366,-0.06120724976062775,0.04180062934756279,0.233116015791893,0.1853502094745636,0.08082529902458191,0.13226373493671417,0.2639319598674774,0.15298056602478027,-0.04031514376401901,0.1894514113664627,0.022730134427547455,0.17146086692810059,0.06576970219612122,-0.09071144461631775,0.10364524275064468,-0.06814765930175781,-0.2596343755722046,-0.15691949427127838,0.06069851666688919,0.06954053044319153,-0.06382746994495392,0.24772058427333832,-0.036236584186553955,-0.04788566008210182,0.22112351655960083,-0.10037703812122345,-0.011274638585746288
0.08361232280731201,0.7236449122428894,1.2686865329742432,0.00015342102804760002,0.03108322450999684,-0.04838315355121852,-0.02031004251880213,0.005822878152954446,0.012665613602222285,0.18361232280731202,0.02364491224288945,-0.13131346702575675,0.8403018116950989,0.7277172207832336,1.2325743436813354,-0.05389123,-0.017301291,0.0892109,596.0,1740111832.0169244,0.032026953995227814,0.06130924075841904,0.15173834562301636,0.16414742171764374,-0.053112611174583435,-0.06083981692790985,0.04243860021233559,0.23290671408176422,0.18134884536266327,0.08049075305461884,0.13186855614185333,0.262113094329834,0.15195737779140472,-0.03997569531202316,0.1859484761953354,0.021218908950686455,0.1684282273054123,0.06587062776088715,-0.0904102623462677,0.10407624393701553,-0.06667395681142807,-0.2578098475933075,-0.1553795337677002,0.0606084018945694,0.06594077497720718,-0.0637182742357254,0.24624541401863098,-0.03611256182193756,-0.04724748060107231,0.22037652134895325,-0.09751573204994202,-0.01441952120512724
0.08346958458423615,0.7247840762138367,1.2678018808364868,0.00015342102804760002,0.03108322450999684,-0.04838315355121852,-0.02136322914846946,0.008914443243089133,0.016656602111210474,0.18348564803600312,0.024222719669342085,-0.1318040132522582,0.8403018116950989,0.7277172207832336,1.2325743436813354,-0.05085388,-0.01849839,0.09235909,597.0,1740111832.049762,0.029751548543572426,0.060987669974565506,0.149751216173172,0.16450543701648712,-0.05317022651433945,-0.0598331093788147,0.043224822729825974,0.2320108413696289,0.17814408242702484,0.08024659752845764,0.13111655414104462,0.260729044675827,0.15111537277698517,-0.03996286913752556,0.18257108330726624,0.020409338176250458,0.1661243736743927,0.06622786819934845,-0.09008611738681793,0.10456431657075882,-0.0652814656496048,-0.25537869334220886,-0.1544056087732315,0.060332879424095154,0.06368369609117508,-0.0636686459183693,0.24403628706932068,-0.035914964973926544,-0.04615233466029167,0.21940115094184875,-0.09588348865509033,-0.017149891704320908
0.08367174118757248,0.7262358665466309,1.2676379680633545,0.00015342102804760002,0.03108322450999684,-0.04838315355121852,-0.02069939307383273,0.010724004114125019,0.01255394362284468,0.1836925506591797,0.02558224201202397,-0.1322765588760375,0.8403018116950989,0.7277172207832336,1.2325743436813354,-0.05085388,-0.01849839,0.09235909,598.0,1740111832.084738,0.029751548543572426,0.060987669974565506,0.149751216173172,0.16450543701648712,-0.05317022651433945,-0.0598331093788147,0.043224822729825974,0.2320108413696289,0.17814408242702484,0.08024659752845764,0.13111655414104462,0.260729044675827,0.15111537277698517,-0.03996286913752556,0.18257108330726624,0.020409338176250458,0.1661243736743927,0.06622786819934845,-0.09008611738681793,0.10456431657075882,-0.0652814656496048,-0.25537869334220886,-0.1544056087732315,0.060332879424095154,0.06368369609117508,-0.0636686459183693,0.24403628706932068,-0.035914964973926544,-0.04615233466029167,0.21940115094184875,-0.09588348865509033,-0.017149891704320908
0.08350865542888641,0.728375256061554,1.2676644325256348,0.0012365383836289586,0.03844082369959415,-0.015816728985103154,-0.02190525567667171,0.011228524622307915,0.014089951356296026,0.18362170308828354,0.027681815624237105,-0.13253107070922843,0.8403018116950989,0.7277172207832336,1.2325743436813354,-0.050035127,-0.0186292,0.09201062,599.0,1740111832.1247642,0.02858811803162098,0.06071552634239197,0.14860598742961884,0.16410866379737854,-0.05289198458194733,-0.0595913901925087,0.043542083352804184,0.23103313148021698,0.17626184225082397,0.08015197515487671,0.13054734468460083,0.25946685671806335,0.1505754590034485,-0.03988395631313324,0.18069420754909515,0.019883843138813972,0.1646934300661087,0.06619124114513397,-0.08955292403697968,0.1045008972287178,-0.06466571986675262,-0.25409436225891113,-0.1536562144756317,0.06019951403141022,0.06250754743814468,-0.06347035616636276,0.24287457764148712,-0.035941749811172485,-0.045590538531541824,0.21844643354415894,-0.09461745619773865,-0.018145058304071426
0.08355753868818283,0.729907751083374,1.2684460878372192,0.0012365383836289586,0.03844082369959415,-0.015816728985103154,-0.0217364730226188,0.010410064033498203,0.01241582901847982,0.18350865542888642,0.028375256061554,-0.13233556747436515,0.8403018116950989,0.7277172207832336,1.2325743436813354,-0.049173735,-0.018795159,0.09543286,600.0,1740111832.1523643,0.02746606059372425,0.060468073934316635,0.14702875912189484,0.16391916573047638,-0.05315856635570526,-0.059009697288274765,0.043970052152872086,0.23016643524169922,0.17462997138500214,0.07975217700004578,0.12940964102745056,0.25830844044685364,0.1498607099056244,-0.03996157646179199,0.17866531014442444,0.019817376509308815,0.16332696378231049,0.06618331372737885,-0.08955815434455872,0.10464482754468918,-0.06400588154792786,-0.25181156396865845,-0.15295422077178955,0.059745125472545624,0.06179690733551979,-0.06323935091495514,0.24121421575546265,-0.03543254733085632,-0.04476520046591759,0.21751275658607483,-0.09378021955490112,-0.01962212473154068
0.0834617018699646,0.7306204438209534,1.2690887451171875,0.0012365383836289586,0.03844082369959415,-0.015816728985103154,-0.020826550156849106,0.008800035363769845,0.010551782019987401,0.18355753868818284,0.029907751083374068,-0.13155391216278067,0.8403018116950989,0.7277172207832336,1.2325743436813354,-0.047711313,-0.018803377,0.09691673,601.0,1740111832.1859221,0.026452234014868736,0.06031964719295502,0.1466461718082428,0.16444098949432373,-0.053509511053562164,-0.058986589312553406,0.04468759894371033,0.2300887405872345,0.17333409190177917,0.07993470132350922,0.1293545812368393,0.2582409679889679,0.14985543489456177,-0.04041823744773865,0.17775951325893402,0.019421422854065895,0.1624273955821991,0.06674684584140778,-0.08958053588867188,0.10536957532167435,-0.06399114429950714,-0.2514761686325073,-0.15273815393447876,0.05990324169397354,0.060698285698890686,-0.06351368129253387,0.24114398658275604,-0.035682566463947296,-0.044518109411001205,0.21763139963150024,-0.09308786690235138,-0.020631995052099228
0.08320528268814087,0.7322767972946167,1.2703641653060913,-0.003619255775973186,0.044178806516470395,0.02096987449883804,-0.02237570705796017,0.008033109452419432,0.014437890492097398,0.18320528268814087,0.032276797294616744,-0.1296358346939086,0.8403018116950989,0.7277172207832336,1.2325743436813354,-0.04831309,-0.018892996,0.097501785,602.0,1740111832.2174234,0.026325402781367302,0.06045796722173691,0.14659269154071808,0.1645844727754593,-0.05336492508649826,-0.059348635375499725,0.04435807093977928,0.23007528483867645,0.1732252538204193,0.07986408472061157,0.12954188883304596,0.25800296664237976,0.14990946650505066,-0.04049235209822655,0.17772704362869263,0.01911451853811741,0.16241025924682617,0.06645689904689789,-0.08982355892658234,0.10529270023107529,-0.06425739824771881,-0.2516777217388153,-0.152890145778656,0.05999012291431427,0.060655586421489716,-0.06337448954582214,0.24152009189128876,-0.03596033900976181,-0.044848207384347916,0.21728691458702087,-0.09267035126686096,-0.0203859880566597
0.08273462951183319,0.7346548438072205,1.2736313343048096,-0.003619255775973186,0.044178806516470395,0.02096987449883804,-0.022516968301498994,0.006316580934365881,0.012875569058219564,0.1830027610063553,0.03289990425109868,-0.1285047769546508,0.8403018116950989,0.7277172207832336,1.2325743436813354,-0.04831309,-0.018892996,0.097501785,603.0,1740111832.2522156,0.026325402781367302,0.06045796722173691,0.14659269154071808,0.1645844727754593,-0.05336492508649826,-0.059348635375499725,0.04435807093977928,0.23007528483867645,0.1732252538204193,0.07986408472061157,0.12954188883304596,0.25800296664237976,0.14990946650505066,-0.04049235209822655,0.17772704362869263,0.01911451853811741,0.16241025924682617,0.06645689904689789,-0.08982355892658234,0.10529270023107529,-0.06425739824771881,-0.2516777217388153,-0.152890145778656,0.05999012291431427,0.060655586421489716,-0.06337448954582214,0.24152009189128876,-0.03596033900976181,-0.044848207384347916,0.21728691458702087,-0.09267035126686096,-0.0203859880566597
0.08257071673870087,0.7354600429534912,1.2748994827270508,-0.003619255775973186,0.044178806516470395,0.02096987449883804,-0.021472512607612203,0.006218508208544385,0.013311515402931795,0.1827346295118332,0.0346548438072205,-0.12636866569519034,0.8403018116950989,0.7277172207832336,1.2325743436813354,-0.047953844,-0.018982213,0.09820057,604.0,1740111832.2862542,0.02479112707078457,0.05988607555627823,0.14532935619354248,0.16435976326465607,-0.053465962409973145,-0.05865824222564697,0.045415084809064865,0.22913338243961334,0.17077793180942535,0.079708531498909,0.12869051098823547,0.25693169236183167,0.14946594834327698,-0.040313441306352615,0.17548665404319763,0.018947744742035866,0.16031071543693542,0.06660327315330505,-0.0891103744506836,0.10590947419404984,-0.0632796362042427,-0.24986954033374786,-0.15194423496723175,0.05977244675159454,0.058969929814338684,-0.06335876137018204,0.24000364542007446,-0.03586636483669281,-0.04380112513899803,0.21699291467666626,-0.09142115712165833,-0.022324908524751663
0.08187613636255264,0.7381904721260071,1.2794538736343384,-0.01035794016723929,0.053629284065268144,0.0744395438453722,-0.022656087579464856,0.005156584361033212,0.013979864334709175,0.18204717934131623,0.03716700077056889,-0.12227394580841056,0.8403018116950989,0.7277172207832336,1.2325743436813354,-0.04510764,-0.019538715,0.095716305,605.0,1740111832.3202019,0.026789503172039986,0.060363709926605225,0.1445656418800354,0.16027197241783142,-0.051021136343479156,-0.060034241527318954,0.04306533560156822,0.22570396959781647,0.17266963422298431,0.07859459519386292,0.12703163921833038,0.25370484590530396,0.14789538085460663,-0.039999064058065414,0.17574894428253174,0.018876586109399796,0.1609049290418625,0.0644029825925827,-0.08727693557739258,0.10205752402544022,-0.06459519267082214,-0.24846328794956207,-0.15044690668582916,0.05847764015197754,0.06200781092047691,-0.0613822266459465,0.23892945051193237,-0.03524095565080643,-0.04480287805199623,0.21333065629005432,-0.09075990319252014,-0.017433978617191315
0.08140869438648224,0.7400370240211487,1.2830933332443237,-0.01035794016723929,0.053629284065268144,0.0744395438453722,-0.021680790678997315,0.00335602737684665,0.014991372438425167,0.18187613636255265,0.038190472126007124,-0.12054612636566153,0.8403018116950989,0.7277172207832336,1.2325743436813354,-0.054141045,-0.018796697,0.08455704,606.0,1740111832.3505516,0.025786777958273888,0.059951961040496826,0.14727631211280823,0.16652245819568634,-0.054793260991573334,-0.06010828912258148,0.0463799312710762,0.23102423548698425,0.1734410673379898,0.08075378835201263,0.1306883692741394,0.2604468762874603,0.15168970823287964,-0.04179733991622925,0.17842325568199158,0.019681371748447418,0.16251491010189056,0.06794381141662598,-0.09062966704368591,0.10803144425153732,-0.06534963846206665,-0.25359633564949036,-0.15389035642147064,0.06095820665359497,0.059391990303993225,-0.06434914469718933,0.24359358847141266,-0.0371222123503685,-0.04473734274506569,0.2191026508808136,-0.09282839298248291,-0.021562911570072174
0.08112432062625885,0.7410948276519775,1.2850631475448608,-0.01035794016723929,0.053629284065268144,0.0744395438453722,-0.022000704287481663,0.004442190508759455,0.01657726855435829,0.18140869438648224,0.040037024021148726,-0.11690666675567618,0.8403018116950989,0.7277172207832336,1.2325743436813354,-0.054141045,-0.018796697,0.08455704,607.0,1740111832.3837528,0.025786777958273888,0.059951961040496826,0.14727631211280823,0.16652245819568634,-0.054793260991573334,-0.06010828912258148,0.0463799312710762,0.23102423548698425,0.1734410673379898,0.08075378835201263,0.1306883692741394,0.2604468762874603,0.15168970823287964,-0.04179733991622925,0.17842325568199158,0.019681371748447418,0.16251491010189056,0.06794381141662598,-0.09062966704368591,0.10803144425153732,-0.06534963846206665,-0.25359633564949036,-0.15389035642147064,0.06095820665359497,0.059391990303993225,-0.06434914469718933,0.24359358847141266,-0.0371222123503685,-0.04473734274506569,0.2191026508808136,-0.09282839298248291,-0.021562911570072174
0.08046318590641022,0.743078887462616,1.289486289024353,-0.01035794016723929,0.053629284065268144,0.0744395438453722,-0.022034101138564938,0.003619099664267144,0.017995632510823863,0.18046318590641022,0.04307888746261601,-0.11051371097564688,0.8403018116950989,0.7277172207832336,1.2325743436813354,-0.054141045,-0.018796697,0.08455704,608.0,1740111832.417634,0.025786777958273888,0.059951961040496826,0.14727631211280823,0.16652245819568634,-0.054793260991573334,-0.06010828912258148,0.0463799312710762,0.23102423548698425,0.1734410673379898,0.08075378835201263,0.1306883692741394,0.2604468762874603,0.15168970823287964,-0.04179733991622925,0.17842325568199158,0.019681371748447418,0.16251491010189056,0.06794381141662598,-0.09062966704368591,0.10803144425153732,-0.06534963846206665,-0.25359633564949036,-0.15389035642147064,0.06095820665359497,0.059391990303993225,-0.06434914469718933,0.24359358847141266,-0.0371222123503685,-0.04473734274506569,0.2191026508808136,-0.09282839298248291,-0.021562911570072174
0.07944290339946747,0.7463312745094299,1.2969542741775513,-0.015589662669470136,0.05805507307437011,0.11763940173216265,-0.02316134472695378,0.004514171139610513,0.016802678525854212,0.18017690479755402,0.04413180351257329,-0.10816087722778311,0.8403018116950989,0.7277172207832336,1.2325743436813354,-0.039934658,-0.019631263,0.10053662,609.0,1740111832.4501576,0.024789338931441307,0.061385564506053925,0.1425206959247589,0.16332362592220306,-0.05165022611618042,-0.0636158287525177,0.04236214607954025,0.2254839539527893,0.17029373347759247,0.08077280223369598,0.13086900115013123,0.25404590368270874,0.1463024765253067,-0.04275938495993614,0.17461346089839935,0.014200564473867416,0.16011229157447815,0.06535400450229645,-0.08793731033802032,0.10286655277013779,-0.06667496263980865,-0.25202327966690063,-0.149596706032753,0.06058191508054733,0.05696668103337288,-0.060534216463565826,0.2413095086812973,-0.037958718836307526,-0.04863729700446129,0.21130645275115967,-0.08670277893543243,-0.016590282320976257
0.07904836535453796,0.7473267912864685,1.299684762954712,-0.015589662669470136,0.05805507307437011,0.11763940173216265,-0.022146760307451854,0.004279292592162529,0.01545157091712088,0.17944290339946747,0.046331274509429976,-0.10304572582244864,0.8403018116950989,0.7277172207832336,1.2325743436813354,-0.04673007,-0.017414916,0.0902026,610.0,1740111832.4843235,0.02663990668952465,0.06152014434337616,0.14481759071350098,0.1624944508075714,-0.051450230181217194,-0.06372588872909546,0.042056627571582794,0.2262025773525238,0.17325234413146973,0.08014409244060516,0.13057327270507812,0.2548085153102875,0.14767637848854065,-0.042508792132139206,0.17723478376865387,0.01544974371790886,0.16222475469112396,0.06537601351737976,-0.08835716545581818,0.10220133513212204,-0.06772255897521973,-0.2532608211040497,-0.1505504697561264,0.06027909368276596,0.06030593067407608,-0.061101801693439484,0.24303504824638367,-0.03781787306070328,-0.04850195720791817,0.21242734789848328,-0.08914908766746521,-0.01460507046431303
0.0782235711812973,0.7503814697265625,1.3081225156784058,-0.015589662669470136,0.05805507307437011,0.11763940173216265,-0.018337438484404403,0.01145923511664678,0.016464183913149147,0.17848703861236573,0.048501896858215376,-0.09765508174896231,0.8403018116950989,0.7277172207832336,1.2325743436813354,-0.05097261,-0.016440451,0.08433703,611.0,1740111832.5202043,0.028006160631775856,0.06200539320707321,0.1465459167957306,0.1615230143070221,-0.05005374550819397,-0.06557292491197586,0.04074493795633316,0.22591514885425568,0.1754452884197235,0.0805417001247406,0.13242022693157196,0.2548491060733795,0.14826299250125885,-0.04218382388353348,0.17912983894348145,0.01513301208615303,0.16337989270687103,0.06461961567401886,-0.08731858432292938,0.10096272081136703,-0.06861276179552078,-0.2566315531730652,-0.1507624089717865,0.06045422703027725,0.06074715405702591,-0.06058191508054733,0.24516741931438446,-0.038191936910152435,-0.04974965378642082,0.21210512518882751,-0.08904062211513519,-0.011439810506999493
0.07668730616569519,0.7529590725898743,1.3140337467193604,-0.0248804830748933,0.06405431612077667,0.1596817650752271,-0.024357847375307613,0.016564514824064198,0.012703610096873357,0.1782235711812973,0.050381469726562544,-0.09187748432159415,0.8403018116950989,0.7277172207832336,1.2325743436813354,-0.05178531,-0.015598558,0.08503251,612.0,1740111832.5516095,0.02941678650677204,0.06210794299840927,0.14774760603904724,0.1611088663339615,-0.04954754561185837,-0.06566992402076721,0.04121643304824829,0.22605106234550476,0.17755717039108276,0.08135858178138733,0.132674440741539,0.256218820810318,0.1488610953092575,-0.04252905398607254,0.18095070123672485,0.015998153015971184,0.16470076143741608,0.06480970978736877,-0.08687430620193481,0.10107902437448502,-0.06942285597324371,-0.25789251923561096,-0.1513398289680481,0.06052101403474808,0.0624125674366951,-0.06075817346572876,0.24588581919670105,-0.03835855424404144,-0.05009803548455238,0.2129816710948944,-0.09051239490509033,-0.010061350651085377
0.07512795925140381,0.7537029981613159,1.3166743516921997,-0.0248804830748933,0.06405431612077667,0.1596817650752271,-0.038167621252279064,0.027447534435798695,0.006181364759753636,0.1766873061656952,0.05295907258987431,-0.08596625328063956,0.8403018116950989,0.7277172207832336,1.2325743436813354,-0.05178531,-0.015598558,0.08503251,613.0,1740111832.5873144,0.02941678650677204,0.06210794299840927,0.14774760603904724,0.1611088663339615,-0.04954754561185837,-0.06566992402076721,0.04121643304824829,0.22605106234550476,0.17755717039108276,0.08135858178138733,0.132674440741539,0.256218820810318,0.1488610953092575,-0.04252905398607254,0.18095070123672485,0.015998153015971184,0.16470076143741608,0.06480970978736877,-0.08687430620193481,0.10107902437448502,-0.06942285597324371,-0.25789251923561096,-0.1513398289680481,0.06052101403474808,0.0624125674366951,-0.06075817346572876,0.24588581919670105,-0.03835855424404144,-0.05009803548455238,0.2129816710948944,-0.09051239490509033,-0.010061350651085377
0.07352608442306519,0.757548987865448,1.3262836933135986,-0.0248804830748933,0.06405431612077667,0.1596817650752271,-0.043063053255474715,0.02360887800291223,0.0019003406601771494,0.17452747225761414,0.05538522005081181,-0.0799525022506713,0.8403018116950989,0.7277172207832336,1.2325743436813354,-0.050281044,-0.016013186,0.08091888,614.0,1740111832.6202521,0.030172305181622505,0.062004294246435165,0.14790670573711395,0.1589394509792328,-0.04848566651344299,-0.06627923250198364,0.040628548711538315,0.22432789206504822,0.17810416221618652,0.08061860501766205,0.1318623572587967,0.25485506653785706,0.14875617623329163,-0.042383454740047455,0.18109393119812012,0.01629345864057541,0.16454434394836426,0.06374530494213104,-0.08590246737003326,0.0998019352555275,-0.07015708088874817,-0.257196843624115,-0.15101857483386993,0.059772372245788574,0.06397061049938202,-0.06007996201515198,0.24569043517112732,-0.03805460035800934,-0.05005256459116936,0.21195641160011292,-0.09040652215480804,-0.007842776365578175
0.07233216613531113,0.7597445249557495,1.33260977268219,-0.04417511145934254,0.07206114712633215,0.1964556254185821,-0.04462720849508487,0.022936329304985677,0.001276915492491374,0.1735260844230652,0.05754898786544804,-0.07371630668640128,0.8403018116950989,0.7277172207832336,1.2325743436813354,-0.034874305,-0.01720208,0.082103916,615.0,1740111832.6537366,0.034288883209228516,0.06172247976064682,0.15035061538219452,0.15688000619411469,-0.047454141080379486,-0.06653420627117157,0.0415799506008625,0.22331592440605164,0.18424727022647858,0.08132994174957275,0.131384938955307,0.25753355026245117,0.15074220299720764,-0.04332048445940018,0.18647891283035278,0.020556362345814705,0.16746915876865387,0.06325525045394897,-0.08528485894203186,0.10011077672243118,-0.07283908128738403,-0.258269339799881,-0.15248143672943115,0.059776462614536285,0.07004457712173462,-0.05968576669692993,0.24700239300727844,-0.038673482835292816,-0.05040814355015755,0.21405139565467834,-0.09439060091972351,-0.003737223334610462
0.07172023504972458,0.7603373527526855,1.3355578184127808,-0.04417511145934254,0.07206114712633215,0.1964556254185821,-0.04141111612004013,0.026197488187318888,0.002666331369849598,0.17233216613531113,0.059744524955749556,-0.06739022731780997,0.8403018116950989,0.7277172207832336,1.2325743436813354,-0.037599064,-0.016355477,0.074338906,616.0,1740111832.684132,0.036107130348682404,0.06128932535648346,0.15208996832370758,0.15672646462917328,-0.04805571585893631,-0.06664176285266876,0.04305130988359451,0.22351805865764618,0.1868206262588501,0.08156567811965942,0.13132846355438232,0.2597934603691101,0.15251323580741882,-0.043864455074071884,0.18954502046108246,0.02296733483672142,0.16894955933094025,0.06379121541976929,-0.08518017828464508,0.10159725695848465,-0.07421695441007614,-0.25918152928352356,-0.15346819162368774,0.06034501641988754,0.0722198411822319,-0.06025923788547516,0.2485806792974472,-0.0394628569483757,-0.05013587698340416,0.21668612957000732,-0.09655620157718658,-0.002610938623547554
0.07256565988063812,0.7608500719070435,1.3390791416168213,-0.04417511145934254,0.07206114712633215,0.1964556254185821,-0.01986284673058778,0.017017419030507314,0.014990553077330094,0.17256565988063813,0.0608500719070435,-0.06092085838317862,0.8403018116950989,0.7277172207832336,1.2325743436813354,-0.04068646,-0.014551658,0.07077053,617.0,1740111832.7176533,0.03895539790391922,0.06167171895503998,0.1541706621646881,0.15541908144950867,-0.047400251030921936,-0.06673877686262131,0.04292750358581543,0.2232082486152649,0.1910109668970108,0.08134418725967407,0.1308712661266327,0.26121410727500916,0.15366995334625244,-0.04434903711080551,0.1931360810995102,0.025324149057269096,0.1716180145740509,0.06391288340091705,-0.08483698964118958,0.10123253613710403,-0.07607729732990265,-0.25982528924942017,-0.15447425842285156,0.0601467564702034,0.07651825249195099,-0.060169517993927,0.2497582584619522,-0.03963334858417511,-0.05044880881905556,0.21807631850242615,-0.09969715774059296,0.000306163914501667
0.07045309245586395,0.7645565867424011,1.3491322994232178,-0.04417511145934254,0.07206114712633215,0.1964556254185821,-0.026351262671124306,0.02123648988662046,0.010418389334706514,0.1713326707482338,0.06288920640945439,-0.054273152351379306,0.8403018116950989,0.7277172207832336,1.2325743436813354,-0.04068646,-0.014551658,0.07077053,618.0,1740111832.7503636,0.03895539790391922,0.06167171895503998,0.1541706621646881,0.15541908144950867,-0.047400251030921936,-0.06673877686262131,0.04292750358581543,0.2232082486152649,0.1910109668970108,0.08134418725967407,0.1308712661266327,0.26121410727500916,0.15366995334625244,-0.04434903711080551,0.1931360810995102,0.025324149057269096,0.1716180145740509,0.06391288340091705,-0.08483698964118958,0.10123253613710403,-0.07607729732990265,-0.25982528924942017,-0.15447425842285156,0.0601467564702034,0.07651825249195099,-0.060169517993927,0.2497582584619522,-0.03963334858417511,-0.05044880881905556,0.21807631850242615,-0.09969715774059296,0.000306163914501667
0.06888184696435928,0.766394317150116,1.3557652235031128,-0.02330175488038848,0.052774315228112774,0.18155045145625806,-0.029441430780450837,0.0204666711831618,0.014045787181949286,0.1697694644331932,0.065548586845398,-0.047423505783080966,0.8403018116950989,0.7277172207832336,1.2325743436813354,-0.03923125,-0.014290631,0.07170856,619.0,1740111832.7839026,0.03926968574523926,0.06115812063217163,0.15630820393562317,0.15621209144592285,-0.047745853662490845,-0.06611993163824081,0.044744767248630524,0.22457388043403625,0.19260916113853455,0.08168987929821014,0.13171055912971497,0.2632865011692047,0.15556539595127106,-0.04416767880320549,0.19494692981243134,0.02711986005306244,0.17202414572238922,0.06418851017951965,-0.08500497043132782,0.1028972789645195,-0.07595697790384293,-0.2612278461456299,-0.1556314378976822,0.06059294939041138,0.07804906368255615,-0.06100497394800186,0.25078296661376953,-0.04021822661161423,-0.04927762225270271,0.22094684839248657,-0.10160490870475769,-0.0007806112989783287
0.06716760247945786,0.7694967985153198,1.3657526969909668,-0.02330175488038848,0.052774315228112774,0.18155045145625806,-0.028388225409086417,0.017976072944298486,0.011194337446807617,0.16843482702970505,0.06795184612274174,-0.03753497600555411,0.8403018116950989,0.7277172207832336,1.2325743436813354,-0.026593313,-0.01414229,0.06361157,620.0,1740111832.8197978,0.04497808218002319,0.06225879117846489,0.16223356127738953,0.15622980892658234,-0.04928857833147049,-0.06770790368318558,0.04361660033464432,0.22876858711242676,0.2031262218952179,0.08053022623062134,0.1324344277381897,0.26773542165756226,0.1586238294839859,-0.044861599802970886,0.20420338213443756,0.03038611263036728,0.17970141768455505,0.06454694271087646,-0.08755096793174744,0.10106328874826431,-0.07996559888124466,-0.26613113284111023,-0.1581180989742279,0.0610128715634346,0.08694468438625336,-0.06219442933797836,0.25603240728378296,-0.04040098190307617,-0.05124971643090248,0.2237987518310547,-0.10879115760326385,0.0052689677104353905
0.0657896101474762,0.771048903465271,1.3721250295639038,-0.02330175488038848,0.052774315228112774,0.18155045145625806,-0.031185106172654714,0.017203608667402278,0.012790999005701591,0.16716760247945786,0.06949679851531987,-0.034247303009033114,0.8403018116950989,0.7277172207832336,1.2325743436813354,-0.031999998,-0.013192207,0.06639865,621.0,1740111832.8602831,0.049235209822654724,0.06326824426651001,0.16568763554096222,0.15495415031909943,-0.049344874918460846,-0.06889741867780685,0.04216286167502403,0.2304915487766266,0.20926065742969513,0.08033372461795807,0.13232532143592834,0.2699669599533081,0.15957389771938324,-0.04535930976271629,0.2099120020866394,0.03186200186610222,0.1845065802335739,0.06493702530860901,-0.08794300258159637,0.09907250851392746,-0.08281426876783371,-0.26875177025794983,-0.1593477576971054,0.06074826419353485,0.0920839011669159,-0.062484197318553925,0.25892359018325806,-0.04001122713088989,-0.053167324513196945,0.22504675388336182,-0.11283789575099945,0.010590330697596073
0.06452646106481552,0.7728114724159241,1.3782089948654175,-0.042421113045287916,0.058868224750863334,0.2053206963903636,-0.031757522545391895,0.01820175575547746,0.0103881170911509,0.1657896101474762,0.07104890346527104,-0.027874970436096103,0.8403018116950989,0.7277172207832336,1.2325743436813354,-0.029760234,-0.011279423,0.058379002,622.0,1740111832.893506,0.05159663408994675,0.06365028768777847,0.1689409762620926,0.1550542712211609,-0.048449523746967316,-0.070033960044384,0.04132895916700363,0.2317209541797638,0.21297183632850647,0.08107224106788635,0.13448446989059448,0.27180686593055725,0.16130876541137695,-0.04541602358222008,0.21383370459079742,0.03246541693806648,0.18707561492919922,0.06450960040092468,-0.08817823231220245,0.09915917366743088,-0.08445841819047928,-0.2727786600589752,-0.16121572256088257,0.06131178140640259,0.09431611746549606,-0.06259658187627792,0.26230937242507935,-0.04079735279083252,-0.05430065467953682,0.22684812545776367,-0.11485463380813599,0.013783836737275124
0.0633065402507782,0.7744080424308777,1.3843035697937012,-0.042421113045287916,0.058868224750863334,0.2053206963903636,-0.031705906308051854,0.01695106235872767,0.006514103012246856,0.16387563049793244,0.07371448278427128,-0.018757843971252353,0.8403018116950989,0.7277172207832336,1.2325743436813354,-0.029760234,-0.011279423,0.058379002,623.0,1740111832.9283488,0.05159663408994675,0.06365028768777847,0.1689409762620926,0.1550542712211609,-0.048449523746967316,-0.070033960044384,0.04132895916700363,0.2317209541797638,0.21297183632850647,0.08107224106788635,0.13448446989059448,0.27180686593055725,0.16130876541137695,-0.04541602358222008,0.21383370459079742,0.03246541693806648,0.18707561492919922,0.06450960040092468,-0.08817823231220245,0.09915917366743088,-0.08445841819047928,-0.2727786600589752,-0.16121572256088257,0.06131178140640259,0.09431611746549606,-0.06259658187627792,0.26230937242507935,-0.04079735279083252,-0.05430065467953682,0.22684812545776367,-0.11485463380813599,0.013783836737275124
0.06211746111512184,0.7760128974914551,1.3901464939117432,-0.042421113045287916,0.058868224750863334,0.2053206963903636,-0.031979894167678345,0.0185374726719755,0.0038001801431419777,0.1633065402507782,0.07440804243087773,-0.01569643020629874,0.8403018116950989,0.7277172207832336,1.2325743436813354,-0.022847034,-0.010500029,0.053785942,624.0,1740111832.9583678,0.05601249635219574,0.06388571113348007,0.17310063540935516,0.15511702001094818,-0.04995228350162506,-0.06917501986026764,0.04198623448610306,0.23522327840328217,0.2196289598941803,0.08160290122032166,0.1342339664697647,0.27677032351493835,0.16365543007850647,-0.045587208122015,0.22081094980239868,0.03606194630265236,0.1920587569475174,0.0656871497631073,-0.08963799476623535,0.09968284517526627,-0.08632814139127731,-0.2752401828765869,-0.163632333278656,0.0618097186088562,0.10013610124588013,-0.06406009942293167,0.26504284143447876,-0.04046790301799774,-0.05492503568530083,0.23139867186546326,-0.12121394276618958,0.016325758770108223
0.06163239851593971,0.7768557071685791,1.3930267095565796,-0.034701538667778836,0.04830791229742612,0.17861653956148713,-0.033671744308450546,0.020267767765217187,0.0010447979224929385,0.16211746111512185,0.07601289749145512,-0.009853506088256747,0.8403018116950989,0.7277172207832336,1.2325743436813354,-0.01469107,-0.0014918521,0.027162775,625.0,1740111832.9851167,0.06309664249420166,0.0634487122297287,0.17445555329322815,0.14572027325630188,-0.045633867383003235,-0.06907201558351517,0.0408884733915329,0.2287994921207428,0.22759582102298737,0.07996530830860138,0.1296451985836029,0.27415916323661804,0.16370320320129395,-0.044586990028619766,0.22615274786949158,0.04162339121103287,0.19529511034488678,0.06281812489032745,-0.0852431058883667,0.09489766508340836,-0.08921743929386139,-0.27135005593299866,-0.162793830037117,0.059728220105171204,0.11123447865247726,-0.06147505342960358,0.2629746198654175,-0.03947393596172333,-0.05424085631966591,0.22982248663902283,-0.12593373656272888,0.02582327276468277
0.053713880479335785,0.7749426960945129,1.4001368284225464,-0.034701538667778836,0.04830791229742612,0.17861653956148713,-0.02003501272914944,0.021657246733882744,0.024331657301851002,0.16052009761333466,0.07823019027709965,-0.0013079881668089932,0.8403018116950989,0.7277172207832336,1.2325743436813354,-0.016458541,-0.00029678643,0.024099454,626.0,1740111833.0234907,0.06358446180820465,0.0630510002374649,0.1779242902994156,0.14998506009578705,-0.04780866950750351,-0.06886935234069824,0.043500203639268875,0.23303769528865814,0.22968904674053192,0.08168008923530579,0.13271737098693848,0.2797872722148895,0.16732053458690643,-0.04515479505062103,0.2295125126838684,0.04323018714785576,0.19720973074436188,0.06469808518886566,-0.08692353963851929,0.09956895560026169,-0.08959726244211197,-0.27619364857673645,-0.16577313840389252,0.061619408428668976,0.11057621985673904,-0.06336752325296402,0.26682353019714355,-0.04106472432613373,-0.05388062074780464,0.23562639951705933,-0.12865160405635834,0.02322530373930931
0.05522187054157257,0.7776318192481995,1.4054516553878784,-0.034701538667778836,0.04830791229742612,0.17861653956148713,0.01169579445128716,-0.043912858704733125,-0.03182737686503762,0.1537138804793358,0.07494269609451298,0.00013682842254647554,0.8403018116950989,0.7277172207832336,1.2325743436813354,-0.015472859,-0.0017385185,0.02876988,627.0,1740111833.0500293,0.06676249206066132,0.06314325332641602,0.17979902029037476,0.14788389205932617,-0.04704263061285019,-0.06883715093135834,0.043302763253450394,0.23247618973255157,0.234725683927536,0.08064155280590057,0.1313537359237671,0.28062814474105835,0.16776946187019348,-0.04542866721749306,0.23310109972953796,0.04592609032988548,0.20012693107128143,0.06412924826145172,-0.08716590702533722,0.09769883006811142,-0.0915016233921051,-0.275598406791687,-0.16635701060295105,0.060651831328868866,0.116976298391819,-0.06317447125911713,0.26689207553863525,-0.040601372718811035,-0.053872834891080856,0.2355521023273468,-0.13239285349845886,0.02671729400753975
0.05792240425944328,0.7805017232894897,1.4093737602233887,-0.034701538667778836,0.04830791229742612,0.17861653956148713,-0.023382614684952938,0.007934442303535764,-0.012390116874739713,0.15522187054157258,0.07763181924819951,0.005451655387878507,0.8403018116950989,0.7277172207832336,1.2325743436813354,-0.015472859,-0.0017385185,0.02876988,628.0,1740111833.0849388,0.06676249206066132,0.06314325332641602,0.17979902029037476,0.14788389205932617,-0.04704263061285019,-0.06883715093135834,0.043302763253450394,0.23247618973255157,0.234725683927536,0.08064155280590057,0.1313537359237671,0.28062814474105835,0.16776946187019348,-0.04542866721749306,0.23310109972953796,0.04592609032988548,0.20012693107128143,0.06412924826145172,-0.08716590702533722,0.09769883006811142,-0.0915016233921051,-0.275598406791687,-0.16635701060295105,0.060651831328868866,0.116976298391819,-0.06317447125911713,0.26689207553863525,-0.040601372718811035,-0.053872834891080856,0.2355521023273468,-0.13239285349845886,0.02671729400753975
0.05698613077402115,0.7822500467300415,1.4167994260787964,-0.020395091994986066,0.03563936614640135,0.15708575935096952,-0.02393999065663509,0.008927872213155918,-0.008063681850773984,0.15406040698289872,0.07945566177368169,0.013025498390197843,0.8403018116950989,0.7277172207832336,1.2325743436813354,-0.0051157027,-0.0011618733,0.022544228,629.0,1740111833.1188257,0.06813687831163406,0.06344139575958252,0.18186163902282715,0.14819368720054626,-0.047226980328559875,-0.06988412141799927,0.0431465245783329,0.2336665540933609,0.23784030973911285,0.0805293619632721,0.13235238194465637,0.28180691599845886,0.16871699690818787,-0.045515596866607666,0.23564723134040833,0.046492837369441986,0.20198701322078705,0.06364771723747253,-0.08737966418266296,0.09708832949399948,-0.0925586149096489,-0.2780303955078125,-0.16681088507175446,0.0607447549700737,0.11905735731124878,-0.06317123770713806,0.2686613202095032,-0.040830597281455994,-0.0546145997941494,0.23628515005111694,-0.133916437625885,0.02850862219929695
0.05824670568108559,0.7827165126800537,1.4190747737884521,-0.020395091994986066,0.03563936614640135,0.15708575935096952,-0.022311576188674638,0.020176394531083774,0.004471966626534207,0.15698613077402115,0.08225004673004155,0.016799426078796476,0.8403018116950989,0.7277172207832336,1.2325743436813354,-0.0067813545,0.0029574782,0.010461532,630.0,1740111833.1532445,0.07290494441986084,0.06504169851541519,0.18342778086662292,0.14167079329490662,-0.04217556118965149,-0.07547873258590698,0.038738615810871124,0.22849245369434357,0.24448537826538086,0.07946281135082245,0.13207398355007172,0.2779621183872223,0.16768795251846313,-0.04695940762758255,0.23963239789009094,0.04526963084936142,0.20594248175621033,0.06084473803639412,-0.08441802859306335,0.08998187631368637,-0.09891901910305023,-0.2809453308582306,-0.16518716514110565,0.05966966599225998,0.126026451587677,-0.06032002717256546,0.2711496949195862,-0.04244948923587799,-0.0591605044901371,0.22986075282096863,-0.13395841419696808,0.041390709578990936
0.05603766441345215,0.7837868928909302,1.423262357711792,-0.020395091994986066,0.03563936614640135,0.15708575935096952,-0.023493703927453334,0.008394056681727534,-0.0016138579477604975,0.15392487347126008,0.0809047102928162,0.019783711433410733,0.8403018116950989,0.7277172207832336,1.2325743436813354,0.0042545497,0.0036574155,0.0025106594,631.0,1740111833.1847544,0.07623013108968735,0.06570421159267426,0.18483760952949524,0.13990628719329834,-0.04076661914587021,-0.07731291651725769,0.03704051300883293,0.2275909036397934,0.2492118626832962,0.07952530682086945,0.13241320848464966,0.27842679619789124,0.1681211292743683,-0.048036836087703705,0.24340057373046875,0.045841529965400696,0.20943480730056763,0.060242217034101486,-0.08441369235515594,0.08798935264348984,-0.1023159772157669,-0.2828488051891327,-0.1660231649875641,0.059818193316459656,0.13038736581802368,-0.05947929620742798,0.27302151918411255,-0.04347336292266846,-0.06117784604430199,0.22836914658546448,-0.13592375814914703,0.04698373004794121
0.05552538484334946,0.7830528020858765,1.427256464958191,-0.03049509079276519,0.015998263423202177,0.12814406831860026,0.004219329599369417,0.0029768428820688897,0.0005698179317160972,0.1524141788482666,0.08200620412826543,0.023894643783569425,0.8403018116950989,0.7277172207832336,1.2325743436813354,-0.0046710223,0.00469362,0.0017640591,632.0,1740111833.217043,0.07830476760864258,0.06571971625089645,0.18667736649513245,0.13873670995235443,-0.04021557420492172,-0.07739514857530594,0.036535948514938354,0.22820334136486053,0.252033531665802,0.07948479056358337,0.13242574036121368,0.27921217679977417,0.16864721477031708,-0.04727857559919357,0.24599689245224,0.04719844087958336,0.2109578400850296,0.05924736335873604,-0.08412973582744598,0.08717036992311478,-0.10277783125638962,-0.2840709686279297,-0.16654910147190094,0.05962739884853363,0.13302946090698242,-0.05930597335100174,0.27374958992004395,-0.043138787150382996,-0.06155889108777046,0.22942692041397095,-0.13788628578186035,0.04910004138946533
0.054067596793174744,0.7842534184455872,1.4309585094451904,-0.03049509079276519,0.015998263423202177,0.12814406831860026,-0.006275878518437299,0.0019220186957214433,0.0011216426103286437,0.1542566254734993,0.08387105464935307,0.02908167839050302,0.8403018116950989,0.7277172207832336,1.2325743436813354,-0.0046710223,0.00469362,0.0017640591,633.0,1740111833.2517402,0.07830476760864258,0.06571971625089645,0.18667736649513245,0.13873670995235443,-0.04021557420492172,-0.07739514857530594,0.036535948514938354,0.22820334136486053,0.252033531665802,0.07948479056358337,0.13242574036121368,0.27921217679977417,0.16864721477031708,-0.04727857559919357,0.24599689245224,0.04719844087958336,0.2109578400850296,0.05924736335873604,-0.08412973582744598,0.08717036992311478,-0.10277783125638962,-0.2840709686279297,-0.16654910147190094,0.05962739884853363,0.13302946090698242,-0.05930597335100174,0.27374958992004395,-0.043138787150382996,-0.06155889108777046,0.22942692041397095,-0.13788628578186035,0.04910004138946533
0.04999427869915962,0.7832169532775879,1.4309519529342651,-0.03049509079276519,0.015998263423202177,0.12814406831860026,-0.012464967672770057,0.015064333451529943,0.035836767259377234,0.14999427869915963,0.08321695327758794,0.030951952934265226,0.8403018116950989,0.7277172207832336,1.2325743436813354,-0.0019528717,0.004469916,0.0012745708,634.0,1740111833.2851727,0.08098433911800385,0.06577233225107193,0.1893898844718933,0.13903595507144928,-0.04089963436126709,-0.07802043855190277,0.037054385989904404,0.23000973463058472,0.2564479410648346,0.07987822592258453,0.13316282629966736,0.2826031446456909,0.17103692889213562,-0.04789382964372635,0.25062447786331177,0.0493793711066246,0.21410126984119415,0.05963200703263283,-0.08505934476852417,0.08809281140565872,-0.10488255321979523,-0.2868238389492035,-0.1685016006231308,0.060456350445747375,0.13642381131649017,-0.06009480357170105,0.27653688192367554,-0.0438774898648262,-0.06218801066279411,0.23195895552635193,-0.1410004198551178,0.0513356514275074
0.05132211744785309,0.7853820323944092,1.4374643564224243,-0.03822655477545144,0.021183151485715278,0.09283552186508005,0.005037459548958035,0.007339589652425886,0.024821004074835434,0.15307019501924515,0.08599280118942265,0.03751990795135507,0.8403018116950989,0.7277172207832336,1.2325743436813354,-0.00012990832,0.004589699,-0.0017354339,635.0,1740111833.3199604,0.08517398685216904,0.0649830624461174,0.18996047973632812,0.13503089547157288,-0.04001498222351074,-0.07756850123405457,0.03746970742940903,0.22773927450180054,0.2610350549221039,0.07930541038513184,0.13014566898345947,0.2829170227050781,0.17171400785446167,-0.04796463996171951,0.2543276846408844,0.053101103752851486,0.2167225331068039,0.05914158746600151,-0.08376249670982361,0.08659837394952774,-0.10710793733596802,-0.28473010659217834,-0.16867297887802124,0.059976726770401,0.14281931519508362,-0.059388168156147,0.275806725025177,-0.04423793405294418,-0.06175484135746956,0.23205488920211792,-0.14462628960609436,0.055529430508613586
0.05116567388176918,0.7857373952865601,1.4390535354614258,-0.03822655477545144,0.021183151485715278,0.09283552186508005,0.00306678643548448,0.007190149304172756,0.02335266570038794,0.1513221174478531,0.08538203239440922,0.037464356422424405,0.8403018116950989,0.7277172207832336,1.2325743436813354,0.0036313608,0.0041263103,-0.0011139587,636.0,1740111833.3499506,0.08598782122135162,0.06517106294631958,0.1900644749403,0.13452079892158508,-0.040256232023239136,-0.07762503623962402,0.03678938373923302,0.2276691049337387,0.2617599070072174,0.07848948240280151,0.1295144408941269,0.2824607491493225,0.1714690625667572,-0.048034846782684326,0.25498995184898376,0.0533999502658844,0.21744954586029053,0.05894863232970238,-0.0842059999704361,0.0857040211558342,-0.107498899102211,-0.2839352488517761,-0.16863080859184265,0.05944222956895828,0.14404797554016113,-0.0593692809343338,0.27568382024765015,-0.04370294511318207,-0.06184934452176094,0.23159223794937134,-0.1453530490398407,0.05653286352753639
0.0499221496284008,0.7863749861717224,1.4413955211639404,-0.03822655477545144,0.021183151485715278,0.09283552186508005,-0.009202176745960442,0.01662085875567984,0.016974341633716285,0.15070148408412934,0.0860352993011475,0.04046068191528329,0.8403018116950989,0.7277172207832336,1.2325743436813354,0.0036313608,0.0041263103,-0.0011139587,637.0,1740111833.3825507,0.08598782122135162,0.06517106294631958,0.1900644749403,0.13452079892158508,-0.040256232023239136,-0.07762503623962402,0.03678938373923302,0.2276691049337387,0.2617599070072174,0.07848948240280151,0.1295144408941269,0.2824607491493225,0.1714690625667572,-0.048034846782684326,0.25498995184898376,0.0533999502658844,0.21744954586029053,0.05894863232970238,-0.0842059999704361,0.0857040211558342,-0.107498899102211,-0.2839352488517761,-0.16863080859184265,0.05944222956895828,0.14404797554016113,-0.0593692809343338,0.27568382024765015,-0.04370294511318207,-0.06184934452176094,0.23159223794937134,-0.1453530490398407,0.05653286352753639
0.0493512898683548,0.7868881821632385,1.4434796571731567,-0.03822655477545144,0.021183151485715278,0.09283552186508005,-0.008235965944619256,0.02189262204174474,0.02256457568359637,0.15195703729987145,0.0878050804138184,0.04483482837677011,0.8403018116950989,0.7277172207832336,1.2325743436813354,0.0036313608,0.0041263103,-0.0011139587,638.0,1740111833.421437,0.08598782122135162,0.06517106294631958,0.1900644749403,0.13452079892158508,-0.040256232023239136,-0.07762503623962402,0.03678938373923302,0.2276691049337387,0.2617599070072174,0.07848948240280151,0.1295144408941269,0.2824607491493225,0.1714690625667572,-0.048034846782684326,0.25498995184898376,0.0533999502658844,0.21744954586029053,0.05894863232970238,-0.0842059999704361,0.0857040211558342,-0.107498899102211,-0.2839352488517761,-0.16863080859184265,0.05944222956895828,0.14404797554016113,-0.0593692809343338,0.27568382024765015,-0.04370294511318207,-0.06184934452176094,0.23159223794937134,-0.1453530490398407,0.05653286352753639
0.047299306839704514,0.7871630787849426,1.4470137357711792,-0.032893832999492736,0.014768110852420777,0.07546206573624858,-0.012582621734098765,0.01704875427424738,0.031836641090612725,0.14770438745617867,0.08700625896453862,0.04576382637023935,0.8403018116950989,0.7277172207832336,1.2325743436813354,0.009943634,0.004848033,-0.030819982,639.0,1740111833.4511847,0.09135264158248901,0.0645272508263588,0.19651298224925995,0.13678833842277527,-0.04212351143360138,-0.07748641073703766,0.0395120307803154,0.23217037320137024,0.27098265290260315,0.08021990954875946,0.13209117949008942,0.29120051860809326,0.17796151340007782,-0.048767127096652985,0.2650727927684784,0.059280671179294586,0.22427351772785187,0.061090659350156784,-0.08722493052482605,0.0901738777756691,-0.11074504256248474,-0.2907002568244934,-0.1744219809770584,0.06187544763088226,0.15135203301906586,-0.06139439344406128,0.28249794244766235,-0.04615281522274017,-0.061539243906736374,0.2395763099193573,-0.15327471494674683,0.058124251663684845
0.0490221343934536,0.7887136936187744,1.4494025707244873,-0.032893832999492736,0.014768110852420777,0.07546206573624858,-0.016402417433374138,0.014144250933749323,0.007349874439320155,0.14729930683970452,0.08716307878494267,0.04701373577117929,0.8403018116950989,0.7277172207832336,1.2325743436813354,0.0018609464,0.0050900653,-0.014373302,640.0,1740111833.486471,0.09338401257991791,0.06498382240533829,0.19818712770938873,0.1370556652545929,-0.04281008243560791,-0.07854136824607849,0.03978749364614487,0.23278799653053284,0.2756898105144501,0.07965382933616638,0.13224376738071442,0.29343631863594055,0.17940382659435272,-0.050310052931308746,0.26860588788986206,0.06090753152966499,0.2276635766029358,0.06173883005976677,-0.0881100445985794,0.08993136137723923,-0.11368556320667267,-0.29199275374412537,-0.1756911426782608,0.06205975264310837,0.15547536313533783,-0.06189277768135071,0.2841957211494446,-0.04677657037973404,-0.06224864348769188,0.23990288376808167,-0.1559651792049408,0.06058527156710625
0.04638015106320381,0.7885789275169373,1.451969027519226,-0.032893832999492736,0.014768110852420777,0.07546206573624858,-0.015434638405310445,0.011258865342802155,0.034371317080211634,0.14820453748106957,0.08886145353317265,0.05003068447113046,0.8403018116950989,0.7277172207832336,1.2325743436813354,0.005184643,0.004893422,-0.017178848,641.0,1740111833.5212135,0.09407378733158112,0.06511077284812927,0.1993953287601471,0.13829343020915985,-0.04359070211648941,-0.07863761484622955,0.04030216485261917,0.2341071218252182,0.27764666080474854,0.0795019268989563,0.13274453580379486,0.2953944504261017,0.18058671057224274,-0.05081597715616226,0.27053216099739075,0.06185045465826988,0.22920751571655273,0.06227990612387657,-0.0891774594783783,0.09095194190740585,-0.11456745862960815,-0.2931133806705475,-0.17684318125247955,0.06251398473978043,0.1567964106798172,-0.062475889921188354,0.28551676869392395,-0.04709843546152115,-0.062355007976293564,0.24120387434959412,-0.15734413266181946,0.060445088893175125
0.04650631546974182,0.7892666459083557,1.4530351161956787,-0.010784308859949953,0.02034661624767685,0.06545168919353939,-0.006472131608718342,0.010868168210427836,0.03705010532013119,0.14638015106320382,0.0885789275169373,0.05196902751922616,0.8403018116950989,0.7277172207832336,1.2325743436813354,0.008682452,0.004493244,-0.021028042,642.0,1740111833.54916,0.09420185536146164,0.06514792144298553,0.19991904497146606,0.13792861998081207,-0.04338202625513077,-0.07853966951370239,0.04028515890240669,0.2345263957977295,0.2779410481452942,0.07959102094173431,0.13280542194843292,0.2952682673931122,0.18067491054534912,-0.05022569000720978,0.2708301842212677,0.06196264550089836,0.22910566627979279,0.06186365708708763,-0.08878546953201294,0.09062065929174423,-0.11416082829236984,-0.2935594916343689,-0.1766010820865631,0.06253606081008911,0.15693040192127228,-0.06246472895145416,0.2855726480484009,-0.04716529697179794,-0.06242641434073448,0.24155160784721375,-0.15757496654987335,0.060484930872917175
0.04816947877407074,0.7901681065559387,1.4549239873886108,-0.010784308859949953,0.02034661624767685,0.06545168919353939,0.005932711429300193,0.003763119248163874,0.02707942262061873,0.14657641425728798,0.08977173566818242,0.053922629356384366,0.8403018116950989,0.7277172207832336,1.2325743436813354,0.008682452,0.004493244,-0.021028042,643.0,1740111833.585168,0.09420185536146164,0.06514792144298553,0.19991904497146606,0.13792861998081207,-0.04338202625513077,-0.07853966951370239,0.04028515890240669,0.2345263957977295,0.2779410481452942,0.07959102094173431,0.13280542194843292,0.2952682673931122,0.18067491054534912,-0.05022569000720978,0.2708301842212677,0.06196264550089836,0.22910566627979279,0.06186365708708763,-0.08878546953201294,0.09062065929174423,-0.11416082829236984,-0.2935594916343689,-0.1766010820865631,0.06253606081008911,0.15693040192127228,-0.06246472895145416,0.2855726480484009,-0.04716529697179794,-0.06242641434073448,0.24155160784721375,-0.15757496654987335,0.060484930872917175
0.045549336820840836,0.7906815409660339,1.4575060606002808,-0.010784308859949953,0.02034661624767685,0.06545168919353939,-0.008606005659114655,0.011045878854379585,0.03450153633005535,0.14703011736273766,0.09097610712051396,0.05602738857269296,0.8403018116950989,0.7277172207832336,1.2325743436813354,0.007692024,0.004626304,-0.020698644,644.0,1740111833.6186416,0.0949271097779274,0.06521061807870865,0.20011639595031738,0.1361084133386612,-0.04236672818660736,-0.07935403287410736,0.04004967585206032,0.23308327794075012,0.27910417318344116,0.07939505577087402,0.13248372077941895,0.2944367229938507,0.18043053150177002,-0.049909502267837524,0.27113404870033264,0.06212018057703972,0.22907979786396027,0.06109347566962242,-0.08732165396213531,0.08942941576242447,-0.11461244523525238,-0.2940141260623932,-0.17563636600971222,0.06203790754079819,0.15792737901210785,-0.061843059957027435,0.28546327352523804,-0.04697442799806595,-0.0628274530172348,0.2406737506389618,-0.15734003484249115,0.06252973526716232
0.049149040132761,0.7925718426704407,1.4600048065185547,-0.010784308859949953,0.02034661624767685,0.06545168919353939,-0.007117347296868254,-0.002027285425013223,0.000639628921031354,0.14554933682084084,0.09068154096603398,0.05750606060028085,0.8403018116950989,0.7277172207832336,1.2325743436813354,0.013506487,0.0043969154,-0.021530233,645.0,1740111833.6525135,0.09559302777051926,0.06547284126281738,0.19949333369731903,0.13368278741836548,-0.04127007722854614,-0.08054463565349579,0.03830548748373985,0.23070764541625977,0.27991926670074463,0.07761570811271667,0.1310376077890396,0.2918762266635895,0.17974261939525604,-0.050351157784461975,0.27099043130874634,0.061938393861055374,0.2294360101222992,0.06009310856461525,-0.08674478530883789,0.08674102276563644,-0.1160910576581955,-0.2926626205444336,-0.1744828075170517,0.06099928170442581,0.160169780254364,-0.0609930083155632,0.28506699204444885,-0.04662664234638214,-0.06325124204158783,0.23788267374038696,-0.15696170926094055,0.06554345786571503
0.04544767737388611,0.7919602394104004,1.4598466157913208,0.003050281082468233,0.024060418696595334,0.05356004378631317,-0.0027464097629653875,0.006397425575368784,0.030974370317950577,0.14686905443668366,0.09212790727615361,0.05940446853637704,0.8403018116950989,0.7277172207832336,1.2325743436813354,0.014847755,0.0043628886,-0.017845638,646.0,1740111833.6867733,0.09702608734369278,0.06607916206121445,0.20101702213287354,0.13374093174934387,-0.0406331941485405,-0.08162430673837662,0.03700602427124977,0.23125982284545898,0.28222763538360596,0.07762844860553741,0.1320916712284088,0.29238036274909973,0.18041279911994934,-0.050833866000175476,0.27317678928375244,0.06177311763167381,0.2316107600927353,0.06007509306073189,-0.08742061257362366,0.0859997346997261,-0.11757013201713562,-0.29476049542427063,-0.17559033632278442,0.061288021504879,0.1620573103427887,-0.06093059480190277,0.2870684266090393,-0.04725278168916702,-0.06439721584320068,0.23761484026908875,-0.15807269513607025,0.06782521307468414
0.048373982310295105,0.7938867211341858,1.4628913402557373,0.003050281082468233,0.024060418696595334,0.05356004378631317,-0.0060024983492873015,-0.0036643780576536365,0.0019161223832031408,0.14860160872340203,0.09359173774719243,0.06210086345672616,0.8403018116950989,0.7277172207832336,1.2325743436813354,0.014245637,0.004566051,-0.02034004,647.0,1740111833.7160006,0.09901973605155945,0.0667925477027893,0.2029930204153061,0.13361836969852448,-0.04021676629781723,-0.08284365385770798,0.03568499535322189,0.23214305937290192,0.28512802720069885,0.07766936719417572,0.1332506239414215,0.2932985723018646,0.1809566468000412,-0.05101397633552551,0.27604755759239197,0.06190497800707817,0.2338789850473404,0.05974070355296135,-0.08781640231609344,0.08509481698274612,-0.11893956363201141,-0.29707878828048706,-0.17654363811016083,0.06133969873189926,0.16413679718971252,-0.06076842546463013,0.28907811641693115,-0.047337815165519714,-0.06583017110824585,0.2379668653011322,-0.15950588881969452,0.07066091895103455
0.0465894415974617,0.793563961982727,1.4625537395477295,0.003050281082468233,0.024060418696595334,0.05356004378631317,0.004897082580392001,0.000717432197535521,0.0257477435410409,0.14667603969573975,0.09311090707778935,0.061959123611450284,0.8403018116950989,0.7277172207832336,1.2325743436813354,0.014245637,0.004566051,-0.02034004,648.0,1740111833.751801,0.09901973605155945,0.0667925477027893,0.2029930204153061,0.13361836969852448,-0.04021676629781723,-0.08284365385770798,0.03568499535322189,0.23214305937290192,0.28512802720069885,0.07766936719417572,0.1332506239414215,0.2932985723018646,0.1809566468000412,-0.05101397633552551,0.27604755759239197,0.06190497800707817,0.2338789850473404,0.05974070355296135,-0.08781640231609344,0.08509481698274612,-0.11893956363201141,-0.29707878828048706,-0.17654363811016083,0.06133969873189926,0.16413679718971252,-0.06076842546463013,0.28907811641693115,-0.047337815165519714,-0.06583017110824585,0.2379668653011322,-0.15950588881969452,0.07066091895103455
0.043207526206970215,0.7935890555381775,1.4637961387634277,-0.03331062204879826,0.013292744029272885,0.03995306274279294,-0.011323699179404718,0.011074153305233774,0.04140747112130672,0.14483186826109887,0.09421031475067143,0.06314287185668954,0.8403018116950989,0.7277172207832336,1.2325743436813354,0.01320596,0.0049838796,-0.024027497,649.0,1740111833.7834399,0.09957017004489899,0.06682804226875305,0.20215781033039093,0.1317577362060547,-0.039522022008895874,-0.08338165283203125,0.034780681133270264,0.23055210709571838,0.285562664270401,0.07688547670841217,0.13216185569763184,0.29161199927330017,0.18020518124103546,-0.05099794268608093,0.27572569251060486,0.0618448443710804,0.23397602140903473,0.059000466018915176,-0.08713707327842712,0.0834464281797409,-0.11951479315757751,-0.29587459564208984,-0.17565453052520752,0.06086129695177078,0.16520704329013824,-0.060016438364982605,0.2882559597492218,-0.04715284705162048,-0.06608222424983978,0.23607367277145386,-0.15916094183921814,0.07256834954023361
0.04285325109958649,0.7950377464294434,1.4648536443710327,-0.03331062204879826,0.013292744029272885,0.03995306274279294,-0.010151875931478737,0.010058743890609952,0.03779758923501601,0.1429847463965416,0.09406905174255376,0.0644019603729249,0.8403018116950989,0.7277172207832336,1.2325743436813354,0.017740592,0.0058213696,-0.034124568,650.0,1740111833.8193648,0.1004139631986618,0.06664479523897171,0.20135095715522766,0.12738601863384247,-0.03660094738006592,-0.08446680009365082,0.03412790969014168,0.2262267768383026,0.28552713990211487,0.07699982821941376,0.13108162581920624,0.2882521152496338,0.17854635417461395,-0.05039338767528534,0.2747974097728729,0.061341557651758194,0.23251944780349731,0.05691514536738396,-0.08325155079364777,0.08089420199394226,-0.11992208659648895,-0.2949443459510803,-0.1732957661151886,0.059848934412002563,0.16586510837078094,-0.05815199017524719,0.2865180969238281,-0.04698637127876282,-0.0667649358510971,0.2332652509212494,-0.15709947049617767,0.07651231437921524
0.04412194341421127,0.7962743043899536,1.465414047241211,-0.03331062204879826,0.013292744029272885,0.03995306274279294,0.00944782574933553,0.0005768075842432956,0.03350854474465123,0.1428532510995865,0.0950377464294434,0.0648536443710328,0.8403018116950989,0.7277172207832336,1.2325743436813354,0.01779154,0.0060751587,-0.037516385,651.0,1740111833.8534555,0.10087445378303528,0.06647142767906189,0.20163780450820923,0.12619104981422424,-0.03611801564693451,-0.08477208763360977,0.03388408198952675,0.22527186572551727,0.28597626090049744,0.07677057385444641,0.1310204267501831,0.2874411344528198,0.1784219890832901,-0.05004002898931503,0.2750692665576935,0.061728645116090775,0.23219811916351318,0.05632791295647621,-0.08247174322605133,0.08039097487926483,-0.11981011927127838,-0.2948307693004608,-0.1728893518447876,0.05938231199979782,0.1664271354675293,-0.057677485048770905,0.28633344173431396,-0.04655259847640991,-0.06656211614608765,0.23319536447525024,-0.15712541341781616,0.07760512828826904
0.040842317044734955,0.7955085039138794,1.4654062986373901,-0.023609952544034803,0.019160286449346586,0.01607291178283541,-0.016398612217249156,0.01130280110334645,0.033263381285392385,0.14295039176940919,0.09619580507278447,0.0654855728149415,0.8403018116950989,0.7277172207832336,1.2325743436813354,0.015482627,0.005910553,-0.036832675,652.0,1740111833.8848908,0.10085220634937286,0.06646983325481415,0.20157945156097412,0.12559130787849426,-0.035866789519786835,-0.084994375705719,0.033767782151699066,0.2245679646730423,0.2860192060470581,0.07638448476791382,0.13064275681972504,0.28683382272720337,0.17826832830905914,-0.050265394151210785,0.2751345932483673,0.061894942075014114,0.23192964494228363,0.05611783638596535,-0.0822674036026001,0.07998936623334885,-0.1202148050069809,-0.2943769693374634,-0.17253506183624268,0.059070885181427,0.16691575944423676,-0.05753544718027115,0.28626376390457153,-0.046392083168029785,-0.06666818261146545,0.23286253213882446,-0.15702421963214874,0.07827669382095337
0.04186393320560455,0.7986232042312622,1.4671365022659302,-0.023609952544034803,0.019160286449346586,0.01607291178283541,0.010663126210018123,0.014284000052314436,0.04720735354795022,0.14045794159173966,0.09586082696914677,0.06568024158477792,0.8403018116950989,0.7277172207832336,1.2325743436813354,0.015482627,0.005910553,-0.036832675,653.0,1740111833.9181654,0.10085220634937286,0.06646983325481415,0.20157945156097412,0.12559130787849426,-0.035866789519786835,-0.084994375705719,0.033767782151699066,0.2245679646730423,0.2860192060470581,0.07638448476791382,0.13064275681972504,0.28683382272720337,0.17826832830905914,-0.050265394151210785,0.2751345932483673,0.061894942075014114,0.23192964494228363,0.05611783638596535,-0.0822674036026001,0.07998936623334885,-0.1202148050069809,-0.2943769693374634,-0.17253506183624268,0.059070885181427,0.16691575944423676,-0.05753544718027115,0.28626376390457153,-0.046392083168029785,-0.06666818261146545,0.23286253213882446,-0.15702421963214874,0.07827669382095337
0.04107384756207466,0.7984559535980225,1.4670549631118774,-0.023609952544034803,0.019160286449346586,0.01607291178283541,-0.0012872269633596588,0.01055477970236453,0.04148340483627894,0.14186393320560456,0.09862320423126225,0.06713650226593026,0.8403018116950989,0.7277172207832336,1.2325743436813354,0.012690529,0.00570523,-0.038127884,654.0,1740111833.9511247,0.10066987574100494,0.0665016919374466,0.2007228583097458,0.12459953129291534,-0.035349637269973755,-0.08600221574306488,0.03320438414812088,0.22300799190998077,0.28574296832084656,0.07563844323158264,0.13011109828948975,0.2854170799255371,0.17796571552753448,-0.05101457238197327,0.2745746672153473,0.06143933907151222,0.23164509236812592,0.055766019970178604,-0.08219435811042786,0.07890322059392929,-0.12140372395515442,-0.2936148941516876,-0.1720474809408188,0.05881296098232269,0.1674729883670807,-0.05698367953300476,0.28627994656562805,-0.046902477741241455,-0.06698489189147949,0.2309531569480896,-0.15605153143405914,0.07975634187459946
0.038678038865327835,0.7979093194007874,1.4669421911239624,-0.023609952544034803,0.019160286449346586,0.01607291178283541,-0.018606575551486444,0.011745639579129304,0.036179225329734874,0.14053738340735436,0.09862159490585332,0.06707904338836679,0.8403018116950989,0.7277172207832336,1.2325743436813354,0.009622753,0.0053497255,-0.03903228,655.0,1740111833.984497,0.10176065564155579,0.06670483946800232,0.20048247277736664,0.12253226339817047,-0.03438037633895874,-0.08621753752231598,0.03250967711210251,0.22106321156024933,0.28693297505378723,0.0749267041683197,0.12901639938354492,0.28401288390159607,0.17762835323810577,-0.05106321722269058,0.2750902473926544,0.06198817864060402,0.23207738995552063,0.05500621721148491,-0.08131580799818039,0.0773644745349884,-0.12224507331848145,-0.2924244999885559,-0.17163357138633728,0.05812910944223404,0.16957490146160126,-0.056236423552036285,0.28576719760894775,-0.04646921157836914,-0.06709101796150208,0.22955229878425598,-0.15614250302314758,0.08203603327274323
0.03819359466433525,0.8000620603561401,1.4682199954986572,-0.021715493658293956,0.02384829644367073,0.014494901765729918,-0.010360920700838248,0.016396859713548043,0.046388202530422376,0.13824003785848618,0.0983663678169251,0.06714329719543466,0.8403018116950989,0.7277172207832336,1.2325743436813354,0.008417733,0.0053021237,-0.03805536,656.0,1740111834.0243518,0.10153427720069885,0.06640767306089401,0.19983309507369995,0.12220947444438934,-0.03467903286218643,-0.08591654151678085,0.03305325657129288,0.22041432559490204,0.2866421341896057,0.07475961744785309,0.12869460880756378,0.28386619687080383,0.1779155284166336,-0.05112605541944504,0.2745021879673004,0.062301430851221085,0.2317284643650055,0.05535139515995979,-0.0812041163444519,0.07766492664813995,-0.12210536003112793,-0.2916370928287506,-0.17156629264354706,0.05808433145284653,0.16960711777210236,-0.056286342442035675,0.2852630615234375,-0.046326205134391785,-0.06631220877170563,0.2293509542942047,-0.15603487193584442,0.08151989430189133
0.03913874924182892,0.8016615509986877,1.4684284925460815,-0.021715493658293956,0.02384829644367073,0.014494901765729918,0.01206859575229578,0.007529596579399781,0.03982862440309308,0.13819359466433526,0.10006206035614018,0.06821999549865732,0.8403018116950989,0.7277172207832336,1.2325743436813354,0.01023902,0.005426787,-0.036016032,657.0,1740111834.0512922,0.10206632316112518,0.06655116379261017,0.2005915641784668,0.123054638504982,-0.03551197052001953,-0.0857652872800827,0.03344246745109558,0.22175514698028564,0.2878626585006714,0.07510562241077423,0.12895141541957855,0.2853539288043976,0.17855513095855713,-0.051423124969005585,0.27596208453178406,0.06299233436584473,0.23273977637290955,0.05600656196475029,-0.08198007941246033,0.07831784337759018,-0.12264558672904968,-0.2923462688922882,-0.17220887541770935,0.05850226432085037,0.17018269002437592,-0.05685263127088547,0.2860923707485199,-0.04647786170244217,-0.06661263108253479,0.23055443167686462,-0.15718699991703033,0.08150961250066757
0.03966613858938217,0.8020510077476501,1.468343734741211,-0.021715493658293956,0.02384829644367073,0.014494901765729918,0.003555863293027701,0.008481221944675824,0.03095235863229374,0.13941192477941514,0.10205076932907109,0.06842634677886972,0.8403018116950989,0.7277172207832336,1.2325743436813354,0.01023902,0.005426787,-0.036016032,658.0,1740111834.0832827,0.10206632316112518,0.06655116379261017,0.2005915641784668,0.123054638504982,-0.03551197052001953,-0.0857652872800827,0.03344246745109558,0.22175514698028564,0.2878626585006714,0.07510562241077423,0.12895141541957855,0.2853539288043976,0.17855513095855713,-0.051423124969005585,0.27596208453178406,0.06299233436584473,0.23273977637290955,0.05600656196475029,-0.08198007941246033,0.07831784337759018,-0.12264558672904968,-0.2923462688922882,-0.17220887541770935,0.05850226432085037,0.17018269002437592,-0.05685263127088547,0.2860923707485199,-0.04647786170244217,-0.06661263108253479,0.23055443167686462,-0.15718699991703033,0.08150961250066757
0.03792525827884674,0.8027527928352356,1.468091607093811,0.00687094010727056,0.040707389749702026,0.010625744934445768,0.009845946562374856,0.006568015585807812,0.029911277680966762,0.13892724588513375,0.1024377822875977,0.06820604801177987,0.8403018116950989,0.7277172207832336,1.2325743436813354,0.010563351,0.005282335,-0.032179013,659.0,1740111834.1172056,0.10218116641044617,0.06644361466169357,0.2017126977443695,0.12468600273132324,-0.036716535687446594,-0.08552414178848267,0.03420180082321167,0.22365255653858185,0.2886493504047394,0.07548502087593079,0.1297883689403534,0.2873589098453522,0.17970329523086548,-0.05161073058843613,0.27733856439590454,0.06367947161197662,0.2335268259048462,0.05686609074473381,-0.08314181864261627,0.07982683926820755,-0.12272676825523376,-0.29367074370384216,-0.17327101528644562,0.059098608791828156,0.17019881308078766,-0.05771946161985397,0.287428081035614,-0.04670408368110657,-0.06656502187252045,0.23262155055999756,-0.15832297503948212,0.08042862266302109
0.03510766476392746,0.8034461140632629,1.4678150415420532,0.00687094010727056,0.040707389749702026,0.010625744934445768,-0.0009421145791433759,0.013714949466234524,0.03980510530113465,0.13531190752983094,0.10274128913879399,0.06791207790374765,0.8403018116950989,0.7277172207832336,1.2325743436813354,0.013407722,0.005105406,-0.028230466,660.0,1740111834.1538913,0.10369409620761871,0.06692983210086823,0.20169775187969208,0.1227409839630127,-0.03616945445537567,-0.08597943186759949,0.0330798365175724,0.22217987477779388,0.2904544770717621,0.07469147443771362,0.1286366879940033,0.2861117124557495,0.17870549857616425,-0.05171860009431839,0.2783176600933075,0.06397144496440887,0.23450739681720734,0.05627506598830223,-0.08231228590011597,0.07771749794483185,-0.12368990480899811,-0.29272451996803284,-0.1723317950963974,0.0581965371966362,0.17232082784175873,-0.0570225715637207,0.2868843674659729,-0.04579009860754013,-0.06739744544029236,0.23129206895828247,-0.15905547142028809,0.0835101455450058
0.036087121814489365,0.8044083714485168,1.4675054550170898,0.00687094010727056,0.040707389749702026,0.010625744934445768,0.005892648126943523,0.007333492510149978,0.0221058457114033,0.13664466738700867,0.10400949716567998,0.06763908863067636,0.8403018116950989,0.7277172207832336,1.2325743436813354,0.010470383,0.0050759837,-0.020818219,661.0,1740111834.1848724,0.10288314521312714,0.06685209274291992,0.20120568573474884,0.12373587489128113,-0.0365302711725235,-0.0860748216509819,0.03392258659005165,0.22185969352722168,0.2898629307746887,0.07489970326423645,0.1287296861410141,0.28651151061058044,0.17900697886943817,-0.05279698222875595,0.2778976559638977,0.06373631954193115,0.2342335283756256,0.057069290429353714,-0.08282220363616943,0.07864796370267868,-0.12454913556575775,-0.29263946413993835,-0.17249849438667297,0.058532245457172394,0.17189383506774902,-0.057332828640937805,0.2873328626155853,-0.046578384935855865,-0.06744901835918427,0.23115313053131104,-0.15866075456142426,0.0829063355922699
0.03420048579573631,0.8054524660110474,1.467187762260437,-0.03490513080352781,0.022755977189809286,-0.010096821776916716,0.02250650559726033,-0.08484583729830533,-0.04967004206336759,0.1354350134730339,0.1047145009040833,0.06719586849212655,0.8403018116950989,0.7277172207832336,1.2325743436813354,0.032473505,0.005378954,-0.016873315,662.0,1740111834.2170968,0.1022636890411377,0.06711286306381226,0.1969713270664215,0.1177714616060257,-0.03280095010995865,-0.08627001941204071,0.031058700755238533,0.2148452252149582,0.28707581758499146,0.07282760739326477,0.1258973628282547,0.2794647514820099,0.17517749965190887,-0.05227497220039368,0.2733484208583832,0.06205648556351662,0.23179438710212708,0.0548771433532238,-0.08035542815923691,0.07299409061670303,-0.12417015433311462,-0.28673651814460754,-0.1695571392774582,0.055821433663368225,0.17320255935192108,-0.05515797436237335,0.2826480567455292,-0.044325970113277435,-0.06711070239543915,0.2240322232246399,-0.1560167819261551,0.08747770637273788
0.03556603565812111,0.807113766670227,1.467948079109192,-0.03490513080352781,0.022755977189809286,-0.010096821776916716,0.0015413835593632704,0.00900773213481587,-0.005699084257815217,0.13428875654935837,0.10532342195510869,0.06674132347106942,0.8403018116950989,0.7277172207832336,1.2325743436813354,0.032473505,0.005378954,-0.016873315,663.0,1740111834.2543225,0.1022636890411377,0.06711286306381226,0.1969713270664215,0.1177714616060257,-0.03280095010995865,-0.08627001941204071,0.031058700755238533,0.2148452252149582,0.28707581758499146,0.07282760739326477,0.1258973628282547,0.2794647514820099,0.17517749965190887,-0.05227497220039368,0.2733484208583832,0.06205648556351662,0.23179438710212708,0.0548771433532238,-0.08035542815923691,0.07299409061670303,-0.12417015433311462,-0.28673651814460754,-0.1695571392774582,0.055821433663368225,0.17320255935192108,-0.05515797436237335,0.2826480567455292,-0.044325970113277435,-0.06711070239543915,0.2240322232246399,-0.1560167819261551,0.08747770637273788
0.03532616049051285,0.8056122660636902,1.467484474182129,-0.03490513080352781,0.022755977189809286,-0.010096821776916716,0.017102277291715866,0.009043728342033583,-0.002312455892641975,0.13556603565812111,0.1071137666702271,0.06794807910919198,0.8403018116950989,0.7277172207832336,1.2325743436813354,0.03488539,0.005389169,-0.014574863,664.0,1740111834.2903543,0.10155034065246582,0.06719295680522919,0.1962956190109253,0.11838103830814362,-0.03275914490222931,-0.08674781024456024,0.031044481322169304,0.21436955034732819,0.2863081395626068,0.0729917585849762,0.12621250748634338,0.27912235260009766,0.17502343654632568,-0.05317489802837372,0.27268195152282715,0.0609980933368206,0.2317352145910263,0.055435288697481155,-0.0807182714343071,0.07304539531469345,-0.12498176097869873,-0.2869148850440979,-0.16950905323028564,0.05605994910001755,0.17241503298282623,-0.055242642760276794,0.28311315178871155,-0.045097850263118744,-0.06756390631198883,0.22307941317558289,-0.1552223563194275,0.08756876736879349
0.02762933075428009,0.8057901859283447,1.4640705585479736,-0.005607778011328916,0.00830870211539545,-0.0012925971994088507,-0.016244299173327224,0.018845295186868085,0.02790685350931485,0.13481802344322205,0.10562865734100346,0.06705365180969247,0.8403018116950989,0.7277172207832336,1.2325743436813354,0.0334094,0.005350128,-0.016029008,665.0,1740111834.326554,0.10109013319015503,0.06721137464046478,0.1938721090555191,0.11656719446182251,-0.031414300203323364,-0.08760897815227509,0.030340004712343216,0.21086500585079193,0.28511521220207214,0.07169926166534424,0.12429749965667725,0.2764432728290558,0.17419828474521637,-0.05465658754110336,0.2708756625652313,0.06022349372506142,0.23114190995693207,0.05499083176255226,-0.08026912808418274,0.07125045359134674,-0.12700392305850983,-0.2841931879520416,-0.1684664934873581,0.05549338459968567,0.1733633279800415,-0.05444695055484772,0.2821270227432251,-0.04614831507205963,-0.06768307089805603,0.21928277611732483,-0.1534266471862793,0.08954637497663498
0.027672579512000084,0.8070192933082581,1.463590145111084,-0.005607778011328916,0.00830870211539545,-0.0012925971994088507,-0.009345877882603186,0.016522566698222333,0.036348651162936126,0.1276293307542801,0.10579018592834477,0.06407055854797372,0.8403018116950989,0.7277172207832336,1.2325743436813354,0.038975462,0.0057084784,-0.014516011,666.0,1740111834.3592565,0.10141584277153015,0.06794097274541855,0.19422806799411774,0.11707688868045807,-0.03139442205429077,-0.08850111812353134,0.02949717827141285,0.2111971229314804,0.2865305542945862,0.07150191068649292,0.12457744777202606,0.2767353951931,0.1743813157081604,-0.055765509605407715,0.2719724774360657,0.05978478118777275,0.232497900724411,0.05551965907216072,-0.08122620731592178,0.0705782026052475,-0.12859907746315002,-0.2849315404891968,-0.16896113753318787,0.05576387047767639,0.1746964305639267,-0.05433524399995804,0.2834523320198059,-0.04684551805257797,-0.06900307536125183,0.21857857704162598,-0.15391746163368225,0.09109673649072647
0.025345496833324432,0.8063323497772217,1.4620853662490845,-0.005607778011328916,0.00830870211539545,-0.0012925971994088507,-0.01787984395827306,0.01465185392614949,0.02808734545139234,0.1276725795120001,0.1070192933082581,0.06359014511108407,0.8403018116950989,0.7277172207832336,1.2325743436813354,0.038975462,0.0057084784,-0.014516011,667.0,1740111834.3928137,0.10141584277153015,0.06794097274541855,0.19422806799411774,0.11707688868045807,-0.03139442205429077,-0.08850111812353134,0.02949717827141285,0.2111971229314804,0.2865305542945862,0.07150191068649292,0.12457744777202606,0.2767353951931,0.1743813157081604,-0.055765509605407715,0.2719724774360657,0.05978478118777275,0.232497900724411,0.05551965907216072,-0.08122620731592178,0.0705782026052475,-0.12859907746315002,-0.2849315404891968,-0.16896113753318787,0.05576387047767639,0.1746964305639267,-0.05433524399995804,0.2834523320198059,-0.04684551805257797,-0.06900307536125183,0.21857857704162598,-0.15391746163368225,0.09109673649072647
0.025507543236017227,0.8075063824653625,1.4614111185073853,-0.07137536512535157,0.02106992841699863,-0.04560624361640532,-0.012169748845951053,0.0148661820470965,0.031632537075093566,0.12534549683332444,0.10633234977722172,0.06208536624908456,0.8403018116950989,0.7277172207832336,1.2325743436813354,0.038975462,0.0057084784,-0.014516011,668.0,1740111834.426278,0.10141584277153015,0.06794097274541855,0.19422806799411774,0.11707688868045807,-0.03139442205429077,-0.08850111812353134,0.02949717827141285,0.2111971229314804,0.2865305542945862,0.07150191068649292,0.12457744777202606,0.2767353951931,0.1743813157081604,-0.055765509605407715,0.2719724774360657,0.05978478118777275,0.232497900724411,0.05551965907216072,-0.08122620731592178,0.0705782026052475,-0.12859907746315002,-0.2849315404891968,-0.16896113753318787,0.05576387047767639,0.1746964305639267,-0.05433524399995804,0.2834523320198059,-0.04684551805257797,-0.06900307536125183,0.21857857704162598,-0.15391746163368225,0.09109673649072647
0.02470160648226738,0.8078033328056335,1.460158348083496,-0.07137536512535157,0.02106992841699863,-0.04560624361640532,-0.01204721425757463,0.014652573863038216,0.026729843281021824,0.12550754323601723,0.1075063824653626,0.06141111850738534,0.8403018116950989,0.7277172207832336,1.2325743436813354,0.024853662,0.0053589493,-0.021798111,669.0,1740111834.4605086,0.10432600975036621,0.06785841286182404,0.19841641187667847,0.12096162140369415,-0.03338120877742767,-0.08943788707256317,0.030404850840568542,0.2158695012331009,0.29182156920433044,0.07278315722942352,0.12700265645980835,0.2825058102607727,0.1776677370071411,-0.05750066041946411,0.2782306969165802,0.06149281933903694,0.23740477859973907,0.0566115565598011,-0.08377987146377563,0.07354380935430527,-0.1314612627029419,-0.2904634475708008,-0.17220352590084076,0.05754224210977554,0.17682306468486786,-0.05563250929117203,0.28846317529678345,-0.04906406253576279,-0.0703079104423523,0.22299396991729736,-0.1572522073984146,0.09068290144205093
0.023385701701045036,0.8078100681304932,1.4591130018234253,-0.07137536512535157,0.02106992841699863,-0.04560624361640532,-0.012372480185827962,0.01800548239329499,0.028314048392436963,0.12470160648226739,0.10780333280563359,0.06015834808349618,0.8403018116950989,0.7277172207832336,1.2325743436813354,0.025250494,0.005166039,-0.018716589,670.0,1740111834.4931667,0.10346534848213196,0.06782425194978714,0.19664686918258667,0.1196170300245285,-0.032646775245666504,-0.0900384932756424,0.02979288436472416,0.2138366550207138,0.2903541922569275,0.07196786999702454,0.12611939013004303,0.2803797423839569,0.17681829631328583,-0.05753103643655777,0.27622488141059875,0.06071214750409126,0.2360800802707672,0.05601951852440834,-0.08301860094070435,0.07247236371040344,-0.1314942091703415,-0.28881484270095825,-0.1710791438817978,0.057184718549251556,0.17618127167224884,-0.05497618019580841,0.28727060556411743,-0.04915964603424072,-0.07021409273147583,0.220656156539917,-0.15546484291553497,0.09125767648220062
0.02292804606258869,0.807900607585907,1.4586137533187866,-0.03676951233462217,-0.000405515883428279,-0.03115858273283009,-0.010047789136551867,0.01945588671325637,0.029055917496309498,0.12338570170104504,0.10781006813049321,0.05911300182342538,0.8403018116950989,0.7277172207832336,1.2325743436813354,0.026936486,0.0053214133,-0.019613288,671.0,1740111834.526201,0.10321436822414398,0.0676780492067337,0.19715407490730286,0.12130054831504822,-0.03341982513666153,-0.09029833227396011,0.030224328860640526,0.21564824879169464,0.29018908739089966,0.07274064421653748,0.1274328976869583,0.281929075717926,0.17752529680728912,-0.05734914541244507,0.27656516432762146,0.060302454978227615,0.23643147945404053,0.0564870722591877,-0.08396676182746887,0.07368101179599762,-0.13128654658794403,-0.29057157039642334,-0.17185568809509277,0.05799742788076401,0.1748802214860916,-0.05552098900079727,0.288356214761734,-0.0496707409620285,-0.07037554681301117,0.22172075510025024,-0.15550503134727478,0.09028411656618118
0.02428261749446392,0.8090507984161377,1.457359790802002,-0.03676951233462217,-0.000405515883428279,-0.03115858273283009,0.02227468827193447,-0.06402133890295153,-0.04144262134987336,0.12703534066677094,0.11007391214370732,0.059310293197631925,0.8403018116950989,0.7277172207832336,1.2325743436813354,0.029421106,0.005855851,-0.023899183,672.0,1740111834.5503488,0.10280241072177887,0.06754624843597412,0.19687141478061676,0.12191271781921387,-0.03425436466932297,-0.08984050899744034,0.030523313209414482,0.21634456515312195,0.2896970510482788,0.07231272757053375,0.1269628405570984,0.2821797728538513,0.17763586342334747,-0.05732721835374832,0.2761085033416748,0.06043698266148567,0.23631124198436737,0.05670594051480293,-0.08462974429130554,0.07389111816883087,-0.13091161847114563,-0.2899753451347351,-0.17190581560134888,0.05783312767744064,0.17461614310741425,-0.055844999849796295,0.288119912147522,-0.049465589225292206,-0.06987158954143524,0.2219662070274353,-0.15560756623744965,0.08904338628053665
0.021129777655005455,0.8079116344451904,1.4554628133773804,-0.03676951233462217,-0.000405515883428279,-0.03115858273283009,-0.010191896586157535,0.024595935296481516,0.027286230371411837,0.12428261749446393,0.10905079841613774,0.05735979080200204,0.8403018116950989,0.7277172207832336,1.2325743436813354,0.029421106,0.005855851,-0.023899183,673.0,1740111834.593107,0.10280241072177887,0.06754624843597412,0.19687141478061676,0.12191271781921387,-0.03425436466932297,-0.08984050899744034,0.030523313209414482,0.21634456515312195,0.2896970510482788,0.07231272757053375,0.1269628405570984,0.2821797728538513,0.17763586342334747,-0.05732721835374832,0.2761085033416748,0.06043698266148567,0.23631124198436737,0.05670594051480293,-0.08462974429130554,0.07389111816883087,-0.13091161847114563,-0.2899753451347351,-0.17190581560134888,0.05783312767744064,0.17461614310741425,-0.055844999849796295,0.288119912147522,-0.049465589225292206,-0.06987158954143524,0.2219662070274353,-0.15560756623744965,0.08904338628053665
0.022696299478411674,0.8089093565940857,1.4550418853759766,-0.03676951233462217,-0.000405515883428279,-0.03115858273283009,0.022799478072334175,-0.07565168332572965,-0.051341281678568704,0.12112977765500546,0.10791163444519047,0.05546281337738046,0.8403018116950989,0.7277172207832336,1.2325743436813354,0.03299868,0.006325789,-0.026392683,674.0,1740111834.6162465,0.10151755809783936,0.0673474371433258,0.19522976875305176,0.12120725214481354,-0.033884041011333466,-0.0896696150302887,0.030584486201405525,0.21482442319393158,0.28747349977493286,0.07185602188110352,0.12583927810192108,0.28041791915893555,0.1766108274459839,-0.05728907138109207,0.27388474345207214,0.059827402234077454,0.23460833728313446,0.056356046348810196,-0.08382880687713623,0.07328103482723236,-0.1304648518562317,-0.28822556138038635,-0.1706874668598175,0.05740480124950409,0.17328380048274994,-0.05544969439506531,0.28665316104888916,-0.04949495196342468,-0.06961590051651001,0.22043341398239136,-0.15387126803398132,0.0884639248251915
0.024648983031511307,0.8096420764923096,1.455262541770935,0.014332498337039831,0.014503494698383702,-0.027909932091656407,0.0006107499246965574,0.011340696578630887,-0.004766685165416038,0.12250983007252217,0.10879539251327519,0.05441293716430673,0.8403018116950989,0.7277172207832336,1.2325743436813354,0.03691013,0.0067631826,-0.030396074,675.0,1740111834.6508925,0.10009130835533142,0.06693816184997559,0.1942874938249588,0.121697798371315,-0.033596329391002655,-0.08990267664194107,0.031532056629657745,0.21453291177749634,0.2857969403266907,0.07210749387741089,0.12590919435024261,0.28040358424186707,0.17716196179389954,-0.05755922198295593,0.27241483330726624,0.05937846750020981,0.2332984358072281,0.05659965053200722,-0.08367709815502167,0.07407785207033157,-0.13064250349998474,-0.28819799423217773,-0.17056679725646973,0.058153003454208374,0.1717354655265808,-0.055481523275375366,0.28663164377212524,-0.05090785026550293,-0.06935210525989532,0.22001618146896362,-0.15238778293132782,0.08719848096370697
0.020030729472637177,0.8072519898414612,1.452587604522705,0.014332498337039831,0.014503494698383702,-0.027909932091656407,-0.015810407096156703,0.02303720237660876,0.02614339377946218,0.1252126045525074,0.10762684345245366,0.054889774322509854,0.8403018116950989,0.7277172207832336,1.2325743436813354,0.04174827,0.0070405006,-0.033192635,676.0,1740111834.683291,0.09953613579273224,0.06693080067634583,0.19461403787136078,0.12311811745166779,-0.034179627895355225,-0.09001345187425613,0.031881183385849,0.2154921144247055,0.2854313254356384,0.07225151360034943,0.12659487128257751,0.28120625019073486,0.17766454815864563,-0.057761117815971375,0.27247750759124756,0.05906197801232338,0.23330262303352356,0.057083066552877426,-0.084358349442482,0.07508298009634018,-0.1306484192609787,-0.2891668379306793,-0.17102402448654175,0.05869407206773758,0.170810267329216,-0.05596218258142471,0.28750181198120117,-0.051458969712257385,-0.06942594051361084,0.2207660973072052,-0.15223875641822815,0.08608882129192352
